date,corridor,area,road_intersection,actual_congestion_class,predicted_congestion_class,festival_flag,festival_name,holiday_flag,weather,roadwork,advisory_level,recommendation,personnel_action,diversion_action,roadwork_action,context_notes
2024-02-01,Indiranagar | 100 Feet Road,Indiranagar,100 Feet Road,High,High,False,,False,Overcast,No,High,Deploy additional traffic personnel and prepare diversion measures for the affected corridor.,Additional traffic personnel recommended,Prepare/activate suitable diversion planning,Suspend or reschedule non-essential roadwork where operationally appropriate,
2024-02-01,Indiranagar | CMH Road,Indiranagar,CMH Road,High,High,False,,False,Rain,No,High,Deploy additional traffic personnel and prepare diversion measures for the affected corridor.,Additional traffic personnel recommended,Prepare/activate suitable diversion planning,Suspend or reschedule non-essential roadwork where operationally appropriate,Adverse weather is present; consider additional caution and traffic monitoring.
2024-02-01,Whitefield | Marathahalli Bridge,Whitefield,Marathahalli Bridge,Low,Low,False,,False,Fog,No,Normal,Normal traffic management; continue routine monitoring.,Routine traffic personnel,No special diversion recommended,No special roadwork restriction recommended,Adverse weather is present; consider additional caution and traffic monitoring.
2024-02-01,Koramangala | Sony World Junction,Koramangala,Sony World Junction,High,High,False,,False,Clear,Yes,High,Deploy additional traffic personnel and prepare diversion measures for the affected corridor.,Additional traffic personnel recommended,Prepare/activate suitable diversion planning,Suspend or reschedule non-essential roadwork where operationally appropriate,Roadwork is present; review whether it can be postponed during high-congestion periods.
2024-02-01,M.G. Road | Trinity Circle,M.G. Road,Trinity Circle,High,High,False,,False,Clear,No,High,Deploy additional traffic personnel and prepare diversion measures for the affected corridor.,Additional traffic personnel recommended,Prepare/activate suitable diversion planning,Suspend or reschedule non-essential roadwork where operationally appropriate,
2024-02-01,M.G. Road | Anil Kumble Circle,M.G. Road,Anil Kumble Circle,High,High,False,,False,Clear,No,High,Deploy additional traffic personnel and prepare diversion measures for the affected corridor.,Additional traffic personnel recommended,Prepare/activate suitable diversion planning,Suspend or reschedule non-essential roadwork where operationally appropriate,
2024-02-01,Jayanagar | Jayanagar 4th Block,Jayanagar,Jayanagar 4th Block,High,High,False,,False,Overcast,No,High,Deploy additional traffic personnel and prepare diversion measures for the affected corridor.,Additional traffic personnel recommended,Prepare/activate suitable diversion planning,Suspend or reschedule non-essential roadwork where operationally appropriate,
2024-02-01,Jayanagar | South End Circle,Jayanagar,South End Circle,Low,Low,False,,False,Clear,No,Normal,Normal traffic management; continue routine monitoring.,Routine traffic personnel,No special diversion recommended,No special roadwork restriction recommended,
2024-02-01,Hebbal | Ballari Road,Hebbal,Ballari Road,Medium,Medium,False,,False,Clear,No,Moderate,Increase traffic monitoring and consider additional personnel at the affected corridor.,Consider additional traffic personnel,Consider diversion planning if congestion persists,Review non-essential roadwork scheduling,
2024-02-02,Indiranagar | 100 Feet Road,Indiranagar,100 Feet Road,High,High,False,,False,Clear,No,High,Deploy additional traffic personnel and prepare diversion measures for the affected corridor.,Additional traffic personnel recommended,Prepare/activate suitable diversion planning,Suspend or reschedule non-essential roadwork where operationally appropriate,
2024-02-02,Indiranagar | CMH Road,Indiranagar,CMH Road,Medium,High,False,,False,Clear,No,High,Deploy additional traffic personnel and prepare diversion measures for the affected corridor.,Additional traffic personnel recommended,Prepare/activate suitable diversion planning,Suspend or reschedule non-essential roadwork where operationally appropriate,
2024-02-02,Whitefield | ITPL Main Road,Whitefield,ITPL Main Road,High,High,False,,False,Clear,Yes,High,Deploy additional traffic personnel and prepare diversion measures for the affected corridor.,Additional traffic personnel recommended,Prepare/activate suitable diversion planning,Suspend or reschedule non-essential roadwork where operationally appropriate,Roadwork is present; review whether it can be postponed during high-congestion periods.
2024-02-02,Koramangala | Sony World Junction,Koramangala,Sony World Junction,Medium,High,False,,False,Overcast,No,High,Deploy additional traffic personnel and prepare diversion measures for the affected corridor.,Additional traffic personnel recommended,Prepare/activate suitable diversion planning,Suspend or reschedule non-essential roadwork where operationally appropriate,
2024-02-02,Koramangala | Sarjapur Road,Koramangala,Sarjapur Road,High,High,False,,False,Clear,No,High,Deploy additional traffic personnel and prepare diversion measures for the affected corridor.,Additional traffic personnel recommended,Prepare/activate suitable diversion planning,Suspend or reschedule non-essential roadwork where operationally appropriate,
2024-02-02,M.G. Road | Trinity Circle,M.G. Road,Trinity Circle,Medium,Medium,False,,False,Clear,No,Moderate,Increase traffic monitoring and consider additional personnel at the affected corridor.,Consider additional traffic personnel,Consider diversion planning if congestion persists,Review non-essential roadwork scheduling,
2024-02-02,M.G. Road | Anil Kumble Circle,M.G. Road,Anil Kumble Circle,Low,Low,False,,False,Clear,No,Normal,Normal traffic management; continue routine monitoring.,Routine traffic personnel,No special diversion recommended,No special roadwork restriction recommended,
2024-02-02,Jayanagar | South End Circle,Jayanagar,South End Circle,Medium,High,False,,False,Rain,Yes,High,Deploy additional traffic personnel and prepare diversion measures for the affected corridor.,Additional traffic personnel recommended,Prepare/activate suitable diversion planning,Suspend or reschedule non-essential roadwork where operationally appropriate,Roadwork is present; review whether it can be postponed during high-congestion periods.; Adverse weather is present; consider additional caution and traffic monitoring.
2024-02-03,Indiranagar | 100 Feet Road,Indiranagar,100 Feet Road,Low,Low,False,,False,Fog,No,Normal,Normal traffic management; continue routine monitoring.,Routine traffic personnel,No special diversion recommended,No special roadwork restriction recommended,Adverse weather is present; consider additional caution and traffic monitoring.
2024-02-03,Indiranagar | CMH Road,Indiranagar,CMH Road,High,High,False,,False,Clear,No,High,Deploy additional traffic personnel and prepare diversion measures for the affected corridor.,Additional traffic personnel recommended,Prepare/activate suitable diversion planning,Suspend or reschedule non-essential roadwork where operationally appropriate,
2024-02-03,Whitefield | Marathahalli Bridge,Whitefield,Marathahalli Bridge,Low,Low,False,,False,Overcast,No,Normal,Normal traffic management; continue routine monitoring.,Routine traffic personnel,No special diversion recommended,No special roadwork restriction recommended,
2024-02-03,Whitefield | ITPL Main Road,Whitefield,ITPL Main Road,Medium,Medium,False,,False,Rain,No,Moderate,Increase traffic monitoring and consider additional personnel at the affected corridor.,Consider additional traffic personnel,Consider diversion planning if congestion persists,Review non-essential roadwork scheduling,Adverse weather is present; consider additional caution and traffic monitoring.
2024-02-03,Koramangala | Sony World Junction,Koramangala,Sony World Junction,High,High,False,,False,Clear,No,High,Deploy additional traffic personnel and prepare diversion measures for the affected corridor.,Additional traffic personnel recommended,Prepare/activate suitable diversion planning,Suspend or reschedule non-essential roadwork where operationally appropriate,
2024-02-03,Koramangala | Sarjapur Road,Koramangala,Sarjapur Road,Low,Low,False,,False,Clear,No,Normal,Normal traffic management; continue routine monitoring.,Routine traffic personnel,No special diversion recommended,No special roadwork restriction recommended,
2024-02-03,M.G. Road | Trinity Circle,M.G. Road,Trinity Circle,High,High,False,,False,Clear,Yes,High,Deploy additional traffic personnel and prepare diversion measures for the affected corridor.,Additional traffic personnel recommended,Prepare/activate suitable diversion planning,Suspend or reschedule non-essential roadwork where operationally appropriate,Roadwork is present; review whether it can be postponed during high-congestion periods.
2024-02-03,M.G. Road | Anil Kumble Circle,M.G. Road,Anil Kumble Circle,High,High,False,,False,Windy,No,High,Deploy additional traffic personnel and prepare diversion measures for the affected corridor.,Additional traffic personnel recommended,Prepare/activate suitable diversion planning,Suspend or reschedule non-essential roadwork where operationally appropriate,
2024-02-03,Jayanagar | Jayanagar 4th Block,Jayanagar,Jayanagar 4th Block,Low,Low,False,,False,Clear,No,Normal,Normal traffic management; continue routine monitoring.,Routine traffic personnel,No special diversion recommended,No special roadwork restriction recommended,
2024-02-03,Hebbal | Ballari Road,Hebbal,Ballari Road,Medium,Medium,False,,False,Clear,No,Moderate,Increase traffic monitoring and consider additional personnel at the affected corridor.,Consider additional traffic personnel,Consider diversion planning if congestion persists,Review non-essential roadwork scheduling,
2024-02-03,Yeshwanthpur | Yeshwanthpur Circle,Yeshwanthpur,Yeshwanthpur Circle,High,High,False,,False,Overcast,No,High,Deploy additional traffic personnel and prepare diversion measures for the affected corridor.,Additional traffic personnel recommended,Prepare/activate suitable diversion planning,Suspend or reschedule non-essential roadwork where operationally appropriate,
2024-02-03,Yeshwanthpur | Tumkur Road,Yeshwanthpur,Tumkur Road,Medium,High,False,,False,Clear,No,High,Deploy additional traffic personnel and prepare diversion measures for the affected corridor.,Additional traffic personnel recommended,Prepare/activate suitable diversion planning,Suspend or reschedule non-essential roadwork where operationally appropriate,
2024-02-04,Indiranagar | 100 Feet Road,Indiranagar,100 Feet Road,Low,Low,False,,False,Clear,No,Normal,Normal traffic management; continue routine monitoring.,Routine traffic personnel,No special diversion recommended,No special roadwork restriction recommended,
2024-02-04,Indiranagar | CMH Road,Indiranagar,CMH Road,High,Medium,False,,False,Clear,No,Moderate,Increase traffic monitoring and consider additional personnel at the affected corridor.,Consider additional traffic personnel,Consider diversion planning if congestion persists,Review non-essential roadwork scheduling,
2024-02-04,Whitefield | ITPL Main Road,Whitefield,ITPL Main Road,Low,Low,False,,False,Fog,No,Normal,Normal traffic management; continue routine monitoring.,Routine traffic personnel,No special diversion recommended,No special roadwork restriction recommended,Adverse weather is present; consider additional caution and traffic monitoring.
2024-02-04,Koramangala | Sarjapur Road,Koramangala,Sarjapur Road,High,High,False,,False,Overcast,No,High,Deploy additional traffic personnel and prepare diversion measures for the affected corridor.,Additional traffic personnel recommended,Prepare/activate suitable diversion planning,Suspend or reschedule non-essential roadwork where operationally appropriate,
2024-02-04,M.G. Road | Trinity Circle,M.G. Road,Trinity Circle,High,High,False,,False,Clear,No,High,Deploy additional traffic personnel and prepare diversion measures for the affected corridor.,Additional traffic personnel recommended,Prepare/activate suitable diversion planning,Suspend or reschedule non-essential roadwork where operationally appropriate,
2024-02-04,M.G. Road | Anil Kumble Circle,M.G. Road,Anil Kumble Circle,High,High,False,,False,Windy,No,High,Deploy additional traffic personnel and prepare diversion measures for the affected corridor.,Additional traffic personnel recommended,Prepare/activate suitable diversion planning,Suspend or reschedule non-essential roadwork where operationally appropriate,
2024-02-04,Jayanagar | Jayanagar 4th Block,Jayanagar,Jayanagar 4th Block,High,High,False,,False,Clear,Yes,High,Deploy additional traffic personnel and prepare diversion measures for the affected corridor.,Additional traffic personnel recommended,Prepare/activate suitable diversion planning,Suspend or reschedule non-essential roadwork where operationally appropriate,Roadwork is present; review whether it can be postponed during high-congestion periods.
2024-02-04,Hebbal | Hebbal Flyover,Hebbal,Hebbal Flyover,High,High,False,,False,Clear,No,High,Deploy additional traffic personnel and prepare diversion measures for the affected corridor.,Additional traffic personnel recommended,Prepare/activate suitable diversion planning,Suspend or reschedule non-essential roadwork where operationally appropriate,
2024-02-04,Hebbal | Ballari Road,Hebbal,Ballari Road,High,High,False,,False,Clear,No,High,Deploy additional traffic personnel and prepare diversion measures for the affected corridor.,Additional traffic personnel recommended,Prepare/activate suitable diversion planning,Suspend or reschedule non-essential roadwork where operationally appropriate,
2024-02-05,Indiranagar | 100 Feet Road,Indiranagar,100 Feet Road,Low,Low,False,,False,Fog,No,Normal,Normal traffic management; continue routine monitoring.,Routine traffic personnel,No special diversion recommended,No special roadwork restriction recommended,Adverse weather is present; consider additional caution and traffic monitoring.
2024-02-05,Indiranagar | CMH Road,Indiranagar,CMH Road,Low,Low,False,,False,Clear,No,Normal,Normal traffic management; continue routine monitoring.,Routine traffic personnel,No special diversion recommended,No special roadwork restriction recommended,
2024-02-05,Whitefield | Marathahalli Bridge,Whitefield,Marathahalli Bridge,Medium,High,False,,False,Clear,No,High,Deploy additional traffic personnel and prepare diversion measures for the affected corridor.,Additional traffic personnel recommended,Prepare/activate suitable diversion planning,Suspend or reschedule non-essential roadwork where operationally appropriate,
2024-02-05,Whitefield | ITPL Main Road,Whitefield,ITPL Main Road,Medium,Medium,False,,False,Clear,No,Moderate,Increase traffic monitoring and consider additional personnel at the affected corridor.,Consider additional traffic personnel,Consider diversion planning if congestion persists,Review non-essential roadwork scheduling,
2024-02-05,Koramangala | Sony World Junction,Koramangala,Sony World Junction,High,High,False,,False,Clear,No,High,Deploy additional traffic personnel and prepare diversion measures for the affected corridor.,Additional traffic personnel recommended,Prepare/activate suitable diversion planning,Suspend or reschedule non-essential roadwork where operationally appropriate,
2024-02-05,Koramangala | Sarjapur Road,Koramangala,Sarjapur Road,High,High,False,,False,Clear,No,High,Deploy additional traffic personnel and prepare diversion measures for the affected corridor.,Additional traffic personnel recommended,Prepare/activate suitable diversion planning,Suspend or reschedule non-essential roadwork where operationally appropriate,
2024-02-05,M.G. Road | Trinity Circle,M.G. Road,Trinity Circle,High,High,False,,False,Clear,No,High,Deploy additional traffic personnel and prepare diversion measures for the affected corridor.,Additional traffic personnel recommended,Prepare/activate suitable diversion planning,Suspend or reschedule non-essential roadwork where operationally appropriate,
2024-02-05,Jayanagar | Jayanagar 4th Block,Jayanagar,Jayanagar 4th Block,High,High,False,,False,Clear,No,High,Deploy additional traffic personnel and prepare diversion measures for the affected corridor.,Additional traffic personnel recommended,Prepare/activate suitable diversion planning,Suspend or reschedule non-essential roadwork where operationally appropriate,
2024-02-05,Jayanagar | South End Circle,Jayanagar,South End Circle,Medium,Medium,False,,False,Fog,No,Moderate,Increase traffic monitoring and consider additional personnel at the affected corridor.,Consider additional traffic personnel,Consider diversion planning if congestion persists,Review non-essential roadwork scheduling,Adverse weather is present; consider additional caution and traffic monitoring.
2024-02-05,Hebbal | Ballari Road,Hebbal,Ballari Road,Medium,Medium,False,,False,Clear,No,Moderate,Increase traffic monitoring and consider additional personnel at the affected corridor.,Consider additional traffic personnel,Consider diversion planning if congestion persists,Review non-essential roadwork scheduling,
2024-02-05,Yeshwanthpur | Tumkur Road,Yeshwanthpur,Tumkur Road,Medium,Medium,False,,False,Clear,No,Moderate,Increase traffic monitoring and consider additional personnel at the affected corridor.,Consider additional traffic personnel,Consider diversion planning if congestion persists,Review non-essential roadwork scheduling,
2024-02-06,Indiranagar | 100 Feet Road,Indiranagar,100 Feet Road,High,High,False,,False,Clear,No,High,Deploy additional traffic personnel and prepare diversion measures for the affected corridor.,Additional traffic personnel recommended,Prepare/activate suitable diversion planning,Suspend or reschedule non-essential roadwork where operationally appropriate,
2024-02-06,Indiranagar | CMH Road,Indiranagar,CMH Road,High,High,False,,False,Fog,No,High,Deploy additional traffic personnel and prepare diversion measures for the affected corridor.,Additional traffic personnel recommended,Prepare/activate suitable diversion planning,Suspend or reschedule non-essential roadwork where operationally appropriate,Adverse weather is present; consider additional caution and traffic monitoring.
2024-02-06,Whitefield | ITPL Main Road,Whitefield,ITPL Main Road,High,High,False,,False,Clear,Yes,High,Deploy additional traffic personnel and prepare diversion measures for the affected corridor.,Additional traffic personnel recommended,Prepare/activate suitable diversion planning,Suspend or reschedule non-essential roadwork where operationally appropriate,Roadwork is present; review whether it can be postponed during high-congestion periods.
2024-02-06,Koramangala | Sony World Junction,Koramangala,Sony World Junction,High,High,False,,False,Clear,No,High,Deploy additional traffic personnel and prepare diversion measures for the affected corridor.,Additional traffic personnel recommended,Prepare/activate suitable diversion planning,Suspend or reschedule non-essential roadwork where operationally appropriate,
2024-02-06,Electronic City | Hosur Road,Electronic City,Hosur Road,Medium,Medium,False,,False,Fog,No,Moderate,Increase traffic monitoring and consider additional personnel at the affected corridor.,Consider additional traffic personnel,Consider diversion planning if congestion persists,Review non-essential roadwork scheduling,Adverse weather is present; consider additional caution and traffic monitoring.
2024-02-06,Electronic City | Silk Board Junction,Electronic City,Silk Board Junction,Medium,Medium,False,,False,Fog,No,Moderate,Increase traffic monitoring and consider additional personnel at the affected corridor.,Consider additional traffic personnel,Consider diversion planning if congestion persists,Review non-essential roadwork scheduling,Adverse weather is present; consider additional caution and traffic monitoring.
2024-02-06,M.G. Road | Trinity Circle,M.G. Road,Trinity Circle,Medium,Medium,False,,False,Clear,No,Moderate,Increase traffic monitoring and consider additional personnel at the affected corridor.,Consider additional traffic personnel,Consider diversion planning if congestion persists,Review non-essential roadwork scheduling,
2024-02-06,M.G. Road | Anil Kumble Circle,M.G. Road,Anil Kumble Circle,High,High,False,,False,Fog,No,High,Deploy additional traffic personnel and prepare diversion measures for the affected corridor.,Additional traffic personnel recommended,Prepare/activate suitable diversion planning,Suspend or reschedule non-essential roadwork where operationally appropriate,Adverse weather is present; consider additional caution and traffic monitoring.
2024-02-06,Jayanagar | Jayanagar 4th Block,Jayanagar,Jayanagar 4th Block,High,High,False,,False,Clear,No,High,Deploy additional traffic personnel and prepare diversion measures for the affected corridor.,Additional traffic personnel recommended,Prepare/activate suitable diversion planning,Suspend or reschedule non-essential roadwork where operationally appropriate,
2024-02-06,Hebbal | Hebbal Flyover,Hebbal,Hebbal Flyover,Low,Low,False,,False,Clear,No,Normal,Normal traffic management; continue routine monitoring.,Routine traffic personnel,No special diversion recommended,No special roadwork restriction recommended,
2024-02-06,Hebbal | Ballari Road,Hebbal,Ballari Road,High,High,False,,False,Clear,No,High,Deploy additional traffic personnel and prepare diversion measures for the affected corridor.,Additional traffic personnel recommended,Prepare/activate suitable diversion planning,Suspend or reschedule non-essential roadwork where operationally appropriate,
2024-02-06,Yeshwanthpur | Yeshwanthpur Circle,Yeshwanthpur,Yeshwanthpur Circle,High,High,False,,False,Clear,No,High,Deploy additional traffic personnel and prepare diversion measures for the affected corridor.,Additional traffic personnel recommended,Prepare/activate suitable diversion planning,Suspend or reschedule non-essential roadwork where operationally appropriate,
2024-02-07,Whitefield | Marathahalli Bridge,Whitefield,Marathahalli Bridge,Low,Low,False,,False,Rain,No,Normal,Normal traffic management; continue routine monitoring.,Routine traffic personnel,No special diversion recommended,No special roadwork restriction recommended,Adverse weather is present; consider additional caution and traffic monitoring.
2024-02-07,Whitefield | ITPL Main Road,Whitefield,ITPL Main Road,High,High,False,,False,Rain,No,High,Deploy additional traffic personnel and prepare diversion measures for the affected corridor.,Additional traffic personnel recommended,Prepare/activate suitable diversion planning,Suspend or reschedule non-essential roadwork where operationally appropriate,Adverse weather is present; consider additional caution and traffic monitoring.
2024-02-07,Koramangala | Sony World Junction,Koramangala,Sony World Junction,High,High,False,,False,Clear,No,High,Deploy additional traffic personnel and prepare diversion measures for the affected corridor.,Additional traffic personnel recommended,Prepare/activate suitable diversion planning,Suspend or reschedule non-essential roadwork where operationally appropriate,
2024-02-07,Koramangala | Sarjapur Road,Koramangala,Sarjapur Road,High,High,False,,False,Overcast,No,High,Deploy additional traffic personnel and prepare diversion measures for the affected corridor.,Additional traffic personnel recommended,Prepare/activate suitable diversion planning,Suspend or reschedule non-essential roadwork where operationally appropriate,
2024-02-07,Electronic City | Silk Board Junction,Electronic City,Silk Board Junction,Low,Low,False,,False,Clear,No,Normal,Normal traffic management; continue routine monitoring.,Routine traffic personnel,No special diversion recommended,No special roadwork restriction recommended,
2024-02-07,M.G. Road | Trinity Circle,M.G. Road,Trinity Circle,High,High,False,,False,Overcast,No,High,Deploy additional traffic personnel and prepare diversion measures for the affected corridor.,Additional traffic personnel recommended,Prepare/activate suitable diversion planning,Suspend or reschedule non-essential roadwork where operationally appropriate,
2024-02-07,Jayanagar | Jayanagar 4th Block,Jayanagar,Jayanagar 4th Block,High,High,False,,False,Clear,No,High,Deploy additional traffic personnel and prepare diversion measures for the affected corridor.,Additional traffic personnel recommended,Prepare/activate suitable diversion planning,Suspend or reschedule non-essential roadwork where operationally appropriate,
2024-02-07,Jayanagar | South End Circle,Jayanagar,South End Circle,Medium,Medium,False,,False,Clear,No,Moderate,Increase traffic monitoring and consider additional personnel at the affected corridor.,Consider additional traffic personnel,Consider diversion planning if congestion persists,Review non-essential roadwork scheduling,
2024-02-07,Yeshwanthpur | Yeshwanthpur Circle,Yeshwanthpur,Yeshwanthpur Circle,Low,Low,False,,False,Clear,No,Normal,Normal traffic management; continue routine monitoring.,Routine traffic personnel,No special diversion recommended,No special roadwork restriction recommended,
2024-02-08,Indiranagar | CMH Road,Indiranagar,CMH Road,High,High,False,,False,Fog,No,High,Deploy additional traffic personnel and prepare diversion measures for the affected corridor.,Additional traffic personnel recommended,Prepare/activate suitable diversion planning,Suspend or reschedule non-essential roadwork where operationally appropriate,Adverse weather is present; consider additional caution and traffic monitoring.
2024-02-08,Whitefield | ITPL Main Road,Whitefield,ITPL Main Road,Medium,Medium,False,,False,Rain,No,Moderate,Increase traffic monitoring and consider additional personnel at the affected corridor.,Consider additional traffic personnel,Consider diversion planning if congestion persists,Review non-essential roadwork scheduling,Adverse weather is present; consider additional caution and traffic monitoring.
2024-02-08,Koramangala | Sony World Junction,Koramangala,Sony World Junction,High,High,False,,False,Clear,No,High,Deploy additional traffic personnel and prepare diversion measures for the affected corridor.,Additional traffic personnel recommended,Prepare/activate suitable diversion planning,Suspend or reschedule non-essential roadwork where operationally appropriate,
2024-02-08,Koramangala | Sarjapur Road,Koramangala,Sarjapur Road,High,High,False,,False,Clear,No,High,Deploy additional traffic personnel and prepare diversion measures for the affected corridor.,Additional traffic personnel recommended,Prepare/activate suitable diversion planning,Suspend or reschedule non-essential roadwork where operationally appropriate,
2024-02-08,Electronic City | Silk Board Junction,Electronic City,Silk Board Junction,Low,Low,False,,False,Clear,No,Normal,Normal traffic management; continue routine monitoring.,Routine traffic personnel,No special diversion recommended,No special roadwork restriction recommended,
2024-02-08,M.G. Road | Trinity Circle,M.G. Road,Trinity Circle,Low,Low,False,,False,Clear,No,Normal,Normal traffic management; continue routine monitoring.,Routine traffic personnel,No special diversion recommended,No special roadwork restriction recommended,
2024-02-08,M.G. Road | Anil Kumble Circle,M.G. Road,Anil Kumble Circle,High,High,False,,False,Clear,No,High,Deploy additional traffic personnel and prepare diversion measures for the affected corridor.,Additional traffic personnel recommended,Prepare/activate suitable diversion planning,Suspend or reschedule non-essential roadwork where operationally appropriate,
2024-02-09,Indiranagar | 100 Feet Road,Indiranagar,100 Feet Road,Medium,Medium,False,,False,Fog,No,Moderate,Increase traffic monitoring and consider additional personnel at the affected corridor.,Consider additional traffic personnel,Consider diversion planning if congestion persists,Review non-essential roadwork scheduling,Adverse weather is present; consider additional caution and traffic monitoring.
2024-02-09,Indiranagar | CMH Road,Indiranagar,CMH Road,High,High,False,,False,Clear,No,High,Deploy additional traffic personnel and prepare diversion measures for the affected corridor.,Additional traffic personnel recommended,Prepare/activate suitable diversion planning,Suspend or reschedule non-essential roadwork where operationally appropriate,
2024-02-09,Koramangala | Sony World Junction,Koramangala,Sony World Junction,High,High,False,,False,Windy,No,High,Deploy additional traffic personnel and prepare diversion measures for the affected corridor.,Additional traffic personnel recommended,Prepare/activate suitable diversion planning,Suspend or reschedule non-essential roadwork where operationally appropriate,
2024-02-09,Koramangala | Sarjapur Road,Koramangala,Sarjapur Road,Medium,High,False,,False,Clear,No,High,Deploy additional traffic personnel and prepare diversion measures for the affected corridor.,Additional traffic personnel recommended,Prepare/activate suitable diversion planning,Suspend or reschedule non-essential roadwork where operationally appropriate,
2024-02-09,Electronic City | Hosur Road,Electronic City,Hosur Road,High,Medium,False,,False,Rain,No,Moderate,Increase traffic monitoring and consider additional personnel at the affected corridor.,Consider additional traffic personnel,Consider diversion planning if congestion persists,Review non-essential roadwork scheduling,Adverse weather is present; consider additional caution and traffic monitoring.
2024-02-09,M.G. Road | Trinity Circle,M.G. Road,Trinity Circle,High,High,False,,False,Clear,No,High,Deploy additional traffic personnel and prepare diversion measures for the affected corridor.,Additional traffic personnel recommended,Prepare/activate suitable diversion planning,Suspend or reschedule non-essential roadwork where operationally appropriate,
2024-02-09,M.G. Road | Anil Kumble Circle,M.G. Road,Anil Kumble Circle,High,High,False,,False,Fog,No,High,Deploy additional traffic personnel and prepare diversion measures for the affected corridor.,Additional traffic personnel recommended,Prepare/activate suitable diversion planning,Suspend or reschedule non-essential roadwork where operationally appropriate,Adverse weather is present; consider additional caution and traffic monitoring.
2024-02-09,Hebbal | Hebbal Flyover,Hebbal,Hebbal Flyover,High,High,False,,False,Rain,No,High,Deploy additional traffic personnel and prepare diversion measures for the affected corridor.,Additional traffic personnel recommended,Prepare/activate suitable diversion planning,Suspend or reschedule non-essential roadwork where operationally appropriate,Adverse weather is present; consider additional caution and traffic monitoring.
2024-02-09,Yeshwanthpur | Tumkur Road,Yeshwanthpur,Tumkur Road,Low,Low,False,,False,Clear,No,Normal,Normal traffic management; continue routine monitoring.,Routine traffic personnel,No special diversion recommended,No special roadwork restriction recommended,
2024-02-10,Indiranagar | 100 Feet Road,Indiranagar,100 Feet Road,Medium,Medium,False,,False,Clear,No,Moderate,Increase traffic monitoring and consider additional personnel at the affected corridor.,Consider additional traffic personnel,Consider diversion planning if congestion persists,Review non-essential roadwork scheduling,
2024-02-10,Indiranagar | CMH Road,Indiranagar,CMH Road,High,High,False,,False,Rain,No,High,Deploy additional traffic personnel and prepare diversion measures for the affected corridor.,Additional traffic personnel recommended,Prepare/activate suitable diversion planning,Suspend or reschedule non-essential roadwork where operationally appropriate,Adverse weather is present; consider additional caution and traffic monitoring.
2024-02-10,Whitefield | ITPL Main Road,Whitefield,ITPL Main Road,Low,Low,False,,False,Overcast,Yes,Normal,Normal traffic management; continue routine monitoring.,Routine traffic personnel,No special diversion recommended,No special roadwork restriction recommended,Roadwork is present; review whether it can be postponed during high-congestion periods.
2024-02-10,Koramangala | Sony World Junction,Koramangala,Sony World Junction,High,High,False,,False,Clear,No,High,Deploy additional traffic personnel and prepare diversion measures for the affected corridor.,Additional traffic personnel recommended,Prepare/activate suitable diversion planning,Suspend or reschedule non-essential roadwork where operationally appropriate,
2024-02-10,M.G. Road | Trinity Circle,M.G. Road,Trinity Circle,High,High,False,,False,Clear,No,High,Deploy additional traffic personnel and prepare diversion measures for the affected corridor.,Additional traffic personnel recommended,Prepare/activate suitable diversion planning,Suspend or reschedule non-essential roadwork where operationally appropriate,
2024-02-10,M.G. Road | Anil Kumble Circle,M.G. Road,Anil Kumble Circle,High,Medium,False,,False,Clear,No,Moderate,Increase traffic monitoring and consider additional personnel at the affected corridor.,Consider additional traffic personnel,Consider diversion planning if congestion persists,Review non-essential roadwork scheduling,
2024-02-10,Jayanagar | South End Circle,Jayanagar,South End Circle,High,High,False,,False,Clear,No,High,Deploy additional traffic personnel and prepare diversion measures for the affected corridor.,Additional traffic personnel recommended,Prepare/activate suitable diversion planning,Suspend or reschedule non-essential roadwork where operationally appropriate,
2024-02-10,Hebbal | Ballari Road,Hebbal,Ballari Road,High,High,False,,False,Clear,No,High,Deploy additional traffic personnel and prepare diversion measures for the affected corridor.,Additional traffic personnel recommended,Prepare/activate suitable diversion planning,Suspend or reschedule non-essential roadwork where operationally appropriate,
2024-02-10,Yeshwanthpur | Yeshwanthpur Circle,Yeshwanthpur,Yeshwanthpur Circle,High,High,False,,False,Clear,No,High,Deploy additional traffic personnel and prepare diversion measures for the affected corridor.,Additional traffic personnel recommended,Prepare/activate suitable diversion planning,Suspend or reschedule non-essential roadwork where operationally appropriate,
2024-02-11,Indiranagar | 100 Feet Road,Indiranagar,100 Feet Road,High,High,False,,False,Rain,No,High,Deploy additional traffic personnel and prepare diversion measures for the affected corridor.,Additional traffic personnel recommended,Prepare/activate suitable diversion planning,Suspend or reschedule non-essential roadwork where operationally appropriate,Adverse weather is present; consider additional caution and traffic monitoring.
2024-02-11,Indiranagar | CMH Road,Indiranagar,CMH Road,High,High,False,,False,Rain,No,High,Deploy additional traffic personnel and prepare diversion measures for the affected corridor.,Additional traffic personnel recommended,Prepare/activate suitable diversion planning,Suspend or reschedule non-essential roadwork where operationally appropriate,Adverse weather is present; consider additional caution and traffic monitoring.
2024-02-11,Koramangala | Sony World Junction,Koramangala,Sony World Junction,High,High,False,,False,Fog,No,High,Deploy additional traffic personnel and prepare diversion measures for the affected corridor.,Additional traffic personnel recommended,Prepare/activate suitable diversion planning,Suspend or reschedule non-essential roadwork where operationally appropriate,Adverse weather is present; consider additional caution and traffic monitoring.
2024-02-11,Koramangala | Sarjapur Road,Koramangala,Sarjapur Road,High,High,False,,False,Rain,No,High,Deploy additional traffic personnel and prepare diversion measures for the affected corridor.,Additional traffic personnel recommended,Prepare/activate suitable diversion planning,Suspend or reschedule non-essential roadwork where operationally appropriate,Adverse weather is present; consider additional caution and traffic monitoring.
2024-02-11,M.G. Road | Anil Kumble Circle,M.G. Road,Anil Kumble Circle,Medium,Medium,False,,False,Clear,No,Moderate,Increase traffic monitoring and consider additional personnel at the affected corridor.,Consider additional traffic personnel,Consider diversion planning if congestion persists,Review non-essential roadwork scheduling,
2024-02-11,Jayanagar | Jayanagar 4th Block,Jayanagar,Jayanagar 4th Block,High,High,False,,False,Fog,No,High,Deploy additional traffic personnel and prepare diversion measures for the affected corridor.,Additional traffic personnel recommended,Prepare/activate suitable diversion planning,Suspend or reschedule non-essential roadwork where operationally appropriate,Adverse weather is present; consider additional caution and traffic monitoring.
2024-02-11,Jayanagar | South End Circle,Jayanagar,South End Circle,High,High,False,,False,Clear,No,High,Deploy additional traffic personnel and prepare diversion measures for the affected corridor.,Additional traffic personnel recommended,Prepare/activate suitable diversion planning,Suspend or reschedule non-essential roadwork where operationally appropriate,
2024-02-11,Hebbal | Hebbal Flyover,Hebbal,Hebbal Flyover,High,High,False,,False,Rain,No,High,Deploy additional traffic personnel and prepare diversion measures for the affected corridor.,Additional traffic personnel recommended,Prepare/activate suitable diversion planning,Suspend or reschedule non-essential roadwork where operationally appropriate,Adverse weather is present; consider additional caution and traffic monitoring.
2024-02-11,Hebbal | Ballari Road,Hebbal,Ballari Road,High,High,False,,False,Clear,No,High,Deploy additional traffic personnel and prepare diversion measures for the affected corridor.,Additional traffic personnel recommended,Prepare/activate suitable diversion planning,Suspend or reschedule non-essential roadwork where operationally appropriate,
2024-02-11,Yeshwanthpur | Yeshwanthpur Circle,Yeshwanthpur,Yeshwanthpur Circle,High,Medium,False,,False,Clear,No,Moderate,Increase traffic monitoring and consider additional personnel at the affected corridor.,Consider additional traffic personnel,Consider diversion planning if congestion persists,Review non-essential roadwork scheduling,
2024-02-12,Indiranagar | 100 Feet Road,Indiranagar,100 Feet Road,High,High,False,,False,Clear,No,High,Deploy additional traffic personnel and prepare diversion measures for the affected corridor.,Additional traffic personnel recommended,Prepare/activate suitable diversion planning,Suspend or reschedule non-essential roadwork where operationally appropriate,
2024-02-12,Indiranagar | CMH Road,Indiranagar,CMH Road,Medium,Medium,False,,False,Clear,No,Moderate,Increase traffic monitoring and consider additional personnel at the affected corridor.,Consider additional traffic personnel,Consider diversion planning if congestion persists,Review non-essential roadwork scheduling,
2024-02-12,Whitefield | ITPL Main Road,Whitefield,ITPL Main Road,Low,Low,False,,False,Overcast,No,Normal,Normal traffic management; continue routine monitoring.,Routine traffic personnel,No special diversion recommended,No special roadwork restriction recommended,
2024-02-12,Koramangala | Sony World Junction,Koramangala,Sony World Junction,High,High,False,,False,Clear,No,High,Deploy additional traffic personnel and prepare diversion measures for the affected corridor.,Additional traffic personnel recommended,Prepare/activate suitable diversion planning,Suspend or reschedule non-essential roadwork where operationally appropriate,
2024-02-12,Electronic City | Silk Board Junction,Electronic City,Silk Board Junction,High,High,False,,False,Clear,No,High,Deploy additional traffic personnel and prepare diversion measures for the affected corridor.,Additional traffic personnel recommended,Prepare/activate suitable diversion planning,Suspend or reschedule non-essential roadwork where operationally appropriate,
2024-02-12,M.G. Road | Trinity Circle,M.G. Road,Trinity Circle,High,High,False,,False,Fog,No,High,Deploy additional traffic personnel and prepare diversion measures for the affected corridor.,Additional traffic personnel recommended,Prepare/activate suitable diversion planning,Suspend or reschedule non-essential roadwork where operationally appropriate,Adverse weather is present; consider additional caution and traffic monitoring.
2024-02-12,M.G. Road | Anil Kumble Circle,M.G. Road,Anil Kumble Circle,High,High,False,,False,Clear,Yes,High,Deploy additional traffic personnel and prepare diversion measures for the affected corridor.,Additional traffic personnel recommended,Prepare/activate suitable diversion planning,Suspend or reschedule non-essential roadwork where operationally appropriate,Roadwork is present; review whether it can be postponed during high-congestion periods.
2024-02-12,Jayanagar | Jayanagar 4th Block,Jayanagar,Jayanagar 4th Block,High,High,False,,False,Fog,No,High,Deploy additional traffic personnel and prepare diversion measures for the affected corridor.,Additional traffic personnel recommended,Prepare/activate suitable diversion planning,Suspend or reschedule non-essential roadwork where operationally appropriate,Adverse weather is present; consider additional caution and traffic monitoring.
2024-02-12,Hebbal | Hebbal Flyover,Hebbal,Hebbal Flyover,Low,Low,False,,False,Clear,No,Normal,Normal traffic management; continue routine monitoring.,Routine traffic personnel,No special diversion recommended,No special roadwork restriction recommended,
2024-02-13,Indiranagar | 100 Feet Road,Indiranagar,100 Feet Road,Medium,Medium,False,,False,Clear,No,Moderate,Increase traffic monitoring and consider additional personnel at the affected corridor.,Consider additional traffic personnel,Consider diversion planning if congestion persists,Review non-essential roadwork scheduling,
2024-02-13,Indiranagar | CMH Road,Indiranagar,CMH Road,Low,Low,False,,False,Overcast,No,Normal,Normal traffic management; continue routine monitoring.,Routine traffic personnel,No special diversion recommended,No special roadwork restriction recommended,
2024-02-13,Whitefield | Marathahalli Bridge,Whitefield,Marathahalli Bridge,Medium,Medium,False,,False,Clear,No,Moderate,Increase traffic monitoring and consider additional personnel at the affected corridor.,Consider additional traffic personnel,Consider diversion planning if congestion persists,Review non-essential roadwork scheduling,
2024-02-13,Whitefield | ITPL Main Road,Whitefield,ITPL Main Road,High,High,False,,False,Rain,No,High,Deploy additional traffic personnel and prepare diversion measures for the affected corridor.,Additional traffic personnel recommended,Prepare/activate suitable diversion planning,Suspend or reschedule non-essential roadwork where operationally appropriate,Adverse weather is present; consider additional caution and traffic monitoring.
2024-02-13,Koramangala | Sony World Junction,Koramangala,Sony World Junction,Low,Low,False,,False,Overcast,No,Normal,Normal traffic management; continue routine monitoring.,Routine traffic personnel,No special diversion recommended,No special roadwork restriction recommended,
2024-02-13,M.G. Road | Trinity Circle,M.G. Road,Trinity Circle,High,High,False,,False,Windy,Yes,High,Deploy additional traffic personnel and prepare diversion measures for the affected corridor.,Additional traffic personnel recommended,Prepare/activate suitable diversion planning,Suspend or reschedule non-essential roadwork where operationally appropriate,Roadwork is present; review whether it can be postponed during high-congestion periods.
2024-02-13,M.G. Road | Anil Kumble Circle,M.G. Road,Anil Kumble Circle,High,High,False,,False,Clear,No,High,Deploy additional traffic personnel and prepare diversion measures for the affected corridor.,Additional traffic personnel recommended,Prepare/activate suitable diversion planning,Suspend or reschedule non-essential roadwork where operationally appropriate,
2024-02-13,Jayanagar | Jayanagar 4th Block,Jayanagar,Jayanagar 4th Block,Medium,Low,False,,False,Windy,No,Normal,Normal traffic management; continue routine monitoring.,Routine traffic personnel,No special diversion recommended,No special roadwork restriction recommended,
2024-02-13,Jayanagar | South End Circle,Jayanagar,South End Circle,High,High,False,,False,Clear,No,High,Deploy additional traffic personnel and prepare diversion measures for the affected corridor.,Additional traffic personnel recommended,Prepare/activate suitable diversion planning,Suspend or reschedule non-essential roadwork where operationally appropriate,
2024-02-13,Yeshwanthpur | Yeshwanthpur Circle,Yeshwanthpur,Yeshwanthpur Circle,Low,Low,False,,False,Clear,No,Normal,Normal traffic management; continue routine monitoring.,Routine traffic personnel,No special diversion recommended,No special roadwork restriction recommended,
2024-02-14,Indiranagar | 100 Feet Road,Indiranagar,100 Feet Road,High,High,False,,False,Clear,No,High,Deploy additional traffic personnel and prepare diversion measures for the affected corridor.,Additional traffic personnel recommended,Prepare/activate suitable diversion planning,Suspend or reschedule non-essential roadwork where operationally appropriate,
2024-02-14,Indiranagar | CMH Road,Indiranagar,CMH Road,High,High,False,,False,Clear,No,High,Deploy additional traffic personnel and prepare diversion measures for the affected corridor.,Additional traffic personnel recommended,Prepare/activate suitable diversion planning,Suspend or reschedule non-essential roadwork where operationally appropriate,
2024-02-14,Whitefield | ITPL Main Road,Whitefield,ITPL Main Road,High,High,False,,False,Clear,No,High,Deploy additional traffic personnel and prepare diversion measures for the affected corridor.,Additional traffic personnel recommended,Prepare/activate suitable diversion planning,Suspend or reschedule non-essential roadwork where operationally appropriate,
2024-02-14,Koramangala | Sony World Junction,Koramangala,Sony World Junction,Low,Low,False,,False,Rain,No,Normal,Normal traffic management; continue routine monitoring.,Routine traffic personnel,No special diversion recommended,No special roadwork restriction recommended,Adverse weather is present; consider additional caution and traffic monitoring.
2024-02-14,Electronic City | Hosur Road,Electronic City,Hosur Road,Medium,Medium,False,,False,Clear,No,Moderate,Increase traffic monitoring and consider additional personnel at the affected corridor.,Consider additional traffic personnel,Consider diversion planning if congestion persists,Review non-essential roadwork scheduling,
2024-02-14,M.G. Road | Trinity Circle,M.G. Road,Trinity Circle,High,High,False,,False,Clear,No,High,Deploy additional traffic personnel and prepare diversion measures for the affected corridor.,Additional traffic personnel recommended,Prepare/activate suitable diversion planning,Suspend or reschedule non-essential roadwork where operationally appropriate,
2024-02-14,M.G. Road | Anil Kumble Circle,M.G. Road,Anil Kumble Circle,Medium,Medium,False,,False,Clear,No,Moderate,Increase traffic monitoring and consider additional personnel at the affected corridor.,Consider additional traffic personnel,Consider diversion planning if congestion persists,Review non-essential roadwork scheduling,
2024-02-14,Jayanagar | South End Circle,Jayanagar,South End Circle,High,High,False,,False,Rain,No,High,Deploy additional traffic personnel and prepare diversion measures for the affected corridor.,Additional traffic personnel recommended,Prepare/activate suitable diversion planning,Suspend or reschedule non-essential roadwork where operationally appropriate,Adverse weather is present; consider additional caution and traffic monitoring.
2024-02-14,Hebbal | Hebbal Flyover,Hebbal,Hebbal Flyover,High,High,False,,False,Clear,No,High,Deploy additional traffic personnel and prepare diversion measures for the affected corridor.,Additional traffic personnel recommended,Prepare/activate suitable diversion planning,Suspend or reschedule non-essential roadwork where operationally appropriate,
2024-02-15,Indiranagar | 100 Feet Road,Indiranagar,100 Feet Road,High,High,False,,False,Clear,No,High,Deploy additional traffic personnel and prepare diversion measures for the affected corridor.,Additional traffic personnel recommended,Prepare/activate suitable diversion planning,Suspend or reschedule non-essential roadwork where operationally appropriate,
2024-02-15,Indiranagar | CMH Road,Indiranagar,CMH Road,Medium,High,False,,False,Clear,No,High,Deploy additional traffic personnel and prepare diversion measures for the affected corridor.,Additional traffic personnel recommended,Prepare/activate suitable diversion planning,Suspend or reschedule non-essential roadwork where operationally appropriate,
2024-02-15,Koramangala | Sony World Junction,Koramangala,Sony World Junction,High,High,False,,False,Clear,Yes,High,Deploy additional traffic personnel and prepare diversion measures for the affected corridor.,Additional traffic personnel recommended,Prepare/activate suitable diversion planning,Suspend or reschedule non-essential roadwork where operationally appropriate,Roadwork is present; review whether it can be postponed during high-congestion periods.
2024-02-15,Koramangala | Sarjapur Road,Koramangala,Sarjapur Road,High,High,False,,False,Overcast,No,High,Deploy additional traffic personnel and prepare diversion measures for the affected corridor.,Additional traffic personnel recommended,Prepare/activate suitable diversion planning,Suspend or reschedule non-essential roadwork where operationally appropriate,
2024-02-15,Electronic City | Silk Board Junction,Electronic City,Silk Board Junction,Low,Low,False,,False,Clear,No,Normal,Normal traffic management; continue routine monitoring.,Routine traffic personnel,No special diversion recommended,No special roadwork restriction recommended,
2024-02-15,M.G. Road | Anil Kumble Circle,M.G. Road,Anil Kumble Circle,High,Medium,False,,False,Overcast,No,Moderate,Increase traffic monitoring and consider additional personnel at the affected corridor.,Consider additional traffic personnel,Consider diversion planning if congestion persists,Review non-essential roadwork scheduling,
2024-02-15,Jayanagar | Jayanagar 4th Block,Jayanagar,Jayanagar 4th Block,High,High,False,,False,Rain,No,High,Deploy additional traffic personnel and prepare diversion measures for the affected corridor.,Additional traffic personnel recommended,Prepare/activate suitable diversion planning,Suspend or reschedule non-essential roadwork where operationally appropriate,Adverse weather is present; consider additional caution and traffic monitoring.
2024-02-15,Hebbal | Hebbal Flyover,Hebbal,Hebbal Flyover,Medium,Medium,False,,False,Fog,Yes,Moderate,Increase traffic monitoring and consider additional personnel at the affected corridor.,Consider additional traffic personnel,Consider diversion planning if congestion persists,Review non-essential roadwork scheduling,Roadwork is present; review whether it can be postponed during high-congestion periods.; Adverse weather is present; consider additional caution and traffic monitoring.
2024-02-15,Yeshwanthpur | Tumkur Road,Yeshwanthpur,Tumkur Road,Low,Medium,False,,False,Clear,No,Moderate,Increase traffic monitoring and consider additional personnel at the affected corridor.,Consider additional traffic personnel,Consider diversion planning if congestion persists,Review non-essential roadwork scheduling,
2024-02-16,Indiranagar | 100 Feet Road,Indiranagar,100 Feet Road,High,High,False,,False,Clear,No,High,Deploy additional traffic personnel and prepare diversion measures for the affected corridor.,Additional traffic personnel recommended,Prepare/activate suitable diversion planning,Suspend or reschedule non-essential roadwork where operationally appropriate,
2024-02-16,Koramangala | Sony World Junction,Koramangala,Sony World Junction,High,High,False,,False,Windy,No,High,Deploy additional traffic personnel and prepare diversion measures for the affected corridor.,Additional traffic personnel recommended,Prepare/activate suitable diversion planning,Suspend or reschedule non-essential roadwork where operationally appropriate,
2024-02-16,Koramangala | Sarjapur Road,Koramangala,Sarjapur Road,High,High,False,,False,Clear,Yes,High,Deploy additional traffic personnel and prepare diversion measures for the affected corridor.,Additional traffic personnel recommended,Prepare/activate suitable diversion planning,Suspend or reschedule non-essential roadwork where operationally appropriate,Roadwork is present; review whether it can be postponed during high-congestion periods.
2024-02-16,Electronic City | Hosur Road,Electronic City,Hosur Road,Low,Low,False,,False,Clear,No,Normal,Normal traffic management; continue routine monitoring.,Routine traffic personnel,No special diversion recommended,No special roadwork restriction recommended,
2024-02-16,Electronic City | Silk Board Junction,Electronic City,Silk Board Junction,Low,Low,False,,False,Clear,No,Normal,Normal traffic management; continue routine monitoring.,Routine traffic personnel,No special diversion recommended,No special roadwork restriction recommended,
2024-02-16,M.G. Road | Anil Kumble Circle,M.G. Road,Anil Kumble Circle,High,High,False,,False,Clear,No,High,Deploy additional traffic personnel and prepare diversion measures for the affected corridor.,Additional traffic personnel recommended,Prepare/activate suitable diversion planning,Suspend or reschedule non-essential roadwork where operationally appropriate,
2024-02-16,Jayanagar | Jayanagar 4th Block,Jayanagar,Jayanagar 4th Block,Low,Low,False,,False,Clear,No,Normal,Normal traffic management; continue routine monitoring.,Routine traffic personnel,No special diversion recommended,No special roadwork restriction recommended,
2024-02-16,Jayanagar | South End Circle,Jayanagar,South End Circle,High,High,False,,False,Fog,No,High,Deploy additional traffic personnel and prepare diversion measures for the affected corridor.,Additional traffic personnel recommended,Prepare/activate suitable diversion planning,Suspend or reschedule non-essential roadwork where operationally appropriate,Adverse weather is present; consider additional caution and traffic monitoring.
2024-02-16,Hebbal | Hebbal Flyover,Hebbal,Hebbal Flyover,Medium,Medium,False,,False,Clear,No,Moderate,Increase traffic monitoring and consider additional personnel at the affected corridor.,Consider additional traffic personnel,Consider diversion planning if congestion persists,Review non-essential roadwork scheduling,
2024-02-16,Yeshwanthpur | Yeshwanthpur Circle,Yeshwanthpur,Yeshwanthpur Circle,High,High,False,,False,Clear,No,High,Deploy additional traffic personnel and prepare diversion measures for the affected corridor.,Additional traffic personnel recommended,Prepare/activate suitable diversion planning,Suspend or reschedule non-essential roadwork where operationally appropriate,
2024-02-17,Indiranagar | 100 Feet Road,Indiranagar,100 Feet Road,High,High,False,,False,Overcast,No,High,Deploy additional traffic personnel and prepare diversion measures for the affected corridor.,Additional traffic personnel recommended,Prepare/activate suitable diversion planning,Suspend or reschedule non-essential roadwork where operationally appropriate,
2024-02-17,Indiranagar | CMH Road,Indiranagar,CMH Road,High,High,False,,False,Overcast,Yes,High,Deploy additional traffic personnel and prepare diversion measures for the affected corridor.,Additional traffic personnel recommended,Prepare/activate suitable diversion planning,Suspend or reschedule non-essential roadwork where operationally appropriate,Roadwork is present; review whether it can be postponed during high-congestion periods.
2024-02-17,Whitefield | Marathahalli Bridge,Whitefield,Marathahalli Bridge,High,High,False,,False,Clear,No,High,Deploy additional traffic personnel and prepare diversion measures for the affected corridor.,Additional traffic personnel recommended,Prepare/activate suitable diversion planning,Suspend or reschedule non-essential roadwork where operationally appropriate,
2024-02-17,Koramangala | Sony World Junction,Koramangala,Sony World Junction,High,High,False,,False,Overcast,Yes,High,Deploy additional traffic personnel and prepare diversion measures for the affected corridor.,Additional traffic personnel recommended,Prepare/activate suitable diversion planning,Suspend or reschedule non-essential roadwork where operationally appropriate,Roadwork is present; review whether it can be postponed during high-congestion periods.
2024-02-17,M.G. Road | Trinity Circle,M.G. Road,Trinity Circle,High,High,False,,False,Fog,No,High,Deploy additional traffic personnel and prepare diversion measures for the affected corridor.,Additional traffic personnel recommended,Prepare/activate suitable diversion planning,Suspend or reschedule non-essential roadwork where operationally appropriate,Adverse weather is present; consider additional caution and traffic monitoring.
2024-02-17,M.G. Road | Anil Kumble Circle,M.G. Road,Anil Kumble Circle,High,High,False,,False,Clear,No,High,Deploy additional traffic personnel and prepare diversion measures for the affected corridor.,Additional traffic personnel recommended,Prepare/activate suitable diversion planning,Suspend or reschedule non-essential roadwork where operationally appropriate,
2024-02-17,Jayanagar | Jayanagar 4th Block,Jayanagar,Jayanagar 4th Block,High,High,False,,False,Clear,Yes,High,Deploy additional traffic personnel and prepare diversion measures for the affected corridor.,Additional traffic personnel recommended,Prepare/activate suitable diversion planning,Suspend or reschedule non-essential roadwork where operationally appropriate,Roadwork is present; review whether it can be postponed during high-congestion periods.
2024-02-17,Jayanagar | South End Circle,Jayanagar,South End Circle,Medium,Medium,False,,False,Windy,No,Moderate,Increase traffic monitoring and consider additional personnel at the affected corridor.,Consider additional traffic personnel,Consider diversion planning if congestion persists,Review non-essential roadwork scheduling,
2024-02-17,Hebbal | Hebbal Flyover,Hebbal,Hebbal Flyover,Low,Low,False,,False,Clear,No,Normal,Normal traffic management; continue routine monitoring.,Routine traffic personnel,No special diversion recommended,No special roadwork restriction recommended,
2024-02-17,Hebbal | Ballari Road,Hebbal,Ballari Road,High,High,False,,False,Windy,No,High,Deploy additional traffic personnel and prepare diversion measures for the affected corridor.,Additional traffic personnel recommended,Prepare/activate suitable diversion planning,Suspend or reschedule non-essential roadwork where operationally appropriate,
2024-02-17,Yeshwanthpur | Tumkur Road,Yeshwanthpur,Tumkur Road,Medium,Low,False,,False,Clear,No,Normal,Normal traffic management; continue routine monitoring.,Routine traffic personnel,No special diversion recommended,No special roadwork restriction recommended,
2024-02-18,Indiranagar | 100 Feet Road,Indiranagar,100 Feet Road,Medium,Medium,False,,False,Clear,No,Moderate,Increase traffic monitoring and consider additional personnel at the affected corridor.,Consider additional traffic personnel,Consider diversion planning if congestion persists,Review non-essential roadwork scheduling,
2024-02-18,Indiranagar | CMH Road,Indiranagar,CMH Road,High,High,False,,False,Overcast,No,High,Deploy additional traffic personnel and prepare diversion measures for the affected corridor.,Additional traffic personnel recommended,Prepare/activate suitable diversion planning,Suspend or reschedule non-essential roadwork where operationally appropriate,
2024-02-18,Whitefield | Marathahalli Bridge,Whitefield,Marathahalli Bridge,Medium,Medium,False,,False,Clear,No,Moderate,Increase traffic monitoring and consider additional personnel at the affected corridor.,Consider additional traffic personnel,Consider diversion planning if congestion persists,Review non-essential roadwork scheduling,
2024-02-18,Whitefield | ITPL Main Road,Whitefield,ITPL Main Road,High,High,False,,False,Clear,Yes,High,Deploy additional traffic personnel and prepare diversion measures for the affected corridor.,Additional traffic personnel recommended,Prepare/activate suitable diversion planning,Suspend or reschedule non-essential roadwork where operationally appropriate,Roadwork is present; review whether it can be postponed during high-congestion periods.
2024-02-18,Koramangala | Sony World Junction,Koramangala,Sony World Junction,High,High,False,,False,Fog,No,High,Deploy additional traffic personnel and prepare diversion measures for the affected corridor.,Additional traffic personnel recommended,Prepare/activate suitable diversion planning,Suspend or reschedule non-essential roadwork where operationally appropriate,Adverse weather is present; consider additional caution and traffic monitoring.
2024-02-18,Koramangala | Sarjapur Road,Koramangala,Sarjapur Road,Medium,Medium,False,,False,Overcast,No,Moderate,Increase traffic monitoring and consider additional personnel at the affected corridor.,Consider additional traffic personnel,Consider diversion planning if congestion persists,Review non-essential roadwork scheduling,
2024-02-18,Electronic City | Hosur Road,Electronic City,Hosur Road,Low,Low,False,,False,Fog,No,Normal,Normal traffic management; continue routine monitoring.,Routine traffic personnel,No special diversion recommended,No special roadwork restriction recommended,Adverse weather is present; consider additional caution and traffic monitoring.
2024-02-18,Jayanagar | Jayanagar 4th Block,Jayanagar,Jayanagar 4th Block,High,High,False,,False,Windy,No,High,Deploy additional traffic personnel and prepare diversion measures for the affected corridor.,Additional traffic personnel recommended,Prepare/activate suitable diversion planning,Suspend or reschedule non-essential roadwork where operationally appropriate,
2024-02-18,Jayanagar | South End Circle,Jayanagar,South End Circle,High,High,False,,False,Clear,No,High,Deploy additional traffic personnel and prepare diversion measures for the affected corridor.,Additional traffic personnel recommended,Prepare/activate suitable diversion planning,Suspend or reschedule non-essential roadwork where operationally appropriate,
2024-02-18,Yeshwanthpur | Yeshwanthpur Circle,Yeshwanthpur,Yeshwanthpur Circle,Low,Low,False,,False,Clear,No,Normal,Normal traffic management; continue routine monitoring.,Routine traffic personnel,No special diversion recommended,No special roadwork restriction recommended,
2024-02-19,Indiranagar | 100 Feet Road,Indiranagar,100 Feet Road,High,High,False,,False,Windy,No,High,Deploy additional traffic personnel and prepare diversion measures for the affected corridor.,Additional traffic personnel recommended,Prepare/activate suitable diversion planning,Suspend or reschedule non-essential roadwork where operationally appropriate,
2024-02-19,Indiranagar | CMH Road,Indiranagar,CMH Road,High,High,False,,False,Clear,No,High,Deploy additional traffic personnel and prepare diversion measures for the affected corridor.,Additional traffic personnel recommended,Prepare/activate suitable diversion planning,Suspend or reschedule non-essential roadwork where operationally appropriate,
2024-02-19,Whitefield | ITPL Main Road,Whitefield,ITPL Main Road,Medium,Medium,False,,False,Clear,No,Moderate,Increase traffic monitoring and consider additional personnel at the affected corridor.,Consider additional traffic personnel,Consider diversion planning if congestion persists,Review non-essential roadwork scheduling,
2024-02-19,Koramangala | Sony World Junction,Koramangala,Sony World Junction,High,High,False,,False,Clear,No,High,Deploy additional traffic personnel and prepare diversion measures for the affected corridor.,Additional traffic personnel recommended,Prepare/activate suitable diversion planning,Suspend or reschedule non-essential roadwork where operationally appropriate,
2024-02-19,M.G. Road | Trinity Circle,M.G. Road,Trinity Circle,High,High,False,,False,Fog,No,High,Deploy additional traffic personnel and prepare diversion measures for the affected corridor.,Additional traffic personnel recommended,Prepare/activate suitable diversion planning,Suspend or reschedule non-essential roadwork where operationally appropriate,Adverse weather is present; consider additional caution and traffic monitoring.
2024-02-19,M.G. Road | Anil Kumble Circle,M.G. Road,Anil Kumble Circle,High,High,False,,False,Windy,No,High,Deploy additional traffic personnel and prepare diversion measures for the affected corridor.,Additional traffic personnel recommended,Prepare/activate suitable diversion planning,Suspend or reschedule non-essential roadwork where operationally appropriate,
2024-02-19,Jayanagar | Jayanagar 4th Block,Jayanagar,Jayanagar 4th Block,High,Medium,False,,False,Clear,No,Moderate,Increase traffic monitoring and consider additional personnel at the affected corridor.,Consider additional traffic personnel,Consider diversion planning if congestion persists,Review non-essential roadwork scheduling,
2024-02-19,Jayanagar | South End Circle,Jayanagar,South End Circle,Medium,Medium,False,,False,Clear,No,Moderate,Increase traffic monitoring and consider additional personnel at the affected corridor.,Consider additional traffic personnel,Consider diversion planning if congestion persists,Review non-essential roadwork scheduling,
2024-02-19,Hebbal | Hebbal Flyover,Hebbal,Hebbal Flyover,Medium,Medium,False,,False,Clear,No,Moderate,Increase traffic monitoring and consider additional personnel at the affected corridor.,Consider additional traffic personnel,Consider diversion planning if congestion persists,Review non-essential roadwork scheduling,
2024-02-20,Indiranagar | 100 Feet Road,Indiranagar,100 Feet Road,High,High,False,,False,Fog,No,High,Deploy additional traffic personnel and prepare diversion measures for the affected corridor.,Additional traffic personnel recommended,Prepare/activate suitable diversion planning,Suspend or reschedule non-essential roadwork where operationally appropriate,Adverse weather is present; consider additional caution and traffic monitoring.
2024-02-20,Indiranagar | CMH Road,Indiranagar,CMH Road,High,High,False,,False,Fog,No,High,Deploy additional traffic personnel and prepare diversion measures for the affected corridor.,Additional traffic personnel recommended,Prepare/activate suitable diversion planning,Suspend or reschedule non-essential roadwork where operationally appropriate,Adverse weather is present; consider additional caution and traffic monitoring.
2024-02-20,Koramangala | Sony World Junction,Koramangala,Sony World Junction,High,High,False,,False,Clear,Yes,High,Deploy additional traffic personnel and prepare diversion measures for the affected corridor.,Additional traffic personnel recommended,Prepare/activate suitable diversion planning,Suspend or reschedule non-essential roadwork where operationally appropriate,Roadwork is present; review whether it can be postponed during high-congestion periods.
2024-02-20,Koramangala | Sarjapur Road,Koramangala,Sarjapur Road,High,High,False,,False,Fog,Yes,High,Deploy additional traffic personnel and prepare diversion measures for the affected corridor.,Additional traffic personnel recommended,Prepare/activate suitable diversion planning,Suspend or reschedule non-essential roadwork where operationally appropriate,Roadwork is present; review whether it can be postponed during high-congestion periods.; Adverse weather is present; consider additional caution and traffic monitoring.
2024-02-20,Electronic City | Silk Board Junction,Electronic City,Silk Board Junction,Low,Low,False,,False,Clear,Yes,Normal,Normal traffic management; continue routine monitoring.,Routine traffic personnel,No special diversion recommended,No special roadwork restriction recommended,Roadwork is present; review whether it can be postponed during high-congestion periods.
2024-02-20,M.G. Road | Trinity Circle,M.G. Road,Trinity Circle,High,High,False,,False,Clear,No,High,Deploy additional traffic personnel and prepare diversion measures for the affected corridor.,Additional traffic personnel recommended,Prepare/activate suitable diversion planning,Suspend or reschedule non-essential roadwork where operationally appropriate,
2024-02-20,M.G. Road | Anil Kumble Circle,M.G. Road,Anil Kumble Circle,Medium,Medium,False,,False,Clear,Yes,Moderate,Increase traffic monitoring and consider additional personnel at the affected corridor.,Consider additional traffic personnel,Consider diversion planning if congestion persists,Review non-essential roadwork scheduling,Roadwork is present; review whether it can be postponed during high-congestion periods.
2024-02-20,Jayanagar | Jayanagar 4th Block,Jayanagar,Jayanagar 4th Block,Low,Low,False,,False,Clear,No,Normal,Normal traffic management; continue routine monitoring.,Routine traffic personnel,No special diversion recommended,No special roadwork restriction recommended,
2024-02-20,Hebbal | Hebbal Flyover,Hebbal,Hebbal Flyover,High,High,False,,False,Rain,No,High,Deploy additional traffic personnel and prepare diversion measures for the affected corridor.,Additional traffic personnel recommended,Prepare/activate suitable diversion planning,Suspend or reschedule non-essential roadwork where operationally appropriate,Adverse weather is present; consider additional caution and traffic monitoring.
2024-02-20,Hebbal | Ballari Road,Hebbal,Ballari Road,High,High,False,,False,Overcast,No,High,Deploy additional traffic personnel and prepare diversion measures for the affected corridor.,Additional traffic personnel recommended,Prepare/activate suitable diversion planning,Suspend or reschedule non-essential roadwork where operationally appropriate,
2024-02-20,Yeshwanthpur | Tumkur Road,Yeshwanthpur,Tumkur Road,Low,Low,False,,False,Clear,Yes,Normal,Normal traffic management; continue routine monitoring.,Routine traffic personnel,No special diversion recommended,No special roadwork restriction recommended,Roadwork is present; review whether it can be postponed during high-congestion periods.
2024-02-21,Indiranagar | 100 Feet Road,Indiranagar,100 Feet Road,High,High,False,,False,Rain,No,High,Deploy additional traffic personnel and prepare diversion measures for the affected corridor.,Additional traffic personnel recommended,Prepare/activate suitable diversion planning,Suspend or reschedule non-essential roadwork where operationally appropriate,Adverse weather is present; consider additional caution and traffic monitoring.
2024-02-21,Indiranagar | CMH Road,Indiranagar,CMH Road,Medium,Medium,False,,False,Clear,No,Moderate,Increase traffic monitoring and consider additional personnel at the affected corridor.,Consider additional traffic personnel,Consider diversion planning if congestion persists,Review non-essential roadwork scheduling,
2024-02-21,Koramangala | Sony World Junction,Koramangala,Sony World Junction,High,High,False,,False,Rain,No,High,Deploy additional traffic personnel and prepare diversion measures for the affected corridor.,Additional traffic personnel recommended,Prepare/activate suitable diversion planning,Suspend or reschedule non-essential roadwork where operationally appropriate,Adverse weather is present; consider additional caution and traffic monitoring.
2024-02-21,Koramangala | Sarjapur Road,Koramangala,Sarjapur Road,High,High,False,,False,Clear,No,High,Deploy additional traffic personnel and prepare diversion measures for the affected corridor.,Additional traffic personnel recommended,Prepare/activate suitable diversion planning,Suspend or reschedule non-essential roadwork where operationally appropriate,
2024-02-21,Electronic City | Silk Board Junction,Electronic City,Silk Board Junction,Medium,Medium,False,,False,Windy,No,Moderate,Increase traffic monitoring and consider additional personnel at the affected corridor.,Consider additional traffic personnel,Consider diversion planning if congestion persists,Review non-essential roadwork scheduling,
2024-02-21,M.G. Road | Trinity Circle,M.G. Road,Trinity Circle,High,High,False,,False,Rain,No,High,Deploy additional traffic personnel and prepare diversion measures for the affected corridor.,Additional traffic personnel recommended,Prepare/activate suitable diversion planning,Suspend or reschedule non-essential roadwork where operationally appropriate,Adverse weather is present; consider additional caution and traffic monitoring.
2024-02-21,Jayanagar | Jayanagar 4th Block,Jayanagar,Jayanagar 4th Block,Medium,Medium,False,,False,Clear,No,Moderate,Increase traffic monitoring and consider additional personnel at the affected corridor.,Consider additional traffic personnel,Consider diversion planning if congestion persists,Review non-essential roadwork scheduling,
2024-02-21,Hebbal | Hebbal Flyover,Hebbal,Hebbal Flyover,High,High,False,,False,Clear,No,High,Deploy additional traffic personnel and prepare diversion measures for the affected corridor.,Additional traffic personnel recommended,Prepare/activate suitable diversion planning,Suspend or reschedule non-essential roadwork where operationally appropriate,
2024-02-21,Hebbal | Ballari Road,Hebbal,Ballari Road,High,High,False,,False,Clear,No,High,Deploy additional traffic personnel and prepare diversion measures for the affected corridor.,Additional traffic personnel recommended,Prepare/activate suitable diversion planning,Suspend or reschedule non-essential roadwork where operationally appropriate,
2024-02-22,Indiranagar | 100 Feet Road,Indiranagar,100 Feet Road,High,High,False,,False,Fog,No,High,Deploy additional traffic personnel and prepare diversion measures for the affected corridor.,Additional traffic personnel recommended,Prepare/activate suitable diversion planning,Suspend or reschedule non-essential roadwork where operationally appropriate,Adverse weather is present; consider additional caution and traffic monitoring.
2024-02-22,Indiranagar | CMH Road,Indiranagar,CMH Road,High,High,False,,False,Clear,No,High,Deploy additional traffic personnel and prepare diversion measures for the affected corridor.,Additional traffic personnel recommended,Prepare/activate suitable diversion planning,Suspend or reschedule non-essential roadwork where operationally appropriate,
2024-02-22,Whitefield | Marathahalli Bridge,Whitefield,Marathahalli Bridge,Low,Low,False,,False,Windy,No,Normal,Normal traffic management; continue routine monitoring.,Routine traffic personnel,No special diversion recommended,No special roadwork restriction recommended,
2024-02-22,Whitefield | ITPL Main Road,Whitefield,ITPL Main Road,Medium,Medium,False,,False,Clear,Yes,Moderate,Increase traffic monitoring and consider additional personnel at the affected corridor.,Consider additional traffic personnel,Consider diversion planning if congestion persists,Review non-essential roadwork scheduling,Roadwork is present; review whether it can be postponed during high-congestion periods.
2024-02-22,Koramangala | Sarjapur Road,Koramangala,Sarjapur Road,High,High,False,,False,Overcast,No,High,Deploy additional traffic personnel and prepare diversion measures for the affected corridor.,Additional traffic personnel recommended,Prepare/activate suitable diversion planning,Suspend or reschedule non-essential roadwork where operationally appropriate,
2024-02-22,Electronic City | Silk Board Junction,Electronic City,Silk Board Junction,High,High,False,,False,Fog,No,High,Deploy additional traffic personnel and prepare diversion measures for the affected corridor.,Additional traffic personnel recommended,Prepare/activate suitable diversion planning,Suspend or reschedule non-essential roadwork where operationally appropriate,Adverse weather is present; consider additional caution and traffic monitoring.
2024-02-22,Jayanagar | Jayanagar 4th Block,Jayanagar,Jayanagar 4th Block,Medium,Medium,False,,False,Clear,No,Moderate,Increase traffic monitoring and consider additional personnel at the affected corridor.,Consider additional traffic personnel,Consider diversion planning if congestion persists,Review non-essential roadwork scheduling,
2024-02-22,Jayanagar | South End Circle,Jayanagar,South End Circle,Low,Low,False,,False,Clear,No,Normal,Normal traffic management; continue routine monitoring.,Routine traffic personnel,No special diversion recommended,No special roadwork restriction recommended,
2024-02-22,Hebbal | Ballari Road,Hebbal,Ballari Road,Medium,Medium,False,,False,Overcast,No,Moderate,Increase traffic monitoring and consider additional personnel at the affected corridor.,Consider additional traffic personnel,Consider diversion planning if congestion persists,Review non-essential roadwork scheduling,
2024-02-22,Yeshwanthpur | Yeshwanthpur Circle,Yeshwanthpur,Yeshwanthpur Circle,Medium,Medium,False,,False,Overcast,No,Moderate,Increase traffic monitoring and consider additional personnel at the affected corridor.,Consider additional traffic personnel,Consider diversion planning if congestion persists,Review non-essential roadwork scheduling,
2024-02-22,Yeshwanthpur | Tumkur Road,Yeshwanthpur,Tumkur Road,Medium,Medium,False,,False,Clear,No,Moderate,Increase traffic monitoring and consider additional personnel at the affected corridor.,Consider additional traffic personnel,Consider diversion planning if congestion persists,Review non-essential roadwork scheduling,
2024-02-23,Indiranagar | 100 Feet Road,Indiranagar,100 Feet Road,High,High,False,,False,Clear,No,High,Deploy additional traffic personnel and prepare diversion measures for the affected corridor.,Additional traffic personnel recommended,Prepare/activate suitable diversion planning,Suspend or reschedule non-essential roadwork where operationally appropriate,
2024-02-23,Indiranagar | CMH Road,Indiranagar,CMH Road,High,High,False,,False,Fog,No,High,Deploy additional traffic personnel and prepare diversion measures for the affected corridor.,Additional traffic personnel recommended,Prepare/activate suitable diversion planning,Suspend or reschedule non-essential roadwork where operationally appropriate,Adverse weather is present; consider additional caution and traffic monitoring.
2024-02-23,Whitefield | Marathahalli Bridge,Whitefield,Marathahalli Bridge,High,High,False,,False,Clear,No,High,Deploy additional traffic personnel and prepare diversion measures for the affected corridor.,Additional traffic personnel recommended,Prepare/activate suitable diversion planning,Suspend or reschedule non-essential roadwork where operationally appropriate,
2024-02-23,Koramangala | Sony World Junction,Koramangala,Sony World Junction,High,High,False,,False,Fog,No,High,Deploy additional traffic personnel and prepare diversion measures for the affected corridor.,Additional traffic personnel recommended,Prepare/activate suitable diversion planning,Suspend or reschedule non-essential roadwork where operationally appropriate,Adverse weather is present; consider additional caution and traffic monitoring.
2024-02-23,M.G. Road | Trinity Circle,M.G. Road,Trinity Circle,High,High,False,,False,Overcast,No,High,Deploy additional traffic personnel and prepare diversion measures for the affected corridor.,Additional traffic personnel recommended,Prepare/activate suitable diversion planning,Suspend or reschedule non-essential roadwork where operationally appropriate,
2024-02-23,M.G. Road | Anil Kumble Circle,M.G. Road,Anil Kumble Circle,High,High,False,,False,Clear,No,High,Deploy additional traffic personnel and prepare diversion measures for the affected corridor.,Additional traffic personnel recommended,Prepare/activate suitable diversion planning,Suspend or reschedule non-essential roadwork where operationally appropriate,
2024-02-23,Jayanagar | Jayanagar 4th Block,Jayanagar,Jayanagar 4th Block,Medium,Medium,False,,False,Fog,No,Moderate,Increase traffic monitoring and consider additional personnel at the affected corridor.,Consider additional traffic personnel,Consider diversion planning if congestion persists,Review non-essential roadwork scheduling,Adverse weather is present; consider additional caution and traffic monitoring.
2024-02-23,Jayanagar | South End Circle,Jayanagar,South End Circle,Medium,Medium,False,,False,Clear,No,Moderate,Increase traffic monitoring and consider additional personnel at the affected corridor.,Consider additional traffic personnel,Consider diversion planning if congestion persists,Review non-essential roadwork scheduling,
2024-02-23,Hebbal | Hebbal Flyover,Hebbal,Hebbal Flyover,Low,Low,False,,False,Rain,No,Normal,Normal traffic management; continue routine monitoring.,Routine traffic personnel,No special diversion recommended,No special roadwork restriction recommended,Adverse weather is present; consider additional caution and traffic monitoring.
2024-02-23,Hebbal | Ballari Road,Hebbal,Ballari Road,High,High,False,,False,Clear,No,High,Deploy additional traffic personnel and prepare diversion measures for the affected corridor.,Additional traffic personnel recommended,Prepare/activate suitable diversion planning,Suspend or reschedule non-essential roadwork where operationally appropriate,
2024-02-24,Indiranagar | 100 Feet Road,Indiranagar,100 Feet Road,High,High,False,,False,Overcast,No,High,Deploy additional traffic personnel and prepare diversion measures for the affected corridor.,Additional traffic personnel recommended,Prepare/activate suitable diversion planning,Suspend or reschedule non-essential roadwork where operationally appropriate,
2024-02-24,Whitefield | Marathahalli Bridge,Whitefield,Marathahalli Bridge,High,High,False,,False,Clear,No,High,Deploy additional traffic personnel and prepare diversion measures for the affected corridor.,Additional traffic personnel recommended,Prepare/activate suitable diversion planning,Suspend or reschedule non-essential roadwork where operationally appropriate,
2024-02-24,Whitefield | ITPL Main Road,Whitefield,ITPL Main Road,Low,Low,False,,False,Overcast,No,Normal,Normal traffic management; continue routine monitoring.,Routine traffic personnel,No special diversion recommended,No special roadwork restriction recommended,
2024-02-24,Koramangala | Sony World Junction,Koramangala,Sony World Junction,Medium,Medium,False,,False,Windy,No,Moderate,Increase traffic monitoring and consider additional personnel at the affected corridor.,Consider additional traffic personnel,Consider diversion planning if congestion persists,Review non-essential roadwork scheduling,
2024-02-24,Koramangala | Sarjapur Road,Koramangala,Sarjapur Road,High,High,False,,False,Clear,No,High,Deploy additional traffic personnel and prepare diversion measures for the affected corridor.,Additional traffic personnel recommended,Prepare/activate suitable diversion planning,Suspend or reschedule non-essential roadwork where operationally appropriate,
2024-02-24,M.G. Road | Anil Kumble Circle,M.G. Road,Anil Kumble Circle,High,High,False,,False,Clear,No,High,Deploy additional traffic personnel and prepare diversion measures for the affected corridor.,Additional traffic personnel recommended,Prepare/activate suitable diversion planning,Suspend or reschedule non-essential roadwork where operationally appropriate,
2024-02-24,Jayanagar | South End Circle,Jayanagar,South End Circle,Medium,Medium,False,,False,Rain,No,Moderate,Increase traffic monitoring and consider additional personnel at the affected corridor.,Consider additional traffic personnel,Consider diversion planning if congestion persists,Review non-essential roadwork scheduling,Adverse weather is present; consider additional caution and traffic monitoring.
2024-02-24,Yeshwanthpur | Yeshwanthpur Circle,Yeshwanthpur,Yeshwanthpur Circle,Low,Low,False,,False,Clear,No,Normal,Normal traffic management; continue routine monitoring.,Routine traffic personnel,No special diversion recommended,No special roadwork restriction recommended,
2024-02-25,Indiranagar | 100 Feet Road,Indiranagar,100 Feet Road,High,High,False,,False,Fog,No,High,Deploy additional traffic personnel and prepare diversion measures for the affected corridor.,Additional traffic personnel recommended,Prepare/activate suitable diversion planning,Suspend or reschedule non-essential roadwork where operationally appropriate,Adverse weather is present; consider additional caution and traffic monitoring.
2024-02-25,Indiranagar | CMH Road,Indiranagar,CMH Road,High,High,False,,False,Clear,No,High,Deploy additional traffic personnel and prepare diversion measures for the affected corridor.,Additional traffic personnel recommended,Prepare/activate suitable diversion planning,Suspend or reschedule non-essential roadwork where operationally appropriate,
2024-02-25,Whitefield | Marathahalli Bridge,Whitefield,Marathahalli Bridge,Medium,Medium,False,,False,Clear,No,Moderate,Increase traffic monitoring and consider additional personnel at the affected corridor.,Consider additional traffic personnel,Consider diversion planning if congestion persists,Review non-essential roadwork scheduling,
2024-02-25,Koramangala | Sony World Junction,Koramangala,Sony World Junction,High,High,False,,False,Clear,No,High,Deploy additional traffic personnel and prepare diversion measures for the affected corridor.,Additional traffic personnel recommended,Prepare/activate suitable diversion planning,Suspend or reschedule non-essential roadwork where operationally appropriate,
2024-02-25,Koramangala | Sarjapur Road,Koramangala,Sarjapur Road,High,High,False,,False,Clear,No,High,Deploy additional traffic personnel and prepare diversion measures for the affected corridor.,Additional traffic personnel recommended,Prepare/activate suitable diversion planning,Suspend or reschedule non-essential roadwork where operationally appropriate,
2024-02-25,Electronic City | Hosur Road,Electronic City,Hosur Road,Low,Low,False,,False,Clear,No,Normal,Normal traffic management; continue routine monitoring.,Routine traffic personnel,No special diversion recommended,No special roadwork restriction recommended,
2024-02-25,M.G. Road | Trinity Circle,M.G. Road,Trinity Circle,High,High,False,,False,Clear,Yes,High,Deploy additional traffic personnel and prepare diversion measures for the affected corridor.,Additional traffic personnel recommended,Prepare/activate suitable diversion planning,Suspend or reschedule non-essential roadwork where operationally appropriate,Roadwork is present; review whether it can be postponed during high-congestion periods.
2024-02-25,Jayanagar | South End Circle,Jayanagar,South End Circle,High,Medium,False,,False,Overcast,No,Moderate,Increase traffic monitoring and consider additional personnel at the affected corridor.,Consider additional traffic personnel,Consider diversion planning if congestion persists,Review non-essential roadwork scheduling,
2024-02-25,Hebbal | Hebbal Flyover,Hebbal,Hebbal Flyover,High,High,False,,False,Windy,No,High,Deploy additional traffic personnel and prepare diversion measures for the affected corridor.,Additional traffic personnel recommended,Prepare/activate suitable diversion planning,Suspend or reschedule non-essential roadwork where operationally appropriate,
2024-02-25,Hebbal | Ballari Road,Hebbal,Ballari Road,High,High,False,,False,Clear,No,High,Deploy additional traffic personnel and prepare diversion measures for the affected corridor.,Additional traffic personnel recommended,Prepare/activate suitable diversion planning,Suspend or reschedule non-essential roadwork where operationally appropriate,
2024-02-26,Indiranagar | 100 Feet Road,Indiranagar,100 Feet Road,Medium,Medium,False,,False,Overcast,No,Moderate,Increase traffic monitoring and consider additional personnel at the affected corridor.,Consider additional traffic personnel,Consider diversion planning if congestion persists,Review non-essential roadwork scheduling,
2024-02-26,Indiranagar | CMH Road,Indiranagar,CMH Road,Low,Low,False,,False,Fog,No,Normal,Normal traffic management; continue routine monitoring.,Routine traffic personnel,No special diversion recommended,No special roadwork restriction recommended,Adverse weather is present; consider additional caution and traffic monitoring.
2024-02-26,Whitefield | Marathahalli Bridge,Whitefield,Marathahalli Bridge,Medium,Medium,False,,False,Clear,No,Moderate,Increase traffic monitoring and consider additional personnel at the affected corridor.,Consider additional traffic personnel,Consider diversion planning if congestion persists,Review non-essential roadwork scheduling,
2024-02-26,Koramangala | Sony World Junction,Koramangala,Sony World Junction,High,High,False,,False,Clear,No,High,Deploy additional traffic personnel and prepare diversion measures for the affected corridor.,Additional traffic personnel recommended,Prepare/activate suitable diversion planning,Suspend or reschedule non-essential roadwork where operationally appropriate,
2024-02-26,Koramangala | Sarjapur Road,Koramangala,Sarjapur Road,High,High,False,,False,Rain,Yes,High,Deploy additional traffic personnel and prepare diversion measures for the affected corridor.,Additional traffic personnel recommended,Prepare/activate suitable diversion planning,Suspend or reschedule non-essential roadwork where operationally appropriate,Roadwork is present; review whether it can be postponed during high-congestion periods.; Adverse weather is present; consider additional caution and traffic monitoring.
2024-02-26,Electronic City | Hosur Road,Electronic City,Hosur Road,Low,Low,False,,False,Overcast,No,Normal,Normal traffic management; continue routine monitoring.,Routine traffic personnel,No special diversion recommended,No special roadwork restriction recommended,
2024-02-26,M.G. Road | Trinity Circle,M.G. Road,Trinity Circle,High,High,False,,False,Clear,No,High,Deploy additional traffic personnel and prepare diversion measures for the affected corridor.,Additional traffic personnel recommended,Prepare/activate suitable diversion planning,Suspend or reschedule non-essential roadwork where operationally appropriate,
2024-02-26,M.G. Road | Anil Kumble Circle,M.G. Road,Anil Kumble Circle,High,High,False,,False,Clear,No,High,Deploy additional traffic personnel and prepare diversion measures for the affected corridor.,Additional traffic personnel recommended,Prepare/activate suitable diversion planning,Suspend or reschedule non-essential roadwork where operationally appropriate,
2024-02-26,Jayanagar | Jayanagar 4th Block,Jayanagar,Jayanagar 4th Block,High,Medium,False,,False,Rain,No,Moderate,Increase traffic monitoring and consider additional personnel at the affected corridor.,Consider additional traffic personnel,Consider diversion planning if congestion persists,Review non-essential roadwork scheduling,Adverse weather is present; consider additional caution and traffic monitoring.
2024-02-26,Yeshwanthpur | Yeshwanthpur Circle,Yeshwanthpur,Yeshwanthpur Circle,Medium,Medium,False,,False,Clear,Yes,Moderate,Increase traffic monitoring and consider additional personnel at the affected corridor.,Consider additional traffic personnel,Consider diversion planning if congestion persists,Review non-essential roadwork scheduling,Roadwork is present; review whether it can be postponed during high-congestion periods.
2024-02-27,Indiranagar | 100 Feet Road,Indiranagar,100 Feet Road,High,High,False,,False,Clear,No,High,Deploy additional traffic personnel and prepare diversion measures for the affected corridor.,Additional traffic personnel recommended,Prepare/activate suitable diversion planning,Suspend or reschedule non-essential roadwork where operationally appropriate,
2024-02-27,Indiranagar | CMH Road,Indiranagar,CMH Road,Medium,Medium,False,,False,Windy,No,Moderate,Increase traffic monitoring and consider additional personnel at the affected corridor.,Consider additional traffic personnel,Consider diversion planning if congestion persists,Review non-essential roadwork scheduling,
2024-02-27,M.G. Road | Trinity Circle,M.G. Road,Trinity Circle,Low,Low,False,,False,Clear,No,Normal,Normal traffic management; continue routine monitoring.,Routine traffic personnel,No special diversion recommended,No special roadwork restriction recommended,
2024-02-27,M.G. Road | Anil Kumble Circle,M.G. Road,Anil Kumble Circle,Medium,Medium,False,,False,Clear,No,Moderate,Increase traffic monitoring and consider additional personnel at the affected corridor.,Consider additional traffic personnel,Consider diversion planning if congestion persists,Review non-essential roadwork scheduling,
2024-02-27,Jayanagar | Jayanagar 4th Block,Jayanagar,Jayanagar 4th Block,High,High,False,,False,Clear,No,High,Deploy additional traffic personnel and prepare diversion measures for the affected corridor.,Additional traffic personnel recommended,Prepare/activate suitable diversion planning,Suspend or reschedule non-essential roadwork where operationally appropriate,
2024-02-27,Hebbal | Ballari Road,Hebbal,Ballari Road,High,Medium,False,,False,Rain,No,Moderate,Increase traffic monitoring and consider additional personnel at the affected corridor.,Consider additional traffic personnel,Consider diversion planning if congestion persists,Review non-essential roadwork scheduling,Adverse weather is present; consider additional caution and traffic monitoring.
2024-02-28,Indiranagar | 100 Feet Road,Indiranagar,100 Feet Road,High,High,False,,False,Clear,No,High,Deploy additional traffic personnel and prepare diversion measures for the affected corridor.,Additional traffic personnel recommended,Prepare/activate suitable diversion planning,Suspend or reschedule non-essential roadwork where operationally appropriate,
2024-02-28,Indiranagar | CMH Road,Indiranagar,CMH Road,Medium,High,False,,False,Clear,Yes,High,Deploy additional traffic personnel and prepare diversion measures for the affected corridor.,Additional traffic personnel recommended,Prepare/activate suitable diversion planning,Suspend or reschedule non-essential roadwork where operationally appropriate,Roadwork is present; review whether it can be postponed during high-congestion periods.
2024-02-28,Whitefield | ITPL Main Road,Whitefield,ITPL Main Road,High,High,False,,False,Clear,No,High,Deploy additional traffic personnel and prepare diversion measures for the affected corridor.,Additional traffic personnel recommended,Prepare/activate suitable diversion planning,Suspend or reschedule non-essential roadwork where operationally appropriate,
2024-02-28,Koramangala | Sarjapur Road,Koramangala,Sarjapur Road,High,High,False,,False,Clear,No,High,Deploy additional traffic personnel and prepare diversion measures for the affected corridor.,Additional traffic personnel recommended,Prepare/activate suitable diversion planning,Suspend or reschedule non-essential roadwork where operationally appropriate,
2024-02-28,Electronic City | Silk Board Junction,Electronic City,Silk Board Junction,Medium,High,False,,False,Clear,No,High,Deploy additional traffic personnel and prepare diversion measures for the affected corridor.,Additional traffic personnel recommended,Prepare/activate suitable diversion planning,Suspend or reschedule non-essential roadwork where operationally appropriate,
2024-02-28,M.G. Road | Trinity Circle,M.G. Road,Trinity Circle,Medium,Medium,False,,False,Clear,No,Moderate,Increase traffic monitoring and consider additional personnel at the affected corridor.,Consider additional traffic personnel,Consider diversion planning if congestion persists,Review non-essential roadwork scheduling,
2024-02-28,M.G. Road | Anil Kumble Circle,M.G. Road,Anil Kumble Circle,High,High,False,,False,Clear,No,High,Deploy additional traffic personnel and prepare diversion measures for the affected corridor.,Additional traffic personnel recommended,Prepare/activate suitable diversion planning,Suspend or reschedule non-essential roadwork where operationally appropriate,
2024-02-28,Hebbal | Hebbal Flyover,Hebbal,Hebbal Flyover,High,High,False,,False,Clear,No,High,Deploy additional traffic personnel and prepare diversion measures for the affected corridor.,Additional traffic personnel recommended,Prepare/activate suitable diversion planning,Suspend or reschedule non-essential roadwork where operationally appropriate,
2024-02-28,Hebbal | Ballari Road,Hebbal,Ballari Road,Medium,Medium,False,,False,Clear,No,Moderate,Increase traffic monitoring and consider additional personnel at the affected corridor.,Consider additional traffic personnel,Consider diversion planning if congestion persists,Review non-essential roadwork scheduling,
2024-02-29,Indiranagar | 100 Feet Road,Indiranagar,100 Feet Road,High,High,False,,False,Clear,No,High,Deploy additional traffic personnel and prepare diversion measures for the affected corridor.,Additional traffic personnel recommended,Prepare/activate suitable diversion planning,Suspend or reschedule non-essential roadwork where operationally appropriate,
2024-02-29,Indiranagar | CMH Road,Indiranagar,CMH Road,High,High,False,,False,Clear,No,High,Deploy additional traffic personnel and prepare diversion measures for the affected corridor.,Additional traffic personnel recommended,Prepare/activate suitable diversion planning,Suspend or reschedule non-essential roadwork where operationally appropriate,
2024-02-29,Koramangala | Sarjapur Road,Koramangala,Sarjapur Road,Low,Low,False,,False,Clear,No,Normal,Normal traffic management; continue routine monitoring.,Routine traffic personnel,No special diversion recommended,No special roadwork restriction recommended,
2024-02-29,M.G. Road | Trinity Circle,M.G. Road,Trinity Circle,High,High,False,,False,Clear,No,High,Deploy additional traffic personnel and prepare diversion measures for the affected corridor.,Additional traffic personnel recommended,Prepare/activate suitable diversion planning,Suspend or reschedule non-essential roadwork where operationally appropriate,
2024-02-29,Jayanagar | South End Circle,Jayanagar,South End Circle,High,High,False,,False,Clear,No,High,Deploy additional traffic personnel and prepare diversion measures for the affected corridor.,Additional traffic personnel recommended,Prepare/activate suitable diversion planning,Suspend or reschedule non-essential roadwork where operationally appropriate,
2024-02-29,Hebbal | Hebbal Flyover,Hebbal,Hebbal Flyover,Low,Medium,False,,False,Clear,No,Moderate,Increase traffic monitoring and consider additional personnel at the affected corridor.,Consider additional traffic personnel,Consider diversion planning if congestion persists,Review non-essential roadwork scheduling,
2024-02-29,Hebbal | Ballari Road,Hebbal,Ballari Road,High,High,False,,False,Overcast,No,High,Deploy additional traffic personnel and prepare diversion measures for the affected corridor.,Additional traffic personnel recommended,Prepare/activate suitable diversion planning,Suspend or reschedule non-essential roadwork where operationally appropriate,
2024-03-01,Indiranagar | 100 Feet Road,Indiranagar,100 Feet Road,High,High,False,,False,Clear,No,High,Deploy additional traffic personnel and prepare diversion measures for the affected corridor.,Additional traffic personnel recommended,Prepare/activate suitable diversion planning,Suspend or reschedule non-essential roadwork where operationally appropriate,
2024-03-01,Indiranagar | CMH Road,Indiranagar,CMH Road,High,High,False,,False,Windy,No,High,Deploy additional traffic personnel and prepare diversion measures for the affected corridor.,Additional traffic personnel recommended,Prepare/activate suitable diversion planning,Suspend or reschedule non-essential roadwork where operationally appropriate,
2024-03-01,Whitefield | Marathahalli Bridge,Whitefield,Marathahalli Bridge,Medium,Medium,False,,False,Windy,No,Moderate,Increase traffic monitoring and consider additional personnel at the affected corridor.,Consider additional traffic personnel,Consider diversion planning if congestion persists,Review non-essential roadwork scheduling,
2024-03-01,Whitefield | ITPL Main Road,Whitefield,ITPL Main Road,High,High,False,,False,Overcast,Yes,High,Deploy additional traffic personnel and prepare diversion measures for the affected corridor.,Additional traffic personnel recommended,Prepare/activate suitable diversion planning,Suspend or reschedule non-essential roadwork where operationally appropriate,Roadwork is present; review whether it can be postponed during high-congestion periods.
2024-03-01,Koramangala | Sarjapur Road,Koramangala,Sarjapur Road,High,High,False,,False,Clear,Yes,High,Deploy additional traffic personnel and prepare diversion measures for the affected corridor.,Additional traffic personnel recommended,Prepare/activate suitable diversion planning,Suspend or reschedule non-essential roadwork where operationally appropriate,Roadwork is present; review whether it can be postponed during high-congestion periods.
2024-03-01,Electronic City | Hosur Road,Electronic City,Hosur Road,Low,Low,False,,False,Clear,No,Normal,Normal traffic management; continue routine monitoring.,Routine traffic personnel,No special diversion recommended,No special roadwork restriction recommended,
2024-03-01,M.G. Road | Trinity Circle,M.G. Road,Trinity Circle,High,High,False,,False,Clear,No,High,Deploy additional traffic personnel and prepare diversion measures for the affected corridor.,Additional traffic personnel recommended,Prepare/activate suitable diversion planning,Suspend or reschedule non-essential roadwork where operationally appropriate,
2024-03-01,M.G. Road | Anil Kumble Circle,M.G. Road,Anil Kumble Circle,High,High,False,,False,Windy,No,High,Deploy additional traffic personnel and prepare diversion measures for the affected corridor.,Additional traffic personnel recommended,Prepare/activate suitable diversion planning,Suspend or reschedule non-essential roadwork where operationally appropriate,
2024-03-01,Jayanagar | Jayanagar 4th Block,Jayanagar,Jayanagar 4th Block,Low,Low,False,,False,Fog,No,Normal,Normal traffic management; continue routine monitoring.,Routine traffic personnel,No special diversion recommended,No special roadwork restriction recommended,Adverse weather is present; consider additional caution and traffic monitoring.
2024-03-01,Jayanagar | South End Circle,Jayanagar,South End Circle,Medium,Low,False,,False,Fog,No,Normal,Normal traffic management; continue routine monitoring.,Routine traffic personnel,No special diversion recommended,No special roadwork restriction recommended,Adverse weather is present; consider additional caution and traffic monitoring.
2024-03-01,Hebbal | Hebbal Flyover,Hebbal,Hebbal Flyover,Medium,High,False,,False,Overcast,Yes,High,Deploy additional traffic personnel and prepare diversion measures for the affected corridor.,Additional traffic personnel recommended,Prepare/activate suitable diversion planning,Suspend or reschedule non-essential roadwork where operationally appropriate,Roadwork is present; review whether it can be postponed during high-congestion periods.
2024-03-01,Hebbal | Ballari Road,Hebbal,Ballari Road,High,High,False,,False,Clear,No,High,Deploy additional traffic personnel and prepare diversion measures for the affected corridor.,Additional traffic personnel recommended,Prepare/activate suitable diversion planning,Suspend or reschedule non-essential roadwork where operationally appropriate,
2024-03-01,Yeshwanthpur | Yeshwanthpur Circle,Yeshwanthpur,Yeshwanthpur Circle,Low,Low,False,,False,Clear,No,Normal,Normal traffic management; continue routine monitoring.,Routine traffic personnel,No special diversion recommended,No special roadwork restriction recommended,
2024-03-02,Indiranagar | 100 Feet Road,Indiranagar,100 Feet Road,Low,Low,False,,False,Clear,No,Normal,Normal traffic management; continue routine monitoring.,Routine traffic personnel,No special diversion recommended,No special roadwork restriction recommended,
2024-03-02,Indiranagar | CMH Road,Indiranagar,CMH Road,High,High,False,,False,Rain,No,High,Deploy additional traffic personnel and prepare diversion measures for the affected corridor.,Additional traffic personnel recommended,Prepare/activate suitable diversion planning,Suspend or reschedule non-essential roadwork where operationally appropriate,Adverse weather is present; consider additional caution and traffic monitoring.
2024-03-02,Whitefield | ITPL Main Road,Whitefield,ITPL Main Road,Low,Low,False,,False,Clear,No,Normal,Normal traffic management; continue routine monitoring.,Routine traffic personnel,No special diversion recommended,No special roadwork restriction recommended,
2024-03-02,Koramangala | Sarjapur Road,Koramangala,Sarjapur Road,High,High,False,,False,Overcast,No,High,Deploy additional traffic personnel and prepare diversion measures for the affected corridor.,Additional traffic personnel recommended,Prepare/activate suitable diversion planning,Suspend or reschedule non-essential roadwork where operationally appropriate,
2024-03-02,Electronic City | Hosur Road,Electronic City,Hosur Road,Medium,Medium,False,,False,Clear,No,Moderate,Increase traffic monitoring and consider additional personnel at the affected corridor.,Consider additional traffic personnel,Consider diversion planning if congestion persists,Review non-essential roadwork scheduling,
2024-03-02,Electronic City | Silk Board Junction,Electronic City,Silk Board Junction,Low,Low,False,,False,Windy,No,Normal,Normal traffic management; continue routine monitoring.,Routine traffic personnel,No special diversion recommended,No special roadwork restriction recommended,
2024-03-02,M.G. Road | Trinity Circle,M.G. Road,Trinity Circle,High,High,False,,False,Fog,No,High,Deploy additional traffic personnel and prepare diversion measures for the affected corridor.,Additional traffic personnel recommended,Prepare/activate suitable diversion planning,Suspend or reschedule non-essential roadwork where operationally appropriate,Adverse weather is present; consider additional caution and traffic monitoring.
2024-03-02,Jayanagar | Jayanagar 4th Block,Jayanagar,Jayanagar 4th Block,High,High,False,,False,Clear,No,High,Deploy additional traffic personnel and prepare diversion measures for the affected corridor.,Additional traffic personnel recommended,Prepare/activate suitable diversion planning,Suspend or reschedule non-essential roadwork where operationally appropriate,
2024-03-02,Jayanagar | South End Circle,Jayanagar,South End Circle,High,High,False,,False,Clear,No,High,Deploy additional traffic personnel and prepare diversion measures for the affected corridor.,Additional traffic personnel recommended,Prepare/activate suitable diversion planning,Suspend or reschedule non-essential roadwork where operationally appropriate,
2024-03-02,Hebbal | Hebbal Flyover,Hebbal,Hebbal Flyover,High,High,False,,False,Clear,No,High,Deploy additional traffic personnel and prepare diversion measures for the affected corridor.,Additional traffic personnel recommended,Prepare/activate suitable diversion planning,Suspend or reschedule non-essential roadwork where operationally appropriate,
2024-03-02,Hebbal | Ballari Road,Hebbal,Ballari Road,Medium,Medium,False,,False,Overcast,No,Moderate,Increase traffic monitoring and consider additional personnel at the affected corridor.,Consider additional traffic personnel,Consider diversion planning if congestion persists,Review non-essential roadwork scheduling,
2024-03-02,Yeshwanthpur | Yeshwanthpur Circle,Yeshwanthpur,Yeshwanthpur Circle,High,High,False,,False,Clear,No,High,Deploy additional traffic personnel and prepare diversion measures for the affected corridor.,Additional traffic personnel recommended,Prepare/activate suitable diversion planning,Suspend or reschedule non-essential roadwork where operationally appropriate,
2024-03-02,Yeshwanthpur | Tumkur Road,Yeshwanthpur,Tumkur Road,Low,Low,False,,False,Clear,No,Normal,Normal traffic management; continue routine monitoring.,Routine traffic personnel,No special diversion recommended,No special roadwork restriction recommended,
2024-03-03,Indiranagar | 100 Feet Road,Indiranagar,100 Feet Road,High,High,False,,False,Clear,No,High,Deploy additional traffic personnel and prepare diversion measures for the affected corridor.,Additional traffic personnel recommended,Prepare/activate suitable diversion planning,Suspend or reschedule non-essential roadwork where operationally appropriate,
2024-03-03,Indiranagar | CMH Road,Indiranagar,CMH Road,Medium,Medium,False,,False,Clear,No,Moderate,Increase traffic monitoring and consider additional personnel at the affected corridor.,Consider additional traffic personnel,Consider diversion planning if congestion persists,Review non-essential roadwork scheduling,
2024-03-03,Whitefield | Marathahalli Bridge,Whitefield,Marathahalli Bridge,Medium,Low,False,,False,Clear,No,Normal,Normal traffic management; continue routine monitoring.,Routine traffic personnel,No special diversion recommended,No special roadwork restriction recommended,
2024-03-03,Koramangala | Sony World Junction,Koramangala,Sony World Junction,High,High,False,,False,Clear,No,High,Deploy additional traffic personnel and prepare diversion measures for the affected corridor.,Additional traffic personnel recommended,Prepare/activate suitable diversion planning,Suspend or reschedule non-essential roadwork where operationally appropriate,
2024-03-03,Koramangala | Sarjapur Road,Koramangala,Sarjapur Road,High,Medium,False,,False,Clear,No,Moderate,Increase traffic monitoring and consider additional personnel at the affected corridor.,Consider additional traffic personnel,Consider diversion planning if congestion persists,Review non-essential roadwork scheduling,
2024-03-03,Electronic City | Hosur Road,Electronic City,Hosur Road,Low,Low,False,,False,Clear,No,Normal,Normal traffic management; continue routine monitoring.,Routine traffic personnel,No special diversion recommended,No special roadwork restriction recommended,
2024-03-03,M.G. Road | Trinity Circle,M.G. Road,Trinity Circle,High,High,False,,False,Clear,No,High,Deploy additional traffic personnel and prepare diversion measures for the affected corridor.,Additional traffic personnel recommended,Prepare/activate suitable diversion planning,Suspend or reschedule non-essential roadwork where operationally appropriate,
2024-03-03,M.G. Road | Anil Kumble Circle,M.G. Road,Anil Kumble Circle,Medium,Medium,False,,False,Clear,No,Moderate,Increase traffic monitoring and consider additional personnel at the affected corridor.,Consider additional traffic personnel,Consider diversion planning if congestion persists,Review non-essential roadwork scheduling,
2024-03-03,Hebbal | Hebbal Flyover,Hebbal,Hebbal Flyover,High,High,False,,False,Clear,No,High,Deploy additional traffic personnel and prepare diversion measures for the affected corridor.,Additional traffic personnel recommended,Prepare/activate suitable diversion planning,Suspend or reschedule non-essential roadwork where operationally appropriate,
2024-03-03,Hebbal | Ballari Road,Hebbal,Ballari Road,Medium,Medium,False,,False,Clear,No,Moderate,Increase traffic monitoring and consider additional personnel at the affected corridor.,Consider additional traffic personnel,Consider diversion planning if congestion persists,Review non-essential roadwork scheduling,
2024-03-03,Yeshwanthpur | Yeshwanthpur Circle,Yeshwanthpur,Yeshwanthpur Circle,Medium,Medium,False,,False,Clear,No,Moderate,Increase traffic monitoring and consider additional personnel at the affected corridor.,Consider additional traffic personnel,Consider diversion planning if congestion persists,Review non-essential roadwork scheduling,
2024-03-03,Yeshwanthpur | Tumkur Road,Yeshwanthpur,Tumkur Road,Medium,Medium,False,,False,Clear,No,Moderate,Increase traffic monitoring and consider additional personnel at the affected corridor.,Consider additional traffic personnel,Consider diversion planning if congestion persists,Review non-essential roadwork scheduling,
2024-03-04,Indiranagar | 100 Feet Road,Indiranagar,100 Feet Road,High,High,False,,False,Clear,Yes,High,Deploy additional traffic personnel and prepare diversion measures for the affected corridor.,Additional traffic personnel recommended,Prepare/activate suitable diversion planning,Suspend or reschedule non-essential roadwork where operationally appropriate,Roadwork is present; review whether it can be postponed during high-congestion periods.
2024-03-04,Indiranagar | CMH Road,Indiranagar,CMH Road,High,High,False,,False,Fog,No,High,Deploy additional traffic personnel and prepare diversion measures for the affected corridor.,Additional traffic personnel recommended,Prepare/activate suitable diversion planning,Suspend or reschedule non-essential roadwork where operationally appropriate,Adverse weather is present; consider additional caution and traffic monitoring.
2024-03-04,Whitefield | Marathahalli Bridge,Whitefield,Marathahalli Bridge,High,High,False,,False,Clear,No,High,Deploy additional traffic personnel and prepare diversion measures for the affected corridor.,Additional traffic personnel recommended,Prepare/activate suitable diversion planning,Suspend or reschedule non-essential roadwork where operationally appropriate,
2024-03-04,Koramangala | Sony World Junction,Koramangala,Sony World Junction,High,High,False,,False,Rain,No,High,Deploy additional traffic personnel and prepare diversion measures for the affected corridor.,Additional traffic personnel recommended,Prepare/activate suitable diversion planning,Suspend or reschedule non-essential roadwork where operationally appropriate,Adverse weather is present; consider additional caution and traffic monitoring.
2024-03-04,Electronic City | Hosur Road,Electronic City,Hosur Road,Low,Low,False,,False,Clear,No,Normal,Normal traffic management; continue routine monitoring.,Routine traffic personnel,No special diversion recommended,No special roadwork restriction recommended,
2024-03-04,M.G. Road | Trinity Circle,M.G. Road,Trinity Circle,Low,Low,False,,False,Clear,No,Normal,Normal traffic management; continue routine monitoring.,Routine traffic personnel,No special diversion recommended,No special roadwork restriction recommended,
2024-03-04,M.G. Road | Anil Kumble Circle,M.G. Road,Anil Kumble Circle,High,High,False,,False,Clear,No,High,Deploy additional traffic personnel and prepare diversion measures for the affected corridor.,Additional traffic personnel recommended,Prepare/activate suitable diversion planning,Suspend or reschedule non-essential roadwork where operationally appropriate,
2024-03-04,Jayanagar | South End Circle,Jayanagar,South End Circle,High,High,False,,False,Clear,No,High,Deploy additional traffic personnel and prepare diversion measures for the affected corridor.,Additional traffic personnel recommended,Prepare/activate suitable diversion planning,Suspend or reschedule non-essential roadwork where operationally appropriate,
2024-03-04,Hebbal | Ballari Road,Hebbal,Ballari Road,Low,Low,False,,False,Rain,No,Normal,Normal traffic management; continue routine monitoring.,Routine traffic personnel,No special diversion recommended,No special roadwork restriction recommended,Adverse weather is present; consider additional caution and traffic monitoring.
2024-03-04,Yeshwanthpur | Tumkur Road,Yeshwanthpur,Tumkur Road,Medium,Medium,False,,False,Clear,No,Moderate,Increase traffic monitoring and consider additional personnel at the affected corridor.,Consider additional traffic personnel,Consider diversion planning if congestion persists,Review non-essential roadwork scheduling,
2024-03-05,Indiranagar | 100 Feet Road,Indiranagar,100 Feet Road,High,Medium,False,,False,Clear,No,Moderate,Increase traffic monitoring and consider additional personnel at the affected corridor.,Consider additional traffic personnel,Consider diversion planning if congestion persists,Review non-essential roadwork scheduling,
2024-03-05,Indiranagar | CMH Road,Indiranagar,CMH Road,Medium,Medium,False,,False,Clear,Yes,Moderate,Increase traffic monitoring and consider additional personnel at the affected corridor.,Consider additional traffic personnel,Consider diversion planning if congestion persists,Review non-essential roadwork scheduling,Roadwork is present; review whether it can be postponed during high-congestion periods.
2024-03-05,Koramangala | Sony World Junction,Koramangala,Sony World Junction,High,High,False,,False,Overcast,Yes,High,Deploy additional traffic personnel and prepare diversion measures for the affected corridor.,Additional traffic personnel recommended,Prepare/activate suitable diversion planning,Suspend or reschedule non-essential roadwork where operationally appropriate,Roadwork is present; review whether it can be postponed during high-congestion periods.
2024-03-05,Koramangala | Sarjapur Road,Koramangala,Sarjapur Road,High,High,False,,False,Clear,No,High,Deploy additional traffic personnel and prepare diversion measures for the affected corridor.,Additional traffic personnel recommended,Prepare/activate suitable diversion planning,Suspend or reschedule non-essential roadwork where operationally appropriate,
2024-03-05,M.G. Road | Trinity Circle,M.G. Road,Trinity Circle,High,High,False,,False,Clear,No,High,Deploy additional traffic personnel and prepare diversion measures for the affected corridor.,Additional traffic personnel recommended,Prepare/activate suitable diversion planning,Suspend or reschedule non-essential roadwork where operationally appropriate,
2024-03-05,M.G. Road | Anil Kumble Circle,M.G. Road,Anil Kumble Circle,High,High,False,,False,Clear,Yes,High,Deploy additional traffic personnel and prepare diversion measures for the affected corridor.,Additional traffic personnel recommended,Prepare/activate suitable diversion planning,Suspend or reschedule non-essential roadwork where operationally appropriate,Roadwork is present; review whether it can be postponed during high-congestion periods.
2024-03-05,Hebbal | Ballari Road,Hebbal,Ballari Road,High,High,False,,False,Clear,No,High,Deploy additional traffic personnel and prepare diversion measures for the affected corridor.,Additional traffic personnel recommended,Prepare/activate suitable diversion planning,Suspend or reschedule non-essential roadwork where operationally appropriate,
2024-03-05,Yeshwanthpur | Tumkur Road,Yeshwanthpur,Tumkur Road,Low,Low,False,,False,Clear,No,Normal,Normal traffic management; continue routine monitoring.,Routine traffic personnel,No special diversion recommended,No special roadwork restriction recommended,
2024-03-06,Indiranagar | 100 Feet Road,Indiranagar,100 Feet Road,High,High,False,,False,Rain,No,High,Deploy additional traffic personnel and prepare diversion measures for the affected corridor.,Additional traffic personnel recommended,Prepare/activate suitable diversion planning,Suspend or reschedule non-essential roadwork where operationally appropriate,Adverse weather is present; consider additional caution and traffic monitoring.
2024-03-06,Indiranagar | CMH Road,Indiranagar,CMH Road,High,High,False,,False,Rain,No,High,Deploy additional traffic personnel and prepare diversion measures for the affected corridor.,Additional traffic personnel recommended,Prepare/activate suitable diversion planning,Suspend or reschedule non-essential roadwork where operationally appropriate,Adverse weather is present; consider additional caution and traffic monitoring.
2024-03-06,Whitefield | Marathahalli Bridge,Whitefield,Marathahalli Bridge,Medium,Medium,False,,False,Fog,No,Moderate,Increase traffic monitoring and consider additional personnel at the affected corridor.,Consider additional traffic personnel,Consider diversion planning if congestion persists,Review non-essential roadwork scheduling,Adverse weather is present; consider additional caution and traffic monitoring.
2024-03-06,Whitefield | ITPL Main Road,Whitefield,ITPL Main Road,Medium,Medium,False,,False,Clear,No,Moderate,Increase traffic monitoring and consider additional personnel at the affected corridor.,Consider additional traffic personnel,Consider diversion planning if congestion persists,Review non-essential roadwork scheduling,
2024-03-06,Koramangala | Sarjapur Road,Koramangala,Sarjapur Road,High,High,False,,False,Windy,No,High,Deploy additional traffic personnel and prepare diversion measures for the affected corridor.,Additional traffic personnel recommended,Prepare/activate suitable diversion planning,Suspend or reschedule non-essential roadwork where operationally appropriate,
2024-03-06,M.G. Road | Trinity Circle,M.G. Road,Trinity Circle,Medium,Medium,False,,False,Clear,No,Moderate,Increase traffic monitoring and consider additional personnel at the affected corridor.,Consider additional traffic personnel,Consider diversion planning if congestion persists,Review non-essential roadwork scheduling,
2024-03-06,M.G. Road | Anil Kumble Circle,M.G. Road,Anil Kumble Circle,High,High,False,,False,Clear,No,High,Deploy additional traffic personnel and prepare diversion measures for the affected corridor.,Additional traffic personnel recommended,Prepare/activate suitable diversion planning,Suspend or reschedule non-essential roadwork where operationally appropriate,
2024-03-06,Jayanagar | South End Circle,Jayanagar,South End Circle,High,High,False,,False,Clear,No,High,Deploy additional traffic personnel and prepare diversion measures for the affected corridor.,Additional traffic personnel recommended,Prepare/activate suitable diversion planning,Suspend or reschedule non-essential roadwork where operationally appropriate,
2024-03-06,Hebbal | Hebbal Flyover,Hebbal,Hebbal Flyover,Low,Low,False,,False,Clear,Yes,Normal,Normal traffic management; continue routine monitoring.,Routine traffic personnel,No special diversion recommended,No special roadwork restriction recommended,Roadwork is present; review whether it can be postponed during high-congestion periods.
2024-03-06,Yeshwanthpur | Yeshwanthpur Circle,Yeshwanthpur,Yeshwanthpur Circle,High,High,False,,False,Clear,No,High,Deploy additional traffic personnel and prepare diversion measures for the affected corridor.,Additional traffic personnel recommended,Prepare/activate suitable diversion planning,Suspend or reschedule non-essential roadwork where operationally appropriate,
2024-03-07,Indiranagar | 100 Feet Road,Indiranagar,100 Feet Road,Low,Low,False,,False,Rain,No,Normal,Normal traffic management; continue routine monitoring.,Routine traffic personnel,No special diversion recommended,No special roadwork restriction recommended,Adverse weather is present; consider additional caution and traffic monitoring.
2024-03-07,Indiranagar | CMH Road,Indiranagar,CMH Road,High,High,False,,False,Clear,No,High,Deploy additional traffic personnel and prepare diversion measures for the affected corridor.,Additional traffic personnel recommended,Prepare/activate suitable diversion planning,Suspend or reschedule non-essential roadwork where operationally appropriate,
2024-03-07,Whitefield | Marathahalli Bridge,Whitefield,Marathahalli Bridge,Low,Low,False,,False,Clear,No,Normal,Normal traffic management; continue routine monitoring.,Routine traffic personnel,No special diversion recommended,No special roadwork restriction recommended,
2024-03-07,Whitefield | ITPL Main Road,Whitefield,ITPL Main Road,Medium,High,False,,False,Clear,No,High,Deploy additional traffic personnel and prepare diversion measures for the affected corridor.,Additional traffic personnel recommended,Prepare/activate suitable diversion planning,Suspend or reschedule non-essential roadwork where operationally appropriate,
2024-03-07,Electronic City | Silk Board Junction,Electronic City,Silk Board Junction,Low,Low,False,,False,Clear,No,Normal,Normal traffic management; continue routine monitoring.,Routine traffic personnel,No special diversion recommended,No special roadwork restriction recommended,
2024-03-07,M.G. Road | Trinity Circle,M.G. Road,Trinity Circle,High,High,False,,False,Windy,No,High,Deploy additional traffic personnel and prepare diversion measures for the affected corridor.,Additional traffic personnel recommended,Prepare/activate suitable diversion planning,Suspend or reschedule non-essential roadwork where operationally appropriate,
2024-03-07,Jayanagar | South End Circle,Jayanagar,South End Circle,Medium,Medium,False,,False,Clear,No,Moderate,Increase traffic monitoring and consider additional personnel at the affected corridor.,Consider additional traffic personnel,Consider diversion planning if congestion persists,Review non-essential roadwork scheduling,
2024-03-07,Hebbal | Ballari Road,Hebbal,Ballari Road,Medium,Medium,False,,False,Overcast,No,Moderate,Increase traffic monitoring and consider additional personnel at the affected corridor.,Consider additional traffic personnel,Consider diversion planning if congestion persists,Review non-essential roadwork scheduling,
2024-03-08,Indiranagar | 100 Feet Road,Indiranagar,100 Feet Road,High,Medium,True,Maha Shivaratri,True,Rain,No,Moderate,Increase traffic monitoring and consider additional personnel at the affected corridor.,Consider additional traffic personnel,Consider diversion planning if congestion persists,Review non-essential roadwork scheduling,Festival-related traffic conditions detected; strengthen traffic management preparedness.; Holiday-related traffic conditions detected; review expected travel demand.; Adverse weather is present; consider additional caution and traffic monitoring.
2024-03-08,Whitefield | Marathahalli Bridge,Whitefield,Marathahalli Bridge,Medium,Medium,True,Maha Shivaratri,True,Clear,No,Moderate,Increase traffic monitoring and consider additional personnel at the affected corridor.,Consider additional traffic personnel,Consider diversion planning if congestion persists,Review non-essential roadwork scheduling,Festival-related traffic conditions detected; strengthen traffic management preparedness.; Holiday-related traffic conditions detected; review expected travel demand.
2024-03-08,Whitefield | ITPL Main Road,Whitefield,ITPL Main Road,Medium,Medium,True,Maha Shivaratri,True,Rain,Yes,Moderate,Increase traffic monitoring and consider additional personnel at the affected corridor.,Consider additional traffic personnel,Consider diversion planning if congestion persists,Review non-essential roadwork scheduling,Festival-related traffic conditions detected; strengthen traffic management preparedness.; Holiday-related traffic conditions detected; review expected travel demand.; Roadwork is present; review whether it can be postponed during high-congestion periods.; Adverse weather is present; consider additional caution and traffic monitoring.
2024-03-08,Koramangala | Sarjapur Road,Koramangala,Sarjapur Road,High,High,True,Maha Shivaratri,True,Overcast,No,High,Deploy additional traffic personnel and prepare diversion measures for the affected corridor.,Additional traffic personnel recommended,Prepare/activate suitable diversion planning,Suspend or reschedule non-essential roadwork where operationally appropriate,Festival-related traffic conditions detected; strengthen traffic management preparedness.; Holiday-related traffic conditions detected; review expected travel demand.
2024-03-08,Electronic City | Hosur Road,Electronic City,Hosur Road,Medium,Medium,True,Maha Shivaratri,True,Clear,No,Moderate,Increase traffic monitoring and consider additional personnel at the affected corridor.,Consider additional traffic personnel,Consider diversion planning if congestion persists,Review non-essential roadwork scheduling,Festival-related traffic conditions detected; strengthen traffic management preparedness.; Holiday-related traffic conditions detected; review expected travel demand.
2024-03-08,M.G. Road | Trinity Circle,M.G. Road,Trinity Circle,High,Medium,True,Maha Shivaratri,True,Fog,No,Moderate,Increase traffic monitoring and consider additional personnel at the affected corridor.,Consider additional traffic personnel,Consider diversion planning if congestion persists,Review non-essential roadwork scheduling,Festival-related traffic conditions detected; strengthen traffic management preparedness.; Holiday-related traffic conditions detected; review expected travel demand.; Adverse weather is present; consider additional caution and traffic monitoring.
2024-03-08,M.G. Road | Anil Kumble Circle,M.G. Road,Anil Kumble Circle,High,High,True,Maha Shivaratri,True,Clear,No,High,Deploy additional traffic personnel and prepare diversion measures for the affected corridor.,Additional traffic personnel recommended,Prepare/activate suitable diversion planning,Suspend or reschedule non-essential roadwork where operationally appropriate,Festival-related traffic conditions detected; strengthen traffic management preparedness.; Holiday-related traffic conditions detected; review expected travel demand.
2024-03-08,Jayanagar | Jayanagar 4th Block,Jayanagar,Jayanagar 4th Block,Medium,Medium,True,Maha Shivaratri,True,Overcast,No,Moderate,Increase traffic monitoring and consider additional personnel at the affected corridor.,Consider additional traffic personnel,Consider diversion planning if congestion persists,Review non-essential roadwork scheduling,Festival-related traffic conditions detected; strengthen traffic management preparedness.; Holiday-related traffic conditions detected; review expected travel demand.
2024-03-08,Jayanagar | South End Circle,Jayanagar,South End Circle,High,High,True,Maha Shivaratri,True,Clear,No,High,Deploy additional traffic personnel and prepare diversion measures for the affected corridor.,Additional traffic personnel recommended,Prepare/activate suitable diversion planning,Suspend or reschedule non-essential roadwork where operationally appropriate,Festival-related traffic conditions detected; strengthen traffic management preparedness.; Holiday-related traffic conditions detected; review expected travel demand.
2024-03-08,Hebbal | Hebbal Flyover,Hebbal,Hebbal Flyover,Medium,Medium,True,Maha Shivaratri,True,Overcast,No,Moderate,Increase traffic monitoring and consider additional personnel at the affected corridor.,Consider additional traffic personnel,Consider diversion planning if congestion persists,Review non-essential roadwork scheduling,Festival-related traffic conditions detected; strengthen traffic management preparedness.; Holiday-related traffic conditions detected; review expected travel demand.
2024-03-09,Indiranagar | 100 Feet Road,Indiranagar,100 Feet Road,High,High,False,,False,Rain,No,High,Deploy additional traffic personnel and prepare diversion measures for the affected corridor.,Additional traffic personnel recommended,Prepare/activate suitable diversion planning,Suspend or reschedule non-essential roadwork where operationally appropriate,Adverse weather is present; consider additional caution and traffic monitoring.
2024-03-09,Whitefield | Marathahalli Bridge,Whitefield,Marathahalli Bridge,Medium,Medium,False,,False,Clear,No,Moderate,Increase traffic monitoring and consider additional personnel at the affected corridor.,Consider additional traffic personnel,Consider diversion planning if congestion persists,Review non-essential roadwork scheduling,
2024-03-09,Koramangala | Sony World Junction,Koramangala,Sony World Junction,High,High,False,,False,Overcast,No,High,Deploy additional traffic personnel and prepare diversion measures for the affected corridor.,Additional traffic personnel recommended,Prepare/activate suitable diversion planning,Suspend or reschedule non-essential roadwork where operationally appropriate,
2024-03-09,M.G. Road | Trinity Circle,M.G. Road,Trinity Circle,High,High,False,,False,Clear,No,High,Deploy additional traffic personnel and prepare diversion measures for the affected corridor.,Additional traffic personnel recommended,Prepare/activate suitable diversion planning,Suspend or reschedule non-essential roadwork where operationally appropriate,
2024-03-09,M.G. Road | Anil Kumble Circle,M.G. Road,Anil Kumble Circle,High,High,False,,False,Clear,No,High,Deploy additional traffic personnel and prepare diversion measures for the affected corridor.,Additional traffic personnel recommended,Prepare/activate suitable diversion planning,Suspend or reschedule non-essential roadwork where operationally appropriate,
2024-03-09,Jayanagar | Jayanagar 4th Block,Jayanagar,Jayanagar 4th Block,Medium,High,False,,False,Overcast,No,High,Deploy additional traffic personnel and prepare diversion measures for the affected corridor.,Additional traffic personnel recommended,Prepare/activate suitable diversion planning,Suspend or reschedule non-essential roadwork where operationally appropriate,
2024-03-09,Hebbal | Hebbal Flyover,Hebbal,Hebbal Flyover,Medium,Medium,False,,False,Clear,No,Moderate,Increase traffic monitoring and consider additional personnel at the affected corridor.,Consider additional traffic personnel,Consider diversion planning if congestion persists,Review non-essential roadwork scheduling,
2024-03-09,Hebbal | Ballari Road,Hebbal,Ballari Road,High,High,False,,False,Clear,No,High,Deploy additional traffic personnel and prepare diversion measures for the affected corridor.,Additional traffic personnel recommended,Prepare/activate suitable diversion planning,Suspend or reschedule non-essential roadwork where operationally appropriate,
2024-03-09,Yeshwanthpur | Yeshwanthpur Circle,Yeshwanthpur,Yeshwanthpur Circle,Medium,Medium,False,,False,Clear,No,Moderate,Increase traffic monitoring and consider additional personnel at the affected corridor.,Consider additional traffic personnel,Consider diversion planning if congestion persists,Review non-essential roadwork scheduling,
2024-03-10,Indiranagar | 100 Feet Road,Indiranagar,100 Feet Road,Medium,Medium,False,,False,Clear,No,Moderate,Increase traffic monitoring and consider additional personnel at the affected corridor.,Consider additional traffic personnel,Consider diversion planning if congestion persists,Review non-essential roadwork scheduling,
2024-03-10,Indiranagar | CMH Road,Indiranagar,CMH Road,High,High,False,,False,Rain,No,High,Deploy additional traffic personnel and prepare diversion measures for the affected corridor.,Additional traffic personnel recommended,Prepare/activate suitable diversion planning,Suspend or reschedule non-essential roadwork where operationally appropriate,Adverse weather is present; consider additional caution and traffic monitoring.
2024-03-10,Whitefield | ITPL Main Road,Whitefield,ITPL Main Road,Low,Low,False,,False,Clear,No,Normal,Normal traffic management; continue routine monitoring.,Routine traffic personnel,No special diversion recommended,No special roadwork restriction recommended,
2024-03-10,Koramangala | Sony World Junction,Koramangala,Sony World Junction,High,High,False,,False,Clear,No,High,Deploy additional traffic personnel and prepare diversion measures for the affected corridor.,Additional traffic personnel recommended,Prepare/activate suitable diversion planning,Suspend or reschedule non-essential roadwork where operationally appropriate,
2024-03-10,Koramangala | Sarjapur Road,Koramangala,Sarjapur Road,Low,Low,False,,False,Clear,Yes,Normal,Normal traffic management; continue routine monitoring.,Routine traffic personnel,No special diversion recommended,No special roadwork restriction recommended,Roadwork is present; review whether it can be postponed during high-congestion periods.
2024-03-10,Electronic City | Silk Board Junction,Electronic City,Silk Board Junction,Low,Medium,False,,False,Clear,Yes,Moderate,Increase traffic monitoring and consider additional personnel at the affected corridor.,Consider additional traffic personnel,Consider diversion planning if congestion persists,Review non-essential roadwork scheduling,Roadwork is present; review whether it can be postponed during high-congestion periods.
2024-03-10,M.G. Road | Trinity Circle,M.G. Road,Trinity Circle,High,High,False,,False,Overcast,No,High,Deploy additional traffic personnel and prepare diversion measures for the affected corridor.,Additional traffic personnel recommended,Prepare/activate suitable diversion planning,Suspend or reschedule non-essential roadwork where operationally appropriate,
2024-03-10,Jayanagar | Jayanagar 4th Block,Jayanagar,Jayanagar 4th Block,High,High,False,,False,Fog,No,High,Deploy additional traffic personnel and prepare diversion measures for the affected corridor.,Additional traffic personnel recommended,Prepare/activate suitable diversion planning,Suspend or reschedule non-essential roadwork where operationally appropriate,Adverse weather is present; consider additional caution and traffic monitoring.
2024-03-10,Jayanagar | South End Circle,Jayanagar,South End Circle,Medium,High,False,,False,Clear,No,High,Deploy additional traffic personnel and prepare diversion measures for the affected corridor.,Additional traffic personnel recommended,Prepare/activate suitable diversion planning,Suspend or reschedule non-essential roadwork where operationally appropriate,
2024-03-10,Hebbal | Hebbal Flyover,Hebbal,Hebbal Flyover,Low,Low,False,,False,Clear,No,Normal,Normal traffic management; continue routine monitoring.,Routine traffic personnel,No special diversion recommended,No special roadwork restriction recommended,
2024-03-10,Yeshwanthpur | Yeshwanthpur Circle,Yeshwanthpur,Yeshwanthpur Circle,Low,Low,False,,False,Overcast,No,Normal,Normal traffic management; continue routine monitoring.,Routine traffic personnel,No special diversion recommended,No special roadwork restriction recommended,
2024-03-11,Indiranagar | 100 Feet Road,Indiranagar,100 Feet Road,High,High,False,,False,Clear,No,High,Deploy additional traffic personnel and prepare diversion measures for the affected corridor.,Additional traffic personnel recommended,Prepare/activate suitable diversion planning,Suspend or reschedule non-essential roadwork where operationally appropriate,
2024-03-11,Indiranagar | CMH Road,Indiranagar,CMH Road,High,High,False,,False,Overcast,No,High,Deploy additional traffic personnel and prepare diversion measures for the affected corridor.,Additional traffic personnel recommended,Prepare/activate suitable diversion planning,Suspend or reschedule non-essential roadwork where operationally appropriate,
2024-03-11,Whitefield | Marathahalli Bridge,Whitefield,Marathahalli Bridge,Medium,Low,False,,False,Clear,No,Normal,Normal traffic management; continue routine monitoring.,Routine traffic personnel,No special diversion recommended,No special roadwork restriction recommended,
2024-03-11,Whitefield | ITPL Main Road,Whitefield,ITPL Main Road,Medium,Medium,False,,False,Clear,No,Moderate,Increase traffic monitoring and consider additional personnel at the affected corridor.,Consider additional traffic personnel,Consider diversion planning if congestion persists,Review non-essential roadwork scheduling,
2024-03-11,Koramangala | Sarjapur Road,Koramangala,Sarjapur Road,High,High,False,,False,Rain,No,High,Deploy additional traffic personnel and prepare diversion measures for the affected corridor.,Additional traffic personnel recommended,Prepare/activate suitable diversion planning,Suspend or reschedule non-essential roadwork where operationally appropriate,Adverse weather is present; consider additional caution and traffic monitoring.
2024-03-11,Electronic City | Silk Board Junction,Electronic City,Silk Board Junction,Low,Low,False,,False,Clear,No,Normal,Normal traffic management; continue routine monitoring.,Routine traffic personnel,No special diversion recommended,No special roadwork restriction recommended,
2024-03-11,M.G. Road | Anil Kumble Circle,M.G. Road,Anil Kumble Circle,High,High,False,,False,Clear,No,High,Deploy additional traffic personnel and prepare diversion measures for the affected corridor.,Additional traffic personnel recommended,Prepare/activate suitable diversion planning,Suspend or reschedule non-essential roadwork where operationally appropriate,
2024-03-11,Hebbal | Hebbal Flyover,Hebbal,Hebbal Flyover,Medium,Medium,False,,False,Clear,No,Moderate,Increase traffic monitoring and consider additional personnel at the affected corridor.,Consider additional traffic personnel,Consider diversion planning if congestion persists,Review non-essential roadwork scheduling,
2024-03-11,Hebbal | Ballari Road,Hebbal,Ballari Road,High,High,False,,False,Clear,No,High,Deploy additional traffic personnel and prepare diversion measures for the affected corridor.,Additional traffic personnel recommended,Prepare/activate suitable diversion planning,Suspend or reschedule non-essential roadwork where operationally appropriate,
2024-03-12,Indiranagar | 100 Feet Road,Indiranagar,100 Feet Road,High,High,False,,False,Clear,No,High,Deploy additional traffic personnel and prepare diversion measures for the affected corridor.,Additional traffic personnel recommended,Prepare/activate suitable diversion planning,Suspend or reschedule non-essential roadwork where operationally appropriate,
2024-03-12,Indiranagar | CMH Road,Indiranagar,CMH Road,High,High,False,,False,Fog,No,High,Deploy additional traffic personnel and prepare diversion measures for the affected corridor.,Additional traffic personnel recommended,Prepare/activate suitable diversion planning,Suspend or reschedule non-essential roadwork where operationally appropriate,Adverse weather is present; consider additional caution and traffic monitoring.
2024-03-12,Whitefield | Marathahalli Bridge,Whitefield,Marathahalli Bridge,Low,Low,False,,False,Overcast,No,Normal,Normal traffic management; continue routine monitoring.,Routine traffic personnel,No special diversion recommended,No special roadwork restriction recommended,
2024-03-12,Koramangala | Sony World Junction,Koramangala,Sony World Junction,High,High,False,,False,Clear,No,High,Deploy additional traffic personnel and prepare diversion measures for the affected corridor.,Additional traffic personnel recommended,Prepare/activate suitable diversion planning,Suspend or reschedule non-essential roadwork where operationally appropriate,
2024-03-12,Koramangala | Sarjapur Road,Koramangala,Sarjapur Road,High,High,False,,False,Clear,Yes,High,Deploy additional traffic personnel and prepare diversion measures for the affected corridor.,Additional traffic personnel recommended,Prepare/activate suitable diversion planning,Suspend or reschedule non-essential roadwork where operationally appropriate,Roadwork is present; review whether it can be postponed during high-congestion periods.
2024-03-12,Electronic City | Silk Board Junction,Electronic City,Silk Board Junction,Low,Low,False,,False,Clear,No,Normal,Normal traffic management; continue routine monitoring.,Routine traffic personnel,No special diversion recommended,No special roadwork restriction recommended,
2024-03-12,M.G. Road | Anil Kumble Circle,M.G. Road,Anil Kumble Circle,High,High,False,,False,Clear,No,High,Deploy additional traffic personnel and prepare diversion measures for the affected corridor.,Additional traffic personnel recommended,Prepare/activate suitable diversion planning,Suspend or reschedule non-essential roadwork where operationally appropriate,
2024-03-12,Jayanagar | Jayanagar 4th Block,Jayanagar,Jayanagar 4th Block,High,High,False,,False,Clear,No,High,Deploy additional traffic personnel and prepare diversion measures for the affected corridor.,Additional traffic personnel recommended,Prepare/activate suitable diversion planning,Suspend or reschedule non-essential roadwork where operationally appropriate,
2024-03-12,Jayanagar | South End Circle,Jayanagar,South End Circle,Medium,Medium,False,,False,Overcast,No,Moderate,Increase traffic monitoring and consider additional personnel at the affected corridor.,Consider additional traffic personnel,Consider diversion planning if congestion persists,Review non-essential roadwork scheduling,
2024-03-12,Yeshwanthpur | Tumkur Road,Yeshwanthpur,Tumkur Road,Low,Low,False,,False,Rain,No,Normal,Normal traffic management; continue routine monitoring.,Routine traffic personnel,No special diversion recommended,No special roadwork restriction recommended,Adverse weather is present; consider additional caution and traffic monitoring.
2024-03-13,Indiranagar | 100 Feet Road,Indiranagar,100 Feet Road,Medium,Medium,False,,False,Clear,No,Moderate,Increase traffic monitoring and consider additional personnel at the affected corridor.,Consider additional traffic personnel,Consider diversion planning if congestion persists,Review non-essential roadwork scheduling,
2024-03-13,Indiranagar | CMH Road,Indiranagar,CMH Road,High,High,False,,False,Overcast,No,High,Deploy additional traffic personnel and prepare diversion measures for the affected corridor.,Additional traffic personnel recommended,Prepare/activate suitable diversion planning,Suspend or reschedule non-essential roadwork where operationally appropriate,
2024-03-13,Whitefield | Marathahalli Bridge,Whitefield,Marathahalli Bridge,Low,Low,False,,False,Overcast,No,Normal,Normal traffic management; continue routine monitoring.,Routine traffic personnel,No special diversion recommended,No special roadwork restriction recommended,
2024-03-13,Koramangala | Sony World Junction,Koramangala,Sony World Junction,High,High,False,,False,Clear,No,High,Deploy additional traffic personnel and prepare diversion measures for the affected corridor.,Additional traffic personnel recommended,Prepare/activate suitable diversion planning,Suspend or reschedule non-essential roadwork where operationally appropriate,
2024-03-13,Electronic City | Hosur Road,Electronic City,Hosur Road,Low,Low,False,,False,Clear,No,Normal,Normal traffic management; continue routine monitoring.,Routine traffic personnel,No special diversion recommended,No special roadwork restriction recommended,
2024-03-13,M.G. Road | Anil Kumble Circle,M.G. Road,Anil Kumble Circle,High,High,False,,False,Clear,No,High,Deploy additional traffic personnel and prepare diversion measures for the affected corridor.,Additional traffic personnel recommended,Prepare/activate suitable diversion planning,Suspend or reschedule non-essential roadwork where operationally appropriate,
2024-03-13,Jayanagar | Jayanagar 4th Block,Jayanagar,Jayanagar 4th Block,Medium,Medium,False,,False,Clear,No,Moderate,Increase traffic monitoring and consider additional personnel at the affected corridor.,Consider additional traffic personnel,Consider diversion planning if congestion persists,Review non-essential roadwork scheduling,
2024-03-13,Jayanagar | South End Circle,Jayanagar,South End Circle,High,High,False,,False,Clear,No,High,Deploy additional traffic personnel and prepare diversion measures for the affected corridor.,Additional traffic personnel recommended,Prepare/activate suitable diversion planning,Suspend or reschedule non-essential roadwork where operationally appropriate,
2024-03-13,Hebbal | Hebbal Flyover,Hebbal,Hebbal Flyover,High,High,False,,False,Clear,No,High,Deploy additional traffic personnel and prepare diversion measures for the affected corridor.,Additional traffic personnel recommended,Prepare/activate suitable diversion planning,Suspend or reschedule non-essential roadwork where operationally appropriate,
2024-03-13,Hebbal | Ballari Road,Hebbal,Ballari Road,High,High,False,,False,Clear,No,High,Deploy additional traffic personnel and prepare diversion measures for the affected corridor.,Additional traffic personnel recommended,Prepare/activate suitable diversion planning,Suspend or reschedule non-essential roadwork where operationally appropriate,
2024-03-13,Yeshwanthpur | Tumkur Road,Yeshwanthpur,Tumkur Road,Low,Low,False,,False,Clear,Yes,Normal,Normal traffic management; continue routine monitoring.,Routine traffic personnel,No special diversion recommended,No special roadwork restriction recommended,Roadwork is present; review whether it can be postponed during high-congestion periods.
2024-03-14,Indiranagar | CMH Road,Indiranagar,CMH Road,High,High,False,,False,Clear,No,High,Deploy additional traffic personnel and prepare diversion measures for the affected corridor.,Additional traffic personnel recommended,Prepare/activate suitable diversion planning,Suspend or reschedule non-essential roadwork where operationally appropriate,
2024-03-14,Koramangala | Sony World Junction,Koramangala,Sony World Junction,High,High,False,,False,Clear,No,High,Deploy additional traffic personnel and prepare diversion measures for the affected corridor.,Additional traffic personnel recommended,Prepare/activate suitable diversion planning,Suspend or reschedule non-essential roadwork where operationally appropriate,
2024-03-14,M.G. Road | Anil Kumble Circle,M.G. Road,Anil Kumble Circle,High,High,False,,False,Rain,Yes,High,Deploy additional traffic personnel and prepare diversion measures for the affected corridor.,Additional traffic personnel recommended,Prepare/activate suitable diversion planning,Suspend or reschedule non-essential roadwork where operationally appropriate,Roadwork is present; review whether it can be postponed during high-congestion periods.; Adverse weather is present; consider additional caution and traffic monitoring.
2024-03-14,Jayanagar | South End Circle,Jayanagar,South End Circle,Medium,High,False,,False,Windy,Yes,High,Deploy additional traffic personnel and prepare diversion measures for the affected corridor.,Additional traffic personnel recommended,Prepare/activate suitable diversion planning,Suspend or reschedule non-essential roadwork where operationally appropriate,Roadwork is present; review whether it can be postponed during high-congestion periods.
2024-03-15,Indiranagar | 100 Feet Road,Indiranagar,100 Feet Road,High,High,False,,False,Clear,No,High,Deploy additional traffic personnel and prepare diversion measures for the affected corridor.,Additional traffic personnel recommended,Prepare/activate suitable diversion planning,Suspend or reschedule non-essential roadwork where operationally appropriate,
2024-03-15,Indiranagar | CMH Road,Indiranagar,CMH Road,High,High,False,,False,Clear,No,High,Deploy additional traffic personnel and prepare diversion measures for the affected corridor.,Additional traffic personnel recommended,Prepare/activate suitable diversion planning,Suspend or reschedule non-essential roadwork where operationally appropriate,
2024-03-15,Whitefield | Marathahalli Bridge,Whitefield,Marathahalli Bridge,Medium,Medium,False,,False,Fog,No,Moderate,Increase traffic monitoring and consider additional personnel at the affected corridor.,Consider additional traffic personnel,Consider diversion planning if congestion persists,Review non-essential roadwork scheduling,Adverse weather is present; consider additional caution and traffic monitoring.
2024-03-15,Whitefield | ITPL Main Road,Whitefield,ITPL Main Road,Medium,Medium,False,,False,Fog,No,Moderate,Increase traffic monitoring and consider additional personnel at the affected corridor.,Consider additional traffic personnel,Consider diversion planning if congestion persists,Review non-essential roadwork scheduling,Adverse weather is present; consider additional caution and traffic monitoring.
2024-03-15,Koramangala | Sony World Junction,Koramangala,Sony World Junction,High,High,False,,False,Rain,No,High,Deploy additional traffic personnel and prepare diversion measures for the affected corridor.,Additional traffic personnel recommended,Prepare/activate suitable diversion planning,Suspend or reschedule non-essential roadwork where operationally appropriate,Adverse weather is present; consider additional caution and traffic monitoring.
2024-03-15,Koramangala | Sarjapur Road,Koramangala,Sarjapur Road,High,High,False,,False,Clear,No,High,Deploy additional traffic personnel and prepare diversion measures for the affected corridor.,Additional traffic personnel recommended,Prepare/activate suitable diversion planning,Suspend or reschedule non-essential roadwork where operationally appropriate,
2024-03-15,Electronic City | Hosur Road,Electronic City,Hosur Road,Medium,Medium,False,,False,Clear,No,Moderate,Increase traffic monitoring and consider additional personnel at the affected corridor.,Consider additional traffic personnel,Consider diversion planning if congestion persists,Review non-essential roadwork scheduling,
2024-03-15,M.G. Road | Trinity Circle,M.G. Road,Trinity Circle,High,High,False,,False,Clear,Yes,High,Deploy additional traffic personnel and prepare diversion measures for the affected corridor.,Additional traffic personnel recommended,Prepare/activate suitable diversion planning,Suspend or reschedule non-essential roadwork where operationally appropriate,Roadwork is present; review whether it can be postponed during high-congestion periods.
2024-03-15,M.G. Road | Anil Kumble Circle,M.G. Road,Anil Kumble Circle,Medium,High,False,,False,Clear,No,High,Deploy additional traffic personnel and prepare diversion measures for the affected corridor.,Additional traffic personnel recommended,Prepare/activate suitable diversion planning,Suspend or reschedule non-essential roadwork where operationally appropriate,
2024-03-15,Jayanagar | Jayanagar 4th Block,Jayanagar,Jayanagar 4th Block,Medium,Low,False,,False,Clear,No,Normal,Normal traffic management; continue routine monitoring.,Routine traffic personnel,No special diversion recommended,No special roadwork restriction recommended,
2024-03-15,Jayanagar | South End Circle,Jayanagar,South End Circle,Medium,Medium,False,,False,Rain,No,Moderate,Increase traffic monitoring and consider additional personnel at the affected corridor.,Consider additional traffic personnel,Consider diversion planning if congestion persists,Review non-essential roadwork scheduling,Adverse weather is present; consider additional caution and traffic monitoring.
2024-03-15,Hebbal | Hebbal Flyover,Hebbal,Hebbal Flyover,High,High,False,,False,Clear,No,High,Deploy additional traffic personnel and prepare diversion measures for the affected corridor.,Additional traffic personnel recommended,Prepare/activate suitable diversion planning,Suspend or reschedule non-essential roadwork where operationally appropriate,
2024-03-15,Yeshwanthpur | Yeshwanthpur Circle,Yeshwanthpur,Yeshwanthpur Circle,High,High,False,,False,Clear,No,High,Deploy additional traffic personnel and prepare diversion measures for the affected corridor.,Additional traffic personnel recommended,Prepare/activate suitable diversion planning,Suspend or reschedule non-essential roadwork where operationally appropriate,
2024-03-16,Indiranagar | 100 Feet Road,Indiranagar,100 Feet Road,High,High,False,,False,Clear,No,High,Deploy additional traffic personnel and prepare diversion measures for the affected corridor.,Additional traffic personnel recommended,Prepare/activate suitable diversion planning,Suspend or reschedule non-essential roadwork where operationally appropriate,
2024-03-16,Indiranagar | CMH Road,Indiranagar,CMH Road,Medium,Medium,False,,False,Rain,No,Moderate,Increase traffic monitoring and consider additional personnel at the affected corridor.,Consider additional traffic personnel,Consider diversion planning if congestion persists,Review non-essential roadwork scheduling,Adverse weather is present; consider additional caution and traffic monitoring.
2024-03-16,Whitefield | Marathahalli Bridge,Whitefield,Marathahalli Bridge,Medium,High,False,,False,Clear,No,High,Deploy additional traffic personnel and prepare diversion measures for the affected corridor.,Additional traffic personnel recommended,Prepare/activate suitable diversion planning,Suspend or reschedule non-essential roadwork where operationally appropriate,
2024-03-16,Whitefield | ITPL Main Road,Whitefield,ITPL Main Road,High,High,False,,False,Windy,No,High,Deploy additional traffic personnel and prepare diversion measures for the affected corridor.,Additional traffic personnel recommended,Prepare/activate suitable diversion planning,Suspend or reschedule non-essential roadwork where operationally appropriate,
2024-03-16,Koramangala | Sarjapur Road,Koramangala,Sarjapur Road,High,High,False,,False,Rain,No,High,Deploy additional traffic personnel and prepare diversion measures for the affected corridor.,Additional traffic personnel recommended,Prepare/activate suitable diversion planning,Suspend or reschedule non-essential roadwork where operationally appropriate,Adverse weather is present; consider additional caution and traffic monitoring.
2024-03-16,Electronic City | Hosur Road,Electronic City,Hosur Road,Medium,Medium,False,,False,Clear,No,Moderate,Increase traffic monitoring and consider additional personnel at the affected corridor.,Consider additional traffic personnel,Consider diversion planning if congestion persists,Review non-essential roadwork scheduling,
2024-03-16,M.G. Road | Trinity Circle,M.G. Road,Trinity Circle,High,High,False,,False,Clear,No,High,Deploy additional traffic personnel and prepare diversion measures for the affected corridor.,Additional traffic personnel recommended,Prepare/activate suitable diversion planning,Suspend or reschedule non-essential roadwork where operationally appropriate,
2024-03-16,Jayanagar | South End Circle,Jayanagar,South End Circle,High,High,False,,False,Clear,No,High,Deploy additional traffic personnel and prepare diversion measures for the affected corridor.,Additional traffic personnel recommended,Prepare/activate suitable diversion planning,Suspend or reschedule non-essential roadwork where operationally appropriate,
2024-03-16,Hebbal | Hebbal Flyover,Hebbal,Hebbal Flyover,High,High,False,,False,Fog,No,High,Deploy additional traffic personnel and prepare diversion measures for the affected corridor.,Additional traffic personnel recommended,Prepare/activate suitable diversion planning,Suspend or reschedule non-essential roadwork where operationally appropriate,Adverse weather is present; consider additional caution and traffic monitoring.
2024-03-16,Yeshwanthpur | Yeshwanthpur Circle,Yeshwanthpur,Yeshwanthpur Circle,Medium,Medium,False,,False,Overcast,No,Moderate,Increase traffic monitoring and consider additional personnel at the affected corridor.,Consider additional traffic personnel,Consider diversion planning if congestion persists,Review non-essential roadwork scheduling,
2024-03-17,Indiranagar | CMH Road,Indiranagar,CMH Road,Medium,Medium,False,,False,Windy,No,Moderate,Increase traffic monitoring and consider additional personnel at the affected corridor.,Consider additional traffic personnel,Consider diversion planning if congestion persists,Review non-essential roadwork scheduling,
2024-03-17,Whitefield | ITPL Main Road,Whitefield,ITPL Main Road,Medium,Medium,False,,False,Clear,No,Moderate,Increase traffic monitoring and consider additional personnel at the affected corridor.,Consider additional traffic personnel,Consider diversion planning if congestion persists,Review non-essential roadwork scheduling,
2024-03-17,Koramangala | Sarjapur Road,Koramangala,Sarjapur Road,Medium,Low,False,,False,Fog,Yes,Normal,Normal traffic management; continue routine monitoring.,Routine traffic personnel,No special diversion recommended,No special roadwork restriction recommended,Roadwork is present; review whether it can be postponed during high-congestion periods.; Adverse weather is present; consider additional caution and traffic monitoring.
2024-03-17,M.G. Road | Anil Kumble Circle,M.G. Road,Anil Kumble Circle,High,Medium,False,,False,Fog,No,Moderate,Increase traffic monitoring and consider additional personnel at the affected corridor.,Consider additional traffic personnel,Consider diversion planning if congestion persists,Review non-essential roadwork scheduling,Adverse weather is present; consider additional caution and traffic monitoring.
2024-03-17,Jayanagar | Jayanagar 4th Block,Jayanagar,Jayanagar 4th Block,Medium,Medium,False,,False,Clear,No,Moderate,Increase traffic monitoring and consider additional personnel at the affected corridor.,Consider additional traffic personnel,Consider diversion planning if congestion persists,Review non-essential roadwork scheduling,
2024-03-17,Jayanagar | South End Circle,Jayanagar,South End Circle,Medium,Medium,False,,False,Clear,No,Moderate,Increase traffic monitoring and consider additional personnel at the affected corridor.,Consider additional traffic personnel,Consider diversion planning if congestion persists,Review non-essential roadwork scheduling,
2024-03-17,Hebbal | Ballari Road,Hebbal,Ballari Road,Low,Low,False,,False,Clear,No,Normal,Normal traffic management; continue routine monitoring.,Routine traffic personnel,No special diversion recommended,No special roadwork restriction recommended,
2024-03-17,Yeshwanthpur | Tumkur Road,Yeshwanthpur,Tumkur Road,Low,Low,False,,False,Overcast,No,Normal,Normal traffic management; continue routine monitoring.,Routine traffic personnel,No special diversion recommended,No special roadwork restriction recommended,
2024-03-18,Indiranagar | 100 Feet Road,Indiranagar,100 Feet Road,Medium,Medium,False,,False,Clear,No,Moderate,Increase traffic monitoring and consider additional personnel at the affected corridor.,Consider additional traffic personnel,Consider diversion planning if congestion persists,Review non-essential roadwork scheduling,
2024-03-18,Indiranagar | CMH Road,Indiranagar,CMH Road,High,High,False,,False,Overcast,No,High,Deploy additional traffic personnel and prepare diversion measures for the affected corridor.,Additional traffic personnel recommended,Prepare/activate suitable diversion planning,Suspend or reschedule non-essential roadwork where operationally appropriate,
2024-03-18,Whitefield | Marathahalli Bridge,Whitefield,Marathahalli Bridge,Medium,High,False,,False,Overcast,No,High,Deploy additional traffic personnel and prepare diversion measures for the affected corridor.,Additional traffic personnel recommended,Prepare/activate suitable diversion planning,Suspend or reschedule non-essential roadwork where operationally appropriate,
2024-03-18,Koramangala | Sony World Junction,Koramangala,Sony World Junction,High,High,False,,False,Clear,No,High,Deploy additional traffic personnel and prepare diversion measures for the affected corridor.,Additional traffic personnel recommended,Prepare/activate suitable diversion planning,Suspend or reschedule non-essential roadwork where operationally appropriate,
2024-03-18,Koramangala | Sarjapur Road,Koramangala,Sarjapur Road,High,High,False,,False,Fog,No,High,Deploy additional traffic personnel and prepare diversion measures for the affected corridor.,Additional traffic personnel recommended,Prepare/activate suitable diversion planning,Suspend or reschedule non-essential roadwork where operationally appropriate,Adverse weather is present; consider additional caution and traffic monitoring.
2024-03-18,Electronic City | Hosur Road,Electronic City,Hosur Road,High,High,False,,False,Windy,No,High,Deploy additional traffic personnel and prepare diversion measures for the affected corridor.,Additional traffic personnel recommended,Prepare/activate suitable diversion planning,Suspend or reschedule non-essential roadwork where operationally appropriate,
2024-03-18,M.G. Road | Trinity Circle,M.G. Road,Trinity Circle,High,High,False,,False,Clear,No,High,Deploy additional traffic personnel and prepare diversion measures for the affected corridor.,Additional traffic personnel recommended,Prepare/activate suitable diversion planning,Suspend or reschedule non-essential roadwork where operationally appropriate,
2024-03-18,M.G. Road | Anil Kumble Circle,M.G. Road,Anil Kumble Circle,Low,Low,False,,False,Overcast,No,Normal,Normal traffic management; continue routine monitoring.,Routine traffic personnel,No special diversion recommended,No special roadwork restriction recommended,
2024-03-18,Jayanagar | Jayanagar 4th Block,Jayanagar,Jayanagar 4th Block,High,High,False,,False,Clear,Yes,High,Deploy additional traffic personnel and prepare diversion measures for the affected corridor.,Additional traffic personnel recommended,Prepare/activate suitable diversion planning,Suspend or reschedule non-essential roadwork where operationally appropriate,Roadwork is present; review whether it can be postponed during high-congestion periods.
2024-03-18,Jayanagar | South End Circle,Jayanagar,South End Circle,Low,Low,False,,False,Fog,No,Normal,Normal traffic management; continue routine monitoring.,Routine traffic personnel,No special diversion recommended,No special roadwork restriction recommended,Adverse weather is present; consider additional caution and traffic monitoring.
2024-03-18,Yeshwanthpur | Yeshwanthpur Circle,Yeshwanthpur,Yeshwanthpur Circle,Low,Low,False,,False,Windy,No,Normal,Normal traffic management; continue routine monitoring.,Routine traffic personnel,No special diversion recommended,No special roadwork restriction recommended,
2024-03-19,Indiranagar | 100 Feet Road,Indiranagar,100 Feet Road,Medium,Medium,False,,False,Clear,No,Moderate,Increase traffic monitoring and consider additional personnel at the affected corridor.,Consider additional traffic personnel,Consider diversion planning if congestion persists,Review non-essential roadwork scheduling,
2024-03-19,Whitefield | Marathahalli Bridge,Whitefield,Marathahalli Bridge,Medium,Medium,False,,False,Rain,No,Moderate,Increase traffic monitoring and consider additional personnel at the affected corridor.,Consider additional traffic personnel,Consider diversion planning if congestion persists,Review non-essential roadwork scheduling,Adverse weather is present; consider additional caution and traffic monitoring.
2024-03-19,Whitefield | ITPL Main Road,Whitefield,ITPL Main Road,High,High,False,,False,Overcast,No,High,Deploy additional traffic personnel and prepare diversion measures for the affected corridor.,Additional traffic personnel recommended,Prepare/activate suitable diversion planning,Suspend or reschedule non-essential roadwork where operationally appropriate,
2024-03-19,Koramangala | Sony World Junction,Koramangala,Sony World Junction,Low,Low,False,,False,Rain,No,Normal,Normal traffic management; continue routine monitoring.,Routine traffic personnel,No special diversion recommended,No special roadwork restriction recommended,Adverse weather is present; consider additional caution and traffic monitoring.
2024-03-19,M.G. Road | Trinity Circle,M.G. Road,Trinity Circle,Medium,High,False,,False,Clear,No,High,Deploy additional traffic personnel and prepare diversion measures for the affected corridor.,Additional traffic personnel recommended,Prepare/activate suitable diversion planning,Suspend or reschedule non-essential roadwork where operationally appropriate,
2024-03-19,M.G. Road | Anil Kumble Circle,M.G. Road,Anil Kumble Circle,High,High,False,,False,Clear,No,High,Deploy additional traffic personnel and prepare diversion measures for the affected corridor.,Additional traffic personnel recommended,Prepare/activate suitable diversion planning,Suspend or reschedule non-essential roadwork where operationally appropriate,
2024-03-19,Jayanagar | South End Circle,Jayanagar,South End Circle,High,High,False,,False,Clear,No,High,Deploy additional traffic personnel and prepare diversion measures for the affected corridor.,Additional traffic personnel recommended,Prepare/activate suitable diversion planning,Suspend or reschedule non-essential roadwork where operationally appropriate,
2024-03-19,Hebbal | Hebbal Flyover,Hebbal,Hebbal Flyover,High,High,False,,False,Clear,No,High,Deploy additional traffic personnel and prepare diversion measures for the affected corridor.,Additional traffic personnel recommended,Prepare/activate suitable diversion planning,Suspend or reschedule non-essential roadwork where operationally appropriate,
2024-03-19,Hebbal | Ballari Road,Hebbal,Ballari Road,Medium,Medium,False,,False,Windy,No,Moderate,Increase traffic monitoring and consider additional personnel at the affected corridor.,Consider additional traffic personnel,Consider diversion planning if congestion persists,Review non-essential roadwork scheduling,
2024-03-20,Indiranagar | 100 Feet Road,Indiranagar,100 Feet Road,High,High,False,,False,Fog,No,High,Deploy additional traffic personnel and prepare diversion measures for the affected corridor.,Additional traffic personnel recommended,Prepare/activate suitable diversion planning,Suspend or reschedule non-essential roadwork where operationally appropriate,Adverse weather is present; consider additional caution and traffic monitoring.
2024-03-20,Indiranagar | CMH Road,Indiranagar,CMH Road,High,High,False,,False,Clear,No,High,Deploy additional traffic personnel and prepare diversion measures for the affected corridor.,Additional traffic personnel recommended,Prepare/activate suitable diversion planning,Suspend or reschedule non-essential roadwork where operationally appropriate,
2024-03-20,Whitefield | Marathahalli Bridge,Whitefield,Marathahalli Bridge,Low,Low,False,,False,Rain,No,Normal,Normal traffic management; continue routine monitoring.,Routine traffic personnel,No special diversion recommended,No special roadwork restriction recommended,Adverse weather is present; consider additional caution and traffic monitoring.
2024-03-20,Koramangala | Sony World Junction,Koramangala,Sony World Junction,High,High,False,,False,Clear,No,High,Deploy additional traffic personnel and prepare diversion measures for the affected corridor.,Additional traffic personnel recommended,Prepare/activate suitable diversion planning,Suspend or reschedule non-essential roadwork where operationally appropriate,
2024-03-20,Koramangala | Sarjapur Road,Koramangala,Sarjapur Road,High,High,False,,False,Overcast,No,High,Deploy additional traffic personnel and prepare diversion measures for the affected corridor.,Additional traffic personnel recommended,Prepare/activate suitable diversion planning,Suspend or reschedule non-essential roadwork where operationally appropriate,
2024-03-20,Electronic City | Silk Board Junction,Electronic City,Silk Board Junction,Medium,Medium,False,,False,Clear,No,Moderate,Increase traffic monitoring and consider additional personnel at the affected corridor.,Consider additional traffic personnel,Consider diversion planning if congestion persists,Review non-essential roadwork scheduling,
2024-03-20,M.G. Road | Anil Kumble Circle,M.G. Road,Anil Kumble Circle,Low,Low,False,,False,Clear,No,Normal,Normal traffic management; continue routine monitoring.,Routine traffic personnel,No special diversion recommended,No special roadwork restriction recommended,
2024-03-20,Hebbal | Hebbal Flyover,Hebbal,Hebbal Flyover,High,High,False,,False,Fog,No,High,Deploy additional traffic personnel and prepare diversion measures for the affected corridor.,Additional traffic personnel recommended,Prepare/activate suitable diversion planning,Suspend or reschedule non-essential roadwork where operationally appropriate,Adverse weather is present; consider additional caution and traffic monitoring.
2024-03-20,Yeshwanthpur | Tumkur Road,Yeshwanthpur,Tumkur Road,Medium,Medium,False,,False,Clear,No,Moderate,Increase traffic monitoring and consider additional personnel at the affected corridor.,Consider additional traffic personnel,Consider diversion planning if congestion persists,Review non-essential roadwork scheduling,
2024-03-21,Indiranagar | 100 Feet Road,Indiranagar,100 Feet Road,High,High,False,,False,Windy,Yes,High,Deploy additional traffic personnel and prepare diversion measures for the affected corridor.,Additional traffic personnel recommended,Prepare/activate suitable diversion planning,Suspend or reschedule non-essential roadwork where operationally appropriate,Roadwork is present; review whether it can be postponed during high-congestion periods.
2024-03-21,Indiranagar | CMH Road,Indiranagar,CMH Road,High,High,False,,False,Overcast,No,High,Deploy additional traffic personnel and prepare diversion measures for the affected corridor.,Additional traffic personnel recommended,Prepare/activate suitable diversion planning,Suspend or reschedule non-essential roadwork where operationally appropriate,
2024-03-21,Koramangala | Sony World Junction,Koramangala,Sony World Junction,High,High,False,,False,Clear,No,High,Deploy additional traffic personnel and prepare diversion measures for the affected corridor.,Additional traffic personnel recommended,Prepare/activate suitable diversion planning,Suspend or reschedule non-essential roadwork where operationally appropriate,
2024-03-21,Koramangala | Sarjapur Road,Koramangala,Sarjapur Road,High,High,False,,False,Overcast,Yes,High,Deploy additional traffic personnel and prepare diversion measures for the affected corridor.,Additional traffic personnel recommended,Prepare/activate suitable diversion planning,Suspend or reschedule non-essential roadwork where operationally appropriate,Roadwork is present; review whether it can be postponed during high-congestion periods.
2024-03-21,M.G. Road | Trinity Circle,M.G. Road,Trinity Circle,Medium,Medium,False,,False,Clear,No,Moderate,Increase traffic monitoring and consider additional personnel at the affected corridor.,Consider additional traffic personnel,Consider diversion planning if congestion persists,Review non-essential roadwork scheduling,
2024-03-21,M.G. Road | Anil Kumble Circle,M.G. Road,Anil Kumble Circle,High,High,False,,False,Fog,Yes,High,Deploy additional traffic personnel and prepare diversion measures for the affected corridor.,Additional traffic personnel recommended,Prepare/activate suitable diversion planning,Suspend or reschedule non-essential roadwork where operationally appropriate,Roadwork is present; review whether it can be postponed during high-congestion periods.; Adverse weather is present; consider additional caution and traffic monitoring.
2024-03-21,Jayanagar | Jayanagar 4th Block,Jayanagar,Jayanagar 4th Block,High,High,False,,False,Clear,No,High,Deploy additional traffic personnel and prepare diversion measures for the affected corridor.,Additional traffic personnel recommended,Prepare/activate suitable diversion planning,Suspend or reschedule non-essential roadwork where operationally appropriate,
2024-03-21,Hebbal | Hebbal Flyover,Hebbal,Hebbal Flyover,High,High,False,,False,Clear,No,High,Deploy additional traffic personnel and prepare diversion measures for the affected corridor.,Additional traffic personnel recommended,Prepare/activate suitable diversion planning,Suspend or reschedule non-essential roadwork where operationally appropriate,
2024-03-22,Indiranagar | 100 Feet Road,Indiranagar,100 Feet Road,Medium,Medium,False,,False,Rain,No,Moderate,Increase traffic monitoring and consider additional personnel at the affected corridor.,Consider additional traffic personnel,Consider diversion planning if congestion persists,Review non-essential roadwork scheduling,Adverse weather is present; consider additional caution and traffic monitoring.
2024-03-22,Indiranagar | CMH Road,Indiranagar,CMH Road,High,High,False,,False,Clear,No,High,Deploy additional traffic personnel and prepare diversion measures for the affected corridor.,Additional traffic personnel recommended,Prepare/activate suitable diversion planning,Suspend or reschedule non-essential roadwork where operationally appropriate,
2024-03-22,Koramangala | Sarjapur Road,Koramangala,Sarjapur Road,High,High,False,,False,Rain,No,High,Deploy additional traffic personnel and prepare diversion measures for the affected corridor.,Additional traffic personnel recommended,Prepare/activate suitable diversion planning,Suspend or reschedule non-essential roadwork where operationally appropriate,Adverse weather is present; consider additional caution and traffic monitoring.
2024-03-22,M.G. Road | Trinity Circle,M.G. Road,Trinity Circle,Medium,Medium,False,,False,Windy,No,Moderate,Increase traffic monitoring and consider additional personnel at the affected corridor.,Consider additional traffic personnel,Consider diversion planning if congestion persists,Review non-essential roadwork scheduling,
2024-03-22,M.G. Road | Anil Kumble Circle,M.G. Road,Anil Kumble Circle,High,High,False,,False,Clear,No,High,Deploy additional traffic personnel and prepare diversion measures for the affected corridor.,Additional traffic personnel recommended,Prepare/activate suitable diversion planning,Suspend or reschedule non-essential roadwork where operationally appropriate,
2024-03-22,Hebbal | Hebbal Flyover,Hebbal,Hebbal Flyover,High,High,False,,False,Clear,No,High,Deploy additional traffic personnel and prepare diversion measures for the affected corridor.,Additional traffic personnel recommended,Prepare/activate suitable diversion planning,Suspend or reschedule non-essential roadwork where operationally appropriate,
2024-03-22,Hebbal | Ballari Road,Hebbal,Ballari Road,High,High,False,,False,Clear,No,High,Deploy additional traffic personnel and prepare diversion measures for the affected corridor.,Additional traffic personnel recommended,Prepare/activate suitable diversion planning,Suspend or reschedule non-essential roadwork where operationally appropriate,
2024-03-23,Indiranagar | 100 Feet Road,Indiranagar,100 Feet Road,High,High,False,,False,Fog,Yes,High,Deploy additional traffic personnel and prepare diversion measures for the affected corridor.,Additional traffic personnel recommended,Prepare/activate suitable diversion planning,Suspend or reschedule non-essential roadwork where operationally appropriate,Roadwork is present; review whether it can be postponed during high-congestion periods.; Adverse weather is present; consider additional caution and traffic monitoring.
2024-03-23,Indiranagar | CMH Road,Indiranagar,CMH Road,Medium,Medium,False,,False,Clear,No,Moderate,Increase traffic monitoring and consider additional personnel at the affected corridor.,Consider additional traffic personnel,Consider diversion planning if congestion persists,Review non-essential roadwork scheduling,
2024-03-23,Whitefield | ITPL Main Road,Whitefield,ITPL Main Road,Low,Low,False,,False,Overcast,No,Normal,Normal traffic management; continue routine monitoring.,Routine traffic personnel,No special diversion recommended,No special roadwork restriction recommended,
2024-03-23,Koramangala | Sony World Junction,Koramangala,Sony World Junction,High,High,False,,False,Overcast,No,High,Deploy additional traffic personnel and prepare diversion measures for the affected corridor.,Additional traffic personnel recommended,Prepare/activate suitable diversion planning,Suspend or reschedule non-essential roadwork where operationally appropriate,
2024-03-23,Electronic City | Silk Board Junction,Electronic City,Silk Board Junction,Low,Low,False,,False,Clear,No,Normal,Normal traffic management; continue routine monitoring.,Routine traffic personnel,No special diversion recommended,No special roadwork restriction recommended,
2024-03-23,M.G. Road | Trinity Circle,M.G. Road,Trinity Circle,Medium,Medium,False,,False,Fog,No,Moderate,Increase traffic monitoring and consider additional personnel at the affected corridor.,Consider additional traffic personnel,Consider diversion planning if congestion persists,Review non-essential roadwork scheduling,Adverse weather is present; consider additional caution and traffic monitoring.
2024-03-23,M.G. Road | Anil Kumble Circle,M.G. Road,Anil Kumble Circle,Low,Low,False,,False,Rain,No,Normal,Normal traffic management; continue routine monitoring.,Routine traffic personnel,No special diversion recommended,No special roadwork restriction recommended,Adverse weather is present; consider additional caution and traffic monitoring.
2024-03-23,Jayanagar | South End Circle,Jayanagar,South End Circle,High,High,False,,False,Clear,No,High,Deploy additional traffic personnel and prepare diversion measures for the affected corridor.,Additional traffic personnel recommended,Prepare/activate suitable diversion planning,Suspend or reschedule non-essential roadwork where operationally appropriate,
2024-03-23,Hebbal | Ballari Road,Hebbal,Ballari Road,Medium,Medium,False,,False,Clear,No,Moderate,Increase traffic monitoring and consider additional personnel at the affected corridor.,Consider additional traffic personnel,Consider diversion planning if congestion persists,Review non-essential roadwork scheduling,
2024-03-23,Yeshwanthpur | Tumkur Road,Yeshwanthpur,Tumkur Road,Medium,High,False,,False,Overcast,No,High,Deploy additional traffic personnel and prepare diversion measures for the affected corridor.,Additional traffic personnel recommended,Prepare/activate suitable diversion planning,Suspend or reschedule non-essential roadwork where operationally appropriate,
2024-03-24,Indiranagar | 100 Feet Road,Indiranagar,100 Feet Road,Low,Low,False,,False,Rain,No,Normal,Normal traffic management; continue routine monitoring.,Routine traffic personnel,No special diversion recommended,No special roadwork restriction recommended,Adverse weather is present; consider additional caution and traffic monitoring.
2024-03-24,Indiranagar | CMH Road,Indiranagar,CMH Road,Medium,Medium,False,,False,Clear,No,Moderate,Increase traffic monitoring and consider additional personnel at the affected corridor.,Consider additional traffic personnel,Consider diversion planning if congestion persists,Review non-essential roadwork scheduling,
2024-03-24,Koramangala | Sony World Junction,Koramangala,Sony World Junction,High,High,False,,False,Clear,No,High,Deploy additional traffic personnel and prepare diversion measures for the affected corridor.,Additional traffic personnel recommended,Prepare/activate suitable diversion planning,Suspend or reschedule non-essential roadwork where operationally appropriate,
2024-03-24,Jayanagar | South End Circle,Jayanagar,South End Circle,High,High,False,,False,Clear,No,High,Deploy additional traffic personnel and prepare diversion measures for the affected corridor.,Additional traffic personnel recommended,Prepare/activate suitable diversion planning,Suspend or reschedule non-essential roadwork where operationally appropriate,
2024-03-24,Hebbal | Hebbal Flyover,Hebbal,Hebbal Flyover,High,High,False,,False,Clear,Yes,High,Deploy additional traffic personnel and prepare diversion measures for the affected corridor.,Additional traffic personnel recommended,Prepare/activate suitable diversion planning,Suspend or reschedule non-essential roadwork where operationally appropriate,Roadwork is present; review whether it can be postponed during high-congestion periods.
2024-03-24,Hebbal | Ballari Road,Hebbal,Ballari Road,High,High,False,,False,Overcast,No,High,Deploy additional traffic personnel and prepare diversion measures for the affected corridor.,Additional traffic personnel recommended,Prepare/activate suitable diversion planning,Suspend or reschedule non-essential roadwork where operationally appropriate,
2024-03-25,Indiranagar | 100 Feet Road,Indiranagar,100 Feet Road,High,High,False,,False,Clear,No,High,Deploy additional traffic personnel and prepare diversion measures for the affected corridor.,Additional traffic personnel recommended,Prepare/activate suitable diversion planning,Suspend or reschedule non-essential roadwork where operationally appropriate,
2024-03-25,Indiranagar | CMH Road,Indiranagar,CMH Road,Medium,Medium,False,,False,Clear,No,Moderate,Increase traffic monitoring and consider additional personnel at the affected corridor.,Consider additional traffic personnel,Consider diversion planning if congestion persists,Review non-essential roadwork scheduling,
2024-03-25,Whitefield | Marathahalli Bridge,Whitefield,Marathahalli Bridge,High,High,False,,False,Clear,No,High,Deploy additional traffic personnel and prepare diversion measures for the affected corridor.,Additional traffic personnel recommended,Prepare/activate suitable diversion planning,Suspend or reschedule non-essential roadwork where operationally appropriate,
2024-03-25,Whitefield | ITPL Main Road,Whitefield,ITPL Main Road,Low,Medium,False,,False,Clear,No,Moderate,Increase traffic monitoring and consider additional personnel at the affected corridor.,Consider additional traffic personnel,Consider diversion planning if congestion persists,Review non-essential roadwork scheduling,
2024-03-25,Koramangala | Sony World Junction,Koramangala,Sony World Junction,High,High,False,,False,Clear,No,High,Deploy additional traffic personnel and prepare diversion measures for the affected corridor.,Additional traffic personnel recommended,Prepare/activate suitable diversion planning,Suspend or reschedule non-essential roadwork where operationally appropriate,
2024-03-25,M.G. Road | Trinity Circle,M.G. Road,Trinity Circle,Medium,Medium,False,,False,Rain,No,Moderate,Increase traffic monitoring and consider additional personnel at the affected corridor.,Consider additional traffic personnel,Consider diversion planning if congestion persists,Review non-essential roadwork scheduling,Adverse weather is present; consider additional caution and traffic monitoring.
2024-03-25,M.G. Road | Anil Kumble Circle,M.G. Road,Anil Kumble Circle,High,High,False,,False,Rain,No,High,Deploy additional traffic personnel and prepare diversion measures for the affected corridor.,Additional traffic personnel recommended,Prepare/activate suitable diversion planning,Suspend or reschedule non-essential roadwork where operationally appropriate,Adverse weather is present; consider additional caution and traffic monitoring.
2024-03-25,Jayanagar | South End Circle,Jayanagar,South End Circle,Medium,Medium,False,,False,Overcast,No,Moderate,Increase traffic monitoring and consider additional personnel at the affected corridor.,Consider additional traffic personnel,Consider diversion planning if congestion persists,Review non-essential roadwork scheduling,
2024-03-25,Hebbal | Hebbal Flyover,Hebbal,Hebbal Flyover,Low,Low,False,,False,Fog,No,Normal,Normal traffic management; continue routine monitoring.,Routine traffic personnel,No special diversion recommended,No special roadwork restriction recommended,Adverse weather is present; consider additional caution and traffic monitoring.
2024-03-25,Hebbal | Ballari Road,Hebbal,Ballari Road,Low,Low,False,,False,Clear,No,Normal,Normal traffic management; continue routine monitoring.,Routine traffic personnel,No special diversion recommended,No special roadwork restriction recommended,
2024-03-25,Yeshwanthpur | Yeshwanthpur Circle,Yeshwanthpur,Yeshwanthpur Circle,Low,Low,False,,False,Clear,No,Normal,Normal traffic management; continue routine monitoring.,Routine traffic personnel,No special diversion recommended,No special roadwork restriction recommended,
2024-03-26,Indiranagar | 100 Feet Road,Indiranagar,100 Feet Road,High,High,False,,False,Clear,No,High,Deploy additional traffic personnel and prepare diversion measures for the affected corridor.,Additional traffic personnel recommended,Prepare/activate suitable diversion planning,Suspend or reschedule non-essential roadwork where operationally appropriate,
2024-03-26,Indiranagar | CMH Road,Indiranagar,CMH Road,Low,Low,False,,False,Clear,Yes,Normal,Normal traffic management; continue routine monitoring.,Routine traffic personnel,No special diversion recommended,No special roadwork restriction recommended,Roadwork is present; review whether it can be postponed during high-congestion periods.
2024-03-26,Whitefield | Marathahalli Bridge,Whitefield,Marathahalli Bridge,Low,Low,False,,False,Rain,No,Normal,Normal traffic management; continue routine monitoring.,Routine traffic personnel,No special diversion recommended,No special roadwork restriction recommended,Adverse weather is present; consider additional caution and traffic monitoring.
2024-03-26,Whitefield | ITPL Main Road,Whitefield,ITPL Main Road,Low,Low,False,,False,Fog,No,Normal,Normal traffic management; continue routine monitoring.,Routine traffic personnel,No special diversion recommended,No special roadwork restriction recommended,Adverse weather is present; consider additional caution and traffic monitoring.
2024-03-26,Koramangala | Sony World Junction,Koramangala,Sony World Junction,High,High,False,,False,Clear,No,High,Deploy additional traffic personnel and prepare diversion measures for the affected corridor.,Additional traffic personnel recommended,Prepare/activate suitable diversion planning,Suspend or reschedule non-essential roadwork where operationally appropriate,
2024-03-26,Koramangala | Sarjapur Road,Koramangala,Sarjapur Road,High,High,False,,False,Windy,No,High,Deploy additional traffic personnel and prepare diversion measures for the affected corridor.,Additional traffic personnel recommended,Prepare/activate suitable diversion planning,Suspend or reschedule non-essential roadwork where operationally appropriate,
2024-03-26,M.G. Road | Trinity Circle,M.G. Road,Trinity Circle,Low,Low,False,,False,Clear,No,Normal,Normal traffic management; continue routine monitoring.,Routine traffic personnel,No special diversion recommended,No special roadwork restriction recommended,
2024-03-26,M.G. Road | Anil Kumble Circle,M.G. Road,Anil Kumble Circle,High,High,False,,False,Overcast,No,High,Deploy additional traffic personnel and prepare diversion measures for the affected corridor.,Additional traffic personnel recommended,Prepare/activate suitable diversion planning,Suspend or reschedule non-essential roadwork where operationally appropriate,
2024-03-26,Jayanagar | South End Circle,Jayanagar,South End Circle,Low,Low,False,,False,Clear,Yes,Normal,Normal traffic management; continue routine monitoring.,Routine traffic personnel,No special diversion recommended,No special roadwork restriction recommended,Roadwork is present; review whether it can be postponed during high-congestion periods.
2024-03-26,Hebbal | Ballari Road,Hebbal,Ballari Road,High,High,False,,False,Clear,No,High,Deploy additional traffic personnel and prepare diversion measures for the affected corridor.,Additional traffic personnel recommended,Prepare/activate suitable diversion planning,Suspend or reschedule non-essential roadwork where operationally appropriate,
2024-03-26,Yeshwanthpur | Yeshwanthpur Circle,Yeshwanthpur,Yeshwanthpur Circle,High,High,False,,False,Clear,No,High,Deploy additional traffic personnel and prepare diversion measures for the affected corridor.,Additional traffic personnel recommended,Prepare/activate suitable diversion planning,Suspend or reschedule non-essential roadwork where operationally appropriate,
2024-03-27,Indiranagar | 100 Feet Road,Indiranagar,100 Feet Road,Medium,Medium,False,,False,Fog,No,Moderate,Increase traffic monitoring and consider additional personnel at the affected corridor.,Consider additional traffic personnel,Consider diversion planning if congestion persists,Review non-essential roadwork scheduling,Adverse weather is present; consider additional caution and traffic monitoring.
2024-03-27,Indiranagar | CMH Road,Indiranagar,CMH Road,High,High,False,,False,Windy,No,High,Deploy additional traffic personnel and prepare diversion measures for the affected corridor.,Additional traffic personnel recommended,Prepare/activate suitable diversion planning,Suspend or reschedule non-essential roadwork where operationally appropriate,
2024-03-27,Koramangala | Sarjapur Road,Koramangala,Sarjapur Road,High,High,False,,False,Rain,No,High,Deploy additional traffic personnel and prepare diversion measures for the affected corridor.,Additional traffic personnel recommended,Prepare/activate suitable diversion planning,Suspend or reschedule non-essential roadwork where operationally appropriate,Adverse weather is present; consider additional caution and traffic monitoring.
2024-03-27,M.G. Road | Anil Kumble Circle,M.G. Road,Anil Kumble Circle,High,High,False,,False,Clear,No,High,Deploy additional traffic personnel and prepare diversion measures for the affected corridor.,Additional traffic personnel recommended,Prepare/activate suitable diversion planning,Suspend or reschedule non-essential roadwork where operationally appropriate,
2024-03-27,Jayanagar | South End Circle,Jayanagar,South End Circle,Low,Medium,False,,False,Clear,No,Moderate,Increase traffic monitoring and consider additional personnel at the affected corridor.,Consider additional traffic personnel,Consider diversion planning if congestion persists,Review non-essential roadwork scheduling,
2024-03-27,Hebbal | Ballari Road,Hebbal,Ballari Road,Low,Low,False,,False,Clear,No,Normal,Normal traffic management; continue routine monitoring.,Routine traffic personnel,No special diversion recommended,No special roadwork restriction recommended,
2024-03-27,Yeshwanthpur | Yeshwanthpur Circle,Yeshwanthpur,Yeshwanthpur Circle,Low,Low,False,,False,Fog,No,Normal,Normal traffic management; continue routine monitoring.,Routine traffic personnel,No special diversion recommended,No special roadwork restriction recommended,Adverse weather is present; consider additional caution and traffic monitoring.
2024-03-27,Yeshwanthpur | Tumkur Road,Yeshwanthpur,Tumkur Road,Low,Low,False,,False,Clear,No,Normal,Normal traffic management; continue routine monitoring.,Routine traffic personnel,No special diversion recommended,No special roadwork restriction recommended,
2024-03-28,Indiranagar | 100 Feet Road,Indiranagar,100 Feet Road,Low,Low,False,,False,Clear,No,Normal,Normal traffic management; continue routine monitoring.,Routine traffic personnel,No special diversion recommended,No special roadwork restriction recommended,
2024-03-28,Indiranagar | CMH Road,Indiranagar,CMH Road,High,High,False,,False,Clear,No,High,Deploy additional traffic personnel and prepare diversion measures for the affected corridor.,Additional traffic personnel recommended,Prepare/activate suitable diversion planning,Suspend or reschedule non-essential roadwork where operationally appropriate,
2024-03-28,Whitefield | Marathahalli Bridge,Whitefield,Marathahalli Bridge,High,High,False,,False,Overcast,No,High,Deploy additional traffic personnel and prepare diversion measures for the affected corridor.,Additional traffic personnel recommended,Prepare/activate suitable diversion planning,Suspend or reschedule non-essential roadwork where operationally appropriate,
2024-03-28,Koramangala | Sony World Junction,Koramangala,Sony World Junction,High,High,False,,False,Fog,No,High,Deploy additional traffic personnel and prepare diversion measures for the affected corridor.,Additional traffic personnel recommended,Prepare/activate suitable diversion planning,Suspend or reschedule non-essential roadwork where operationally appropriate,Adverse weather is present; consider additional caution and traffic monitoring.
2024-03-28,Koramangala | Sarjapur Road,Koramangala,Sarjapur Road,High,High,False,,False,Overcast,No,High,Deploy additional traffic personnel and prepare diversion measures for the affected corridor.,Additional traffic personnel recommended,Prepare/activate suitable diversion planning,Suspend or reschedule non-essential roadwork where operationally appropriate,
2024-03-28,Electronic City | Hosur Road,Electronic City,Hosur Road,Medium,Medium,False,,False,Clear,No,Moderate,Increase traffic monitoring and consider additional personnel at the affected corridor.,Consider additional traffic personnel,Consider diversion planning if congestion persists,Review non-essential roadwork scheduling,
2024-03-28,M.G. Road | Trinity Circle,M.G. Road,Trinity Circle,High,High,False,,False,Windy,No,High,Deploy additional traffic personnel and prepare diversion measures for the affected corridor.,Additional traffic personnel recommended,Prepare/activate suitable diversion planning,Suspend or reschedule non-essential roadwork where operationally appropriate,
2024-03-28,M.G. Road | Anil Kumble Circle,M.G. Road,Anil Kumble Circle,Medium,Medium,False,,False,Clear,No,Moderate,Increase traffic monitoring and consider additional personnel at the affected corridor.,Consider additional traffic personnel,Consider diversion planning if congestion persists,Review non-essential roadwork scheduling,
2024-03-28,Jayanagar | Jayanagar 4th Block,Jayanagar,Jayanagar 4th Block,High,High,False,,False,Clear,No,High,Deploy additional traffic personnel and prepare diversion measures for the affected corridor.,Additional traffic personnel recommended,Prepare/activate suitable diversion planning,Suspend or reschedule non-essential roadwork where operationally appropriate,
2024-03-28,Yeshwanthpur | Yeshwanthpur Circle,Yeshwanthpur,Yeshwanthpur Circle,High,Medium,False,,False,Overcast,No,Moderate,Increase traffic monitoring and consider additional personnel at the affected corridor.,Consider additional traffic personnel,Consider diversion planning if congestion persists,Review non-essential roadwork scheduling,
2024-03-29,Indiranagar | 100 Feet Road,Indiranagar,100 Feet Road,High,High,True,Good Friday,True,Clear,No,High,Deploy additional traffic personnel and prepare diversion measures for the affected corridor.,Additional traffic personnel recommended,Prepare/activate suitable diversion planning,Suspend or reschedule non-essential roadwork where operationally appropriate,Festival-related traffic conditions detected; strengthen traffic management preparedness.; Holiday-related traffic conditions detected; review expected travel demand.
2024-03-29,Indiranagar | CMH Road,Indiranagar,CMH Road,Medium,Medium,True,Good Friday,True,Rain,No,Moderate,Increase traffic monitoring and consider additional personnel at the affected corridor.,Consider additional traffic personnel,Consider diversion planning if congestion persists,Review non-essential roadwork scheduling,Festival-related traffic conditions detected; strengthen traffic management preparedness.; Holiday-related traffic conditions detected; review expected travel demand.; Adverse weather is present; consider additional caution and traffic monitoring.
2024-03-29,Whitefield | ITPL Main Road,Whitefield,ITPL Main Road,Low,Low,True,Good Friday,True,Rain,No,Normal,Normal traffic management; continue routine monitoring.,Routine traffic personnel,No special diversion recommended,No special roadwork restriction recommended,Festival-related traffic conditions detected; strengthen traffic management preparedness.; Holiday-related traffic conditions detected; review expected travel demand.; Adverse weather is present; consider additional caution and traffic monitoring.
2024-03-29,Koramangala | Sarjapur Road,Koramangala,Sarjapur Road,High,High,True,Good Friday,True,Clear,No,High,Deploy additional traffic personnel and prepare diversion measures for the affected corridor.,Additional traffic personnel recommended,Prepare/activate suitable diversion planning,Suspend or reschedule non-essential roadwork where operationally appropriate,Festival-related traffic conditions detected; strengthen traffic management preparedness.; Holiday-related traffic conditions detected; review expected travel demand.
2024-03-29,Electronic City | Hosur Road,Electronic City,Hosur Road,Low,Low,True,Good Friday,True,Clear,No,Normal,Normal traffic management; continue routine monitoring.,Routine traffic personnel,No special diversion recommended,No special roadwork restriction recommended,Festival-related traffic conditions detected; strengthen traffic management preparedness.; Holiday-related traffic conditions detected; review expected travel demand.
2024-03-29,M.G. Road | Anil Kumble Circle,M.G. Road,Anil Kumble Circle,Medium,Medium,True,Good Friday,True,Overcast,No,Moderate,Increase traffic monitoring and consider additional personnel at the affected corridor.,Consider additional traffic personnel,Consider diversion planning if congestion persists,Review non-essential roadwork scheduling,Festival-related traffic conditions detected; strengthen traffic management preparedness.; Holiday-related traffic conditions detected; review expected travel demand.
2024-03-29,Jayanagar | South End Circle,Jayanagar,South End Circle,Medium,High,True,Good Friday,True,Clear,No,High,Deploy additional traffic personnel and prepare diversion measures for the affected corridor.,Additional traffic personnel recommended,Prepare/activate suitable diversion planning,Suspend or reschedule non-essential roadwork where operationally appropriate,Festival-related traffic conditions detected; strengthen traffic management preparedness.; Holiday-related traffic conditions detected; review expected travel demand.
2024-03-29,Hebbal | Ballari Road,Hebbal,Ballari Road,High,High,True,Good Friday,True,Clear,No,High,Deploy additional traffic personnel and prepare diversion measures for the affected corridor.,Additional traffic personnel recommended,Prepare/activate suitable diversion planning,Suspend or reschedule non-essential roadwork where operationally appropriate,Festival-related traffic conditions detected; strengthen traffic management preparedness.; Holiday-related traffic conditions detected; review expected travel demand.
2024-03-30,Indiranagar | 100 Feet Road,Indiranagar,100 Feet Road,High,High,False,,False,Fog,No,High,Deploy additional traffic personnel and prepare diversion measures for the affected corridor.,Additional traffic personnel recommended,Prepare/activate suitable diversion planning,Suspend or reschedule non-essential roadwork where operationally appropriate,Adverse weather is present; consider additional caution and traffic monitoring.
2024-03-30,Whitefield | Marathahalli Bridge,Whitefield,Marathahalli Bridge,Low,Low,False,,False,Clear,No,Normal,Normal traffic management; continue routine monitoring.,Routine traffic personnel,No special diversion recommended,No special roadwork restriction recommended,
2024-03-30,Whitefield | ITPL Main Road,Whitefield,ITPL Main Road,Low,Low,False,,False,Clear,No,Normal,Normal traffic management; continue routine monitoring.,Routine traffic personnel,No special diversion recommended,No special roadwork restriction recommended,
2024-03-30,Koramangala | Sony World Junction,Koramangala,Sony World Junction,High,High,False,,False,Fog,Yes,High,Deploy additional traffic personnel and prepare diversion measures for the affected corridor.,Additional traffic personnel recommended,Prepare/activate suitable diversion planning,Suspend or reschedule non-essential roadwork where operationally appropriate,Roadwork is present; review whether it can be postponed during high-congestion periods.; Adverse weather is present; consider additional caution and traffic monitoring.
2024-03-30,Koramangala | Sarjapur Road,Koramangala,Sarjapur Road,High,High,False,,False,Fog,No,High,Deploy additional traffic personnel and prepare diversion measures for the affected corridor.,Additional traffic personnel recommended,Prepare/activate suitable diversion planning,Suspend or reschedule non-essential roadwork where operationally appropriate,Adverse weather is present; consider additional caution and traffic monitoring.
2024-03-30,Electronic City | Hosur Road,Electronic City,Hosur Road,Medium,Medium,False,,False,Windy,No,Moderate,Increase traffic monitoring and consider additional personnel at the affected corridor.,Consider additional traffic personnel,Consider diversion planning if congestion persists,Review non-essential roadwork scheduling,
2024-03-30,M.G. Road | Anil Kumble Circle,M.G. Road,Anil Kumble Circle,High,High,False,,False,Clear,No,High,Deploy additional traffic personnel and prepare diversion measures for the affected corridor.,Additional traffic personnel recommended,Prepare/activate suitable diversion planning,Suspend or reschedule non-essential roadwork where operationally appropriate,
2024-03-30,Yeshwanthpur | Tumkur Road,Yeshwanthpur,Tumkur Road,High,Medium,False,,False,Clear,Yes,Moderate,Increase traffic monitoring and consider additional personnel at the affected corridor.,Consider additional traffic personnel,Consider diversion planning if congestion persists,Review non-essential roadwork scheduling,Roadwork is present; review whether it can be postponed during high-congestion periods.
2024-03-31,Indiranagar | 100 Feet Road,Indiranagar,100 Feet Road,Medium,High,False,,False,Fog,No,High,Deploy additional traffic personnel and prepare diversion measures for the affected corridor.,Additional traffic personnel recommended,Prepare/activate suitable diversion planning,Suspend or reschedule non-essential roadwork where operationally appropriate,Adverse weather is present; consider additional caution and traffic monitoring.
2024-03-31,Indiranagar | CMH Road,Indiranagar,CMH Road,Medium,Medium,False,,False,Clear,No,Moderate,Increase traffic monitoring and consider additional personnel at the affected corridor.,Consider additional traffic personnel,Consider diversion planning if congestion persists,Review non-essential roadwork scheduling,
2024-03-31,Koramangala | Sony World Junction,Koramangala,Sony World Junction,High,High,False,,False,Clear,No,High,Deploy additional traffic personnel and prepare diversion measures for the affected corridor.,Additional traffic personnel recommended,Prepare/activate suitable diversion planning,Suspend or reschedule non-essential roadwork where operationally appropriate,
2024-03-31,Electronic City | Silk Board Junction,Electronic City,Silk Board Junction,Low,Low,False,,False,Overcast,Yes,Normal,Normal traffic management; continue routine monitoring.,Routine traffic personnel,No special diversion recommended,No special roadwork restriction recommended,Roadwork is present; review whether it can be postponed during high-congestion periods.
2024-03-31,M.G. Road | Trinity Circle,M.G. Road,Trinity Circle,High,Medium,False,,False,Clear,Yes,Moderate,Increase traffic monitoring and consider additional personnel at the affected corridor.,Consider additional traffic personnel,Consider diversion planning if congestion persists,Review non-essential roadwork scheduling,Roadwork is present; review whether it can be postponed during high-congestion periods.
2024-03-31,M.G. Road | Anil Kumble Circle,M.G. Road,Anil Kumble Circle,High,High,False,,False,Fog,No,High,Deploy additional traffic personnel and prepare diversion measures for the affected corridor.,Additional traffic personnel recommended,Prepare/activate suitable diversion planning,Suspend or reschedule non-essential roadwork where operationally appropriate,Adverse weather is present; consider additional caution and traffic monitoring.
2024-03-31,Jayanagar | Jayanagar 4th Block,Jayanagar,Jayanagar 4th Block,Low,Low,False,,False,Rain,No,Normal,Normal traffic management; continue routine monitoring.,Routine traffic personnel,No special diversion recommended,No special roadwork restriction recommended,Adverse weather is present; consider additional caution and traffic monitoring.
2024-03-31,Jayanagar | South End Circle,Jayanagar,South End Circle,Medium,Medium,False,,False,Clear,No,Moderate,Increase traffic monitoring and consider additional personnel at the affected corridor.,Consider additional traffic personnel,Consider diversion planning if congestion persists,Review non-essential roadwork scheduling,
2024-04-01,Indiranagar | 100 Feet Road,Indiranagar,100 Feet Road,High,High,False,,False,Clear,No,High,Deploy additional traffic personnel and prepare diversion measures for the affected corridor.,Additional traffic personnel recommended,Prepare/activate suitable diversion planning,Suspend or reschedule non-essential roadwork where operationally appropriate,
2024-04-01,Indiranagar | CMH Road,Indiranagar,CMH Road,High,High,False,,False,Windy,No,High,Deploy additional traffic personnel and prepare diversion measures for the affected corridor.,Additional traffic personnel recommended,Prepare/activate suitable diversion planning,Suspend or reschedule non-essential roadwork where operationally appropriate,
2024-04-01,Whitefield | Marathahalli Bridge,Whitefield,Marathahalli Bridge,Low,Low,False,,False,Clear,No,Normal,Normal traffic management; continue routine monitoring.,Routine traffic personnel,No special diversion recommended,No special roadwork restriction recommended,
2024-04-01,Koramangala | Sony World Junction,Koramangala,Sony World Junction,High,High,False,,False,Overcast,Yes,High,Deploy additional traffic personnel and prepare diversion measures for the affected corridor.,Additional traffic personnel recommended,Prepare/activate suitable diversion planning,Suspend or reschedule non-essential roadwork where operationally appropriate,Roadwork is present; review whether it can be postponed during high-congestion periods.
2024-04-01,Koramangala | Sarjapur Road,Koramangala,Sarjapur Road,High,High,False,,False,Fog,No,High,Deploy additional traffic personnel and prepare diversion measures for the affected corridor.,Additional traffic personnel recommended,Prepare/activate suitable diversion planning,Suspend or reschedule non-essential roadwork where operationally appropriate,Adverse weather is present; consider additional caution and traffic monitoring.
2024-04-01,Electronic City | Hosur Road,Electronic City,Hosur Road,Medium,High,False,,False,Windy,No,High,Deploy additional traffic personnel and prepare diversion measures for the affected corridor.,Additional traffic personnel recommended,Prepare/activate suitable diversion planning,Suspend or reschedule non-essential roadwork where operationally appropriate,
2024-04-01,Electronic City | Silk Board Junction,Electronic City,Silk Board Junction,Low,Low,False,,False,Clear,No,Normal,Normal traffic management; continue routine monitoring.,Routine traffic personnel,No special diversion recommended,No special roadwork restriction recommended,
2024-04-01,M.G. Road | Trinity Circle,M.G. Road,Trinity Circle,High,High,False,,False,Clear,No,High,Deploy additional traffic personnel and prepare diversion measures for the affected corridor.,Additional traffic personnel recommended,Prepare/activate suitable diversion planning,Suspend or reschedule non-essential roadwork where operationally appropriate,
2024-04-01,Jayanagar | Jayanagar 4th Block,Jayanagar,Jayanagar 4th Block,Medium,High,False,,False,Fog,No,High,Deploy additional traffic personnel and prepare diversion measures for the affected corridor.,Additional traffic personnel recommended,Prepare/activate suitable diversion planning,Suspend or reschedule non-essential roadwork where operationally appropriate,Adverse weather is present; consider additional caution and traffic monitoring.
2024-04-01,Jayanagar | South End Circle,Jayanagar,South End Circle,Medium,Medium,False,,False,Clear,No,Moderate,Increase traffic monitoring and consider additional personnel at the affected corridor.,Consider additional traffic personnel,Consider diversion planning if congestion persists,Review non-essential roadwork scheduling,
2024-04-01,Yeshwanthpur | Tumkur Road,Yeshwanthpur,Tumkur Road,Medium,Medium,False,,False,Overcast,No,Moderate,Increase traffic monitoring and consider additional personnel at the affected corridor.,Consider additional traffic personnel,Consider diversion planning if congestion persists,Review non-essential roadwork scheduling,
2024-04-02,Indiranagar | 100 Feet Road,Indiranagar,100 Feet Road,High,High,False,,False,Clear,Yes,High,Deploy additional traffic personnel and prepare diversion measures for the affected corridor.,Additional traffic personnel recommended,Prepare/activate suitable diversion planning,Suspend or reschedule non-essential roadwork where operationally appropriate,Roadwork is present; review whether it can be postponed during high-congestion periods.
2024-04-02,Indiranagar | CMH Road,Indiranagar,CMH Road,High,High,False,,False,Overcast,Yes,High,Deploy additional traffic personnel and prepare diversion measures for the affected corridor.,Additional traffic personnel recommended,Prepare/activate suitable diversion planning,Suspend or reschedule non-essential roadwork where operationally appropriate,Roadwork is present; review whether it can be postponed during high-congestion periods.
2024-04-02,Whitefield | Marathahalli Bridge,Whitefield,Marathahalli Bridge,Low,Medium,False,,False,Clear,No,Moderate,Increase traffic monitoring and consider additional personnel at the affected corridor.,Consider additional traffic personnel,Consider diversion planning if congestion persists,Review non-essential roadwork scheduling,
2024-04-02,Whitefield | ITPL Main Road,Whitefield,ITPL Main Road,Medium,Medium,False,,False,Overcast,No,Moderate,Increase traffic monitoring and consider additional personnel at the affected corridor.,Consider additional traffic personnel,Consider diversion planning if congestion persists,Review non-essential roadwork scheduling,
2024-04-02,Koramangala | Sony World Junction,Koramangala,Sony World Junction,High,High,False,,False,Clear,No,High,Deploy additional traffic personnel and prepare diversion measures for the affected corridor.,Additional traffic personnel recommended,Prepare/activate suitable diversion planning,Suspend or reschedule non-essential roadwork where operationally appropriate,
2024-04-02,Koramangala | Sarjapur Road,Koramangala,Sarjapur Road,High,High,False,,False,Overcast,No,High,Deploy additional traffic personnel and prepare diversion measures for the affected corridor.,Additional traffic personnel recommended,Prepare/activate suitable diversion planning,Suspend or reschedule non-essential roadwork where operationally appropriate,
2024-04-02,Electronic City | Silk Board Junction,Electronic City,Silk Board Junction,Low,Low,False,,False,Fog,No,Normal,Normal traffic management; continue routine monitoring.,Routine traffic personnel,No special diversion recommended,No special roadwork restriction recommended,Adverse weather is present; consider additional caution and traffic monitoring.
2024-04-02,M.G. Road | Anil Kumble Circle,M.G. Road,Anil Kumble Circle,Medium,Medium,False,,False,Clear,No,Moderate,Increase traffic monitoring and consider additional personnel at the affected corridor.,Consider additional traffic personnel,Consider diversion planning if congestion persists,Review non-essential roadwork scheduling,
2024-04-02,Jayanagar | Jayanagar 4th Block,Jayanagar,Jayanagar 4th Block,Medium,Medium,False,,False,Rain,No,Moderate,Increase traffic monitoring and consider additional personnel at the affected corridor.,Consider additional traffic personnel,Consider diversion planning if congestion persists,Review non-essential roadwork scheduling,Adverse weather is present; consider additional caution and traffic monitoring.
2024-04-02,Jayanagar | South End Circle,Jayanagar,South End Circle,Low,Low,False,,False,Clear,No,Normal,Normal traffic management; continue routine monitoring.,Routine traffic personnel,No special diversion recommended,No special roadwork restriction recommended,
2024-04-02,Hebbal | Hebbal Flyover,Hebbal,Hebbal Flyover,Low,Low,False,,False,Overcast,No,Normal,Normal traffic management; continue routine monitoring.,Routine traffic personnel,No special diversion recommended,No special roadwork restriction recommended,
2024-04-02,Hebbal | Ballari Road,Hebbal,Ballari Road,Medium,Medium,False,,False,Clear,No,Moderate,Increase traffic monitoring and consider additional personnel at the affected corridor.,Consider additional traffic personnel,Consider diversion planning if congestion persists,Review non-essential roadwork scheduling,
2024-04-02,Yeshwanthpur | Tumkur Road,Yeshwanthpur,Tumkur Road,Low,Low,False,,False,Overcast,No,Normal,Normal traffic management; continue routine monitoring.,Routine traffic personnel,No special diversion recommended,No special roadwork restriction recommended,
2024-04-03,Indiranagar | 100 Feet Road,Indiranagar,100 Feet Road,Medium,Medium,False,,False,Windy,No,Moderate,Increase traffic monitoring and consider additional personnel at the affected corridor.,Consider additional traffic personnel,Consider diversion planning if congestion persists,Review non-essential roadwork scheduling,
2024-04-03,Indiranagar | CMH Road,Indiranagar,CMH Road,Low,Low,False,,False,Rain,No,Normal,Normal traffic management; continue routine monitoring.,Routine traffic personnel,No special diversion recommended,No special roadwork restriction recommended,Adverse weather is present; consider additional caution and traffic monitoring.
2024-04-03,Koramangala | Sarjapur Road,Koramangala,Sarjapur Road,High,High,False,,False,Clear,No,High,Deploy additional traffic personnel and prepare diversion measures for the affected corridor.,Additional traffic personnel recommended,Prepare/activate suitable diversion planning,Suspend or reschedule non-essential roadwork where operationally appropriate,
2024-04-03,M.G. Road | Trinity Circle,M.G. Road,Trinity Circle,High,High,False,,False,Overcast,No,High,Deploy additional traffic personnel and prepare diversion measures for the affected corridor.,Additional traffic personnel recommended,Prepare/activate suitable diversion planning,Suspend or reschedule non-essential roadwork where operationally appropriate,
2024-04-03,M.G. Road | Anil Kumble Circle,M.G. Road,Anil Kumble Circle,Medium,Medium,False,,False,Clear,No,Moderate,Increase traffic monitoring and consider additional personnel at the affected corridor.,Consider additional traffic personnel,Consider diversion planning if congestion persists,Review non-essential roadwork scheduling,
2024-04-03,Jayanagar | Jayanagar 4th Block,Jayanagar,Jayanagar 4th Block,High,High,False,,False,Rain,No,High,Deploy additional traffic personnel and prepare diversion measures for the affected corridor.,Additional traffic personnel recommended,Prepare/activate suitable diversion planning,Suspend or reschedule non-essential roadwork where operationally appropriate,Adverse weather is present; consider additional caution and traffic monitoring.
2024-04-03,Jayanagar | South End Circle,Jayanagar,South End Circle,Medium,Medium,False,,False,Fog,No,Moderate,Increase traffic monitoring and consider additional personnel at the affected corridor.,Consider additional traffic personnel,Consider diversion planning if congestion persists,Review non-essential roadwork scheduling,Adverse weather is present; consider additional caution and traffic monitoring.
2024-04-04,Indiranagar | CMH Road,Indiranagar,CMH Road,High,Medium,False,,False,Clear,No,Moderate,Increase traffic monitoring and consider additional personnel at the affected corridor.,Consider additional traffic personnel,Consider diversion planning if congestion persists,Review non-essential roadwork scheduling,
2024-04-04,Whitefield | ITPL Main Road,Whitefield,ITPL Main Road,Medium,Medium,False,,False,Overcast,No,Moderate,Increase traffic monitoring and consider additional personnel at the affected corridor.,Consider additional traffic personnel,Consider diversion planning if congestion persists,Review non-essential roadwork scheduling,
2024-04-04,Koramangala | Sarjapur Road,Koramangala,Sarjapur Road,Low,Low,False,,False,Overcast,No,Normal,Normal traffic management; continue routine monitoring.,Routine traffic personnel,No special diversion recommended,No special roadwork restriction recommended,
2024-04-04,M.G. Road | Trinity Circle,M.G. Road,Trinity Circle,High,High,False,,False,Clear,No,High,Deploy additional traffic personnel and prepare diversion measures for the affected corridor.,Additional traffic personnel recommended,Prepare/activate suitable diversion planning,Suspend or reschedule non-essential roadwork where operationally appropriate,
2024-04-04,M.G. Road | Anil Kumble Circle,M.G. Road,Anil Kumble Circle,Low,Low,False,,False,Clear,No,Normal,Normal traffic management; continue routine monitoring.,Routine traffic personnel,No special diversion recommended,No special roadwork restriction recommended,
2024-04-04,Jayanagar | Jayanagar 4th Block,Jayanagar,Jayanagar 4th Block,Low,Low,False,,False,Clear,No,Normal,Normal traffic management; continue routine monitoring.,Routine traffic personnel,No special diversion recommended,No special roadwork restriction recommended,
2024-04-04,Jayanagar | South End Circle,Jayanagar,South End Circle,Low,Low,False,,False,Clear,No,Normal,Normal traffic management; continue routine monitoring.,Routine traffic personnel,No special diversion recommended,No special roadwork restriction recommended,
2024-04-04,Hebbal | Hebbal Flyover,Hebbal,Hebbal Flyover,High,High,False,,False,Rain,Yes,High,Deploy additional traffic personnel and prepare diversion measures for the affected corridor.,Additional traffic personnel recommended,Prepare/activate suitable diversion planning,Suspend or reschedule non-essential roadwork where operationally appropriate,Roadwork is present; review whether it can be postponed during high-congestion periods.; Adverse weather is present; consider additional caution and traffic monitoring.
2024-04-04,Hebbal | Ballari Road,Hebbal,Ballari Road,Low,Medium,False,,False,Clear,No,Moderate,Increase traffic monitoring and consider additional personnel at the affected corridor.,Consider additional traffic personnel,Consider diversion planning if congestion persists,Review non-essential roadwork scheduling,
2024-04-04,Yeshwanthpur | Yeshwanthpur Circle,Yeshwanthpur,Yeshwanthpur Circle,Medium,Medium,False,,False,Clear,No,Moderate,Increase traffic monitoring and consider additional personnel at the affected corridor.,Consider additional traffic personnel,Consider diversion planning if congestion persists,Review non-essential roadwork scheduling,
2024-04-04,Yeshwanthpur | Tumkur Road,Yeshwanthpur,Tumkur Road,Low,Low,False,,False,Clear,No,Normal,Normal traffic management; continue routine monitoring.,Routine traffic personnel,No special diversion recommended,No special roadwork restriction recommended,
2024-04-05,Indiranagar | 100 Feet Road,Indiranagar,100 Feet Road,High,Medium,False,,False,Rain,No,Moderate,Increase traffic monitoring and consider additional personnel at the affected corridor.,Consider additional traffic personnel,Consider diversion planning if congestion persists,Review non-essential roadwork scheduling,Adverse weather is present; consider additional caution and traffic monitoring.
2024-04-05,Koramangala | Sony World Junction,Koramangala,Sony World Junction,High,High,False,,False,Clear,No,High,Deploy additional traffic personnel and prepare diversion measures for the affected corridor.,Additional traffic personnel recommended,Prepare/activate suitable diversion planning,Suspend or reschedule non-essential roadwork where operationally appropriate,
2024-04-05,Koramangala | Sarjapur Road,Koramangala,Sarjapur Road,High,High,False,,False,Clear,No,High,Deploy additional traffic personnel and prepare diversion measures for the affected corridor.,Additional traffic personnel recommended,Prepare/activate suitable diversion planning,Suspend or reschedule non-essential roadwork where operationally appropriate,
2024-04-05,M.G. Road | Trinity Circle,M.G. Road,Trinity Circle,High,High,False,,False,Overcast,No,High,Deploy additional traffic personnel and prepare diversion measures for the affected corridor.,Additional traffic personnel recommended,Prepare/activate suitable diversion planning,Suspend or reschedule non-essential roadwork where operationally appropriate,
2024-04-05,Yeshwanthpur | Yeshwanthpur Circle,Yeshwanthpur,Yeshwanthpur Circle,Medium,Medium,False,,False,Overcast,No,Moderate,Increase traffic monitoring and consider additional personnel at the affected corridor.,Consider additional traffic personnel,Consider diversion planning if congestion persists,Review non-essential roadwork scheduling,
2024-04-05,Yeshwanthpur | Tumkur Road,Yeshwanthpur,Tumkur Road,High,High,False,,False,Clear,No,High,Deploy additional traffic personnel and prepare diversion measures for the affected corridor.,Additional traffic personnel recommended,Prepare/activate suitable diversion planning,Suspend or reschedule non-essential roadwork where operationally appropriate,
2024-04-06,Indiranagar | 100 Feet Road,Indiranagar,100 Feet Road,Medium,Medium,False,,False,Clear,No,Moderate,Increase traffic monitoring and consider additional personnel at the affected corridor.,Consider additional traffic personnel,Consider diversion planning if congestion persists,Review non-essential roadwork scheduling,
2024-04-06,Indiranagar | CMH Road,Indiranagar,CMH Road,High,High,False,,False,Clear,No,High,Deploy additional traffic personnel and prepare diversion measures for the affected corridor.,Additional traffic personnel recommended,Prepare/activate suitable diversion planning,Suspend or reschedule non-essential roadwork where operationally appropriate,
2024-04-06,Koramangala | Sony World Junction,Koramangala,Sony World Junction,Low,Low,False,,False,Clear,Yes,Normal,Normal traffic management; continue routine monitoring.,Routine traffic personnel,No special diversion recommended,No special roadwork restriction recommended,Roadwork is present; review whether it can be postponed during high-congestion periods.
2024-04-06,Koramangala | Sarjapur Road,Koramangala,Sarjapur Road,High,High,False,,False,Clear,No,High,Deploy additional traffic personnel and prepare diversion measures for the affected corridor.,Additional traffic personnel recommended,Prepare/activate suitable diversion planning,Suspend or reschedule non-essential roadwork where operationally appropriate,
2024-04-06,M.G. Road | Trinity Circle,M.G. Road,Trinity Circle,High,High,False,,False,Clear,No,High,Deploy additional traffic personnel and prepare diversion measures for the affected corridor.,Additional traffic personnel recommended,Prepare/activate suitable diversion planning,Suspend or reschedule non-essential roadwork where operationally appropriate,
2024-04-06,M.G. Road | Anil Kumble Circle,M.G. Road,Anil Kumble Circle,Medium,Medium,False,,False,Clear,No,Moderate,Increase traffic monitoring and consider additional personnel at the affected corridor.,Consider additional traffic personnel,Consider diversion planning if congestion persists,Review non-essential roadwork scheduling,
2024-04-06,Hebbal | Hebbal Flyover,Hebbal,Hebbal Flyover,Medium,High,False,,False,Overcast,No,High,Deploy additional traffic personnel and prepare diversion measures for the affected corridor.,Additional traffic personnel recommended,Prepare/activate suitable diversion planning,Suspend or reschedule non-essential roadwork where operationally appropriate,
2024-04-06,Hebbal | Ballari Road,Hebbal,Ballari Road,High,High,False,,False,Fog,No,High,Deploy additional traffic personnel and prepare diversion measures for the affected corridor.,Additional traffic personnel recommended,Prepare/activate suitable diversion planning,Suspend or reschedule non-essential roadwork where operationally appropriate,Adverse weather is present; consider additional caution and traffic monitoring.
2024-04-07,Indiranagar | 100 Feet Road,Indiranagar,100 Feet Road,High,High,False,,False,Clear,No,High,Deploy additional traffic personnel and prepare diversion measures for the affected corridor.,Additional traffic personnel recommended,Prepare/activate suitable diversion planning,Suspend or reschedule non-essential roadwork where operationally appropriate,
2024-04-07,Indiranagar | CMH Road,Indiranagar,CMH Road,Medium,Medium,False,,False,Clear,No,Moderate,Increase traffic monitoring and consider additional personnel at the affected corridor.,Consider additional traffic personnel,Consider diversion planning if congestion persists,Review non-essential roadwork scheduling,
2024-04-07,Whitefield | ITPL Main Road,Whitefield,ITPL Main Road,Medium,Medium,False,,False,Clear,No,Moderate,Increase traffic monitoring and consider additional personnel at the affected corridor.,Consider additional traffic personnel,Consider diversion planning if congestion persists,Review non-essential roadwork scheduling,
2024-04-07,Koramangala | Sony World Junction,Koramangala,Sony World Junction,High,High,False,,False,Overcast,No,High,Deploy additional traffic personnel and prepare diversion measures for the affected corridor.,Additional traffic personnel recommended,Prepare/activate suitable diversion planning,Suspend or reschedule non-essential roadwork where operationally appropriate,
2024-04-07,Koramangala | Sarjapur Road,Koramangala,Sarjapur Road,High,High,False,,False,Windy,No,High,Deploy additional traffic personnel and prepare diversion measures for the affected corridor.,Additional traffic personnel recommended,Prepare/activate suitable diversion planning,Suspend or reschedule non-essential roadwork where operationally appropriate,
2024-04-07,M.G. Road | Trinity Circle,M.G. Road,Trinity Circle,Medium,Medium,False,,False,Clear,No,Moderate,Increase traffic monitoring and consider additional personnel at the affected corridor.,Consider additional traffic personnel,Consider diversion planning if congestion persists,Review non-essential roadwork scheduling,
2024-04-07,M.G. Road | Anil Kumble Circle,M.G. Road,Anil Kumble Circle,High,High,False,,False,Clear,No,High,Deploy additional traffic personnel and prepare diversion measures for the affected corridor.,Additional traffic personnel recommended,Prepare/activate suitable diversion planning,Suspend or reschedule non-essential roadwork where operationally appropriate,
2024-04-07,Yeshwanthpur | Yeshwanthpur Circle,Yeshwanthpur,Yeshwanthpur Circle,Low,Low,False,,False,Clear,No,Normal,Normal traffic management; continue routine monitoring.,Routine traffic personnel,No special diversion recommended,No special roadwork restriction recommended,
2024-04-08,Indiranagar | 100 Feet Road,Indiranagar,100 Feet Road,High,High,False,,False,Clear,No,High,Deploy additional traffic personnel and prepare diversion measures for the affected corridor.,Additional traffic personnel recommended,Prepare/activate suitable diversion planning,Suspend or reschedule non-essential roadwork where operationally appropriate,
2024-04-08,Indiranagar | CMH Road,Indiranagar,CMH Road,High,High,False,,False,Overcast,No,High,Deploy additional traffic personnel and prepare diversion measures for the affected corridor.,Additional traffic personnel recommended,Prepare/activate suitable diversion planning,Suspend or reschedule non-essential roadwork where operationally appropriate,
2024-04-08,Whitefield | Marathahalli Bridge,Whitefield,Marathahalli Bridge,High,High,False,,False,Fog,No,High,Deploy additional traffic personnel and prepare diversion measures for the affected corridor.,Additional traffic personnel recommended,Prepare/activate suitable diversion planning,Suspend or reschedule non-essential roadwork where operationally appropriate,Adverse weather is present; consider additional caution and traffic monitoring.
2024-04-08,Koramangala | Sony World Junction,Koramangala,Sony World Junction,Low,Low,False,,False,Clear,No,Normal,Normal traffic management; continue routine monitoring.,Routine traffic personnel,No special diversion recommended,No special roadwork restriction recommended,
2024-04-08,Koramangala | Sarjapur Road,Koramangala,Sarjapur Road,High,High,False,,False,Clear,No,High,Deploy additional traffic personnel and prepare diversion measures for the affected corridor.,Additional traffic personnel recommended,Prepare/activate suitable diversion planning,Suspend or reschedule non-essential roadwork where operationally appropriate,
2024-04-08,Electronic City | Silk Board Junction,Electronic City,Silk Board Junction,Low,Low,False,,False,Rain,No,Normal,Normal traffic management; continue routine monitoring.,Routine traffic personnel,No special diversion recommended,No special roadwork restriction recommended,Adverse weather is present; consider additional caution and traffic monitoring.
2024-04-08,M.G. Road | Trinity Circle,M.G. Road,Trinity Circle,High,High,False,,False,Rain,No,High,Deploy additional traffic personnel and prepare diversion measures for the affected corridor.,Additional traffic personnel recommended,Prepare/activate suitable diversion planning,Suspend or reschedule non-essential roadwork where operationally appropriate,Adverse weather is present; consider additional caution and traffic monitoring.
2024-04-08,M.G. Road | Anil Kumble Circle,M.G. Road,Anil Kumble Circle,Low,Low,False,,False,Rain,No,Normal,Normal traffic management; continue routine monitoring.,Routine traffic personnel,No special diversion recommended,No special roadwork restriction recommended,Adverse weather is present; consider additional caution and traffic monitoring.
2024-04-08,Jayanagar | Jayanagar 4th Block,Jayanagar,Jayanagar 4th Block,Low,Low,False,,False,Clear,Yes,Normal,Normal traffic management; continue routine monitoring.,Routine traffic personnel,No special diversion recommended,No special roadwork restriction recommended,Roadwork is present; review whether it can be postponed during high-congestion periods.
2024-04-08,Jayanagar | South End Circle,Jayanagar,South End Circle,Medium,Medium,False,,False,Fog,No,Moderate,Increase traffic monitoring and consider additional personnel at the affected corridor.,Consider additional traffic personnel,Consider diversion planning if congestion persists,Review non-essential roadwork scheduling,Adverse weather is present; consider additional caution and traffic monitoring.
2024-04-08,Hebbal | Ballari Road,Hebbal,Ballari Road,High,High,False,,False,Clear,Yes,High,Deploy additional traffic personnel and prepare diversion measures for the affected corridor.,Additional traffic personnel recommended,Prepare/activate suitable diversion planning,Suspend or reschedule non-essential roadwork where operationally appropriate,Roadwork is present; review whether it can be postponed during high-congestion periods.
2024-04-08,Yeshwanthpur | Yeshwanthpur Circle,Yeshwanthpur,Yeshwanthpur Circle,Medium,Medium,False,,False,Overcast,No,Moderate,Increase traffic monitoring and consider additional personnel at the affected corridor.,Consider additional traffic personnel,Consider diversion planning if congestion persists,Review non-essential roadwork scheduling,
2024-04-08,Yeshwanthpur | Tumkur Road,Yeshwanthpur,Tumkur Road,Medium,Medium,False,,False,Clear,No,Moderate,Increase traffic monitoring and consider additional personnel at the affected corridor.,Consider additional traffic personnel,Consider diversion planning if congestion persists,Review non-essential roadwork scheduling,
2024-04-09,Indiranagar | 100 Feet Road,Indiranagar,100 Feet Road,High,High,True,Ugadi Festival,True,Clear,No,High,Deploy additional traffic personnel and prepare diversion measures for the affected corridor.,Additional traffic personnel recommended,Prepare/activate suitable diversion planning,Suspend or reschedule non-essential roadwork where operationally appropriate,Festival-related traffic conditions detected; strengthen traffic management preparedness.; Holiday-related traffic conditions detected; review expected travel demand.
2024-04-09,Indiranagar | CMH Road,Indiranagar,CMH Road,Medium,Medium,True,Ugadi Festival,True,Clear,No,Moderate,Increase traffic monitoring and consider additional personnel at the affected corridor.,Consider additional traffic personnel,Consider diversion planning if congestion persists,Review non-essential roadwork scheduling,Festival-related traffic conditions detected; strengthen traffic management preparedness.; Holiday-related traffic conditions detected; review expected travel demand.
2024-04-09,Whitefield | ITPL Main Road,Whitefield,ITPL Main Road,Low,Medium,True,Ugadi Festival,True,Overcast,Yes,Moderate,Increase traffic monitoring and consider additional personnel at the affected corridor.,Consider additional traffic personnel,Consider diversion planning if congestion persists,Review non-essential roadwork scheduling,Festival-related traffic conditions detected; strengthen traffic management preparedness.; Holiday-related traffic conditions detected; review expected travel demand.; Roadwork is present; review whether it can be postponed during high-congestion periods.
2024-04-09,Koramangala | Sony World Junction,Koramangala,Sony World Junction,High,High,True,Ugadi Festival,True,Windy,No,High,Deploy additional traffic personnel and prepare diversion measures for the affected corridor.,Additional traffic personnel recommended,Prepare/activate suitable diversion planning,Suspend or reschedule non-essential roadwork where operationally appropriate,Festival-related traffic conditions detected; strengthen traffic management preparedness.; Holiday-related traffic conditions detected; review expected travel demand.
2024-04-09,Koramangala | Sarjapur Road,Koramangala,Sarjapur Road,High,High,True,Ugadi Festival,True,Overcast,No,High,Deploy additional traffic personnel and prepare diversion measures for the affected corridor.,Additional traffic personnel recommended,Prepare/activate suitable diversion planning,Suspend or reschedule non-essential roadwork where operationally appropriate,Festival-related traffic conditions detected; strengthen traffic management preparedness.; Holiday-related traffic conditions detected; review expected travel demand.
2024-04-09,Electronic City | Silk Board Junction,Electronic City,Silk Board Junction,Low,Low,True,Ugadi Festival,True,Fog,No,Normal,Normal traffic management; continue routine monitoring.,Routine traffic personnel,No special diversion recommended,No special roadwork restriction recommended,Festival-related traffic conditions detected; strengthen traffic management preparedness.; Holiday-related traffic conditions detected; review expected travel demand.; Adverse weather is present; consider additional caution and traffic monitoring.
2024-04-09,M.G. Road | Trinity Circle,M.G. Road,Trinity Circle,High,Medium,True,Ugadi Festival,True,Clear,No,Moderate,Increase traffic monitoring and consider additional personnel at the affected corridor.,Consider additional traffic personnel,Consider diversion planning if congestion persists,Review non-essential roadwork scheduling,Festival-related traffic conditions detected; strengthen traffic management preparedness.; Holiday-related traffic conditions detected; review expected travel demand.
2024-04-09,Jayanagar | South End Circle,Jayanagar,South End Circle,High,High,True,Ugadi Festival,True,Overcast,No,High,Deploy additional traffic personnel and prepare diversion measures for the affected corridor.,Additional traffic personnel recommended,Prepare/activate suitable diversion planning,Suspend or reschedule non-essential roadwork where operationally appropriate,Festival-related traffic conditions detected; strengthen traffic management preparedness.; Holiday-related traffic conditions detected; review expected travel demand.
2024-04-09,Yeshwanthpur | Yeshwanthpur Circle,Yeshwanthpur,Yeshwanthpur Circle,Low,Low,True,Ugadi Festival,True,Clear,No,Normal,Normal traffic management; continue routine monitoring.,Routine traffic personnel,No special diversion recommended,No special roadwork restriction recommended,Festival-related traffic conditions detected; strengthen traffic management preparedness.; Holiday-related traffic conditions detected; review expected travel demand.
2024-04-10,Indiranagar | 100 Feet Road,Indiranagar,100 Feet Road,High,High,False,,False,Clear,No,High,Deploy additional traffic personnel and prepare diversion measures for the affected corridor.,Additional traffic personnel recommended,Prepare/activate suitable diversion planning,Suspend or reschedule non-essential roadwork where operationally appropriate,
2024-04-10,Indiranagar | CMH Road,Indiranagar,CMH Road,High,High,False,,False,Clear,No,High,Deploy additional traffic personnel and prepare diversion measures for the affected corridor.,Additional traffic personnel recommended,Prepare/activate suitable diversion planning,Suspend or reschedule non-essential roadwork where operationally appropriate,
2024-04-10,Koramangala | Sony World Junction,Koramangala,Sony World Junction,High,High,False,,False,Clear,No,High,Deploy additional traffic personnel and prepare diversion measures for the affected corridor.,Additional traffic personnel recommended,Prepare/activate suitable diversion planning,Suspend or reschedule non-essential roadwork where operationally appropriate,
2024-04-10,Koramangala | Sarjapur Road,Koramangala,Sarjapur Road,High,High,False,,False,Clear,No,High,Deploy additional traffic personnel and prepare diversion measures for the affected corridor.,Additional traffic personnel recommended,Prepare/activate suitable diversion planning,Suspend or reschedule non-essential roadwork where operationally appropriate,
2024-04-10,Electronic City | Hosur Road,Electronic City,Hosur Road,Low,Low,False,,False,Fog,No,Normal,Normal traffic management; continue routine monitoring.,Routine traffic personnel,No special diversion recommended,No special roadwork restriction recommended,Adverse weather is present; consider additional caution and traffic monitoring.
2024-04-10,Electronic City | Silk Board Junction,Electronic City,Silk Board Junction,Low,Low,False,,False,Clear,No,Normal,Normal traffic management; continue routine monitoring.,Routine traffic personnel,No special diversion recommended,No special roadwork restriction recommended,
2024-04-10,M.G. Road | Anil Kumble Circle,M.G. Road,Anil Kumble Circle,Medium,Medium,False,,False,Clear,No,Moderate,Increase traffic monitoring and consider additional personnel at the affected corridor.,Consider additional traffic personnel,Consider diversion planning if congestion persists,Review non-essential roadwork scheduling,
2024-04-10,Jayanagar | Jayanagar 4th Block,Jayanagar,Jayanagar 4th Block,Low,Low,False,,False,Clear,No,Normal,Normal traffic management; continue routine monitoring.,Routine traffic personnel,No special diversion recommended,No special roadwork restriction recommended,
2024-04-10,Jayanagar | South End Circle,Jayanagar,South End Circle,High,High,False,,False,Rain,No,High,Deploy additional traffic personnel and prepare diversion measures for the affected corridor.,Additional traffic personnel recommended,Prepare/activate suitable diversion planning,Suspend or reschedule non-essential roadwork where operationally appropriate,Adverse weather is present; consider additional caution and traffic monitoring.
2024-04-10,Hebbal | Hebbal Flyover,Hebbal,Hebbal Flyover,Medium,Medium,False,,False,Clear,No,Moderate,Increase traffic monitoring and consider additional personnel at the affected corridor.,Consider additional traffic personnel,Consider diversion planning if congestion persists,Review non-essential roadwork scheduling,
2024-04-10,Hebbal | Ballari Road,Hebbal,Ballari Road,High,High,False,,False,Rain,No,High,Deploy additional traffic personnel and prepare diversion measures for the affected corridor.,Additional traffic personnel recommended,Prepare/activate suitable diversion planning,Suspend or reschedule non-essential roadwork where operationally appropriate,Adverse weather is present; consider additional caution and traffic monitoring.
2024-04-10,Yeshwanthpur | Yeshwanthpur Circle,Yeshwanthpur,Yeshwanthpur Circle,Medium,Medium,False,,False,Clear,No,Moderate,Increase traffic monitoring and consider additional personnel at the affected corridor.,Consider additional traffic personnel,Consider diversion planning if congestion persists,Review non-essential roadwork scheduling,
2024-04-11,Indiranagar | 100 Feet Road,Indiranagar,100 Feet Road,High,High,True,Khutub-E-Ramzan,True,Clear,No,High,Deploy additional traffic personnel and prepare diversion measures for the affected corridor.,Additional traffic personnel recommended,Prepare/activate suitable diversion planning,Suspend or reschedule non-essential roadwork where operationally appropriate,Festival-related traffic conditions detected; strengthen traffic management preparedness.; Holiday-related traffic conditions detected; review expected travel demand.
2024-04-11,Indiranagar | CMH Road,Indiranagar,CMH Road,High,High,True,Khutub-E-Ramzan,True,Fog,No,High,Deploy additional traffic personnel and prepare diversion measures for the affected corridor.,Additional traffic personnel recommended,Prepare/activate suitable diversion planning,Suspend or reschedule non-essential roadwork where operationally appropriate,Festival-related traffic conditions detected; strengthen traffic management preparedness.; Holiday-related traffic conditions detected; review expected travel demand.; Adverse weather is present; consider additional caution and traffic monitoring.
2024-04-11,Whitefield | ITPL Main Road,Whitefield,ITPL Main Road,Low,Low,True,Khutub-E-Ramzan,True,Clear,No,Normal,Normal traffic management; continue routine monitoring.,Routine traffic personnel,No special diversion recommended,No special roadwork restriction recommended,Festival-related traffic conditions detected; strengthen traffic management preparedness.; Holiday-related traffic conditions detected; review expected travel demand.
2024-04-11,Koramangala | Sarjapur Road,Koramangala,Sarjapur Road,High,High,True,Khutub-E-Ramzan,True,Clear,Yes,High,Deploy additional traffic personnel and prepare diversion measures for the affected corridor.,Additional traffic personnel recommended,Prepare/activate suitable diversion planning,Suspend or reschedule non-essential roadwork where operationally appropriate,Festival-related traffic conditions detected; strengthen traffic management preparedness.; Holiday-related traffic conditions detected; review expected travel demand.; Roadwork is present; review whether it can be postponed during high-congestion periods.
2024-04-11,M.G. Road | Trinity Circle,M.G. Road,Trinity Circle,High,High,True,Khutub-E-Ramzan,True,Clear,No,High,Deploy additional traffic personnel and prepare diversion measures for the affected corridor.,Additional traffic personnel recommended,Prepare/activate suitable diversion planning,Suspend or reschedule non-essential roadwork where operationally appropriate,Festival-related traffic conditions detected; strengthen traffic management preparedness.; Holiday-related traffic conditions detected; review expected travel demand.
2024-04-11,M.G. Road | Anil Kumble Circle,M.G. Road,Anil Kumble Circle,High,High,True,Khutub-E-Ramzan,True,Clear,No,High,Deploy additional traffic personnel and prepare diversion measures for the affected corridor.,Additional traffic personnel recommended,Prepare/activate suitable diversion planning,Suspend or reschedule non-essential roadwork where operationally appropriate,Festival-related traffic conditions detected; strengthen traffic management preparedness.; Holiday-related traffic conditions detected; review expected travel demand.
2024-04-11,Jayanagar | Jayanagar 4th Block,Jayanagar,Jayanagar 4th Block,Low,Medium,True,Khutub-E-Ramzan,True,Clear,No,Moderate,Increase traffic monitoring and consider additional personnel at the affected corridor.,Consider additional traffic personnel,Consider diversion planning if congestion persists,Review non-essential roadwork scheduling,Festival-related traffic conditions detected; strengthen traffic management preparedness.; Holiday-related traffic conditions detected; review expected travel demand.
2024-04-11,Jayanagar | South End Circle,Jayanagar,South End Circle,High,High,True,Khutub-E-Ramzan,True,Windy,No,High,Deploy additional traffic personnel and prepare diversion measures for the affected corridor.,Additional traffic personnel recommended,Prepare/activate suitable diversion planning,Suspend or reschedule non-essential roadwork where operationally appropriate,Festival-related traffic conditions detected; strengthen traffic management preparedness.; Holiday-related traffic conditions detected; review expected travel demand.
2024-04-11,Hebbal | Hebbal Flyover,Hebbal,Hebbal Flyover,High,High,True,Khutub-E-Ramzan,True,Clear,No,High,Deploy additional traffic personnel and prepare diversion measures for the affected corridor.,Additional traffic personnel recommended,Prepare/activate suitable diversion planning,Suspend or reschedule non-essential roadwork where operationally appropriate,Festival-related traffic conditions detected; strengthen traffic management preparedness.; Holiday-related traffic conditions detected; review expected travel demand.
2024-04-11,Hebbal | Ballari Road,Hebbal,Ballari Road,High,High,True,Khutub-E-Ramzan,True,Rain,No,High,Deploy additional traffic personnel and prepare diversion measures for the affected corridor.,Additional traffic personnel recommended,Prepare/activate suitable diversion planning,Suspend or reschedule non-essential roadwork where operationally appropriate,Festival-related traffic conditions detected; strengthen traffic management preparedness.; Holiday-related traffic conditions detected; review expected travel demand.; Adverse weather is present; consider additional caution and traffic monitoring.
2024-04-12,Indiranagar | CMH Road,Indiranagar,CMH Road,High,High,False,,False,Clear,No,High,Deploy additional traffic personnel and prepare diversion measures for the affected corridor.,Additional traffic personnel recommended,Prepare/activate suitable diversion planning,Suspend or reschedule non-essential roadwork where operationally appropriate,
2024-04-12,Whitefield | Marathahalli Bridge,Whitefield,Marathahalli Bridge,High,High,False,,False,Windy,Yes,High,Deploy additional traffic personnel and prepare diversion measures for the affected corridor.,Additional traffic personnel recommended,Prepare/activate suitable diversion planning,Suspend or reschedule non-essential roadwork where operationally appropriate,Roadwork is present; review whether it can be postponed during high-congestion periods.
2024-04-12,Koramangala | Sarjapur Road,Koramangala,Sarjapur Road,High,High,False,,False,Clear,No,High,Deploy additional traffic personnel and prepare diversion measures for the affected corridor.,Additional traffic personnel recommended,Prepare/activate suitable diversion planning,Suspend or reschedule non-essential roadwork where operationally appropriate,
2024-04-12,Electronic City | Silk Board Junction,Electronic City,Silk Board Junction,Low,Medium,False,,False,Clear,No,Moderate,Increase traffic monitoring and consider additional personnel at the affected corridor.,Consider additional traffic personnel,Consider diversion planning if congestion persists,Review non-essential roadwork scheduling,
2024-04-12,M.G. Road | Anil Kumble Circle,M.G. Road,Anil Kumble Circle,High,High,False,,False,Clear,Yes,High,Deploy additional traffic personnel and prepare diversion measures for the affected corridor.,Additional traffic personnel recommended,Prepare/activate suitable diversion planning,Suspend or reschedule non-essential roadwork where operationally appropriate,Roadwork is present; review whether it can be postponed during high-congestion periods.
2024-04-12,Jayanagar | South End Circle,Jayanagar,South End Circle,High,High,False,,False,Overcast,No,High,Deploy additional traffic personnel and prepare diversion measures for the affected corridor.,Additional traffic personnel recommended,Prepare/activate suitable diversion planning,Suspend or reschedule non-essential roadwork where operationally appropriate,
2024-04-12,Hebbal | Hebbal Flyover,Hebbal,Hebbal Flyover,High,High,False,,False,Clear,No,High,Deploy additional traffic personnel and prepare diversion measures for the affected corridor.,Additional traffic personnel recommended,Prepare/activate suitable diversion planning,Suspend or reschedule non-essential roadwork where operationally appropriate,
2024-04-13,Whitefield | Marathahalli Bridge,Whitefield,Marathahalli Bridge,Low,Low,False,,False,Clear,No,Normal,Normal traffic management; continue routine monitoring.,Routine traffic personnel,No special diversion recommended,No special roadwork restriction recommended,
2024-04-13,Koramangala | Sony World Junction,Koramangala,Sony World Junction,High,High,False,,False,Clear,No,High,Deploy additional traffic personnel and prepare diversion measures for the affected corridor.,Additional traffic personnel recommended,Prepare/activate suitable diversion planning,Suspend or reschedule non-essential roadwork where operationally appropriate,
2024-04-13,Koramangala | Sarjapur Road,Koramangala,Sarjapur Road,High,High,False,,False,Clear,No,High,Deploy additional traffic personnel and prepare diversion measures for the affected corridor.,Additional traffic personnel recommended,Prepare/activate suitable diversion planning,Suspend or reschedule non-essential roadwork where operationally appropriate,
2024-04-13,M.G. Road | Trinity Circle,M.G. Road,Trinity Circle,Medium,Medium,False,,False,Clear,No,Moderate,Increase traffic monitoring and consider additional personnel at the affected corridor.,Consider additional traffic personnel,Consider diversion planning if congestion persists,Review non-essential roadwork scheduling,
2024-04-13,M.G. Road | Anil Kumble Circle,M.G. Road,Anil Kumble Circle,Medium,Medium,False,,False,Clear,No,Moderate,Increase traffic monitoring and consider additional personnel at the affected corridor.,Consider additional traffic personnel,Consider diversion planning if congestion persists,Review non-essential roadwork scheduling,
2024-04-13,Jayanagar | Jayanagar 4th Block,Jayanagar,Jayanagar 4th Block,High,High,False,,False,Clear,No,High,Deploy additional traffic personnel and prepare diversion measures for the affected corridor.,Additional traffic personnel recommended,Prepare/activate suitable diversion planning,Suspend or reschedule non-essential roadwork where operationally appropriate,
2024-04-13,Hebbal | Hebbal Flyover,Hebbal,Hebbal Flyover,Medium,Medium,False,,False,Windy,No,Moderate,Increase traffic monitoring and consider additional personnel at the affected corridor.,Consider additional traffic personnel,Consider diversion planning if congestion persists,Review non-essential roadwork scheduling,
2024-04-13,Hebbal | Ballari Road,Hebbal,Ballari Road,Low,Low,False,,False,Clear,No,Normal,Normal traffic management; continue routine monitoring.,Routine traffic personnel,No special diversion recommended,No special roadwork restriction recommended,
2024-04-14,Indiranagar | 100 Feet Road,Indiranagar,100 Feet Road,High,High,False,,False,Overcast,No,High,Deploy additional traffic personnel and prepare diversion measures for the affected corridor.,Additional traffic personnel recommended,Prepare/activate suitable diversion planning,Suspend or reschedule non-essential roadwork where operationally appropriate,
2024-04-14,Koramangala | Sony World Junction,Koramangala,Sony World Junction,High,High,False,,False,Overcast,Yes,High,Deploy additional traffic personnel and prepare diversion measures for the affected corridor.,Additional traffic personnel recommended,Prepare/activate suitable diversion planning,Suspend or reschedule non-essential roadwork where operationally appropriate,Roadwork is present; review whether it can be postponed during high-congestion periods.
2024-04-14,Electronic City | Hosur Road,Electronic City,Hosur Road,Low,Low,False,,False,Clear,No,Normal,Normal traffic management; continue routine monitoring.,Routine traffic personnel,No special diversion recommended,No special roadwork restriction recommended,
2024-04-14,M.G. Road | Trinity Circle,M.G. Road,Trinity Circle,Medium,Medium,False,,False,Rain,No,Moderate,Increase traffic monitoring and consider additional personnel at the affected corridor.,Consider additional traffic personnel,Consider diversion planning if congestion persists,Review non-essential roadwork scheduling,Adverse weather is present; consider additional caution and traffic monitoring.
2024-04-14,Jayanagar | Jayanagar 4th Block,Jayanagar,Jayanagar 4th Block,High,High,False,,False,Rain,No,High,Deploy additional traffic personnel and prepare diversion measures for the affected corridor.,Additional traffic personnel recommended,Prepare/activate suitable diversion planning,Suspend or reschedule non-essential roadwork where operationally appropriate,Adverse weather is present; consider additional caution and traffic monitoring.
2024-04-14,Hebbal | Hebbal Flyover,Hebbal,Hebbal Flyover,Low,Low,False,,False,Fog,No,Normal,Normal traffic management; continue routine monitoring.,Routine traffic personnel,No special diversion recommended,No special roadwork restriction recommended,Adverse weather is present; consider additional caution and traffic monitoring.
2024-04-14,Hebbal | Ballari Road,Hebbal,Ballari Road,High,High,False,,False,Fog,No,High,Deploy additional traffic personnel and prepare diversion measures for the affected corridor.,Additional traffic personnel recommended,Prepare/activate suitable diversion planning,Suspend or reschedule non-essential roadwork where operationally appropriate,Adverse weather is present; consider additional caution and traffic monitoring.
2024-04-14,Yeshwanthpur | Yeshwanthpur Circle,Yeshwanthpur,Yeshwanthpur Circle,High,High,False,,False,Rain,No,High,Deploy additional traffic personnel and prepare diversion measures for the affected corridor.,Additional traffic personnel recommended,Prepare/activate suitable diversion planning,Suspend or reschedule non-essential roadwork where operationally appropriate,Adverse weather is present; consider additional caution and traffic monitoring.
2024-04-14,Yeshwanthpur | Tumkur Road,Yeshwanthpur,Tumkur Road,Low,Low,False,,False,Overcast,No,Normal,Normal traffic management; continue routine monitoring.,Routine traffic personnel,No special diversion recommended,No special roadwork restriction recommended,
2024-04-15,Indiranagar | 100 Feet Road,Indiranagar,100 Feet Road,High,High,False,,False,Clear,No,High,Deploy additional traffic personnel and prepare diversion measures for the affected corridor.,Additional traffic personnel recommended,Prepare/activate suitable diversion planning,Suspend or reschedule non-essential roadwork where operationally appropriate,
2024-04-15,Koramangala | Sony World Junction,Koramangala,Sony World Junction,High,High,False,,False,Windy,No,High,Deploy additional traffic personnel and prepare diversion measures for the affected corridor.,Additional traffic personnel recommended,Prepare/activate suitable diversion planning,Suspend or reschedule non-essential roadwork where operationally appropriate,
2024-04-15,Electronic City | Hosur Road,Electronic City,Hosur Road,Low,Low,False,,False,Rain,No,Normal,Normal traffic management; continue routine monitoring.,Routine traffic personnel,No special diversion recommended,No special roadwork restriction recommended,Adverse weather is present; consider additional caution and traffic monitoring.
2024-04-15,M.G. Road | Trinity Circle,M.G. Road,Trinity Circle,High,Medium,False,,False,Fog,No,Moderate,Increase traffic monitoring and consider additional personnel at the affected corridor.,Consider additional traffic personnel,Consider diversion planning if congestion persists,Review non-essential roadwork scheduling,Adverse weather is present; consider additional caution and traffic monitoring.
2024-04-15,Jayanagar | South End Circle,Jayanagar,South End Circle,Low,Low,False,,False,Clear,No,Normal,Normal traffic management; continue routine monitoring.,Routine traffic personnel,No special diversion recommended,No special roadwork restriction recommended,
2024-04-15,Hebbal | Ballari Road,Hebbal,Ballari Road,High,High,False,,False,Clear,No,High,Deploy additional traffic personnel and prepare diversion measures for the affected corridor.,Additional traffic personnel recommended,Prepare/activate suitable diversion planning,Suspend or reschedule non-essential roadwork where operationally appropriate,
2024-04-15,Yeshwanthpur | Yeshwanthpur Circle,Yeshwanthpur,Yeshwanthpur Circle,High,High,False,,False,Clear,No,High,Deploy additional traffic personnel and prepare diversion measures for the affected corridor.,Additional traffic personnel recommended,Prepare/activate suitable diversion planning,Suspend or reschedule non-essential roadwork where operationally appropriate,
2024-04-16,Indiranagar | 100 Feet Road,Indiranagar,100 Feet Road,High,High,False,,False,Clear,No,High,Deploy additional traffic personnel and prepare diversion measures for the affected corridor.,Additional traffic personnel recommended,Prepare/activate suitable diversion planning,Suspend or reschedule non-essential roadwork where operationally appropriate,
2024-04-16,Indiranagar | CMH Road,Indiranagar,CMH Road,High,High,False,,False,Overcast,No,High,Deploy additional traffic personnel and prepare diversion measures for the affected corridor.,Additional traffic personnel recommended,Prepare/activate suitable diversion planning,Suspend or reschedule non-essential roadwork where operationally appropriate,
2024-04-16,Whitefield | Marathahalli Bridge,Whitefield,Marathahalli Bridge,Medium,Medium,False,,False,Rain,No,Moderate,Increase traffic monitoring and consider additional personnel at the affected corridor.,Consider additional traffic personnel,Consider diversion planning if congestion persists,Review non-essential roadwork scheduling,Adverse weather is present; consider additional caution and traffic monitoring.
2024-04-16,Whitefield | ITPL Main Road,Whitefield,ITPL Main Road,Medium,High,False,,False,Clear,No,High,Deploy additional traffic personnel and prepare diversion measures for the affected corridor.,Additional traffic personnel recommended,Prepare/activate suitable diversion planning,Suspend or reschedule non-essential roadwork where operationally appropriate,
2024-04-16,Koramangala | Sony World Junction,Koramangala,Sony World Junction,Medium,High,False,,False,Overcast,No,High,Deploy additional traffic personnel and prepare diversion measures for the affected corridor.,Additional traffic personnel recommended,Prepare/activate suitable diversion planning,Suspend or reschedule non-essential roadwork where operationally appropriate,
2024-04-16,Koramangala | Sarjapur Road,Koramangala,Sarjapur Road,High,High,False,,False,Overcast,No,High,Deploy additional traffic personnel and prepare diversion measures for the affected corridor.,Additional traffic personnel recommended,Prepare/activate suitable diversion planning,Suspend or reschedule non-essential roadwork where operationally appropriate,
2024-04-16,Electronic City | Silk Board Junction,Electronic City,Silk Board Junction,Medium,Medium,False,,False,Clear,No,Moderate,Increase traffic monitoring and consider additional personnel at the affected corridor.,Consider additional traffic personnel,Consider diversion planning if congestion persists,Review non-essential roadwork scheduling,
2024-04-16,M.G. Road | Trinity Circle,M.G. Road,Trinity Circle,Medium,Medium,False,,False,Rain,No,Moderate,Increase traffic monitoring and consider additional personnel at the affected corridor.,Consider additional traffic personnel,Consider diversion planning if congestion persists,Review non-essential roadwork scheduling,Adverse weather is present; consider additional caution and traffic monitoring.
2024-04-16,M.G. Road | Anil Kumble Circle,M.G. Road,Anil Kumble Circle,High,High,False,,False,Clear,No,High,Deploy additional traffic personnel and prepare diversion measures for the affected corridor.,Additional traffic personnel recommended,Prepare/activate suitable diversion planning,Suspend or reschedule non-essential roadwork where operationally appropriate,
2024-04-16,Jayanagar | Jayanagar 4th Block,Jayanagar,Jayanagar 4th Block,Medium,Medium,False,,False,Clear,No,Moderate,Increase traffic monitoring and consider additional personnel at the affected corridor.,Consider additional traffic personnel,Consider diversion planning if congestion persists,Review non-essential roadwork scheduling,
2024-04-16,Hebbal | Hebbal Flyover,Hebbal,Hebbal Flyover,Low,Low,False,,False,Rain,No,Normal,Normal traffic management; continue routine monitoring.,Routine traffic personnel,No special diversion recommended,No special roadwork restriction recommended,Adverse weather is present; consider additional caution and traffic monitoring.
2024-04-16,Hebbal | Ballari Road,Hebbal,Ballari Road,Low,Medium,False,,False,Clear,No,Moderate,Increase traffic monitoring and consider additional personnel at the affected corridor.,Consider additional traffic personnel,Consider diversion planning if congestion persists,Review non-essential roadwork scheduling,
2024-04-16,Yeshwanthpur | Yeshwanthpur Circle,Yeshwanthpur,Yeshwanthpur Circle,Low,Low,False,,False,Rain,No,Normal,Normal traffic management; continue routine monitoring.,Routine traffic personnel,No special diversion recommended,No special roadwork restriction recommended,Adverse weather is present; consider additional caution and traffic monitoring.
2024-04-16,Yeshwanthpur | Tumkur Road,Yeshwanthpur,Tumkur Road,Low,Low,False,,False,Overcast,No,Normal,Normal traffic management; continue routine monitoring.,Routine traffic personnel,No special diversion recommended,No special roadwork restriction recommended,
2024-04-17,Indiranagar | CMH Road,Indiranagar,CMH Road,High,High,False,,False,Clear,No,High,Deploy additional traffic personnel and prepare diversion measures for the affected corridor.,Additional traffic personnel recommended,Prepare/activate suitable diversion planning,Suspend or reschedule non-essential roadwork where operationally appropriate,
2024-04-17,Whitefield | ITPL Main Road,Whitefield,ITPL Main Road,Low,Low,False,,False,Fog,No,Normal,Normal traffic management; continue routine monitoring.,Routine traffic personnel,No special diversion recommended,No special roadwork restriction recommended,Adverse weather is present; consider additional caution and traffic monitoring.
2024-04-17,Koramangala | Sony World Junction,Koramangala,Sony World Junction,High,High,False,,False,Clear,No,High,Deploy additional traffic personnel and prepare diversion measures for the affected corridor.,Additional traffic personnel recommended,Prepare/activate suitable diversion planning,Suspend or reschedule non-essential roadwork where operationally appropriate,
2024-04-17,Koramangala | Sarjapur Road,Koramangala,Sarjapur Road,High,High,False,,False,Clear,No,High,Deploy additional traffic personnel and prepare diversion measures for the affected corridor.,Additional traffic personnel recommended,Prepare/activate suitable diversion planning,Suspend or reschedule non-essential roadwork where operationally appropriate,
2024-04-17,M.G. Road | Anil Kumble Circle,M.G. Road,Anil Kumble Circle,High,High,False,,False,Fog,No,High,Deploy additional traffic personnel and prepare diversion measures for the affected corridor.,Additional traffic personnel recommended,Prepare/activate suitable diversion planning,Suspend or reschedule non-essential roadwork where operationally appropriate,Adverse weather is present; consider additional caution and traffic monitoring.
2024-04-17,Jayanagar | Jayanagar 4th Block,Jayanagar,Jayanagar 4th Block,Medium,Medium,False,,False,Overcast,No,Moderate,Increase traffic monitoring and consider additional personnel at the affected corridor.,Consider additional traffic personnel,Consider diversion planning if congestion persists,Review non-essential roadwork scheduling,
2024-04-17,Yeshwanthpur | Tumkur Road,Yeshwanthpur,Tumkur Road,Low,Low,False,,False,Clear,Yes,Normal,Normal traffic management; continue routine monitoring.,Routine traffic personnel,No special diversion recommended,No special roadwork restriction recommended,Roadwork is present; review whether it can be postponed during high-congestion periods.
2024-04-18,Indiranagar | 100 Feet Road,Indiranagar,100 Feet Road,Low,Low,False,,False,Clear,No,Normal,Normal traffic management; continue routine monitoring.,Routine traffic personnel,No special diversion recommended,No special roadwork restriction recommended,
2024-04-18,Indiranagar | CMH Road,Indiranagar,CMH Road,High,High,False,,False,Clear,No,High,Deploy additional traffic personnel and prepare diversion measures for the affected corridor.,Additional traffic personnel recommended,Prepare/activate suitable diversion planning,Suspend or reschedule non-essential roadwork where operationally appropriate,
2024-04-18,Whitefield | ITPL Main Road,Whitefield,ITPL Main Road,Medium,Medium,False,,False,Clear,No,Moderate,Increase traffic monitoring and consider additional personnel at the affected corridor.,Consider additional traffic personnel,Consider diversion planning if congestion persists,Review non-essential roadwork scheduling,
2024-04-18,Koramangala | Sony World Junction,Koramangala,Sony World Junction,High,High,False,,False,Rain,Yes,High,Deploy additional traffic personnel and prepare diversion measures for the affected corridor.,Additional traffic personnel recommended,Prepare/activate suitable diversion planning,Suspend or reschedule non-essential roadwork where operationally appropriate,Roadwork is present; review whether it can be postponed during high-congestion periods.; Adverse weather is present; consider additional caution and traffic monitoring.
2024-04-18,Koramangala | Sarjapur Road,Koramangala,Sarjapur Road,High,High,False,,False,Clear,No,High,Deploy additional traffic personnel and prepare diversion measures for the affected corridor.,Additional traffic personnel recommended,Prepare/activate suitable diversion planning,Suspend or reschedule non-essential roadwork where operationally appropriate,
2024-04-18,Electronic City | Hosur Road,Electronic City,Hosur Road,Medium,Medium,False,,False,Clear,No,Moderate,Increase traffic monitoring and consider additional personnel at the affected corridor.,Consider additional traffic personnel,Consider diversion planning if congestion persists,Review non-essential roadwork scheduling,
2024-04-18,M.G. Road | Trinity Circle,M.G. Road,Trinity Circle,High,High,False,,False,Clear,No,High,Deploy additional traffic personnel and prepare diversion measures for the affected corridor.,Additional traffic personnel recommended,Prepare/activate suitable diversion planning,Suspend or reschedule non-essential roadwork where operationally appropriate,
2024-04-18,M.G. Road | Anil Kumble Circle,M.G. Road,Anil Kumble Circle,High,High,False,,False,Overcast,No,High,Deploy additional traffic personnel and prepare diversion measures for the affected corridor.,Additional traffic personnel recommended,Prepare/activate suitable diversion planning,Suspend or reschedule non-essential roadwork where operationally appropriate,
2024-04-18,Jayanagar | South End Circle,Jayanagar,South End Circle,High,High,False,,False,Clear,No,High,Deploy additional traffic personnel and prepare diversion measures for the affected corridor.,Additional traffic personnel recommended,Prepare/activate suitable diversion planning,Suspend or reschedule non-essential roadwork where operationally appropriate,
2024-04-18,Yeshwanthpur | Yeshwanthpur Circle,Yeshwanthpur,Yeshwanthpur Circle,Medium,Medium,False,,False,Clear,No,Moderate,Increase traffic monitoring and consider additional personnel at the affected corridor.,Consider additional traffic personnel,Consider diversion planning if congestion persists,Review non-essential roadwork scheduling,
2024-04-19,Indiranagar | 100 Feet Road,Indiranagar,100 Feet Road,High,High,False,,False,Windy,No,High,Deploy additional traffic personnel and prepare diversion measures for the affected corridor.,Additional traffic personnel recommended,Prepare/activate suitable diversion planning,Suspend or reschedule non-essential roadwork where operationally appropriate,
2024-04-19,Indiranagar | CMH Road,Indiranagar,CMH Road,High,High,False,,False,Clear,No,High,Deploy additional traffic personnel and prepare diversion measures for the affected corridor.,Additional traffic personnel recommended,Prepare/activate suitable diversion planning,Suspend or reschedule non-essential roadwork where operationally appropriate,
2024-04-19,Whitefield | ITPL Main Road,Whitefield,ITPL Main Road,Medium,Medium,False,,False,Clear,No,Moderate,Increase traffic monitoring and consider additional personnel at the affected corridor.,Consider additional traffic personnel,Consider diversion planning if congestion persists,Review non-essential roadwork scheduling,
2024-04-19,Koramangala | Sarjapur Road,Koramangala,Sarjapur Road,High,High,False,,False,Clear,No,High,Deploy additional traffic personnel and prepare diversion measures for the affected corridor.,Additional traffic personnel recommended,Prepare/activate suitable diversion planning,Suspend or reschedule non-essential roadwork where operationally appropriate,
2024-04-19,M.G. Road | Trinity Circle,M.G. Road,Trinity Circle,High,High,False,,False,Windy,No,High,Deploy additional traffic personnel and prepare diversion measures for the affected corridor.,Additional traffic personnel recommended,Prepare/activate suitable diversion planning,Suspend or reschedule non-essential roadwork where operationally appropriate,
2024-04-19,M.G. Road | Anil Kumble Circle,M.G. Road,Anil Kumble Circle,High,Medium,False,,False,Rain,No,Moderate,Increase traffic monitoring and consider additional personnel at the affected corridor.,Consider additional traffic personnel,Consider diversion planning if congestion persists,Review non-essential roadwork scheduling,Adverse weather is present; consider additional caution and traffic monitoring.
2024-04-19,Jayanagar | Jayanagar 4th Block,Jayanagar,Jayanagar 4th Block,Medium,Medium,False,,False,Fog,No,Moderate,Increase traffic monitoring and consider additional personnel at the affected corridor.,Consider additional traffic personnel,Consider diversion planning if congestion persists,Review non-essential roadwork scheduling,Adverse weather is present; consider additional caution and traffic monitoring.
2024-04-19,Jayanagar | South End Circle,Jayanagar,South End Circle,High,High,False,,False,Clear,No,High,Deploy additional traffic personnel and prepare diversion measures for the affected corridor.,Additional traffic personnel recommended,Prepare/activate suitable diversion planning,Suspend or reschedule non-essential roadwork where operationally appropriate,
2024-04-19,Hebbal | Hebbal Flyover,Hebbal,Hebbal Flyover,High,High,False,,False,Clear,No,High,Deploy additional traffic personnel and prepare diversion measures for the affected corridor.,Additional traffic personnel recommended,Prepare/activate suitable diversion planning,Suspend or reschedule non-essential roadwork where operationally appropriate,
2024-04-19,Yeshwanthpur | Tumkur Road,Yeshwanthpur,Tumkur Road,High,High,False,,False,Clear,No,High,Deploy additional traffic personnel and prepare diversion measures for the affected corridor.,Additional traffic personnel recommended,Prepare/activate suitable diversion planning,Suspend or reschedule non-essential roadwork where operationally appropriate,
2024-04-20,Indiranagar | 100 Feet Road,Indiranagar,100 Feet Road,High,High,False,,False,Clear,No,High,Deploy additional traffic personnel and prepare diversion measures for the affected corridor.,Additional traffic personnel recommended,Prepare/activate suitable diversion planning,Suspend or reschedule non-essential roadwork where operationally appropriate,
2024-04-20,Indiranagar | CMH Road,Indiranagar,CMH Road,Low,Low,False,,False,Overcast,No,Normal,Normal traffic management; continue routine monitoring.,Routine traffic personnel,No special diversion recommended,No special roadwork restriction recommended,
2024-04-20,Whitefield | Marathahalli Bridge,Whitefield,Marathahalli Bridge,Low,Low,False,,False,Clear,No,Normal,Normal traffic management; continue routine monitoring.,Routine traffic personnel,No special diversion recommended,No special roadwork restriction recommended,
2024-04-20,Koramangala | Sony World Junction,Koramangala,Sony World Junction,Low,Low,False,,False,Clear,Yes,Normal,Normal traffic management; continue routine monitoring.,Routine traffic personnel,No special diversion recommended,No special roadwork restriction recommended,Roadwork is present; review whether it can be postponed during high-congestion periods.
2024-04-20,Koramangala | Sarjapur Road,Koramangala,Sarjapur Road,High,High,False,,False,Clear,No,High,Deploy additional traffic personnel and prepare diversion measures for the affected corridor.,Additional traffic personnel recommended,Prepare/activate suitable diversion planning,Suspend or reschedule non-essential roadwork where operationally appropriate,
2024-04-20,M.G. Road | Trinity Circle,M.G. Road,Trinity Circle,Medium,Medium,False,,False,Clear,No,Moderate,Increase traffic monitoring and consider additional personnel at the affected corridor.,Consider additional traffic personnel,Consider diversion planning if congestion persists,Review non-essential roadwork scheduling,
2024-04-20,Jayanagar | South End Circle,Jayanagar,South End Circle,Medium,Medium,False,,False,Clear,No,Moderate,Increase traffic monitoring and consider additional personnel at the affected corridor.,Consider additional traffic personnel,Consider diversion planning if congestion persists,Review non-essential roadwork scheduling,
2024-04-21,Indiranagar | CMH Road,Indiranagar,CMH Road,High,High,False,,False,Clear,No,High,Deploy additional traffic personnel and prepare diversion measures for the affected corridor.,Additional traffic personnel recommended,Prepare/activate suitable diversion planning,Suspend or reschedule non-essential roadwork where operationally appropriate,
2024-04-21,Koramangala | Sony World Junction,Koramangala,Sony World Junction,High,High,False,,False,Clear,No,High,Deploy additional traffic personnel and prepare diversion measures for the affected corridor.,Additional traffic personnel recommended,Prepare/activate suitable diversion planning,Suspend or reschedule non-essential roadwork where operationally appropriate,
2024-04-21,Koramangala | Sarjapur Road,Koramangala,Sarjapur Road,High,High,False,,False,Clear,No,High,Deploy additional traffic personnel and prepare diversion measures for the affected corridor.,Additional traffic personnel recommended,Prepare/activate suitable diversion planning,Suspend or reschedule non-essential roadwork where operationally appropriate,
2024-04-21,Electronic City | Silk Board Junction,Electronic City,Silk Board Junction,Low,Low,False,,False,Clear,No,Normal,Normal traffic management; continue routine monitoring.,Routine traffic personnel,No special diversion recommended,No special roadwork restriction recommended,
2024-04-21,M.G. Road | Trinity Circle,M.G. Road,Trinity Circle,High,High,False,,False,Rain,No,High,Deploy additional traffic personnel and prepare diversion measures for the affected corridor.,Additional traffic personnel recommended,Prepare/activate suitable diversion planning,Suspend or reschedule non-essential roadwork where operationally appropriate,Adverse weather is present; consider additional caution and traffic monitoring.
2024-04-21,M.G. Road | Anil Kumble Circle,M.G. Road,Anil Kumble Circle,High,High,False,,False,Fog,Yes,High,Deploy additional traffic personnel and prepare diversion measures for the affected corridor.,Additional traffic personnel recommended,Prepare/activate suitable diversion planning,Suspend or reschedule non-essential roadwork where operationally appropriate,Roadwork is present; review whether it can be postponed during high-congestion periods.; Adverse weather is present; consider additional caution and traffic monitoring.
2024-04-22,Indiranagar | 100 Feet Road,Indiranagar,100 Feet Road,High,High,False,,False,Overcast,No,High,Deploy additional traffic personnel and prepare diversion measures for the affected corridor.,Additional traffic personnel recommended,Prepare/activate suitable diversion planning,Suspend or reschedule non-essential roadwork where operationally appropriate,
2024-04-22,Indiranagar | CMH Road,Indiranagar,CMH Road,High,High,False,,False,Clear,No,High,Deploy additional traffic personnel and prepare diversion measures for the affected corridor.,Additional traffic personnel recommended,Prepare/activate suitable diversion planning,Suspend or reschedule non-essential roadwork where operationally appropriate,
2024-04-22,Whitefield | Marathahalli Bridge,Whitefield,Marathahalli Bridge,Medium,Medium,False,,False,Clear,No,Moderate,Increase traffic monitoring and consider additional personnel at the affected corridor.,Consider additional traffic personnel,Consider diversion planning if congestion persists,Review non-essential roadwork scheduling,
2024-04-22,Koramangala | Sony World Junction,Koramangala,Sony World Junction,High,High,False,,False,Clear,No,High,Deploy additional traffic personnel and prepare diversion measures for the affected corridor.,Additional traffic personnel recommended,Prepare/activate suitable diversion planning,Suspend or reschedule non-essential roadwork where operationally appropriate,
2024-04-22,M.G. Road | Trinity Circle,M.G. Road,Trinity Circle,Medium,Medium,False,,False,Clear,No,Moderate,Increase traffic monitoring and consider additional personnel at the affected corridor.,Consider additional traffic personnel,Consider diversion planning if congestion persists,Review non-essential roadwork scheduling,
2024-04-22,M.G. Road | Anil Kumble Circle,M.G. Road,Anil Kumble Circle,High,High,False,,False,Clear,No,High,Deploy additional traffic personnel and prepare diversion measures for the affected corridor.,Additional traffic personnel recommended,Prepare/activate suitable diversion planning,Suspend or reschedule non-essential roadwork where operationally appropriate,
2024-04-22,Hebbal | Ballari Road,Hebbal,Ballari Road,High,High,False,,False,Clear,No,High,Deploy additional traffic personnel and prepare diversion measures for the affected corridor.,Additional traffic personnel recommended,Prepare/activate suitable diversion planning,Suspend or reschedule non-essential roadwork where operationally appropriate,
2024-04-22,Yeshwanthpur | Tumkur Road,Yeshwanthpur,Tumkur Road,Medium,Medium,False,,False,Windy,No,Moderate,Increase traffic monitoring and consider additional personnel at the affected corridor.,Consider additional traffic personnel,Consider diversion planning if congestion persists,Review non-essential roadwork scheduling,
2024-04-23,Indiranagar | CMH Road,Indiranagar,CMH Road,High,High,False,,False,Clear,No,High,Deploy additional traffic personnel and prepare diversion measures for the affected corridor.,Additional traffic personnel recommended,Prepare/activate suitable diversion planning,Suspend or reschedule non-essential roadwork where operationally appropriate,
2024-04-23,Whitefield | Marathahalli Bridge,Whitefield,Marathahalli Bridge,Low,Low,False,,False,Overcast,No,Normal,Normal traffic management; continue routine monitoring.,Routine traffic personnel,No special diversion recommended,No special roadwork restriction recommended,
2024-04-23,Whitefield | ITPL Main Road,Whitefield,ITPL Main Road,Medium,Medium,False,,False,Clear,No,Moderate,Increase traffic monitoring and consider additional personnel at the affected corridor.,Consider additional traffic personnel,Consider diversion planning if congestion persists,Review non-essential roadwork scheduling,
2024-04-23,Koramangala | Sony World Junction,Koramangala,Sony World Junction,High,High,False,,False,Clear,No,High,Deploy additional traffic personnel and prepare diversion measures for the affected corridor.,Additional traffic personnel recommended,Prepare/activate suitable diversion planning,Suspend or reschedule non-essential roadwork where operationally appropriate,
2024-04-23,Electronic City | Silk Board Junction,Electronic City,Silk Board Junction,Medium,Medium,False,,False,Rain,No,Moderate,Increase traffic monitoring and consider additional personnel at the affected corridor.,Consider additional traffic personnel,Consider diversion planning if congestion persists,Review non-essential roadwork scheduling,Adverse weather is present; consider additional caution and traffic monitoring.
2024-04-23,M.G. Road | Trinity Circle,M.G. Road,Trinity Circle,High,High,False,,False,Rain,No,High,Deploy additional traffic personnel and prepare diversion measures for the affected corridor.,Additional traffic personnel recommended,Prepare/activate suitable diversion planning,Suspend or reschedule non-essential roadwork where operationally appropriate,Adverse weather is present; consider additional caution and traffic monitoring.
2024-04-23,M.G. Road | Anil Kumble Circle,M.G. Road,Anil Kumble Circle,Medium,Medium,False,,False,Clear,No,Moderate,Increase traffic monitoring and consider additional personnel at the affected corridor.,Consider additional traffic personnel,Consider diversion planning if congestion persists,Review non-essential roadwork scheduling,
2024-04-23,Jayanagar | Jayanagar 4th Block,Jayanagar,Jayanagar 4th Block,Medium,Medium,False,,False,Clear,No,Moderate,Increase traffic monitoring and consider additional personnel at the affected corridor.,Consider additional traffic personnel,Consider diversion planning if congestion persists,Review non-essential roadwork scheduling,
2024-04-23,Hebbal | Hebbal Flyover,Hebbal,Hebbal Flyover,High,High,False,,False,Clear,No,High,Deploy additional traffic personnel and prepare diversion measures for the affected corridor.,Additional traffic personnel recommended,Prepare/activate suitable diversion planning,Suspend or reschedule non-essential roadwork where operationally appropriate,
2024-04-24,Indiranagar | 100 Feet Road,Indiranagar,100 Feet Road,Medium,Medium,False,,False,Overcast,No,Moderate,Increase traffic monitoring and consider additional personnel at the affected corridor.,Consider additional traffic personnel,Consider diversion planning if congestion persists,Review non-essential roadwork scheduling,
2024-04-24,Indiranagar | CMH Road,Indiranagar,CMH Road,Low,Low,False,,False,Windy,No,Normal,Normal traffic management; continue routine monitoring.,Routine traffic personnel,No special diversion recommended,No special roadwork restriction recommended,
2024-04-24,Whitefield | Marathahalli Bridge,Whitefield,Marathahalli Bridge,High,High,False,,False,Overcast,No,High,Deploy additional traffic personnel and prepare diversion measures for the affected corridor.,Additional traffic personnel recommended,Prepare/activate suitable diversion planning,Suspend or reschedule non-essential roadwork where operationally appropriate,
2024-04-24,Koramangala | Sony World Junction,Koramangala,Sony World Junction,High,High,False,,False,Clear,No,High,Deploy additional traffic personnel and prepare diversion measures for the affected corridor.,Additional traffic personnel recommended,Prepare/activate suitable diversion planning,Suspend or reschedule non-essential roadwork where operationally appropriate,
2024-04-24,Koramangala | Sarjapur Road,Koramangala,Sarjapur Road,High,High,False,,False,Overcast,No,High,Deploy additional traffic personnel and prepare diversion measures for the affected corridor.,Additional traffic personnel recommended,Prepare/activate suitable diversion planning,Suspend or reschedule non-essential roadwork where operationally appropriate,
2024-04-24,Electronic City | Silk Board Junction,Electronic City,Silk Board Junction,Low,Low,False,,False,Clear,No,Normal,Normal traffic management; continue routine monitoring.,Routine traffic personnel,No special diversion recommended,No special roadwork restriction recommended,
2024-04-24,M.G. Road | Anil Kumble Circle,M.G. Road,Anil Kumble Circle,High,High,False,,False,Clear,No,High,Deploy additional traffic personnel and prepare diversion measures for the affected corridor.,Additional traffic personnel recommended,Prepare/activate suitable diversion planning,Suspend or reschedule non-essential roadwork where operationally appropriate,
2024-04-24,Jayanagar | Jayanagar 4th Block,Jayanagar,Jayanagar 4th Block,High,High,False,,False,Overcast,No,High,Deploy additional traffic personnel and prepare diversion measures for the affected corridor.,Additional traffic personnel recommended,Prepare/activate suitable diversion planning,Suspend or reschedule non-essential roadwork where operationally appropriate,
2024-04-24,Hebbal | Hebbal Flyover,Hebbal,Hebbal Flyover,Low,Low,False,,False,Overcast,No,Normal,Normal traffic management; continue routine monitoring.,Routine traffic personnel,No special diversion recommended,No special roadwork restriction recommended,
2024-04-24,Hebbal | Ballari Road,Hebbal,Ballari Road,High,High,False,,False,Clear,No,High,Deploy additional traffic personnel and prepare diversion measures for the affected corridor.,Additional traffic personnel recommended,Prepare/activate suitable diversion planning,Suspend or reschedule non-essential roadwork where operationally appropriate,
2024-04-25,Indiranagar | 100 Feet Road,Indiranagar,100 Feet Road,High,High,False,,False,Clear,No,High,Deploy additional traffic personnel and prepare diversion measures for the affected corridor.,Additional traffic personnel recommended,Prepare/activate suitable diversion planning,Suspend or reschedule non-essential roadwork where operationally appropriate,
2024-04-25,Indiranagar | CMH Road,Indiranagar,CMH Road,High,High,False,,False,Clear,Yes,High,Deploy additional traffic personnel and prepare diversion measures for the affected corridor.,Additional traffic personnel recommended,Prepare/activate suitable diversion planning,Suspend or reschedule non-essential roadwork where operationally appropriate,Roadwork is present; review whether it can be postponed during high-congestion periods.
2024-04-25,Koramangala | Sarjapur Road,Koramangala,Sarjapur Road,High,High,False,,False,Windy,No,High,Deploy additional traffic personnel and prepare diversion measures for the affected corridor.,Additional traffic personnel recommended,Prepare/activate suitable diversion planning,Suspend or reschedule non-essential roadwork where operationally appropriate,
2024-04-25,Electronic City | Silk Board Junction,Electronic City,Silk Board Junction,Medium,Medium,False,,False,Clear,Yes,Moderate,Increase traffic monitoring and consider additional personnel at the affected corridor.,Consider additional traffic personnel,Consider diversion planning if congestion persists,Review non-essential roadwork scheduling,Roadwork is present; review whether it can be postponed during high-congestion periods.
2024-04-25,M.G. Road | Trinity Circle,M.G. Road,Trinity Circle,High,High,False,,False,Clear,No,High,Deploy additional traffic personnel and prepare diversion measures for the affected corridor.,Additional traffic personnel recommended,Prepare/activate suitable diversion planning,Suspend or reschedule non-essential roadwork where operationally appropriate,
2024-04-25,M.G. Road | Anil Kumble Circle,M.G. Road,Anil Kumble Circle,High,Medium,False,,False,Clear,No,Moderate,Increase traffic monitoring and consider additional personnel at the affected corridor.,Consider additional traffic personnel,Consider diversion planning if congestion persists,Review non-essential roadwork scheduling,
2024-04-25,Jayanagar | South End Circle,Jayanagar,South End Circle,Low,Medium,False,,False,Clear,No,Moderate,Increase traffic monitoring and consider additional personnel at the affected corridor.,Consider additional traffic personnel,Consider diversion planning if congestion persists,Review non-essential roadwork scheduling,
2024-04-26,Indiranagar | CMH Road,Indiranagar,CMH Road,Low,Low,False,,False,Fog,No,Normal,Normal traffic management; continue routine monitoring.,Routine traffic personnel,No special diversion recommended,No special roadwork restriction recommended,Adverse weather is present; consider additional caution and traffic monitoring.
2024-04-26,Whitefield | Marathahalli Bridge,Whitefield,Marathahalli Bridge,Low,Low,False,,False,Clear,No,Normal,Normal traffic management; continue routine monitoring.,Routine traffic personnel,No special diversion recommended,No special roadwork restriction recommended,
2024-04-26,Koramangala | Sony World Junction,Koramangala,Sony World Junction,High,High,False,,False,Rain,No,High,Deploy additional traffic personnel and prepare diversion measures for the affected corridor.,Additional traffic personnel recommended,Prepare/activate suitable diversion planning,Suspend or reschedule non-essential roadwork where operationally appropriate,Adverse weather is present; consider additional caution and traffic monitoring.
2024-04-26,M.G. Road | Trinity Circle,M.G. Road,Trinity Circle,High,High,False,,False,Clear,No,High,Deploy additional traffic personnel and prepare diversion measures for the affected corridor.,Additional traffic personnel recommended,Prepare/activate suitable diversion planning,Suspend or reschedule non-essential roadwork where operationally appropriate,
2024-04-26,M.G. Road | Anil Kumble Circle,M.G. Road,Anil Kumble Circle,High,High,False,,False,Fog,No,High,Deploy additional traffic personnel and prepare diversion measures for the affected corridor.,Additional traffic personnel recommended,Prepare/activate suitable diversion planning,Suspend or reschedule non-essential roadwork where operationally appropriate,Adverse weather is present; consider additional caution and traffic monitoring.
2024-04-26,Jayanagar | South End Circle,Jayanagar,South End Circle,High,High,False,,False,Fog,No,High,Deploy additional traffic personnel and prepare diversion measures for the affected corridor.,Additional traffic personnel recommended,Prepare/activate suitable diversion planning,Suspend or reschedule non-essential roadwork where operationally appropriate,Adverse weather is present; consider additional caution and traffic monitoring.
2024-04-26,Hebbal | Hebbal Flyover,Hebbal,Hebbal Flyover,Medium,Medium,False,,False,Clear,No,Moderate,Increase traffic monitoring and consider additional personnel at the affected corridor.,Consider additional traffic personnel,Consider diversion planning if congestion persists,Review non-essential roadwork scheduling,
2024-04-26,Hebbal | Ballari Road,Hebbal,Ballari Road,High,High,False,,False,Clear,Yes,High,Deploy additional traffic personnel and prepare diversion measures for the affected corridor.,Additional traffic personnel recommended,Prepare/activate suitable diversion planning,Suspend or reschedule non-essential roadwork where operationally appropriate,Roadwork is present; review whether it can be postponed during high-congestion periods.
2024-04-26,Yeshwanthpur | Tumkur Road,Yeshwanthpur,Tumkur Road,Medium,Medium,False,,False,Fog,No,Moderate,Increase traffic monitoring and consider additional personnel at the affected corridor.,Consider additional traffic personnel,Consider diversion planning if congestion persists,Review non-essential roadwork scheduling,Adverse weather is present; consider additional caution and traffic monitoring.
2024-04-27,Indiranagar | 100 Feet Road,Indiranagar,100 Feet Road,Medium,Medium,False,,False,Clear,No,Moderate,Increase traffic monitoring and consider additional personnel at the affected corridor.,Consider additional traffic personnel,Consider diversion planning if congestion persists,Review non-essential roadwork scheduling,
2024-04-27,Whitefield | Marathahalli Bridge,Whitefield,Marathahalli Bridge,Medium,Medium,False,,False,Windy,No,Moderate,Increase traffic monitoring and consider additional personnel at the affected corridor.,Consider additional traffic personnel,Consider diversion planning if congestion persists,Review non-essential roadwork scheduling,
2024-04-27,Whitefield | ITPL Main Road,Whitefield,ITPL Main Road,Low,Low,False,,False,Overcast,No,Normal,Normal traffic management; continue routine monitoring.,Routine traffic personnel,No special diversion recommended,No special roadwork restriction recommended,
2024-04-27,Koramangala | Sarjapur Road,Koramangala,Sarjapur Road,High,High,False,,False,Rain,No,High,Deploy additional traffic personnel and prepare diversion measures for the affected corridor.,Additional traffic personnel recommended,Prepare/activate suitable diversion planning,Suspend or reschedule non-essential roadwork where operationally appropriate,Adverse weather is present; consider additional caution and traffic monitoring.
2024-04-27,M.G. Road | Trinity Circle,M.G. Road,Trinity Circle,High,High,False,,False,Clear,No,High,Deploy additional traffic personnel and prepare diversion measures for the affected corridor.,Additional traffic personnel recommended,Prepare/activate suitable diversion planning,Suspend or reschedule non-essential roadwork where operationally appropriate,
2024-04-27,M.G. Road | Anil Kumble Circle,M.G. Road,Anil Kumble Circle,Medium,Medium,False,,False,Clear,No,Moderate,Increase traffic monitoring and consider additional personnel at the affected corridor.,Consider additional traffic personnel,Consider diversion planning if congestion persists,Review non-essential roadwork scheduling,
2024-04-27,Jayanagar | South End Circle,Jayanagar,South End Circle,High,High,False,,False,Rain,No,High,Deploy additional traffic personnel and prepare diversion measures for the affected corridor.,Additional traffic personnel recommended,Prepare/activate suitable diversion planning,Suspend or reschedule non-essential roadwork where operationally appropriate,Adverse weather is present; consider additional caution and traffic monitoring.
2024-04-27,Yeshwanthpur | Yeshwanthpur Circle,Yeshwanthpur,Yeshwanthpur Circle,Medium,Medium,False,,False,Fog,No,Moderate,Increase traffic monitoring and consider additional personnel at the affected corridor.,Consider additional traffic personnel,Consider diversion planning if congestion persists,Review non-essential roadwork scheduling,Adverse weather is present; consider additional caution and traffic monitoring.
2024-04-27,Yeshwanthpur | Tumkur Road,Yeshwanthpur,Tumkur Road,Medium,Medium,False,,False,Overcast,Yes,Moderate,Increase traffic monitoring and consider additional personnel at the affected corridor.,Consider additional traffic personnel,Consider diversion planning if congestion persists,Review non-essential roadwork scheduling,Roadwork is present; review whether it can be postponed during high-congestion periods.
2024-04-28,Indiranagar | 100 Feet Road,Indiranagar,100 Feet Road,High,High,False,,False,Overcast,No,High,Deploy additional traffic personnel and prepare diversion measures for the affected corridor.,Additional traffic personnel recommended,Prepare/activate suitable diversion planning,Suspend or reschedule non-essential roadwork where operationally appropriate,
2024-04-28,Indiranagar | CMH Road,Indiranagar,CMH Road,High,High,False,,False,Rain,No,High,Deploy additional traffic personnel and prepare diversion measures for the affected corridor.,Additional traffic personnel recommended,Prepare/activate suitable diversion planning,Suspend or reschedule non-essential roadwork where operationally appropriate,Adverse weather is present; consider additional caution and traffic monitoring.
2024-04-28,Koramangala | Sony World Junction,Koramangala,Sony World Junction,High,High,False,,False,Clear,No,High,Deploy additional traffic personnel and prepare diversion measures for the affected corridor.,Additional traffic personnel recommended,Prepare/activate suitable diversion planning,Suspend or reschedule non-essential roadwork where operationally appropriate,
2024-04-28,M.G. Road | Trinity Circle,M.G. Road,Trinity Circle,Medium,Medium,False,,False,Rain,No,Moderate,Increase traffic monitoring and consider additional personnel at the affected corridor.,Consider additional traffic personnel,Consider diversion planning if congestion persists,Review non-essential roadwork scheduling,Adverse weather is present; consider additional caution and traffic monitoring.
2024-04-28,M.G. Road | Anil Kumble Circle,M.G. Road,Anil Kumble Circle,High,High,False,,False,Clear,No,High,Deploy additional traffic personnel and prepare diversion measures for the affected corridor.,Additional traffic personnel recommended,Prepare/activate suitable diversion planning,Suspend or reschedule non-essential roadwork where operationally appropriate,
2024-04-28,Yeshwanthpur | Yeshwanthpur Circle,Yeshwanthpur,Yeshwanthpur Circle,Low,Low,False,,False,Clear,No,Normal,Normal traffic management; continue routine monitoring.,Routine traffic personnel,No special diversion recommended,No special roadwork restriction recommended,
2024-04-29,Indiranagar | 100 Feet Road,Indiranagar,100 Feet Road,High,High,False,,False,Windy,No,High,Deploy additional traffic personnel and prepare diversion measures for the affected corridor.,Additional traffic personnel recommended,Prepare/activate suitable diversion planning,Suspend or reschedule non-essential roadwork where operationally appropriate,
2024-04-29,Indiranagar | CMH Road,Indiranagar,CMH Road,Low,Medium,False,,False,Clear,No,Moderate,Increase traffic monitoring and consider additional personnel at the affected corridor.,Consider additional traffic personnel,Consider diversion planning if congestion persists,Review non-essential roadwork scheduling,
2024-04-29,Whitefield | ITPL Main Road,Whitefield,ITPL Main Road,High,High,False,,False,Clear,No,High,Deploy additional traffic personnel and prepare diversion measures for the affected corridor.,Additional traffic personnel recommended,Prepare/activate suitable diversion planning,Suspend or reschedule non-essential roadwork where operationally appropriate,
2024-04-29,Koramangala | Sarjapur Road,Koramangala,Sarjapur Road,High,High,False,,False,Clear,No,High,Deploy additional traffic personnel and prepare diversion measures for the affected corridor.,Additional traffic personnel recommended,Prepare/activate suitable diversion planning,Suspend or reschedule non-essential roadwork where operationally appropriate,
2024-04-29,Electronic City | Hosur Road,Electronic City,Hosur Road,Low,Low,False,,False,Clear,No,Normal,Normal traffic management; continue routine monitoring.,Routine traffic personnel,No special diversion recommended,No special roadwork restriction recommended,
2024-04-29,M.G. Road | Trinity Circle,M.G. Road,Trinity Circle,High,High,False,,False,Clear,No,High,Deploy additional traffic personnel and prepare diversion measures for the affected corridor.,Additional traffic personnel recommended,Prepare/activate suitable diversion planning,Suspend or reschedule non-essential roadwork where operationally appropriate,
2024-04-29,M.G. Road | Anil Kumble Circle,M.G. Road,Anil Kumble Circle,High,High,False,,False,Clear,No,High,Deploy additional traffic personnel and prepare diversion measures for the affected corridor.,Additional traffic personnel recommended,Prepare/activate suitable diversion planning,Suspend or reschedule non-essential roadwork where operationally appropriate,
2024-04-29,Jayanagar | Jayanagar 4th Block,Jayanagar,Jayanagar 4th Block,Medium,Medium,False,,False,Clear,Yes,Moderate,Increase traffic monitoring and consider additional personnel at the affected corridor.,Consider additional traffic personnel,Consider diversion planning if congestion persists,Review non-essential roadwork scheduling,Roadwork is present; review whether it can be postponed during high-congestion periods.
2024-04-29,Jayanagar | South End Circle,Jayanagar,South End Circle,Medium,Medium,False,,False,Clear,No,Moderate,Increase traffic monitoring and consider additional personnel at the affected corridor.,Consider additional traffic personnel,Consider diversion planning if congestion persists,Review non-essential roadwork scheduling,
2024-04-29,Hebbal | Hebbal Flyover,Hebbal,Hebbal Flyover,Medium,Medium,False,,False,Clear,No,Moderate,Increase traffic monitoring and consider additional personnel at the affected corridor.,Consider additional traffic personnel,Consider diversion planning if congestion persists,Review non-essential roadwork scheduling,
2024-04-29,Yeshwanthpur | Yeshwanthpur Circle,Yeshwanthpur,Yeshwanthpur Circle,Low,Low,False,,False,Fog,No,Normal,Normal traffic management; continue routine monitoring.,Routine traffic personnel,No special diversion recommended,No special roadwork restriction recommended,Adverse weather is present; consider additional caution and traffic monitoring.
2024-04-29,Yeshwanthpur | Tumkur Road,Yeshwanthpur,Tumkur Road,Low,Low,False,,False,Clear,No,Normal,Normal traffic management; continue routine monitoring.,Routine traffic personnel,No special diversion recommended,No special roadwork restriction recommended,
2024-04-30,Indiranagar | 100 Feet Road,Indiranagar,100 Feet Road,High,High,False,,False,Clear,No,High,Deploy additional traffic personnel and prepare diversion measures for the affected corridor.,Additional traffic personnel recommended,Prepare/activate suitable diversion planning,Suspend or reschedule non-essential roadwork where operationally appropriate,
2024-04-30,Indiranagar | CMH Road,Indiranagar,CMH Road,High,High,False,,False,Fog,No,High,Deploy additional traffic personnel and prepare diversion measures for the affected corridor.,Additional traffic personnel recommended,Prepare/activate suitable diversion planning,Suspend or reschedule non-essential roadwork where operationally appropriate,Adverse weather is present; consider additional caution and traffic monitoring.
2024-04-30,Whitefield | ITPL Main Road,Whitefield,ITPL Main Road,Medium,Medium,False,,False,Windy,No,Moderate,Increase traffic monitoring and consider additional personnel at the affected corridor.,Consider additional traffic personnel,Consider diversion planning if congestion persists,Review non-essential roadwork scheduling,
2024-04-30,Koramangala | Sony World Junction,Koramangala,Sony World Junction,High,High,False,,False,Clear,No,High,Deploy additional traffic personnel and prepare diversion measures for the affected corridor.,Additional traffic personnel recommended,Prepare/activate suitable diversion planning,Suspend or reschedule non-essential roadwork where operationally appropriate,
2024-04-30,Koramangala | Sarjapur Road,Koramangala,Sarjapur Road,High,High,False,,False,Windy,No,High,Deploy additional traffic personnel and prepare diversion measures for the affected corridor.,Additional traffic personnel recommended,Prepare/activate suitable diversion planning,Suspend or reschedule non-essential roadwork where operationally appropriate,
2024-04-30,Electronic City | Hosur Road,Electronic City,Hosur Road,Low,Low,False,,False,Clear,No,Normal,Normal traffic management; continue routine monitoring.,Routine traffic personnel,No special diversion recommended,No special roadwork restriction recommended,
2024-04-30,M.G. Road | Anil Kumble Circle,M.G. Road,Anil Kumble Circle,Medium,Medium,False,,False,Clear,No,Moderate,Increase traffic monitoring and consider additional personnel at the affected corridor.,Consider additional traffic personnel,Consider diversion planning if congestion persists,Review non-essential roadwork scheduling,
2024-04-30,Jayanagar | Jayanagar 4th Block,Jayanagar,Jayanagar 4th Block,Medium,High,False,,False,Rain,No,High,Deploy additional traffic personnel and prepare diversion measures for the affected corridor.,Additional traffic personnel recommended,Prepare/activate suitable diversion planning,Suspend or reschedule non-essential roadwork where operationally appropriate,Adverse weather is present; consider additional caution and traffic monitoring.
2024-04-30,Hebbal | Hebbal Flyover,Hebbal,Hebbal Flyover,Medium,Medium,False,,False,Clear,Yes,Moderate,Increase traffic monitoring and consider additional personnel at the affected corridor.,Consider additional traffic personnel,Consider diversion planning if congestion persists,Review non-essential roadwork scheduling,Roadwork is present; review whether it can be postponed during high-congestion periods.
2024-04-30,Hebbal | Ballari Road,Hebbal,Ballari Road,High,High,False,,False,Overcast,Yes,High,Deploy additional traffic personnel and prepare diversion measures for the affected corridor.,Additional traffic personnel recommended,Prepare/activate suitable diversion planning,Suspend or reschedule non-essential roadwork where operationally appropriate,Roadwork is present; review whether it can be postponed during high-congestion periods.
2024-04-30,Yeshwanthpur | Tumkur Road,Yeshwanthpur,Tumkur Road,Low,Low,False,,False,Fog,No,Normal,Normal traffic management; continue routine monitoring.,Routine traffic personnel,No special diversion recommended,No special roadwork restriction recommended,Adverse weather is present; consider additional caution and traffic monitoring.
2024-05-01,Indiranagar | CMH Road,Indiranagar,CMH Road,Medium,Medium,False,May Day,True,Fog,No,Moderate,Increase traffic monitoring and consider additional personnel at the affected corridor.,Consider additional traffic personnel,Consider diversion planning if congestion persists,Review non-essential roadwork scheduling,Holiday-related traffic conditions detected; review expected travel demand.; Adverse weather is present; consider additional caution and traffic monitoring.
2024-05-01,Whitefield | ITPL Main Road,Whitefield,ITPL Main Road,Low,Low,False,May Day,True,Fog,No,Normal,Normal traffic management; continue routine monitoring.,Routine traffic personnel,No special diversion recommended,No special roadwork restriction recommended,Holiday-related traffic conditions detected; review expected travel demand.; Adverse weather is present; consider additional caution and traffic monitoring.
2024-05-01,Koramangala | Sony World Junction,Koramangala,Sony World Junction,High,High,False,May Day,True,Fog,No,High,Deploy additional traffic personnel and prepare diversion measures for the affected corridor.,Additional traffic personnel recommended,Prepare/activate suitable diversion planning,Suspend or reschedule non-essential roadwork where operationally appropriate,Holiday-related traffic conditions detected; review expected travel demand.; Adverse weather is present; consider additional caution and traffic monitoring.
2024-05-01,Koramangala | Sarjapur Road,Koramangala,Sarjapur Road,High,High,False,May Day,True,Clear,No,High,Deploy additional traffic personnel and prepare diversion measures for the affected corridor.,Additional traffic personnel recommended,Prepare/activate suitable diversion planning,Suspend or reschedule non-essential roadwork where operationally appropriate,Holiday-related traffic conditions detected; review expected travel demand.
2024-05-01,Electronic City | Hosur Road,Electronic City,Hosur Road,Low,Low,False,May Day,True,Clear,No,Normal,Normal traffic management; continue routine monitoring.,Routine traffic personnel,No special diversion recommended,No special roadwork restriction recommended,Holiday-related traffic conditions detected; review expected travel demand.
2024-05-01,Electronic City | Silk Board Junction,Electronic City,Silk Board Junction,High,High,False,May Day,True,Windy,No,High,Deploy additional traffic personnel and prepare diversion measures for the affected corridor.,Additional traffic personnel recommended,Prepare/activate suitable diversion planning,Suspend or reschedule non-essential roadwork where operationally appropriate,Holiday-related traffic conditions detected; review expected travel demand.
2024-05-01,M.G. Road | Anil Kumble Circle,M.G. Road,Anil Kumble Circle,High,High,False,May Day,True,Overcast,Yes,High,Deploy additional traffic personnel and prepare diversion measures for the affected corridor.,Additional traffic personnel recommended,Prepare/activate suitable diversion planning,Suspend or reschedule non-essential roadwork where operationally appropriate,Holiday-related traffic conditions detected; review expected travel demand.; Roadwork is present; review whether it can be postponed during high-congestion periods.
2024-05-01,Jayanagar | Jayanagar 4th Block,Jayanagar,Jayanagar 4th Block,Low,Low,False,May Day,True,Clear,Yes,Normal,Normal traffic management; continue routine monitoring.,Routine traffic personnel,No special diversion recommended,No special roadwork restriction recommended,Holiday-related traffic conditions detected; review expected travel demand.; Roadwork is present; review whether it can be postponed during high-congestion periods.
2024-05-01,Hebbal | Hebbal Flyover,Hebbal,Hebbal Flyover,High,High,False,May Day,True,Overcast,No,High,Deploy additional traffic personnel and prepare diversion measures for the affected corridor.,Additional traffic personnel recommended,Prepare/activate suitable diversion planning,Suspend or reschedule non-essential roadwork where operationally appropriate,Holiday-related traffic conditions detected; review expected travel demand.
2024-05-02,Indiranagar | 100 Feet Road,Indiranagar,100 Feet Road,High,High,False,,False,Clear,No,High,Deploy additional traffic personnel and prepare diversion measures for the affected corridor.,Additional traffic personnel recommended,Prepare/activate suitable diversion planning,Suspend or reschedule non-essential roadwork where operationally appropriate,
2024-05-02,Indiranagar | CMH Road,Indiranagar,CMH Road,High,High,False,,False,Fog,No,High,Deploy additional traffic personnel and prepare diversion measures for the affected corridor.,Additional traffic personnel recommended,Prepare/activate suitable diversion planning,Suspend or reschedule non-essential roadwork where operationally appropriate,Adverse weather is present; consider additional caution and traffic monitoring.
2024-05-02,Whitefield | Marathahalli Bridge,Whitefield,Marathahalli Bridge,Medium,Medium,False,,False,Overcast,No,Moderate,Increase traffic monitoring and consider additional personnel at the affected corridor.,Consider additional traffic personnel,Consider diversion planning if congestion persists,Review non-essential roadwork scheduling,
2024-05-02,Koramangala | Sony World Junction,Koramangala,Sony World Junction,High,High,False,,False,Fog,No,High,Deploy additional traffic personnel and prepare diversion measures for the affected corridor.,Additional traffic personnel recommended,Prepare/activate suitable diversion planning,Suspend or reschedule non-essential roadwork where operationally appropriate,Adverse weather is present; consider additional caution and traffic monitoring.
2024-05-02,Koramangala | Sarjapur Road,Koramangala,Sarjapur Road,High,High,False,,False,Fog,No,High,Deploy additional traffic personnel and prepare diversion measures for the affected corridor.,Additional traffic personnel recommended,Prepare/activate suitable diversion planning,Suspend or reschedule non-essential roadwork where operationally appropriate,Adverse weather is present; consider additional caution and traffic monitoring.
2024-05-02,Electronic City | Hosur Road,Electronic City,Hosur Road,Low,Medium,False,,False,Clear,No,Moderate,Increase traffic monitoring and consider additional personnel at the affected corridor.,Consider additional traffic personnel,Consider diversion planning if congestion persists,Review non-essential roadwork scheduling,
2024-05-02,M.G. Road | Trinity Circle,M.G. Road,Trinity Circle,High,Medium,False,,False,Overcast,No,Moderate,Increase traffic monitoring and consider additional personnel at the affected corridor.,Consider additional traffic personnel,Consider diversion planning if congestion persists,Review non-essential roadwork scheduling,
2024-05-02,M.G. Road | Anil Kumble Circle,M.G. Road,Anil Kumble Circle,High,High,False,,False,Clear,No,High,Deploy additional traffic personnel and prepare diversion measures for the affected corridor.,Additional traffic personnel recommended,Prepare/activate suitable diversion planning,Suspend or reschedule non-essential roadwork where operationally appropriate,
2024-05-02,Hebbal | Ballari Road,Hebbal,Ballari Road,High,High,False,,False,Clear,No,High,Deploy additional traffic personnel and prepare diversion measures for the affected corridor.,Additional traffic personnel recommended,Prepare/activate suitable diversion planning,Suspend or reschedule non-essential roadwork where operationally appropriate,
2024-05-02,Yeshwanthpur | Tumkur Road,Yeshwanthpur,Tumkur Road,Medium,Medium,False,,False,Clear,No,Moderate,Increase traffic monitoring and consider additional personnel at the affected corridor.,Consider additional traffic personnel,Consider diversion planning if congestion persists,Review non-essential roadwork scheduling,
2024-05-03,Indiranagar | CMH Road,Indiranagar,CMH Road,High,High,False,,False,Clear,No,High,Deploy additional traffic personnel and prepare diversion measures for the affected corridor.,Additional traffic personnel recommended,Prepare/activate suitable diversion planning,Suspend or reschedule non-essential roadwork where operationally appropriate,
2024-05-03,Whitefield | Marathahalli Bridge,Whitefield,Marathahalli Bridge,Low,Low,False,,False,Clear,No,Normal,Normal traffic management; continue routine monitoring.,Routine traffic personnel,No special diversion recommended,No special roadwork restriction recommended,
2024-05-03,Koramangala | Sony World Junction,Koramangala,Sony World Junction,High,High,False,,False,Clear,No,High,Deploy additional traffic personnel and prepare diversion measures for the affected corridor.,Additional traffic personnel recommended,Prepare/activate suitable diversion planning,Suspend or reschedule non-essential roadwork where operationally appropriate,
2024-05-03,Koramangala | Sarjapur Road,Koramangala,Sarjapur Road,High,High,False,,False,Overcast,Yes,High,Deploy additional traffic personnel and prepare diversion measures for the affected corridor.,Additional traffic personnel recommended,Prepare/activate suitable diversion planning,Suspend or reschedule non-essential roadwork where operationally appropriate,Roadwork is present; review whether it can be postponed during high-congestion periods.
2024-05-03,Electronic City | Hosur Road,Electronic City,Hosur Road,Low,Low,False,,False,Windy,No,Normal,Normal traffic management; continue routine monitoring.,Routine traffic personnel,No special diversion recommended,No special roadwork restriction recommended,
2024-05-03,M.G. Road | Trinity Circle,M.G. Road,Trinity Circle,Medium,Medium,False,,False,Clear,No,Moderate,Increase traffic monitoring and consider additional personnel at the affected corridor.,Consider additional traffic personnel,Consider diversion planning if congestion persists,Review non-essential roadwork scheduling,
2024-05-03,M.G. Road | Anil Kumble Circle,M.G. Road,Anil Kumble Circle,High,High,False,,False,Clear,No,High,Deploy additional traffic personnel and prepare diversion measures for the affected corridor.,Additional traffic personnel recommended,Prepare/activate suitable diversion planning,Suspend or reschedule non-essential roadwork where operationally appropriate,
2024-05-03,Jayanagar | Jayanagar 4th Block,Jayanagar,Jayanagar 4th Block,High,High,False,,False,Clear,No,High,Deploy additional traffic personnel and prepare diversion measures for the affected corridor.,Additional traffic personnel recommended,Prepare/activate suitable diversion planning,Suspend or reschedule non-essential roadwork where operationally appropriate,
2024-05-03,Jayanagar | South End Circle,Jayanagar,South End Circle,High,High,False,,False,Clear,No,High,Deploy additional traffic personnel and prepare diversion measures for the affected corridor.,Additional traffic personnel recommended,Prepare/activate suitable diversion planning,Suspend or reschedule non-essential roadwork where operationally appropriate,
2024-05-03,Hebbal | Hebbal Flyover,Hebbal,Hebbal Flyover,Low,Low,False,,False,Clear,No,Normal,Normal traffic management; continue routine monitoring.,Routine traffic personnel,No special diversion recommended,No special roadwork restriction recommended,
2024-05-03,Hebbal | Ballari Road,Hebbal,Ballari Road,Medium,High,False,,False,Fog,No,High,Deploy additional traffic personnel and prepare diversion measures for the affected corridor.,Additional traffic personnel recommended,Prepare/activate suitable diversion planning,Suspend or reschedule non-essential roadwork where operationally appropriate,Adverse weather is present; consider additional caution and traffic monitoring.
2024-05-03,Yeshwanthpur | Yeshwanthpur Circle,Yeshwanthpur,Yeshwanthpur Circle,Low,Low,False,,False,Clear,No,Normal,Normal traffic management; continue routine monitoring.,Routine traffic personnel,No special diversion recommended,No special roadwork restriction recommended,
2024-05-03,Yeshwanthpur | Tumkur Road,Yeshwanthpur,Tumkur Road,Low,Low,False,,False,Windy,No,Normal,Normal traffic management; continue routine monitoring.,Routine traffic personnel,No special diversion recommended,No special roadwork restriction recommended,
2024-05-04,Indiranagar | 100 Feet Road,Indiranagar,100 Feet Road,Medium,Medium,False,,False,Clear,No,Moderate,Increase traffic monitoring and consider additional personnel at the affected corridor.,Consider additional traffic personnel,Consider diversion planning if congestion persists,Review non-essential roadwork scheduling,
2024-05-04,Indiranagar | CMH Road,Indiranagar,CMH Road,Medium,Medium,False,,False,Clear,No,Moderate,Increase traffic monitoring and consider additional personnel at the affected corridor.,Consider additional traffic personnel,Consider diversion planning if congestion persists,Review non-essential roadwork scheduling,
2024-05-04,Whitefield | Marathahalli Bridge,Whitefield,Marathahalli Bridge,Medium,Low,False,,False,Clear,No,Normal,Normal traffic management; continue routine monitoring.,Routine traffic personnel,No special diversion recommended,No special roadwork restriction recommended,
2024-05-04,Whitefield | ITPL Main Road,Whitefield,ITPL Main Road,Medium,Medium,False,,False,Fog,No,Moderate,Increase traffic monitoring and consider additional personnel at the affected corridor.,Consider additional traffic personnel,Consider diversion planning if congestion persists,Review non-essential roadwork scheduling,Adverse weather is present; consider additional caution and traffic monitoring.
2024-05-04,Koramangala | Sony World Junction,Koramangala,Sony World Junction,High,High,False,,False,Fog,No,High,Deploy additional traffic personnel and prepare diversion measures for the affected corridor.,Additional traffic personnel recommended,Prepare/activate suitable diversion planning,Suspend or reschedule non-essential roadwork where operationally appropriate,Adverse weather is present; consider additional caution and traffic monitoring.
2024-05-04,Electronic City | Silk Board Junction,Electronic City,Silk Board Junction,High,Medium,False,,False,Clear,No,Moderate,Increase traffic monitoring and consider additional personnel at the affected corridor.,Consider additional traffic personnel,Consider diversion planning if congestion persists,Review non-essential roadwork scheduling,
2024-05-04,M.G. Road | Trinity Circle,M.G. Road,Trinity Circle,High,High,False,,False,Clear,Yes,High,Deploy additional traffic personnel and prepare diversion measures for the affected corridor.,Additional traffic personnel recommended,Prepare/activate suitable diversion planning,Suspend or reschedule non-essential roadwork where operationally appropriate,Roadwork is present; review whether it can be postponed during high-congestion periods.
2024-05-04,M.G. Road | Anil Kumble Circle,M.G. Road,Anil Kumble Circle,High,High,False,,False,Clear,No,High,Deploy additional traffic personnel and prepare diversion measures for the affected corridor.,Additional traffic personnel recommended,Prepare/activate suitable diversion planning,Suspend or reschedule non-essential roadwork where operationally appropriate,
2024-05-04,Jayanagar | Jayanagar 4th Block,Jayanagar,Jayanagar 4th Block,Medium,Medium,False,,False,Clear,No,Moderate,Increase traffic monitoring and consider additional personnel at the affected corridor.,Consider additional traffic personnel,Consider diversion planning if congestion persists,Review non-essential roadwork scheduling,
2024-05-04,Jayanagar | South End Circle,Jayanagar,South End Circle,High,High,False,,False,Clear,No,High,Deploy additional traffic personnel and prepare diversion measures for the affected corridor.,Additional traffic personnel recommended,Prepare/activate suitable diversion planning,Suspend or reschedule non-essential roadwork where operationally appropriate,
2024-05-04,Hebbal | Hebbal Flyover,Hebbal,Hebbal Flyover,Medium,Medium,False,,False,Clear,Yes,Moderate,Increase traffic monitoring and consider additional personnel at the affected corridor.,Consider additional traffic personnel,Consider diversion planning if congestion persists,Review non-essential roadwork scheduling,Roadwork is present; review whether it can be postponed during high-congestion periods.
2024-05-04,Yeshwanthpur | Yeshwanthpur Circle,Yeshwanthpur,Yeshwanthpur Circle,High,Medium,False,,False,Overcast,No,Moderate,Increase traffic monitoring and consider additional personnel at the affected corridor.,Consider additional traffic personnel,Consider diversion planning if congestion persists,Review non-essential roadwork scheduling,
2024-05-05,Indiranagar | 100 Feet Road,Indiranagar,100 Feet Road,High,High,False,,False,Clear,No,High,Deploy additional traffic personnel and prepare diversion measures for the affected corridor.,Additional traffic personnel recommended,Prepare/activate suitable diversion planning,Suspend or reschedule non-essential roadwork where operationally appropriate,
2024-05-05,Indiranagar | CMH Road,Indiranagar,CMH Road,Low,Low,False,,False,Clear,No,Normal,Normal traffic management; continue routine monitoring.,Routine traffic personnel,No special diversion recommended,No special roadwork restriction recommended,
2024-05-05,Whitefield | Marathahalli Bridge,Whitefield,Marathahalli Bridge,High,High,False,,False,Clear,No,High,Deploy additional traffic personnel and prepare diversion measures for the affected corridor.,Additional traffic personnel recommended,Prepare/activate suitable diversion planning,Suspend or reschedule non-essential roadwork where operationally appropriate,
2024-05-05,Koramangala | Sony World Junction,Koramangala,Sony World Junction,High,High,False,,False,Rain,No,High,Deploy additional traffic personnel and prepare diversion measures for the affected corridor.,Additional traffic personnel recommended,Prepare/activate suitable diversion planning,Suspend or reschedule non-essential roadwork where operationally appropriate,Adverse weather is present; consider additional caution and traffic monitoring.
2024-05-05,Koramangala | Sarjapur Road,Koramangala,Sarjapur Road,High,High,False,,False,Clear,No,High,Deploy additional traffic personnel and prepare diversion measures for the affected corridor.,Additional traffic personnel recommended,Prepare/activate suitable diversion planning,Suspend or reschedule non-essential roadwork where operationally appropriate,
2024-05-05,Electronic City | Hosur Road,Electronic City,Hosur Road,Low,Low,False,,False,Clear,No,Normal,Normal traffic management; continue routine monitoring.,Routine traffic personnel,No special diversion recommended,No special roadwork restriction recommended,
2024-05-05,Jayanagar | Jayanagar 4th Block,Jayanagar,Jayanagar 4th Block,High,High,False,,False,Fog,No,High,Deploy additional traffic personnel and prepare diversion measures for the affected corridor.,Additional traffic personnel recommended,Prepare/activate suitable diversion planning,Suspend or reschedule non-essential roadwork where operationally appropriate,Adverse weather is present; consider additional caution and traffic monitoring.
2024-05-06,Indiranagar | 100 Feet Road,Indiranagar,100 Feet Road,High,High,False,,False,Clear,Yes,High,Deploy additional traffic personnel and prepare diversion measures for the affected corridor.,Additional traffic personnel recommended,Prepare/activate suitable diversion planning,Suspend or reschedule non-essential roadwork where operationally appropriate,Roadwork is present; review whether it can be postponed during high-congestion periods.
2024-05-06,Indiranagar | CMH Road,Indiranagar,CMH Road,Medium,Medium,False,,False,Rain,No,Moderate,Increase traffic monitoring and consider additional personnel at the affected corridor.,Consider additional traffic personnel,Consider diversion planning if congestion persists,Review non-essential roadwork scheduling,Adverse weather is present; consider additional caution and traffic monitoring.
2024-05-06,Whitefield | Marathahalli Bridge,Whitefield,Marathahalli Bridge,Medium,Medium,False,,False,Clear,No,Moderate,Increase traffic monitoring and consider additional personnel at the affected corridor.,Consider additional traffic personnel,Consider diversion planning if congestion persists,Review non-essential roadwork scheduling,
2024-05-06,Whitefield | ITPL Main Road,Whitefield,ITPL Main Road,High,High,False,,False,Clear,No,High,Deploy additional traffic personnel and prepare diversion measures for the affected corridor.,Additional traffic personnel recommended,Prepare/activate suitable diversion planning,Suspend or reschedule non-essential roadwork where operationally appropriate,
2024-05-06,Koramangala | Sony World Junction,Koramangala,Sony World Junction,High,High,False,,False,Clear,No,High,Deploy additional traffic personnel and prepare diversion measures for the affected corridor.,Additional traffic personnel recommended,Prepare/activate suitable diversion planning,Suspend or reschedule non-essential roadwork where operationally appropriate,
2024-05-06,Koramangala | Sarjapur Road,Koramangala,Sarjapur Road,High,High,False,,False,Clear,No,High,Deploy additional traffic personnel and prepare diversion measures for the affected corridor.,Additional traffic personnel recommended,Prepare/activate suitable diversion planning,Suspend or reschedule non-essential roadwork where operationally appropriate,
2024-05-06,Electronic City | Hosur Road,Electronic City,Hosur Road,Medium,Medium,False,,False,Clear,No,Moderate,Increase traffic monitoring and consider additional personnel at the affected corridor.,Consider additional traffic personnel,Consider diversion planning if congestion persists,Review non-essential roadwork scheduling,
2024-05-06,M.G. Road | Anil Kumble Circle,M.G. Road,Anil Kumble Circle,High,High,False,,False,Clear,No,High,Deploy additional traffic personnel and prepare diversion measures for the affected corridor.,Additional traffic personnel recommended,Prepare/activate suitable diversion planning,Suspend or reschedule non-essential roadwork where operationally appropriate,
2024-05-06,Jayanagar | South End Circle,Jayanagar,South End Circle,High,Medium,False,,False,Clear,No,Moderate,Increase traffic monitoring and consider additional personnel at the affected corridor.,Consider additional traffic personnel,Consider diversion planning if congestion persists,Review non-essential roadwork scheduling,
2024-05-07,Indiranagar | 100 Feet Road,Indiranagar,100 Feet Road,High,High,False,,False,Clear,No,High,Deploy additional traffic personnel and prepare diversion measures for the affected corridor.,Additional traffic personnel recommended,Prepare/activate suitable diversion planning,Suspend or reschedule non-essential roadwork where operationally appropriate,
2024-05-07,Whitefield | ITPL Main Road,Whitefield,ITPL Main Road,Medium,High,False,,False,Fog,No,High,Deploy additional traffic personnel and prepare diversion measures for the affected corridor.,Additional traffic personnel recommended,Prepare/activate suitable diversion planning,Suspend or reschedule non-essential roadwork where operationally appropriate,Adverse weather is present; consider additional caution and traffic monitoring.
2024-05-07,Electronic City | Hosur Road,Electronic City,Hosur Road,Low,Low,False,,False,Clear,No,Normal,Normal traffic management; continue routine monitoring.,Routine traffic personnel,No special diversion recommended,No special roadwork restriction recommended,
2024-05-07,Electronic City | Silk Board Junction,Electronic City,Silk Board Junction,Low,Low,False,,False,Fog,No,Normal,Normal traffic management; continue routine monitoring.,Routine traffic personnel,No special diversion recommended,No special roadwork restriction recommended,Adverse weather is present; consider additional caution and traffic monitoring.
2024-05-07,M.G. Road | Trinity Circle,M.G. Road,Trinity Circle,Low,Low,False,,False,Clear,No,Normal,Normal traffic management; continue routine monitoring.,Routine traffic personnel,No special diversion recommended,No special roadwork restriction recommended,
2024-05-07,M.G. Road | Anil Kumble Circle,M.G. Road,Anil Kumble Circle,High,High,False,,False,Overcast,No,High,Deploy additional traffic personnel and prepare diversion measures for the affected corridor.,Additional traffic personnel recommended,Prepare/activate suitable diversion planning,Suspend or reschedule non-essential roadwork where operationally appropriate,
2024-05-07,Jayanagar | Jayanagar 4th Block,Jayanagar,Jayanagar 4th Block,Low,Low,False,,False,Rain,No,Normal,Normal traffic management; continue routine monitoring.,Routine traffic personnel,No special diversion recommended,No special roadwork restriction recommended,Adverse weather is present; consider additional caution and traffic monitoring.
2024-05-07,Yeshwanthpur | Tumkur Road,Yeshwanthpur,Tumkur Road,Medium,Medium,False,,False,Clear,No,Moderate,Increase traffic monitoring and consider additional personnel at the affected corridor.,Consider additional traffic personnel,Consider diversion planning if congestion persists,Review non-essential roadwork scheduling,
2024-05-08,Indiranagar | 100 Feet Road,Indiranagar,100 Feet Road,High,High,False,,False,Clear,No,High,Deploy additional traffic personnel and prepare diversion measures for the affected corridor.,Additional traffic personnel recommended,Prepare/activate suitable diversion planning,Suspend or reschedule non-essential roadwork where operationally appropriate,
2024-05-08,Indiranagar | CMH Road,Indiranagar,CMH Road,High,Medium,False,,False,Clear,Yes,Moderate,Increase traffic monitoring and consider additional personnel at the affected corridor.,Consider additional traffic personnel,Consider diversion planning if congestion persists,Review non-essential roadwork scheduling,Roadwork is present; review whether it can be postponed during high-congestion periods.
2024-05-08,Whitefield | Marathahalli Bridge,Whitefield,Marathahalli Bridge,Low,Low,False,,False,Clear,No,Normal,Normal traffic management; continue routine monitoring.,Routine traffic personnel,No special diversion recommended,No special roadwork restriction recommended,
2024-05-08,Koramangala | Sony World Junction,Koramangala,Sony World Junction,High,High,False,,False,Overcast,No,High,Deploy additional traffic personnel and prepare diversion measures for the affected corridor.,Additional traffic personnel recommended,Prepare/activate suitable diversion planning,Suspend or reschedule non-essential roadwork where operationally appropriate,
2024-05-08,Koramangala | Sarjapur Road,Koramangala,Sarjapur Road,Low,Low,False,,False,Overcast,No,Normal,Normal traffic management; continue routine monitoring.,Routine traffic personnel,No special diversion recommended,No special roadwork restriction recommended,
2024-05-08,Electronic City | Hosur Road,Electronic City,Hosur Road,Medium,Medium,False,,False,Fog,No,Moderate,Increase traffic monitoring and consider additional personnel at the affected corridor.,Consider additional traffic personnel,Consider diversion planning if congestion persists,Review non-essential roadwork scheduling,Adverse weather is present; consider additional caution and traffic monitoring.
2024-05-08,M.G. Road | Trinity Circle,M.G. Road,Trinity Circle,High,High,False,,False,Clear,No,High,Deploy additional traffic personnel and prepare diversion measures for the affected corridor.,Additional traffic personnel recommended,Prepare/activate suitable diversion planning,Suspend or reschedule non-essential roadwork where operationally appropriate,
2024-05-08,M.G. Road | Anil Kumble Circle,M.G. Road,Anil Kumble Circle,High,Medium,False,,False,Clear,No,Moderate,Increase traffic monitoring and consider additional personnel at the affected corridor.,Consider additional traffic personnel,Consider diversion planning if congestion persists,Review non-essential roadwork scheduling,
2024-05-08,Jayanagar | Jayanagar 4th Block,Jayanagar,Jayanagar 4th Block,High,High,False,,False,Overcast,No,High,Deploy additional traffic personnel and prepare diversion measures for the affected corridor.,Additional traffic personnel recommended,Prepare/activate suitable diversion planning,Suspend or reschedule non-essential roadwork where operationally appropriate,
2024-05-08,Jayanagar | South End Circle,Jayanagar,South End Circle,High,High,False,,False,Overcast,No,High,Deploy additional traffic personnel and prepare diversion measures for the affected corridor.,Additional traffic personnel recommended,Prepare/activate suitable diversion planning,Suspend or reschedule non-essential roadwork where operationally appropriate,
2024-05-08,Hebbal | Hebbal Flyover,Hebbal,Hebbal Flyover,Medium,Medium,False,,False,Rain,No,Moderate,Increase traffic monitoring and consider additional personnel at the affected corridor.,Consider additional traffic personnel,Consider diversion planning if congestion persists,Review non-essential roadwork scheduling,Adverse weather is present; consider additional caution and traffic monitoring.
2024-05-08,Hebbal | Ballari Road,Hebbal,Ballari Road,Medium,High,False,,False,Clear,Yes,High,Deploy additional traffic personnel and prepare diversion measures for the affected corridor.,Additional traffic personnel recommended,Prepare/activate suitable diversion planning,Suspend or reschedule non-essential roadwork where operationally appropriate,Roadwork is present; review whether it can be postponed during high-congestion periods.
2024-05-08,Yeshwanthpur | Yeshwanthpur Circle,Yeshwanthpur,Yeshwanthpur Circle,Medium,Low,False,,False,Clear,No,Normal,Normal traffic management; continue routine monitoring.,Routine traffic personnel,No special diversion recommended,No special roadwork restriction recommended,
2024-05-08,Yeshwanthpur | Tumkur Road,Yeshwanthpur,Tumkur Road,High,High,False,,False,Clear,No,High,Deploy additional traffic personnel and prepare diversion measures for the affected corridor.,Additional traffic personnel recommended,Prepare/activate suitable diversion planning,Suspend or reschedule non-essential roadwork where operationally appropriate,
2024-05-09,Indiranagar | CMH Road,Indiranagar,CMH Road,High,High,False,,False,Clear,No,High,Deploy additional traffic personnel and prepare diversion measures for the affected corridor.,Additional traffic personnel recommended,Prepare/activate suitable diversion planning,Suspend or reschedule non-essential roadwork where operationally appropriate,
2024-05-09,Whitefield | ITPL Main Road,Whitefield,ITPL Main Road,Medium,Medium,False,,False,Clear,No,Moderate,Increase traffic monitoring and consider additional personnel at the affected corridor.,Consider additional traffic personnel,Consider diversion planning if congestion persists,Review non-essential roadwork scheduling,
2024-05-09,Electronic City | Hosur Road,Electronic City,Hosur Road,Medium,Medium,False,,False,Clear,No,Moderate,Increase traffic monitoring and consider additional personnel at the affected corridor.,Consider additional traffic personnel,Consider diversion planning if congestion persists,Review non-essential roadwork scheduling,
2024-05-09,M.G. Road | Trinity Circle,M.G. Road,Trinity Circle,High,High,False,,False,Clear,No,High,Deploy additional traffic personnel and prepare diversion measures for the affected corridor.,Additional traffic personnel recommended,Prepare/activate suitable diversion planning,Suspend or reschedule non-essential roadwork where operationally appropriate,
2024-05-09,M.G. Road | Anil Kumble Circle,M.G. Road,Anil Kumble Circle,High,High,False,,False,Clear,No,High,Deploy additional traffic personnel and prepare diversion measures for the affected corridor.,Additional traffic personnel recommended,Prepare/activate suitable diversion planning,Suspend or reschedule non-essential roadwork where operationally appropriate,
2024-05-09,Jayanagar | South End Circle,Jayanagar,South End Circle,Medium,Medium,False,,False,Clear,No,Moderate,Increase traffic monitoring and consider additional personnel at the affected corridor.,Consider additional traffic personnel,Consider diversion planning if congestion persists,Review non-essential roadwork scheduling,
2024-05-09,Yeshwanthpur | Tumkur Road,Yeshwanthpur,Tumkur Road,High,High,False,,False,Clear,No,High,Deploy additional traffic personnel and prepare diversion measures for the affected corridor.,Additional traffic personnel recommended,Prepare/activate suitable diversion planning,Suspend or reschedule non-essential roadwork where operationally appropriate,
2024-05-10,Indiranagar | 100 Feet Road,Indiranagar,100 Feet Road,Medium,Medium,True,Basava Jayanthi / Akshaya Tritiya,True,Overcast,No,Moderate,Increase traffic monitoring and consider additional personnel at the affected corridor.,Consider additional traffic personnel,Consider diversion planning if congestion persists,Review non-essential roadwork scheduling,Festival-related traffic conditions detected; strengthen traffic management preparedness.; Holiday-related traffic conditions detected; review expected travel demand.
2024-05-10,Indiranagar | CMH Road,Indiranagar,CMH Road,High,High,True,Basava Jayanthi / Akshaya Tritiya,True,Clear,No,High,Deploy additional traffic personnel and prepare diversion measures for the affected corridor.,Additional traffic personnel recommended,Prepare/activate suitable diversion planning,Suspend or reschedule non-essential roadwork where operationally appropriate,Festival-related traffic conditions detected; strengthen traffic management preparedness.; Holiday-related traffic conditions detected; review expected travel demand.
2024-05-10,Electronic City | Hosur Road,Electronic City,Hosur Road,Medium,Medium,True,Basava Jayanthi / Akshaya Tritiya,True,Clear,No,Moderate,Increase traffic monitoring and consider additional personnel at the affected corridor.,Consider additional traffic personnel,Consider diversion planning if congestion persists,Review non-essential roadwork scheduling,Festival-related traffic conditions detected; strengthen traffic management preparedness.; Holiday-related traffic conditions detected; review expected travel demand.
2024-05-10,M.G. Road | Trinity Circle,M.G. Road,Trinity Circle,High,High,True,Basava Jayanthi / Akshaya Tritiya,True,Clear,Yes,High,Deploy additional traffic personnel and prepare diversion measures for the affected corridor.,Additional traffic personnel recommended,Prepare/activate suitable diversion planning,Suspend or reschedule non-essential roadwork where operationally appropriate,Festival-related traffic conditions detected; strengthen traffic management preparedness.; Holiday-related traffic conditions detected; review expected travel demand.; Roadwork is present; review whether it can be postponed during high-congestion periods.
2024-05-10,M.G. Road | Anil Kumble Circle,M.G. Road,Anil Kumble Circle,Medium,Medium,True,Basava Jayanthi / Akshaya Tritiya,True,Clear,Yes,Moderate,Increase traffic monitoring and consider additional personnel at the affected corridor.,Consider additional traffic personnel,Consider diversion planning if congestion persists,Review non-essential roadwork scheduling,Festival-related traffic conditions detected; strengthen traffic management preparedness.; Holiday-related traffic conditions detected; review expected travel demand.; Roadwork is present; review whether it can be postponed during high-congestion periods.
2024-05-10,Jayanagar | Jayanagar 4th Block,Jayanagar,Jayanagar 4th Block,Low,Low,True,Basava Jayanthi / Akshaya Tritiya,True,Clear,No,Normal,Normal traffic management; continue routine monitoring.,Routine traffic personnel,No special diversion recommended,No special roadwork restriction recommended,Festival-related traffic conditions detected; strengthen traffic management preparedness.; Holiday-related traffic conditions detected; review expected travel demand.
2024-05-10,Yeshwanthpur | Tumkur Road,Yeshwanthpur,Tumkur Road,Low,Medium,True,Basava Jayanthi / Akshaya Tritiya,True,Clear,No,Moderate,Increase traffic monitoring and consider additional personnel at the affected corridor.,Consider additional traffic personnel,Consider diversion planning if congestion persists,Review non-essential roadwork scheduling,Festival-related traffic conditions detected; strengthen traffic management preparedness.; Holiday-related traffic conditions detected; review expected travel demand.
2024-05-11,Indiranagar | 100 Feet Road,Indiranagar,100 Feet Road,Medium,Medium,False,,False,Clear,No,Moderate,Increase traffic monitoring and consider additional personnel at the affected corridor.,Consider additional traffic personnel,Consider diversion planning if congestion persists,Review non-essential roadwork scheduling,
2024-05-11,Indiranagar | CMH Road,Indiranagar,CMH Road,High,High,False,,False,Clear,No,High,Deploy additional traffic personnel and prepare diversion measures for the affected corridor.,Additional traffic personnel recommended,Prepare/activate suitable diversion planning,Suspend or reschedule non-essential roadwork where operationally appropriate,
2024-05-11,Whitefield | Marathahalli Bridge,Whitefield,Marathahalli Bridge,Medium,Medium,False,,False,Clear,No,Moderate,Increase traffic monitoring and consider additional personnel at the affected corridor.,Consider additional traffic personnel,Consider diversion planning if congestion persists,Review non-essential roadwork scheduling,
2024-05-11,Koramangala | Sony World Junction,Koramangala,Sony World Junction,High,High,False,,False,Clear,No,High,Deploy additional traffic personnel and prepare diversion measures for the affected corridor.,Additional traffic personnel recommended,Prepare/activate suitable diversion planning,Suspend or reschedule non-essential roadwork where operationally appropriate,
2024-05-11,Koramangala | Sarjapur Road,Koramangala,Sarjapur Road,High,High,False,,False,Clear,No,High,Deploy additional traffic personnel and prepare diversion measures for the affected corridor.,Additional traffic personnel recommended,Prepare/activate suitable diversion planning,Suspend or reschedule non-essential roadwork where operationally appropriate,
2024-05-11,Electronic City | Silk Board Junction,Electronic City,Silk Board Junction,Low,Low,False,,False,Clear,Yes,Normal,Normal traffic management; continue routine monitoring.,Routine traffic personnel,No special diversion recommended,No special roadwork restriction recommended,Roadwork is present; review whether it can be postponed during high-congestion periods.
2024-05-11,M.G. Road | Trinity Circle,M.G. Road,Trinity Circle,Low,Low,False,,False,Clear,No,Normal,Normal traffic management; continue routine monitoring.,Routine traffic personnel,No special diversion recommended,No special roadwork restriction recommended,
2024-05-11,M.G. Road | Anil Kumble Circle,M.G. Road,Anil Kumble Circle,Medium,Medium,False,,False,Clear,Yes,Moderate,Increase traffic monitoring and consider additional personnel at the affected corridor.,Consider additional traffic personnel,Consider diversion planning if congestion persists,Review non-essential roadwork scheduling,Roadwork is present; review whether it can be postponed during high-congestion periods.
2024-05-11,Jayanagar | South End Circle,Jayanagar,South End Circle,High,High,False,,False,Rain,No,High,Deploy additional traffic personnel and prepare diversion measures for the affected corridor.,Additional traffic personnel recommended,Prepare/activate suitable diversion planning,Suspend or reschedule non-essential roadwork where operationally appropriate,Adverse weather is present; consider additional caution and traffic monitoring.
2024-05-11,Hebbal | Ballari Road,Hebbal,Ballari Road,Low,Low,False,,False,Clear,No,Normal,Normal traffic management; continue routine monitoring.,Routine traffic personnel,No special diversion recommended,No special roadwork restriction recommended,
2024-05-11,Yeshwanthpur | Yeshwanthpur Circle,Yeshwanthpur,Yeshwanthpur Circle,Medium,Medium,False,,False,Clear,No,Moderate,Increase traffic monitoring and consider additional personnel at the affected corridor.,Consider additional traffic personnel,Consider diversion planning if congestion persists,Review non-essential roadwork scheduling,
2024-05-12,Indiranagar | 100 Feet Road,Indiranagar,100 Feet Road,High,High,False,,False,Clear,No,High,Deploy additional traffic personnel and prepare diversion measures for the affected corridor.,Additional traffic personnel recommended,Prepare/activate suitable diversion planning,Suspend or reschedule non-essential roadwork where operationally appropriate,
2024-05-12,Indiranagar | CMH Road,Indiranagar,CMH Road,Low,Low,False,,False,Clear,No,Normal,Normal traffic management; continue routine monitoring.,Routine traffic personnel,No special diversion recommended,No special roadwork restriction recommended,
2024-05-12,Whitefield | Marathahalli Bridge,Whitefield,Marathahalli Bridge,Medium,Medium,False,,False,Clear,No,Moderate,Increase traffic monitoring and consider additional personnel at the affected corridor.,Consider additional traffic personnel,Consider diversion planning if congestion persists,Review non-essential roadwork scheduling,
2024-05-12,Koramangala | Sarjapur Road,Koramangala,Sarjapur Road,High,High,False,,False,Overcast,No,High,Deploy additional traffic personnel and prepare diversion measures for the affected corridor.,Additional traffic personnel recommended,Prepare/activate suitable diversion planning,Suspend or reschedule non-essential roadwork where operationally appropriate,
2024-05-12,M.G. Road | Trinity Circle,M.G. Road,Trinity Circle,Medium,Medium,False,,False,Clear,No,Moderate,Increase traffic monitoring and consider additional personnel at the affected corridor.,Consider additional traffic personnel,Consider diversion planning if congestion persists,Review non-essential roadwork scheduling,
2024-05-12,M.G. Road | Anil Kumble Circle,M.G. Road,Anil Kumble Circle,High,High,False,,False,Clear,No,High,Deploy additional traffic personnel and prepare diversion measures for the affected corridor.,Additional traffic personnel recommended,Prepare/activate suitable diversion planning,Suspend or reschedule non-essential roadwork where operationally appropriate,
2024-05-12,Yeshwanthpur | Tumkur Road,Yeshwanthpur,Tumkur Road,Low,Low,False,,False,Rain,Yes,Normal,Normal traffic management; continue routine monitoring.,Routine traffic personnel,No special diversion recommended,No special roadwork restriction recommended,Roadwork is present; review whether it can be postponed during high-congestion periods.; Adverse weather is present; consider additional caution and traffic monitoring.
2024-05-13,Indiranagar | 100 Feet Road,Indiranagar,100 Feet Road,High,High,False,,False,Rain,No,High,Deploy additional traffic personnel and prepare diversion measures for the affected corridor.,Additional traffic personnel recommended,Prepare/activate suitable diversion planning,Suspend or reschedule non-essential roadwork where operationally appropriate,Adverse weather is present; consider additional caution and traffic monitoring.
2024-05-13,Indiranagar | CMH Road,Indiranagar,CMH Road,High,High,False,,False,Clear,Yes,High,Deploy additional traffic personnel and prepare diversion measures for the affected corridor.,Additional traffic personnel recommended,Prepare/activate suitable diversion planning,Suspend or reschedule non-essential roadwork where operationally appropriate,Roadwork is present; review whether it can be postponed during high-congestion periods.
2024-05-13,Whitefield | Marathahalli Bridge,Whitefield,Marathahalli Bridge,Low,Medium,False,,False,Overcast,No,Moderate,Increase traffic monitoring and consider additional personnel at the affected corridor.,Consider additional traffic personnel,Consider diversion planning if congestion persists,Review non-essential roadwork scheduling,
2024-05-13,Koramangala | Sarjapur Road,Koramangala,Sarjapur Road,High,High,False,,False,Clear,No,High,Deploy additional traffic personnel and prepare diversion measures for the affected corridor.,Additional traffic personnel recommended,Prepare/activate suitable diversion planning,Suspend or reschedule non-essential roadwork where operationally appropriate,
2024-05-13,M.G. Road | Trinity Circle,M.G. Road,Trinity Circle,High,High,False,,False,Clear,No,High,Deploy additional traffic personnel and prepare diversion measures for the affected corridor.,Additional traffic personnel recommended,Prepare/activate suitable diversion planning,Suspend or reschedule non-essential roadwork where operationally appropriate,
2024-05-13,M.G. Road | Anil Kumble Circle,M.G. Road,Anil Kumble Circle,High,High,False,,False,Clear,No,High,Deploy additional traffic personnel and prepare diversion measures for the affected corridor.,Additional traffic personnel recommended,Prepare/activate suitable diversion planning,Suspend or reschedule non-essential roadwork where operationally appropriate,
2024-05-13,Hebbal | Ballari Road,Hebbal,Ballari Road,High,High,False,,False,Clear,No,High,Deploy additional traffic personnel and prepare diversion measures for the affected corridor.,Additional traffic personnel recommended,Prepare/activate suitable diversion planning,Suspend or reschedule non-essential roadwork where operationally appropriate,
2024-05-14,Indiranagar | 100 Feet Road,Indiranagar,100 Feet Road,High,High,False,,False,Clear,No,High,Deploy additional traffic personnel and prepare diversion measures for the affected corridor.,Additional traffic personnel recommended,Prepare/activate suitable diversion planning,Suspend or reschedule non-essential roadwork where operationally appropriate,
2024-05-14,Indiranagar | CMH Road,Indiranagar,CMH Road,High,High,False,,False,Rain,No,High,Deploy additional traffic personnel and prepare diversion measures for the affected corridor.,Additional traffic personnel recommended,Prepare/activate suitable diversion planning,Suspend or reschedule non-essential roadwork where operationally appropriate,Adverse weather is present; consider additional caution and traffic monitoring.
2024-05-14,Whitefield | Marathahalli Bridge,Whitefield,Marathahalli Bridge,Medium,Medium,False,,False,Windy,No,Moderate,Increase traffic monitoring and consider additional personnel at the affected corridor.,Consider additional traffic personnel,Consider diversion planning if congestion persists,Review non-essential roadwork scheduling,
2024-05-14,Whitefield | ITPL Main Road,Whitefield,ITPL Main Road,Medium,Low,False,,False,Clear,No,Normal,Normal traffic management; continue routine monitoring.,Routine traffic personnel,No special diversion recommended,No special roadwork restriction recommended,
2024-05-14,Koramangala | Sony World Junction,Koramangala,Sony World Junction,High,High,False,,False,Clear,No,High,Deploy additional traffic personnel and prepare diversion measures for the affected corridor.,Additional traffic personnel recommended,Prepare/activate suitable diversion planning,Suspend or reschedule non-essential roadwork where operationally appropriate,
2024-05-14,Koramangala | Sarjapur Road,Koramangala,Sarjapur Road,Low,Low,False,,False,Overcast,No,Normal,Normal traffic management; continue routine monitoring.,Routine traffic personnel,No special diversion recommended,No special roadwork restriction recommended,
2024-05-14,Electronic City | Hosur Road,Electronic City,Hosur Road,Medium,Medium,False,,False,Clear,No,Moderate,Increase traffic monitoring and consider additional personnel at the affected corridor.,Consider additional traffic personnel,Consider diversion planning if congestion persists,Review non-essential roadwork scheduling,
2024-05-14,M.G. Road | Trinity Circle,M.G. Road,Trinity Circle,High,High,False,,False,Windy,No,High,Deploy additional traffic personnel and prepare diversion measures for the affected corridor.,Additional traffic personnel recommended,Prepare/activate suitable diversion planning,Suspend or reschedule non-essential roadwork where operationally appropriate,
2024-05-14,M.G. Road | Anil Kumble Circle,M.G. Road,Anil Kumble Circle,Medium,Medium,False,,False,Clear,No,Moderate,Increase traffic monitoring and consider additional personnel at the affected corridor.,Consider additional traffic personnel,Consider diversion planning if congestion persists,Review non-essential roadwork scheduling,
2024-05-14,Jayanagar | South End Circle,Jayanagar,South End Circle,High,High,False,,False,Clear,No,High,Deploy additional traffic personnel and prepare diversion measures for the affected corridor.,Additional traffic personnel recommended,Prepare/activate suitable diversion planning,Suspend or reschedule non-essential roadwork where operationally appropriate,
2024-05-14,Hebbal | Hebbal Flyover,Hebbal,Hebbal Flyover,Low,Medium,False,,False,Clear,No,Moderate,Increase traffic monitoring and consider additional personnel at the affected corridor.,Consider additional traffic personnel,Consider diversion planning if congestion persists,Review non-essential roadwork scheduling,
2024-05-14,Yeshwanthpur | Tumkur Road,Yeshwanthpur,Tumkur Road,Medium,Medium,False,,False,Clear,No,Moderate,Increase traffic monitoring and consider additional personnel at the affected corridor.,Consider additional traffic personnel,Consider diversion planning if congestion persists,Review non-essential roadwork scheduling,
2024-05-15,Indiranagar | 100 Feet Road,Indiranagar,100 Feet Road,Medium,Medium,False,,False,Clear,No,Moderate,Increase traffic monitoring and consider additional personnel at the affected corridor.,Consider additional traffic personnel,Consider diversion planning if congestion persists,Review non-essential roadwork scheduling,
2024-05-15,Indiranagar | CMH Road,Indiranagar,CMH Road,High,High,False,,False,Clear,No,High,Deploy additional traffic personnel and prepare diversion measures for the affected corridor.,Additional traffic personnel recommended,Prepare/activate suitable diversion planning,Suspend or reschedule non-essential roadwork where operationally appropriate,
2024-05-15,Koramangala | Sony World Junction,Koramangala,Sony World Junction,High,High,False,,False,Clear,No,High,Deploy additional traffic personnel and prepare diversion measures for the affected corridor.,Additional traffic personnel recommended,Prepare/activate suitable diversion planning,Suspend or reschedule non-essential roadwork where operationally appropriate,
2024-05-15,Koramangala | Sarjapur Road,Koramangala,Sarjapur Road,High,High,False,,False,Clear,No,High,Deploy additional traffic personnel and prepare diversion measures for the affected corridor.,Additional traffic personnel recommended,Prepare/activate suitable diversion planning,Suspend or reschedule non-essential roadwork where operationally appropriate,
2024-05-15,M.G. Road | Trinity Circle,M.G. Road,Trinity Circle,High,High,False,,False,Clear,No,High,Deploy additional traffic personnel and prepare diversion measures for the affected corridor.,Additional traffic personnel recommended,Prepare/activate suitable diversion planning,Suspend or reschedule non-essential roadwork where operationally appropriate,
2024-05-15,M.G. Road | Anil Kumble Circle,M.G. Road,Anil Kumble Circle,Medium,Medium,False,,False,Rain,Yes,Moderate,Increase traffic monitoring and consider additional personnel at the affected corridor.,Consider additional traffic personnel,Consider diversion planning if congestion persists,Review non-essential roadwork scheduling,Roadwork is present; review whether it can be postponed during high-congestion periods.; Adverse weather is present; consider additional caution and traffic monitoring.
2024-05-15,Jayanagar | Jayanagar 4th Block,Jayanagar,Jayanagar 4th Block,Low,Low,False,,False,Overcast,No,Normal,Normal traffic management; continue routine monitoring.,Routine traffic personnel,No special diversion recommended,No special roadwork restriction recommended,
2024-05-15,Hebbal | Hebbal Flyover,Hebbal,Hebbal Flyover,Low,Low,False,,False,Clear,No,Normal,Normal traffic management; continue routine monitoring.,Routine traffic personnel,No special diversion recommended,No special roadwork restriction recommended,
2024-05-15,Yeshwanthpur | Yeshwanthpur Circle,Yeshwanthpur,Yeshwanthpur Circle,Low,Low,False,,False,Overcast,No,Normal,Normal traffic management; continue routine monitoring.,Routine traffic personnel,No special diversion recommended,No special roadwork restriction recommended,
2024-05-16,Indiranagar | 100 Feet Road,Indiranagar,100 Feet Road,Low,Low,False,,False,Clear,Yes,Normal,Normal traffic management; continue routine monitoring.,Routine traffic personnel,No special diversion recommended,No special roadwork restriction recommended,Roadwork is present; review whether it can be postponed during high-congestion periods.
2024-05-16,Indiranagar | CMH Road,Indiranagar,CMH Road,High,High,False,,False,Rain,Yes,High,Deploy additional traffic personnel and prepare diversion measures for the affected corridor.,Additional traffic personnel recommended,Prepare/activate suitable diversion planning,Suspend or reschedule non-essential roadwork where operationally appropriate,Roadwork is present; review whether it can be postponed during high-congestion periods.; Adverse weather is present; consider additional caution and traffic monitoring.
2024-05-16,Koramangala | Sarjapur Road,Koramangala,Sarjapur Road,High,High,False,,False,Clear,No,High,Deploy additional traffic personnel and prepare diversion measures for the affected corridor.,Additional traffic personnel recommended,Prepare/activate suitable diversion planning,Suspend or reschedule non-essential roadwork where operationally appropriate,
2024-05-16,M.G. Road | Trinity Circle,M.G. Road,Trinity Circle,High,High,False,,False,Clear,No,High,Deploy additional traffic personnel and prepare diversion measures for the affected corridor.,Additional traffic personnel recommended,Prepare/activate suitable diversion planning,Suspend or reschedule non-essential roadwork where operationally appropriate,
2024-05-16,M.G. Road | Anil Kumble Circle,M.G. Road,Anil Kumble Circle,Medium,Medium,False,,False,Windy,No,Moderate,Increase traffic monitoring and consider additional personnel at the affected corridor.,Consider additional traffic personnel,Consider diversion planning if congestion persists,Review non-essential roadwork scheduling,
2024-05-16,Jayanagar | Jayanagar 4th Block,Jayanagar,Jayanagar 4th Block,High,High,False,,False,Rain,No,High,Deploy additional traffic personnel and prepare diversion measures for the affected corridor.,Additional traffic personnel recommended,Prepare/activate suitable diversion planning,Suspend or reschedule non-essential roadwork where operationally appropriate,Adverse weather is present; consider additional caution and traffic monitoring.
2024-05-16,Hebbal | Ballari Road,Hebbal,Ballari Road,Medium,Medium,False,,False,Windy,No,Moderate,Increase traffic monitoring and consider additional personnel at the affected corridor.,Consider additional traffic personnel,Consider diversion planning if congestion persists,Review non-essential roadwork scheduling,
2024-05-16,Yeshwanthpur | Tumkur Road,Yeshwanthpur,Tumkur Road,Medium,Medium,False,,False,Clear,No,Moderate,Increase traffic monitoring and consider additional personnel at the affected corridor.,Consider additional traffic personnel,Consider diversion planning if congestion persists,Review non-essential roadwork scheduling,
2024-05-17,Indiranagar | CMH Road,Indiranagar,CMH Road,High,High,False,,False,Clear,Yes,High,Deploy additional traffic personnel and prepare diversion measures for the affected corridor.,Additional traffic personnel recommended,Prepare/activate suitable diversion planning,Suspend or reschedule non-essential roadwork where operationally appropriate,Roadwork is present; review whether it can be postponed during high-congestion periods.
2024-05-17,Whitefield | Marathahalli Bridge,Whitefield,Marathahalli Bridge,Low,Low,False,,False,Overcast,No,Normal,Normal traffic management; continue routine monitoring.,Routine traffic personnel,No special diversion recommended,No special roadwork restriction recommended,
2024-05-17,M.G. Road | Trinity Circle,M.G. Road,Trinity Circle,High,High,False,,False,Clear,No,High,Deploy additional traffic personnel and prepare diversion measures for the affected corridor.,Additional traffic personnel recommended,Prepare/activate suitable diversion planning,Suspend or reschedule non-essential roadwork where operationally appropriate,
2024-05-17,M.G. Road | Anil Kumble Circle,M.G. Road,Anil Kumble Circle,High,High,False,,False,Clear,No,High,Deploy additional traffic personnel and prepare diversion measures for the affected corridor.,Additional traffic personnel recommended,Prepare/activate suitable diversion planning,Suspend or reschedule non-essential roadwork where operationally appropriate,
2024-05-17,Hebbal | Ballari Road,Hebbal,Ballari Road,High,High,False,,False,Clear,No,High,Deploy additional traffic personnel and prepare diversion measures for the affected corridor.,Additional traffic personnel recommended,Prepare/activate suitable diversion planning,Suspend or reschedule non-essential roadwork where operationally appropriate,
2024-05-18,Indiranagar | 100 Feet Road,Indiranagar,100 Feet Road,High,High,False,,False,Windy,No,High,Deploy additional traffic personnel and prepare diversion measures for the affected corridor.,Additional traffic personnel recommended,Prepare/activate suitable diversion planning,Suspend or reschedule non-essential roadwork where operationally appropriate,
2024-05-18,Indiranagar | CMH Road,Indiranagar,CMH Road,Medium,Medium,False,,False,Fog,No,Moderate,Increase traffic monitoring and consider additional personnel at the affected corridor.,Consider additional traffic personnel,Consider diversion planning if congestion persists,Review non-essential roadwork scheduling,Adverse weather is present; consider additional caution and traffic monitoring.
2024-05-18,Whitefield | Marathahalli Bridge,Whitefield,Marathahalli Bridge,High,High,False,,False,Clear,No,High,Deploy additional traffic personnel and prepare diversion measures for the affected corridor.,Additional traffic personnel recommended,Prepare/activate suitable diversion planning,Suspend or reschedule non-essential roadwork where operationally appropriate,
2024-05-18,Whitefield | ITPL Main Road,Whitefield,ITPL Main Road,Low,Low,False,,False,Clear,No,Normal,Normal traffic management; continue routine monitoring.,Routine traffic personnel,No special diversion recommended,No special roadwork restriction recommended,
2024-05-18,Koramangala | Sony World Junction,Koramangala,Sony World Junction,High,High,False,,False,Clear,No,High,Deploy additional traffic personnel and prepare diversion measures for the affected corridor.,Additional traffic personnel recommended,Prepare/activate suitable diversion planning,Suspend or reschedule non-essential roadwork where operationally appropriate,
2024-05-18,Electronic City | Hosur Road,Electronic City,Hosur Road,Low,Low,False,,False,Clear,No,Normal,Normal traffic management; continue routine monitoring.,Routine traffic personnel,No special diversion recommended,No special roadwork restriction recommended,
2024-05-18,M.G. Road | Trinity Circle,M.G. Road,Trinity Circle,High,High,False,,False,Fog,No,High,Deploy additional traffic personnel and prepare diversion measures for the affected corridor.,Additional traffic personnel recommended,Prepare/activate suitable diversion planning,Suspend or reschedule non-essential roadwork where operationally appropriate,Adverse weather is present; consider additional caution and traffic monitoring.
2024-05-18,M.G. Road | Anil Kumble Circle,M.G. Road,Anil Kumble Circle,High,High,False,,False,Clear,No,High,Deploy additional traffic personnel and prepare diversion measures for the affected corridor.,Additional traffic personnel recommended,Prepare/activate suitable diversion planning,Suspend or reschedule non-essential roadwork where operationally appropriate,
2024-05-18,Yeshwanthpur | Yeshwanthpur Circle,Yeshwanthpur,Yeshwanthpur Circle,Medium,Medium,False,,False,Overcast,No,Moderate,Increase traffic monitoring and consider additional personnel at the affected corridor.,Consider additional traffic personnel,Consider diversion planning if congestion persists,Review non-essential roadwork scheduling,
2024-05-19,Indiranagar | 100 Feet Road,Indiranagar,100 Feet Road,High,High,False,,False,Overcast,Yes,High,Deploy additional traffic personnel and prepare diversion measures for the affected corridor.,Additional traffic personnel recommended,Prepare/activate suitable diversion planning,Suspend or reschedule non-essential roadwork where operationally appropriate,Roadwork is present; review whether it can be postponed during high-congestion periods.
2024-05-19,Indiranagar | CMH Road,Indiranagar,CMH Road,Medium,Medium,False,,False,Clear,No,Moderate,Increase traffic monitoring and consider additional personnel at the affected corridor.,Consider additional traffic personnel,Consider diversion planning if congestion persists,Review non-essential roadwork scheduling,
2024-05-19,Whitefield | Marathahalli Bridge,Whitefield,Marathahalli Bridge,Medium,Medium,False,,False,Fog,No,Moderate,Increase traffic monitoring and consider additional personnel at the affected corridor.,Consider additional traffic personnel,Consider diversion planning if congestion persists,Review non-essential roadwork scheduling,Adverse weather is present; consider additional caution and traffic monitoring.
2024-05-19,Koramangala | Sony World Junction,Koramangala,Sony World Junction,High,High,False,,False,Rain,No,High,Deploy additional traffic personnel and prepare diversion measures for the affected corridor.,Additional traffic personnel recommended,Prepare/activate suitable diversion planning,Suspend or reschedule non-essential roadwork where operationally appropriate,Adverse weather is present; consider additional caution and traffic monitoring.
2024-05-19,Koramangala | Sarjapur Road,Koramangala,Sarjapur Road,High,High,False,,False,Clear,No,High,Deploy additional traffic personnel and prepare diversion measures for the affected corridor.,Additional traffic personnel recommended,Prepare/activate suitable diversion planning,Suspend or reschedule non-essential roadwork where operationally appropriate,
2024-05-19,M.G. Road | Trinity Circle,M.G. Road,Trinity Circle,High,High,False,,False,Clear,No,High,Deploy additional traffic personnel and prepare diversion measures for the affected corridor.,Additional traffic personnel recommended,Prepare/activate suitable diversion planning,Suspend or reschedule non-essential roadwork where operationally appropriate,
2024-05-19,Jayanagar | South End Circle,Jayanagar,South End Circle,Low,Low,False,,False,Overcast,No,Normal,Normal traffic management; continue routine monitoring.,Routine traffic personnel,No special diversion recommended,No special roadwork restriction recommended,
2024-05-19,Yeshwanthpur | Tumkur Road,Yeshwanthpur,Tumkur Road,Low,Low,False,,False,Overcast,No,Normal,Normal traffic management; continue routine monitoring.,Routine traffic personnel,No special diversion recommended,No special roadwork restriction recommended,
2024-05-20,Indiranagar | 100 Feet Road,Indiranagar,100 Feet Road,Medium,Medium,False,,False,Clear,No,Moderate,Increase traffic monitoring and consider additional personnel at the affected corridor.,Consider additional traffic personnel,Consider diversion planning if congestion persists,Review non-essential roadwork scheduling,
2024-05-20,Whitefield | ITPL Main Road,Whitefield,ITPL Main Road,Low,Low,False,,False,Fog,No,Normal,Normal traffic management; continue routine monitoring.,Routine traffic personnel,No special diversion recommended,No special roadwork restriction recommended,Adverse weather is present; consider additional caution and traffic monitoring.
2024-05-20,Koramangala | Sony World Junction,Koramangala,Sony World Junction,Medium,High,False,,False,Clear,No,High,Deploy additional traffic personnel and prepare diversion measures for the affected corridor.,Additional traffic personnel recommended,Prepare/activate suitable diversion planning,Suspend or reschedule non-essential roadwork where operationally appropriate,
2024-05-20,Koramangala | Sarjapur Road,Koramangala,Sarjapur Road,High,High,False,,False,Clear,No,High,Deploy additional traffic personnel and prepare diversion measures for the affected corridor.,Additional traffic personnel recommended,Prepare/activate suitable diversion planning,Suspend or reschedule non-essential roadwork where operationally appropriate,
2024-05-20,Electronic City | Hosur Road,Electronic City,Hosur Road,Low,Low,False,,False,Clear,No,Normal,Normal traffic management; continue routine monitoring.,Routine traffic personnel,No special diversion recommended,No special roadwork restriction recommended,
2024-05-20,Electronic City | Silk Board Junction,Electronic City,Silk Board Junction,Low,Low,False,,False,Clear,No,Normal,Normal traffic management; continue routine monitoring.,Routine traffic personnel,No special diversion recommended,No special roadwork restriction recommended,
2024-05-20,M.G. Road | Anil Kumble Circle,M.G. Road,Anil Kumble Circle,High,High,False,,False,Clear,No,High,Deploy additional traffic personnel and prepare diversion measures for the affected corridor.,Additional traffic personnel recommended,Prepare/activate suitable diversion planning,Suspend or reschedule non-essential roadwork where operationally appropriate,
2024-05-20,Jayanagar | South End Circle,Jayanagar,South End Circle,Medium,Medium,False,,False,Rain,No,Moderate,Increase traffic monitoring and consider additional personnel at the affected corridor.,Consider additional traffic personnel,Consider diversion planning if congestion persists,Review non-essential roadwork scheduling,Adverse weather is present; consider additional caution and traffic monitoring.
2024-05-20,Hebbal | Hebbal Flyover,Hebbal,Hebbal Flyover,High,High,False,,False,Clear,No,High,Deploy additional traffic personnel and prepare diversion measures for the affected corridor.,Additional traffic personnel recommended,Prepare/activate suitable diversion planning,Suspend or reschedule non-essential roadwork where operationally appropriate,
2024-05-21,Indiranagar | 100 Feet Road,Indiranagar,100 Feet Road,Low,Low,False,,False,Clear,No,Normal,Normal traffic management; continue routine monitoring.,Routine traffic personnel,No special diversion recommended,No special roadwork restriction recommended,
2024-05-21,Indiranagar | CMH Road,Indiranagar,CMH Road,High,High,False,,False,Overcast,No,High,Deploy additional traffic personnel and prepare diversion measures for the affected corridor.,Additional traffic personnel recommended,Prepare/activate suitable diversion planning,Suspend or reschedule non-essential roadwork where operationally appropriate,
2024-05-21,Whitefield | Marathahalli Bridge,Whitefield,Marathahalli Bridge,Low,Low,False,,False,Clear,No,Normal,Normal traffic management; continue routine monitoring.,Routine traffic personnel,No special diversion recommended,No special roadwork restriction recommended,
2024-05-21,Whitefield | ITPL Main Road,Whitefield,ITPL Main Road,Medium,Low,False,,False,Clear,Yes,Normal,Normal traffic management; continue routine monitoring.,Routine traffic personnel,No special diversion recommended,No special roadwork restriction recommended,Roadwork is present; review whether it can be postponed during high-congestion periods.
2024-05-21,Electronic City | Silk Board Junction,Electronic City,Silk Board Junction,Low,Low,False,,False,Overcast,No,Normal,Normal traffic management; continue routine monitoring.,Routine traffic personnel,No special diversion recommended,No special roadwork restriction recommended,
2024-05-21,M.G. Road | Trinity Circle,M.G. Road,Trinity Circle,High,High,False,,False,Clear,No,High,Deploy additional traffic personnel and prepare diversion measures for the affected corridor.,Additional traffic personnel recommended,Prepare/activate suitable diversion planning,Suspend or reschedule non-essential roadwork where operationally appropriate,
2024-05-21,M.G. Road | Anil Kumble Circle,M.G. Road,Anil Kumble Circle,High,High,False,,False,Clear,No,High,Deploy additional traffic personnel and prepare diversion measures for the affected corridor.,Additional traffic personnel recommended,Prepare/activate suitable diversion planning,Suspend or reschedule non-essential roadwork where operationally appropriate,
2024-05-21,Jayanagar | Jayanagar 4th Block,Jayanagar,Jayanagar 4th Block,High,High,False,,False,Overcast,No,High,Deploy additional traffic personnel and prepare diversion measures for the affected corridor.,Additional traffic personnel recommended,Prepare/activate suitable diversion planning,Suspend or reschedule non-essential roadwork where operationally appropriate,
2024-05-21,Jayanagar | South End Circle,Jayanagar,South End Circle,High,High,False,,False,Clear,No,High,Deploy additional traffic personnel and prepare diversion measures for the affected corridor.,Additional traffic personnel recommended,Prepare/activate suitable diversion planning,Suspend or reschedule non-essential roadwork where operationally appropriate,
2024-05-22,Indiranagar | 100 Feet Road,Indiranagar,100 Feet Road,High,High,False,,False,Overcast,No,High,Deploy additional traffic personnel and prepare diversion measures for the affected corridor.,Additional traffic personnel recommended,Prepare/activate suitable diversion planning,Suspend or reschedule non-essential roadwork where operationally appropriate,
2024-05-22,Indiranagar | CMH Road,Indiranagar,CMH Road,Low,Low,False,,False,Rain,No,Normal,Normal traffic management; continue routine monitoring.,Routine traffic personnel,No special diversion recommended,No special roadwork restriction recommended,Adverse weather is present; consider additional caution and traffic monitoring.
2024-05-22,Whitefield | Marathahalli Bridge,Whitefield,Marathahalli Bridge,Medium,Medium,False,,False,Clear,No,Moderate,Increase traffic monitoring and consider additional personnel at the affected corridor.,Consider additional traffic personnel,Consider diversion planning if congestion persists,Review non-essential roadwork scheduling,
2024-05-22,Whitefield | ITPL Main Road,Whitefield,ITPL Main Road,Low,Low,False,,False,Overcast,No,Normal,Normal traffic management; continue routine monitoring.,Routine traffic personnel,No special diversion recommended,No special roadwork restriction recommended,
2024-05-22,Koramangala | Sony World Junction,Koramangala,Sony World Junction,Low,Low,False,,False,Rain,Yes,Normal,Normal traffic management; continue routine monitoring.,Routine traffic personnel,No special diversion recommended,No special roadwork restriction recommended,Roadwork is present; review whether it can be postponed during high-congestion periods.; Adverse weather is present; consider additional caution and traffic monitoring.
2024-05-22,Koramangala | Sarjapur Road,Koramangala,Sarjapur Road,High,High,False,,False,Clear,No,High,Deploy additional traffic personnel and prepare diversion measures for the affected corridor.,Additional traffic personnel recommended,Prepare/activate suitable diversion planning,Suspend or reschedule non-essential roadwork where operationally appropriate,
2024-05-22,M.G. Road | Trinity Circle,M.G. Road,Trinity Circle,High,High,False,,False,Clear,Yes,High,Deploy additional traffic personnel and prepare diversion measures for the affected corridor.,Additional traffic personnel recommended,Prepare/activate suitable diversion planning,Suspend or reschedule non-essential roadwork where operationally appropriate,Roadwork is present; review whether it can be postponed during high-congestion periods.
2024-05-22,M.G. Road | Anil Kumble Circle,M.G. Road,Anil Kumble Circle,High,High,False,,False,Clear,No,High,Deploy additional traffic personnel and prepare diversion measures for the affected corridor.,Additional traffic personnel recommended,Prepare/activate suitable diversion planning,Suspend or reschedule non-essential roadwork where operationally appropriate,
2024-05-22,Jayanagar | South End Circle,Jayanagar,South End Circle,High,High,False,,False,Overcast,No,High,Deploy additional traffic personnel and prepare diversion measures for the affected corridor.,Additional traffic personnel recommended,Prepare/activate suitable diversion planning,Suspend or reschedule non-essential roadwork where operationally appropriate,
2024-05-22,Yeshwanthpur | Yeshwanthpur Circle,Yeshwanthpur,Yeshwanthpur Circle,Low,Low,False,,False,Clear,No,Normal,Normal traffic management; continue routine monitoring.,Routine traffic personnel,No special diversion recommended,No special roadwork restriction recommended,
2024-05-23,Indiranagar | 100 Feet Road,Indiranagar,100 Feet Road,Medium,Medium,False,,False,Fog,No,Moderate,Increase traffic monitoring and consider additional personnel at the affected corridor.,Consider additional traffic personnel,Consider diversion planning if congestion persists,Review non-essential roadwork scheduling,Adverse weather is present; consider additional caution and traffic monitoring.
2024-05-23,Indiranagar | CMH Road,Indiranagar,CMH Road,High,High,False,,False,Clear,No,High,Deploy additional traffic personnel and prepare diversion measures for the affected corridor.,Additional traffic personnel recommended,Prepare/activate suitable diversion planning,Suspend or reschedule non-essential roadwork where operationally appropriate,
2024-05-23,Whitefield | Marathahalli Bridge,Whitefield,Marathahalli Bridge,Low,Low,False,,False,Rain,Yes,Normal,Normal traffic management; continue routine monitoring.,Routine traffic personnel,No special diversion recommended,No special roadwork restriction recommended,Roadwork is present; review whether it can be postponed during high-congestion periods.; Adverse weather is present; consider additional caution and traffic monitoring.
2024-05-23,Whitefield | ITPL Main Road,Whitefield,ITPL Main Road,Medium,Medium,False,,False,Clear,No,Moderate,Increase traffic monitoring and consider additional personnel at the affected corridor.,Consider additional traffic personnel,Consider diversion planning if congestion persists,Review non-essential roadwork scheduling,
2024-05-23,Electronic City | Hosur Road,Electronic City,Hosur Road,Low,Low,False,,False,Clear,No,Normal,Normal traffic management; continue routine monitoring.,Routine traffic personnel,No special diversion recommended,No special roadwork restriction recommended,
2024-05-23,M.G. Road | Trinity Circle,M.G. Road,Trinity Circle,High,High,False,,False,Clear,No,High,Deploy additional traffic personnel and prepare diversion measures for the affected corridor.,Additional traffic personnel recommended,Prepare/activate suitable diversion planning,Suspend or reschedule non-essential roadwork where operationally appropriate,
2024-05-24,Indiranagar | 100 Feet Road,Indiranagar,100 Feet Road,Medium,Medium,False,,False,Clear,No,Moderate,Increase traffic monitoring and consider additional personnel at the affected corridor.,Consider additional traffic personnel,Consider diversion planning if congestion persists,Review non-essential roadwork scheduling,
2024-05-24,Indiranagar | CMH Road,Indiranagar,CMH Road,High,High,False,,False,Overcast,No,High,Deploy additional traffic personnel and prepare diversion measures for the affected corridor.,Additional traffic personnel recommended,Prepare/activate suitable diversion planning,Suspend or reschedule non-essential roadwork where operationally appropriate,
2024-05-24,Whitefield | Marathahalli Bridge,Whitefield,Marathahalli Bridge,Low,Low,False,,False,Clear,No,Normal,Normal traffic management; continue routine monitoring.,Routine traffic personnel,No special diversion recommended,No special roadwork restriction recommended,
2024-05-24,Koramangala | Sony World Junction,Koramangala,Sony World Junction,High,High,False,,False,Windy,No,High,Deploy additional traffic personnel and prepare diversion measures for the affected corridor.,Additional traffic personnel recommended,Prepare/activate suitable diversion planning,Suspend or reschedule non-essential roadwork where operationally appropriate,
2024-05-24,Koramangala | Sarjapur Road,Koramangala,Sarjapur Road,High,High,False,,False,Fog,No,High,Deploy additional traffic personnel and prepare diversion measures for the affected corridor.,Additional traffic personnel recommended,Prepare/activate suitable diversion planning,Suspend or reschedule non-essential roadwork where operationally appropriate,Adverse weather is present; consider additional caution and traffic monitoring.
2024-05-24,Electronic City | Silk Board Junction,Electronic City,Silk Board Junction,Medium,Medium,False,,False,Clear,No,Moderate,Increase traffic monitoring and consider additional personnel at the affected corridor.,Consider additional traffic personnel,Consider diversion planning if congestion persists,Review non-essential roadwork scheduling,
2024-05-24,M.G. Road | Trinity Circle,M.G. Road,Trinity Circle,High,Medium,False,,False,Clear,No,Moderate,Increase traffic monitoring and consider additional personnel at the affected corridor.,Consider additional traffic personnel,Consider diversion planning if congestion persists,Review non-essential roadwork scheduling,
2024-05-24,Jayanagar | Jayanagar 4th Block,Jayanagar,Jayanagar 4th Block,High,High,False,,False,Clear,No,High,Deploy additional traffic personnel and prepare diversion measures for the affected corridor.,Additional traffic personnel recommended,Prepare/activate suitable diversion planning,Suspend or reschedule non-essential roadwork where operationally appropriate,
2024-05-24,Jayanagar | South End Circle,Jayanagar,South End Circle,Medium,Low,False,,False,Clear,No,Normal,Normal traffic management; continue routine monitoring.,Routine traffic personnel,No special diversion recommended,No special roadwork restriction recommended,
2024-05-24,Hebbal | Hebbal Flyover,Hebbal,Hebbal Flyover,Low,Low,False,,False,Clear,No,Normal,Normal traffic management; continue routine monitoring.,Routine traffic personnel,No special diversion recommended,No special roadwork restriction recommended,
2024-05-25,Indiranagar | 100 Feet Road,Indiranagar,100 Feet Road,High,High,False,,False,Clear,No,High,Deploy additional traffic personnel and prepare diversion measures for the affected corridor.,Additional traffic personnel recommended,Prepare/activate suitable diversion planning,Suspend or reschedule non-essential roadwork where operationally appropriate,
2024-05-25,Indiranagar | CMH Road,Indiranagar,CMH Road,High,High,False,,False,Rain,No,High,Deploy additional traffic personnel and prepare diversion measures for the affected corridor.,Additional traffic personnel recommended,Prepare/activate suitable diversion planning,Suspend or reschedule non-essential roadwork where operationally appropriate,Adverse weather is present; consider additional caution and traffic monitoring.
2024-05-25,Whitefield | Marathahalli Bridge,Whitefield,Marathahalli Bridge,High,High,False,,False,Overcast,No,High,Deploy additional traffic personnel and prepare diversion measures for the affected corridor.,Additional traffic personnel recommended,Prepare/activate suitable diversion planning,Suspend or reschedule non-essential roadwork where operationally appropriate,
2024-05-25,Koramangala | Sony World Junction,Koramangala,Sony World Junction,High,High,False,,False,Rain,No,High,Deploy additional traffic personnel and prepare diversion measures for the affected corridor.,Additional traffic personnel recommended,Prepare/activate suitable diversion planning,Suspend or reschedule non-essential roadwork where operationally appropriate,Adverse weather is present; consider additional caution and traffic monitoring.
2024-05-25,Koramangala | Sarjapur Road,Koramangala,Sarjapur Road,High,High,False,,False,Clear,No,High,Deploy additional traffic personnel and prepare diversion measures for the affected corridor.,Additional traffic personnel recommended,Prepare/activate suitable diversion planning,Suspend or reschedule non-essential roadwork where operationally appropriate,
2024-05-25,Electronic City | Silk Board Junction,Electronic City,Silk Board Junction,Medium,Medium,False,,False,Clear,No,Moderate,Increase traffic monitoring and consider additional personnel at the affected corridor.,Consider additional traffic personnel,Consider diversion planning if congestion persists,Review non-essential roadwork scheduling,
2024-05-25,M.G. Road | Trinity Circle,M.G. Road,Trinity Circle,High,High,False,,False,Clear,No,High,Deploy additional traffic personnel and prepare diversion measures for the affected corridor.,Additional traffic personnel recommended,Prepare/activate suitable diversion planning,Suspend or reschedule non-essential roadwork where operationally appropriate,
2024-05-25,M.G. Road | Anil Kumble Circle,M.G. Road,Anil Kumble Circle,High,High,False,,False,Clear,No,High,Deploy additional traffic personnel and prepare diversion measures for the affected corridor.,Additional traffic personnel recommended,Prepare/activate suitable diversion planning,Suspend or reschedule non-essential roadwork where operationally appropriate,
2024-05-25,Jayanagar | Jayanagar 4th Block,Jayanagar,Jayanagar 4th Block,High,High,False,,False,Rain,No,High,Deploy additional traffic personnel and prepare diversion measures for the affected corridor.,Additional traffic personnel recommended,Prepare/activate suitable diversion planning,Suspend or reschedule non-essential roadwork where operationally appropriate,Adverse weather is present; consider additional caution and traffic monitoring.
2024-05-25,Hebbal | Ballari Road,Hebbal,Ballari Road,Medium,Medium,False,,False,Clear,No,Moderate,Increase traffic monitoring and consider additional personnel at the affected corridor.,Consider additional traffic personnel,Consider diversion planning if congestion persists,Review non-essential roadwork scheduling,
2024-05-25,Yeshwanthpur | Yeshwanthpur Circle,Yeshwanthpur,Yeshwanthpur Circle,Low,Low,False,,False,Clear,Yes,Normal,Normal traffic management; continue routine monitoring.,Routine traffic personnel,No special diversion recommended,No special roadwork restriction recommended,Roadwork is present; review whether it can be postponed during high-congestion periods.
2024-05-26,Indiranagar | 100 Feet Road,Indiranagar,100 Feet Road,High,High,False,,False,Fog,No,High,Deploy additional traffic personnel and prepare diversion measures for the affected corridor.,Additional traffic personnel recommended,Prepare/activate suitable diversion planning,Suspend or reschedule non-essential roadwork where operationally appropriate,Adverse weather is present; consider additional caution and traffic monitoring.
2024-05-26,Indiranagar | CMH Road,Indiranagar,CMH Road,Low,Low,False,,False,Clear,No,Normal,Normal traffic management; continue routine monitoring.,Routine traffic personnel,No special diversion recommended,No special roadwork restriction recommended,
2024-05-26,Electronic City | Hosur Road,Electronic City,Hosur Road,Medium,Medium,False,,False,Clear,No,Moderate,Increase traffic monitoring and consider additional personnel at the affected corridor.,Consider additional traffic personnel,Consider diversion planning if congestion persists,Review non-essential roadwork scheduling,
2024-05-26,M.G. Road | Trinity Circle,M.G. Road,Trinity Circle,High,High,False,,False,Clear,Yes,High,Deploy additional traffic personnel and prepare diversion measures for the affected corridor.,Additional traffic personnel recommended,Prepare/activate suitable diversion planning,Suspend or reschedule non-essential roadwork where operationally appropriate,Roadwork is present; review whether it can be postponed during high-congestion periods.
2024-05-26,M.G. Road | Anil Kumble Circle,M.G. Road,Anil Kumble Circle,High,High,False,,False,Fog,No,High,Deploy additional traffic personnel and prepare diversion measures for the affected corridor.,Additional traffic personnel recommended,Prepare/activate suitable diversion planning,Suspend or reschedule non-essential roadwork where operationally appropriate,Adverse weather is present; consider additional caution and traffic monitoring.
2024-05-26,Hebbal | Ballari Road,Hebbal,Ballari Road,Low,Low,False,,False,Overcast,No,Normal,Normal traffic management; continue routine monitoring.,Routine traffic personnel,No special diversion recommended,No special roadwork restriction recommended,
2024-05-27,Indiranagar | 100 Feet Road,Indiranagar,100 Feet Road,High,High,False,,False,Clear,No,High,Deploy additional traffic personnel and prepare diversion measures for the affected corridor.,Additional traffic personnel recommended,Prepare/activate suitable diversion planning,Suspend or reschedule non-essential roadwork where operationally appropriate,
2024-05-27,Indiranagar | CMH Road,Indiranagar,CMH Road,High,High,False,,False,Clear,No,High,Deploy additional traffic personnel and prepare diversion measures for the affected corridor.,Additional traffic personnel recommended,Prepare/activate suitable diversion planning,Suspend or reschedule non-essential roadwork where operationally appropriate,
2024-05-27,Whitefield | Marathahalli Bridge,Whitefield,Marathahalli Bridge,Medium,Medium,False,,False,Clear,No,Moderate,Increase traffic monitoring and consider additional personnel at the affected corridor.,Consider additional traffic personnel,Consider diversion planning if congestion persists,Review non-essential roadwork scheduling,
2024-05-27,Whitefield | ITPL Main Road,Whitefield,ITPL Main Road,Low,Low,False,,False,Clear,No,Normal,Normal traffic management; continue routine monitoring.,Routine traffic personnel,No special diversion recommended,No special roadwork restriction recommended,
2024-05-27,Electronic City | Silk Board Junction,Electronic City,Silk Board Junction,Medium,Medium,False,,False,Clear,No,Moderate,Increase traffic monitoring and consider additional personnel at the affected corridor.,Consider additional traffic personnel,Consider diversion planning if congestion persists,Review non-essential roadwork scheduling,
2024-05-27,M.G. Road | Trinity Circle,M.G. Road,Trinity Circle,High,Medium,False,,False,Clear,No,Moderate,Increase traffic monitoring and consider additional personnel at the affected corridor.,Consider additional traffic personnel,Consider diversion planning if congestion persists,Review non-essential roadwork scheduling,
2024-05-27,Jayanagar | Jayanagar 4th Block,Jayanagar,Jayanagar 4th Block,Low,Low,False,,False,Rain,No,Normal,Normal traffic management; continue routine monitoring.,Routine traffic personnel,No special diversion recommended,No special roadwork restriction recommended,Adverse weather is present; consider additional caution and traffic monitoring.
2024-05-27,Jayanagar | South End Circle,Jayanagar,South End Circle,High,High,False,,False,Clear,No,High,Deploy additional traffic personnel and prepare diversion measures for the affected corridor.,Additional traffic personnel recommended,Prepare/activate suitable diversion planning,Suspend or reschedule non-essential roadwork where operationally appropriate,
2024-05-27,Hebbal | Hebbal Flyover,Hebbal,Hebbal Flyover,High,High,False,,False,Clear,No,High,Deploy additional traffic personnel and prepare diversion measures for the affected corridor.,Additional traffic personnel recommended,Prepare/activate suitable diversion planning,Suspend or reschedule non-essential roadwork where operationally appropriate,
2024-05-28,Whitefield | Marathahalli Bridge,Whitefield,Marathahalli Bridge,High,High,False,,False,Clear,No,High,Deploy additional traffic personnel and prepare diversion measures for the affected corridor.,Additional traffic personnel recommended,Prepare/activate suitable diversion planning,Suspend or reschedule non-essential roadwork where operationally appropriate,
2024-05-28,Whitefield | ITPL Main Road,Whitefield,ITPL Main Road,Low,Low,False,,False,Clear,No,Normal,Normal traffic management; continue routine monitoring.,Routine traffic personnel,No special diversion recommended,No special roadwork restriction recommended,
2024-05-28,Koramangala | Sony World Junction,Koramangala,Sony World Junction,High,High,False,,False,Clear,No,High,Deploy additional traffic personnel and prepare diversion measures for the affected corridor.,Additional traffic personnel recommended,Prepare/activate suitable diversion planning,Suspend or reschedule non-essential roadwork where operationally appropriate,
2024-05-28,Electronic City | Hosur Road,Electronic City,Hosur Road,Low,Low,False,,False,Clear,No,Normal,Normal traffic management; continue routine monitoring.,Routine traffic personnel,No special diversion recommended,No special roadwork restriction recommended,
2024-05-28,M.G. Road | Trinity Circle,M.G. Road,Trinity Circle,Low,Low,False,,False,Fog,No,Normal,Normal traffic management; continue routine monitoring.,Routine traffic personnel,No special diversion recommended,No special roadwork restriction recommended,Adverse weather is present; consider additional caution and traffic monitoring.
2024-05-28,M.G. Road | Anil Kumble Circle,M.G. Road,Anil Kumble Circle,Medium,Medium,False,,False,Rain,No,Moderate,Increase traffic monitoring and consider additional personnel at the affected corridor.,Consider additional traffic personnel,Consider diversion planning if congestion persists,Review non-essential roadwork scheduling,Adverse weather is present; consider additional caution and traffic monitoring.
2024-05-28,Jayanagar | Jayanagar 4th Block,Jayanagar,Jayanagar 4th Block,Medium,Medium,False,,False,Overcast,No,Moderate,Increase traffic monitoring and consider additional personnel at the affected corridor.,Consider additional traffic personnel,Consider diversion planning if congestion persists,Review non-essential roadwork scheduling,
2024-05-28,Hebbal | Ballari Road,Hebbal,Ballari Road,High,High,False,,False,Clear,No,High,Deploy additional traffic personnel and prepare diversion measures for the affected corridor.,Additional traffic personnel recommended,Prepare/activate suitable diversion planning,Suspend or reschedule non-essential roadwork where operationally appropriate,
2024-05-28,Yeshwanthpur | Tumkur Road,Yeshwanthpur,Tumkur Road,Low,Low,False,,False,Clear,No,Normal,Normal traffic management; continue routine monitoring.,Routine traffic personnel,No special diversion recommended,No special roadwork restriction recommended,
2024-05-29,Indiranagar | 100 Feet Road,Indiranagar,100 Feet Road,High,High,False,,False,Clear,No,High,Deploy additional traffic personnel and prepare diversion measures for the affected corridor.,Additional traffic personnel recommended,Prepare/activate suitable diversion planning,Suspend or reschedule non-essential roadwork where operationally appropriate,
2024-05-29,Whitefield | Marathahalli Bridge,Whitefield,Marathahalli Bridge,Medium,Low,False,,False,Clear,No,Normal,Normal traffic management; continue routine monitoring.,Routine traffic personnel,No special diversion recommended,No special roadwork restriction recommended,
2024-05-29,Whitefield | ITPL Main Road,Whitefield,ITPL Main Road,Medium,Medium,False,,False,Fog,No,Moderate,Increase traffic monitoring and consider additional personnel at the affected corridor.,Consider additional traffic personnel,Consider diversion planning if congestion persists,Review non-essential roadwork scheduling,Adverse weather is present; consider additional caution and traffic monitoring.
2024-05-29,Koramangala | Sony World Junction,Koramangala,Sony World Junction,High,High,False,,False,Overcast,No,High,Deploy additional traffic personnel and prepare diversion measures for the affected corridor.,Additional traffic personnel recommended,Prepare/activate suitable diversion planning,Suspend or reschedule non-essential roadwork where operationally appropriate,
2024-05-29,Koramangala | Sarjapur Road,Koramangala,Sarjapur Road,High,High,False,,False,Rain,No,High,Deploy additional traffic personnel and prepare diversion measures for the affected corridor.,Additional traffic personnel recommended,Prepare/activate suitable diversion planning,Suspend or reschedule non-essential roadwork where operationally appropriate,Adverse weather is present; consider additional caution and traffic monitoring.
2024-05-29,Electronic City | Silk Board Junction,Electronic City,Silk Board Junction,Low,Low,False,,False,Rain,No,Normal,Normal traffic management; continue routine monitoring.,Routine traffic personnel,No special diversion recommended,No special roadwork restriction recommended,Adverse weather is present; consider additional caution and traffic monitoring.
2024-05-29,M.G. Road | Trinity Circle,M.G. Road,Trinity Circle,High,High,False,,False,Clear,No,High,Deploy additional traffic personnel and prepare diversion measures for the affected corridor.,Additional traffic personnel recommended,Prepare/activate suitable diversion planning,Suspend or reschedule non-essential roadwork where operationally appropriate,
2024-05-29,M.G. Road | Anil Kumble Circle,M.G. Road,Anil Kumble Circle,Medium,Medium,False,,False,Clear,No,Moderate,Increase traffic monitoring and consider additional personnel at the affected corridor.,Consider additional traffic personnel,Consider diversion planning if congestion persists,Review non-essential roadwork scheduling,
2024-05-29,Jayanagar | Jayanagar 4th Block,Jayanagar,Jayanagar 4th Block,High,High,False,,False,Fog,No,High,Deploy additional traffic personnel and prepare diversion measures for the affected corridor.,Additional traffic personnel recommended,Prepare/activate suitable diversion planning,Suspend or reschedule non-essential roadwork where operationally appropriate,Adverse weather is present; consider additional caution and traffic monitoring.
2024-05-29,Jayanagar | South End Circle,Jayanagar,South End Circle,Medium,Medium,False,,False,Fog,No,Moderate,Increase traffic monitoring and consider additional personnel at the affected corridor.,Consider additional traffic personnel,Consider diversion planning if congestion persists,Review non-essential roadwork scheduling,Adverse weather is present; consider additional caution and traffic monitoring.
2024-05-29,Hebbal | Hebbal Flyover,Hebbal,Hebbal Flyover,High,High,False,,False,Clear,No,High,Deploy additional traffic personnel and prepare diversion measures for the affected corridor.,Additional traffic personnel recommended,Prepare/activate suitable diversion planning,Suspend or reschedule non-essential roadwork where operationally appropriate,
2024-05-29,Hebbal | Ballari Road,Hebbal,Ballari Road,High,High,False,,False,Clear,No,High,Deploy additional traffic personnel and prepare diversion measures for the affected corridor.,Additional traffic personnel recommended,Prepare/activate suitable diversion planning,Suspend or reschedule non-essential roadwork where operationally appropriate,
2024-05-29,Yeshwanthpur | Yeshwanthpur Circle,Yeshwanthpur,Yeshwanthpur Circle,Medium,Medium,False,,False,Overcast,No,Moderate,Increase traffic monitoring and consider additional personnel at the affected corridor.,Consider additional traffic personnel,Consider diversion planning if congestion persists,Review non-essential roadwork scheduling,
2024-05-29,Yeshwanthpur | Tumkur Road,Yeshwanthpur,Tumkur Road,Low,Low,False,,False,Clear,No,Normal,Normal traffic management; continue routine monitoring.,Routine traffic personnel,No special diversion recommended,No special roadwork restriction recommended,
2024-05-30,Indiranagar | CMH Road,Indiranagar,CMH Road,Medium,Medium,False,,False,Clear,No,Moderate,Increase traffic monitoring and consider additional personnel at the affected corridor.,Consider additional traffic personnel,Consider diversion planning if congestion persists,Review non-essential roadwork scheduling,
2024-05-30,Whitefield | Marathahalli Bridge,Whitefield,Marathahalli Bridge,High,High,False,,False,Clear,Yes,High,Deploy additional traffic personnel and prepare diversion measures for the affected corridor.,Additional traffic personnel recommended,Prepare/activate suitable diversion planning,Suspend or reschedule non-essential roadwork where operationally appropriate,Roadwork is present; review whether it can be postponed during high-congestion periods.
2024-05-30,Whitefield | ITPL Main Road,Whitefield,ITPL Main Road,Medium,Medium,False,,False,Clear,No,Moderate,Increase traffic monitoring and consider additional personnel at the affected corridor.,Consider additional traffic personnel,Consider diversion planning if congestion persists,Review non-essential roadwork scheduling,
2024-05-30,Koramangala | Sony World Junction,Koramangala,Sony World Junction,High,High,False,,False,Clear,No,High,Deploy additional traffic personnel and prepare diversion measures for the affected corridor.,Additional traffic personnel recommended,Prepare/activate suitable diversion planning,Suspend or reschedule non-essential roadwork where operationally appropriate,
2024-05-30,Koramangala | Sarjapur Road,Koramangala,Sarjapur Road,High,High,False,,False,Overcast,No,High,Deploy additional traffic personnel and prepare diversion measures for the affected corridor.,Additional traffic personnel recommended,Prepare/activate suitable diversion planning,Suspend or reschedule non-essential roadwork where operationally appropriate,
2024-05-30,Jayanagar | Jayanagar 4th Block,Jayanagar,Jayanagar 4th Block,Medium,Medium,False,,False,Clear,No,Moderate,Increase traffic monitoring and consider additional personnel at the affected corridor.,Consider additional traffic personnel,Consider diversion planning if congestion persists,Review non-essential roadwork scheduling,
2024-05-30,Jayanagar | South End Circle,Jayanagar,South End Circle,Medium,Low,False,,False,Clear,No,Normal,Normal traffic management; continue routine monitoring.,Routine traffic personnel,No special diversion recommended,No special roadwork restriction recommended,
2024-05-30,Hebbal | Hebbal Flyover,Hebbal,Hebbal Flyover,High,High,False,,False,Clear,No,High,Deploy additional traffic personnel and prepare diversion measures for the affected corridor.,Additional traffic personnel recommended,Prepare/activate suitable diversion planning,Suspend or reschedule non-essential roadwork where operationally appropriate,
2024-05-30,Yeshwanthpur | Tumkur Road,Yeshwanthpur,Tumkur Road,High,Medium,False,,False,Clear,No,Moderate,Increase traffic monitoring and consider additional personnel at the affected corridor.,Consider additional traffic personnel,Consider diversion planning if congestion persists,Review non-essential roadwork scheduling,
2024-05-31,Indiranagar | 100 Feet Road,Indiranagar,100 Feet Road,Medium,Medium,False,,False,Rain,No,Moderate,Increase traffic monitoring and consider additional personnel at the affected corridor.,Consider additional traffic personnel,Consider diversion planning if congestion persists,Review non-essential roadwork scheduling,Adverse weather is present; consider additional caution and traffic monitoring.
2024-05-31,Indiranagar | CMH Road,Indiranagar,CMH Road,High,High,False,,False,Clear,No,High,Deploy additional traffic personnel and prepare diversion measures for the affected corridor.,Additional traffic personnel recommended,Prepare/activate suitable diversion planning,Suspend or reschedule non-essential roadwork where operationally appropriate,
2024-05-31,Whitefield | Marathahalli Bridge,Whitefield,Marathahalli Bridge,High,High,False,,False,Clear,No,High,Deploy additional traffic personnel and prepare diversion measures for the affected corridor.,Additional traffic personnel recommended,Prepare/activate suitable diversion planning,Suspend or reschedule non-essential roadwork where operationally appropriate,
2024-05-31,Whitefield | ITPL Main Road,Whitefield,ITPL Main Road,High,High,False,,False,Clear,No,High,Deploy additional traffic personnel and prepare diversion measures for the affected corridor.,Additional traffic personnel recommended,Prepare/activate suitable diversion planning,Suspend or reschedule non-essential roadwork where operationally appropriate,
2024-05-31,Koramangala | Sarjapur Road,Koramangala,Sarjapur Road,High,High,False,,False,Clear,No,High,Deploy additional traffic personnel and prepare diversion measures for the affected corridor.,Additional traffic personnel recommended,Prepare/activate suitable diversion planning,Suspend or reschedule non-essential roadwork where operationally appropriate,
2024-05-31,Electronic City | Hosur Road,Electronic City,Hosur Road,Low,Low,False,,False,Clear,No,Normal,Normal traffic management; continue routine monitoring.,Routine traffic personnel,No special diversion recommended,No special roadwork restriction recommended,
2024-05-31,Electronic City | Silk Board Junction,Electronic City,Silk Board Junction,Low,Low,False,,False,Rain,No,Normal,Normal traffic management; continue routine monitoring.,Routine traffic personnel,No special diversion recommended,No special roadwork restriction recommended,Adverse weather is present; consider additional caution and traffic monitoring.
2024-05-31,M.G. Road | Anil Kumble Circle,M.G. Road,Anil Kumble Circle,High,High,False,,False,Overcast,No,High,Deploy additional traffic personnel and prepare diversion measures for the affected corridor.,Additional traffic personnel recommended,Prepare/activate suitable diversion planning,Suspend or reschedule non-essential roadwork where operationally appropriate,
2024-05-31,Jayanagar | Jayanagar 4th Block,Jayanagar,Jayanagar 4th Block,Medium,Medium,False,,False,Overcast,No,Moderate,Increase traffic monitoring and consider additional personnel at the affected corridor.,Consider additional traffic personnel,Consider diversion planning if congestion persists,Review non-essential roadwork scheduling,
2024-05-31,Yeshwanthpur | Yeshwanthpur Circle,Yeshwanthpur,Yeshwanthpur Circle,Low,Low,False,,False,Rain,No,Normal,Normal traffic management; continue routine monitoring.,Routine traffic personnel,No special diversion recommended,No special roadwork restriction recommended,Adverse weather is present; consider additional caution and traffic monitoring.
2024-06-01,Indiranagar | 100 Feet Road,Indiranagar,100 Feet Road,High,High,False,,False,Overcast,No,High,Deploy additional traffic personnel and prepare diversion measures for the affected corridor.,Additional traffic personnel recommended,Prepare/activate suitable diversion planning,Suspend or reschedule non-essential roadwork where operationally appropriate,
2024-06-01,Indiranagar | CMH Road,Indiranagar,CMH Road,High,High,False,,False,Clear,No,High,Deploy additional traffic personnel and prepare diversion measures for the affected corridor.,Additional traffic personnel recommended,Prepare/activate suitable diversion planning,Suspend or reschedule non-essential roadwork where operationally appropriate,
2024-06-01,Koramangala | Sony World Junction,Koramangala,Sony World Junction,High,High,False,,False,Clear,No,High,Deploy additional traffic personnel and prepare diversion measures for the affected corridor.,Additional traffic personnel recommended,Prepare/activate suitable diversion planning,Suspend or reschedule non-essential roadwork where operationally appropriate,
2024-06-01,Koramangala | Sarjapur Road,Koramangala,Sarjapur Road,High,High,False,,False,Clear,No,High,Deploy additional traffic personnel and prepare diversion measures for the affected corridor.,Additional traffic personnel recommended,Prepare/activate suitable diversion planning,Suspend or reschedule non-essential roadwork where operationally appropriate,
2024-06-01,M.G. Road | Trinity Circle,M.G. Road,Trinity Circle,High,High,False,,False,Clear,No,High,Deploy additional traffic personnel and prepare diversion measures for the affected corridor.,Additional traffic personnel recommended,Prepare/activate suitable diversion planning,Suspend or reschedule non-essential roadwork where operationally appropriate,
2024-06-01,M.G. Road | Anil Kumble Circle,M.G. Road,Anil Kumble Circle,High,High,False,,False,Rain,Yes,High,Deploy additional traffic personnel and prepare diversion measures for the affected corridor.,Additional traffic personnel recommended,Prepare/activate suitable diversion planning,Suspend or reschedule non-essential roadwork where operationally appropriate,Roadwork is present; review whether it can be postponed during high-congestion periods.; Adverse weather is present; consider additional caution and traffic monitoring.
2024-06-01,Jayanagar | Jayanagar 4th Block,Jayanagar,Jayanagar 4th Block,Medium,Medium,False,,False,Clear,Yes,Moderate,Increase traffic monitoring and consider additional personnel at the affected corridor.,Consider additional traffic personnel,Consider diversion planning if congestion persists,Review non-essential roadwork scheduling,Roadwork is present; review whether it can be postponed during high-congestion periods.
2024-06-01,Jayanagar | South End Circle,Jayanagar,South End Circle,Low,Low,False,,False,Clear,No,Normal,Normal traffic management; continue routine monitoring.,Routine traffic personnel,No special diversion recommended,No special roadwork restriction recommended,
2024-06-01,Hebbal | Hebbal Flyover,Hebbal,Hebbal Flyover,Medium,Medium,False,,False,Clear,No,Moderate,Increase traffic monitoring and consider additional personnel at the affected corridor.,Consider additional traffic personnel,Consider diversion planning if congestion persists,Review non-essential roadwork scheduling,
2024-06-02,Indiranagar | 100 Feet Road,Indiranagar,100 Feet Road,Low,Low,False,,False,Overcast,No,Normal,Normal traffic management; continue routine monitoring.,Routine traffic personnel,No special diversion recommended,No special roadwork restriction recommended,
2024-06-02,Indiranagar | CMH Road,Indiranagar,CMH Road,High,High,False,,False,Fog,No,High,Deploy additional traffic personnel and prepare diversion measures for the affected corridor.,Additional traffic personnel recommended,Prepare/activate suitable diversion planning,Suspend or reschedule non-essential roadwork where operationally appropriate,Adverse weather is present; consider additional caution and traffic monitoring.
2024-06-02,Whitefield | ITPL Main Road,Whitefield,ITPL Main Road,High,High,False,,False,Fog,No,High,Deploy additional traffic personnel and prepare diversion measures for the affected corridor.,Additional traffic personnel recommended,Prepare/activate suitable diversion planning,Suspend or reschedule non-essential roadwork where operationally appropriate,Adverse weather is present; consider additional caution and traffic monitoring.
2024-06-02,Koramangala | Sony World Junction,Koramangala,Sony World Junction,High,High,False,,False,Clear,No,High,Deploy additional traffic personnel and prepare diversion measures for the affected corridor.,Additional traffic personnel recommended,Prepare/activate suitable diversion planning,Suspend or reschedule non-essential roadwork where operationally appropriate,
2024-06-02,Koramangala | Sarjapur Road,Koramangala,Sarjapur Road,High,High,False,,False,Clear,Yes,High,Deploy additional traffic personnel and prepare diversion measures for the affected corridor.,Additional traffic personnel recommended,Prepare/activate suitable diversion planning,Suspend or reschedule non-essential roadwork where operationally appropriate,Roadwork is present; review whether it can be postponed during high-congestion periods.
2024-06-02,M.G. Road | Anil Kumble Circle,M.G. Road,Anil Kumble Circle,Medium,Medium,False,,False,Clear,No,Moderate,Increase traffic monitoring and consider additional personnel at the affected corridor.,Consider additional traffic personnel,Consider diversion planning if congestion persists,Review non-essential roadwork scheduling,
2024-06-02,Jayanagar | Jayanagar 4th Block,Jayanagar,Jayanagar 4th Block,High,High,False,,False,Overcast,No,High,Deploy additional traffic personnel and prepare diversion measures for the affected corridor.,Additional traffic personnel recommended,Prepare/activate suitable diversion planning,Suspend or reschedule non-essential roadwork where operationally appropriate,
2024-06-02,Hebbal | Hebbal Flyover,Hebbal,Hebbal Flyover,Medium,Low,False,,False,Clear,No,Normal,Normal traffic management; continue routine monitoring.,Routine traffic personnel,No special diversion recommended,No special roadwork restriction recommended,
2024-06-02,Yeshwanthpur | Tumkur Road,Yeshwanthpur,Tumkur Road,Low,Low,False,,False,Clear,No,Normal,Normal traffic management; continue routine monitoring.,Routine traffic personnel,No special diversion recommended,No special roadwork restriction recommended,
2024-06-03,Indiranagar | 100 Feet Road,Indiranagar,100 Feet Road,Medium,Medium,False,,False,Overcast,No,Moderate,Increase traffic monitoring and consider additional personnel at the affected corridor.,Consider additional traffic personnel,Consider diversion planning if congestion persists,Review non-essential roadwork scheduling,
2024-06-03,Indiranagar | CMH Road,Indiranagar,CMH Road,High,High,False,,False,Windy,No,High,Deploy additional traffic personnel and prepare diversion measures for the affected corridor.,Additional traffic personnel recommended,Prepare/activate suitable diversion planning,Suspend or reschedule non-essential roadwork where operationally appropriate,
2024-06-03,Whitefield | ITPL Main Road,Whitefield,ITPL Main Road,High,High,False,,False,Overcast,No,High,Deploy additional traffic personnel and prepare diversion measures for the affected corridor.,Additional traffic personnel recommended,Prepare/activate suitable diversion planning,Suspend or reschedule non-essential roadwork where operationally appropriate,
2024-06-03,M.G. Road | Trinity Circle,M.G. Road,Trinity Circle,High,High,False,,False,Rain,No,High,Deploy additional traffic personnel and prepare diversion measures for the affected corridor.,Additional traffic personnel recommended,Prepare/activate suitable diversion planning,Suspend or reschedule non-essential roadwork where operationally appropriate,Adverse weather is present; consider additional caution and traffic monitoring.
2024-06-03,M.G. Road | Anil Kumble Circle,M.G. Road,Anil Kumble Circle,High,High,False,,False,Rain,No,High,Deploy additional traffic personnel and prepare diversion measures for the affected corridor.,Additional traffic personnel recommended,Prepare/activate suitable diversion planning,Suspend or reschedule non-essential roadwork where operationally appropriate,Adverse weather is present; consider additional caution and traffic monitoring.
2024-06-03,Jayanagar | South End Circle,Jayanagar,South End Circle,Medium,Medium,False,,False,Fog,Yes,Moderate,Increase traffic monitoring and consider additional personnel at the affected corridor.,Consider additional traffic personnel,Consider diversion planning if congestion persists,Review non-essential roadwork scheduling,Roadwork is present; review whether it can be postponed during high-congestion periods.; Adverse weather is present; consider additional caution and traffic monitoring.
2024-06-03,Hebbal | Hebbal Flyover,Hebbal,Hebbal Flyover,Medium,Medium,False,,False,Fog,No,Moderate,Increase traffic monitoring and consider additional personnel at the affected corridor.,Consider additional traffic personnel,Consider diversion planning if congestion persists,Review non-essential roadwork scheduling,Adverse weather is present; consider additional caution and traffic monitoring.
2024-06-03,Yeshwanthpur | Yeshwanthpur Circle,Yeshwanthpur,Yeshwanthpur Circle,Medium,Medium,False,,False,Clear,No,Moderate,Increase traffic monitoring and consider additional personnel at the affected corridor.,Consider additional traffic personnel,Consider diversion planning if congestion persists,Review non-essential roadwork scheduling,
2024-06-03,Yeshwanthpur | Tumkur Road,Yeshwanthpur,Tumkur Road,Low,Low,False,,False,Clear,No,Normal,Normal traffic management; continue routine monitoring.,Routine traffic personnel,No special diversion recommended,No special roadwork restriction recommended,
2024-06-04,Indiranagar | 100 Feet Road,Indiranagar,100 Feet Road,Medium,Medium,False,,False,Clear,No,Moderate,Increase traffic monitoring and consider additional personnel at the affected corridor.,Consider additional traffic personnel,Consider diversion planning if congestion persists,Review non-essential roadwork scheduling,
2024-06-04,Indiranagar | CMH Road,Indiranagar,CMH Road,High,High,False,,False,Clear,No,High,Deploy additional traffic personnel and prepare diversion measures for the affected corridor.,Additional traffic personnel recommended,Prepare/activate suitable diversion planning,Suspend or reschedule non-essential roadwork where operationally appropriate,
2024-06-04,Electronic City | Hosur Road,Electronic City,Hosur Road,Medium,Medium,False,,False,Clear,No,Moderate,Increase traffic monitoring and consider additional personnel at the affected corridor.,Consider additional traffic personnel,Consider diversion planning if congestion persists,Review non-essential roadwork scheduling,
2024-06-04,Electronic City | Silk Board Junction,Electronic City,Silk Board Junction,Low,Low,False,,False,Fog,Yes,Normal,Normal traffic management; continue routine monitoring.,Routine traffic personnel,No special diversion recommended,No special roadwork restriction recommended,Roadwork is present; review whether it can be postponed during high-congestion periods.; Adverse weather is present; consider additional caution and traffic monitoring.
2024-06-04,Hebbal | Hebbal Flyover,Hebbal,Hebbal Flyover,Low,Medium,False,,False,Clear,No,Moderate,Increase traffic monitoring and consider additional personnel at the affected corridor.,Consider additional traffic personnel,Consider diversion planning if congestion persists,Review non-essential roadwork scheduling,
2024-06-05,Indiranagar | 100 Feet Road,Indiranagar,100 Feet Road,High,High,False,,False,Overcast,No,High,Deploy additional traffic personnel and prepare diversion measures for the affected corridor.,Additional traffic personnel recommended,Prepare/activate suitable diversion planning,Suspend or reschedule non-essential roadwork where operationally appropriate,
2024-06-05,Indiranagar | CMH Road,Indiranagar,CMH Road,High,High,False,,False,Overcast,No,High,Deploy additional traffic personnel and prepare diversion measures for the affected corridor.,Additional traffic personnel recommended,Prepare/activate suitable diversion planning,Suspend or reschedule non-essential roadwork where operationally appropriate,
2024-06-05,Koramangala | Sony World Junction,Koramangala,Sony World Junction,High,High,False,,False,Clear,No,High,Deploy additional traffic personnel and prepare diversion measures for the affected corridor.,Additional traffic personnel recommended,Prepare/activate suitable diversion planning,Suspend or reschedule non-essential roadwork where operationally appropriate,
2024-06-05,Koramangala | Sarjapur Road,Koramangala,Sarjapur Road,High,High,False,,False,Clear,No,High,Deploy additional traffic personnel and prepare diversion measures for the affected corridor.,Additional traffic personnel recommended,Prepare/activate suitable diversion planning,Suspend or reschedule non-essential roadwork where operationally appropriate,
2024-06-05,Electronic City | Silk Board Junction,Electronic City,Silk Board Junction,Low,Low,False,,False,Clear,No,Normal,Normal traffic management; continue routine monitoring.,Routine traffic personnel,No special diversion recommended,No special roadwork restriction recommended,
2024-06-05,M.G. Road | Anil Kumble Circle,M.G. Road,Anil Kumble Circle,High,Medium,False,,False,Clear,No,Moderate,Increase traffic monitoring and consider additional personnel at the affected corridor.,Consider additional traffic personnel,Consider diversion planning if congestion persists,Review non-essential roadwork scheduling,
2024-06-05,Jayanagar | Jayanagar 4th Block,Jayanagar,Jayanagar 4th Block,Low,Low,False,,False,Clear,No,Normal,Normal traffic management; continue routine monitoring.,Routine traffic personnel,No special diversion recommended,No special roadwork restriction recommended,
2024-06-05,Jayanagar | South End Circle,Jayanagar,South End Circle,High,High,False,,False,Clear,No,High,Deploy additional traffic personnel and prepare diversion measures for the affected corridor.,Additional traffic personnel recommended,Prepare/activate suitable diversion planning,Suspend or reschedule non-essential roadwork where operationally appropriate,
2024-06-05,Hebbal | Hebbal Flyover,Hebbal,Hebbal Flyover,High,High,False,,False,Overcast,No,High,Deploy additional traffic personnel and prepare diversion measures for the affected corridor.,Additional traffic personnel recommended,Prepare/activate suitable diversion planning,Suspend or reschedule non-essential roadwork where operationally appropriate,
2024-06-05,Yeshwanthpur | Yeshwanthpur Circle,Yeshwanthpur,Yeshwanthpur Circle,Low,Low,False,,False,Clear,No,Normal,Normal traffic management; continue routine monitoring.,Routine traffic personnel,No special diversion recommended,No special roadwork restriction recommended,
2024-06-05,Yeshwanthpur | Tumkur Road,Yeshwanthpur,Tumkur Road,High,High,False,,False,Clear,No,High,Deploy additional traffic personnel and prepare diversion measures for the affected corridor.,Additional traffic personnel recommended,Prepare/activate suitable diversion planning,Suspend or reschedule non-essential roadwork where operationally appropriate,
2024-06-06,Indiranagar | 100 Feet Road,Indiranagar,100 Feet Road,High,High,False,,False,Clear,No,High,Deploy additional traffic personnel and prepare diversion measures for the affected corridor.,Additional traffic personnel recommended,Prepare/activate suitable diversion planning,Suspend or reschedule non-essential roadwork where operationally appropriate,
2024-06-06,Koramangala | Sony World Junction,Koramangala,Sony World Junction,High,High,False,,False,Rain,No,High,Deploy additional traffic personnel and prepare diversion measures for the affected corridor.,Additional traffic personnel recommended,Prepare/activate suitable diversion planning,Suspend or reschedule non-essential roadwork where operationally appropriate,Adverse weather is present; consider additional caution and traffic monitoring.
2024-06-06,Koramangala | Sarjapur Road,Koramangala,Sarjapur Road,High,High,False,,False,Clear,No,High,Deploy additional traffic personnel and prepare diversion measures for the affected corridor.,Additional traffic personnel recommended,Prepare/activate suitable diversion planning,Suspend or reschedule non-essential roadwork where operationally appropriate,
2024-06-06,M.G. Road | Trinity Circle,M.G. Road,Trinity Circle,Medium,Medium,False,,False,Clear,No,Moderate,Increase traffic monitoring and consider additional personnel at the affected corridor.,Consider additional traffic personnel,Consider diversion planning if congestion persists,Review non-essential roadwork scheduling,
2024-06-06,Jayanagar | Jayanagar 4th Block,Jayanagar,Jayanagar 4th Block,Medium,Medium,False,,False,Fog,No,Moderate,Increase traffic monitoring and consider additional personnel at the affected corridor.,Consider additional traffic personnel,Consider diversion planning if congestion persists,Review non-essential roadwork scheduling,Adverse weather is present; consider additional caution and traffic monitoring.
2024-06-06,Jayanagar | South End Circle,Jayanagar,South End Circle,High,High,False,,False,Clear,No,High,Deploy additional traffic personnel and prepare diversion measures for the affected corridor.,Additional traffic personnel recommended,Prepare/activate suitable diversion planning,Suspend or reschedule non-essential roadwork where operationally appropriate,
2024-06-06,Hebbal | Hebbal Flyover,Hebbal,Hebbal Flyover,Medium,Medium,False,,False,Clear,No,Moderate,Increase traffic monitoring and consider additional personnel at the affected corridor.,Consider additional traffic personnel,Consider diversion planning if congestion persists,Review non-essential roadwork scheduling,
2024-06-06,Yeshwanthpur | Tumkur Road,Yeshwanthpur,Tumkur Road,Medium,Medium,False,,False,Clear,No,Moderate,Increase traffic monitoring and consider additional personnel at the affected corridor.,Consider additional traffic personnel,Consider diversion planning if congestion persists,Review non-essential roadwork scheduling,
2024-06-07,Indiranagar | 100 Feet Road,Indiranagar,100 Feet Road,High,Medium,False,,False,Clear,No,Moderate,Increase traffic monitoring and consider additional personnel at the affected corridor.,Consider additional traffic personnel,Consider diversion planning if congestion persists,Review non-essential roadwork scheduling,
2024-06-07,Indiranagar | CMH Road,Indiranagar,CMH Road,High,High,False,,False,Overcast,No,High,Deploy additional traffic personnel and prepare diversion measures for the affected corridor.,Additional traffic personnel recommended,Prepare/activate suitable diversion planning,Suspend or reschedule non-essential roadwork where operationally appropriate,
2024-06-07,Koramangala | Sony World Junction,Koramangala,Sony World Junction,Medium,Medium,False,,False,Clear,No,Moderate,Increase traffic monitoring and consider additional personnel at the affected corridor.,Consider additional traffic personnel,Consider diversion planning if congestion persists,Review non-essential roadwork scheduling,
2024-06-07,Electronic City | Hosur Road,Electronic City,Hosur Road,Low,Low,False,,False,Rain,No,Normal,Normal traffic management; continue routine monitoring.,Routine traffic personnel,No special diversion recommended,No special roadwork restriction recommended,Adverse weather is present; consider additional caution and traffic monitoring.
2024-06-07,Electronic City | Silk Board Junction,Electronic City,Silk Board Junction,Low,Low,False,,False,Clear,No,Normal,Normal traffic management; continue routine monitoring.,Routine traffic personnel,No special diversion recommended,No special roadwork restriction recommended,
2024-06-07,M.G. Road | Trinity Circle,M.G. Road,Trinity Circle,Medium,Medium,False,,False,Fog,Yes,Moderate,Increase traffic monitoring and consider additional personnel at the affected corridor.,Consider additional traffic personnel,Consider diversion planning if congestion persists,Review non-essential roadwork scheduling,Roadwork is present; review whether it can be postponed during high-congestion periods.; Adverse weather is present; consider additional caution and traffic monitoring.
2024-06-07,M.G. Road | Anil Kumble Circle,M.G. Road,Anil Kumble Circle,High,High,False,,False,Fog,No,High,Deploy additional traffic personnel and prepare diversion measures for the affected corridor.,Additional traffic personnel recommended,Prepare/activate suitable diversion planning,Suspend or reschedule non-essential roadwork where operationally appropriate,Adverse weather is present; consider additional caution and traffic monitoring.
2024-06-07,Jayanagar | Jayanagar 4th Block,Jayanagar,Jayanagar 4th Block,Medium,Medium,False,,False,Clear,No,Moderate,Increase traffic monitoring and consider additional personnel at the affected corridor.,Consider additional traffic personnel,Consider diversion planning if congestion persists,Review non-essential roadwork scheduling,
2024-06-07,Jayanagar | South End Circle,Jayanagar,South End Circle,High,Medium,False,,False,Clear,No,Moderate,Increase traffic monitoring and consider additional personnel at the affected corridor.,Consider additional traffic personnel,Consider diversion planning if congestion persists,Review non-essential roadwork scheduling,
2024-06-07,Yeshwanthpur | Tumkur Road,Yeshwanthpur,Tumkur Road,Medium,Low,False,,False,Windy,No,Normal,Normal traffic management; continue routine monitoring.,Routine traffic personnel,No special diversion recommended,No special roadwork restriction recommended,
2024-06-08,Indiranagar | 100 Feet Road,Indiranagar,100 Feet Road,Low,Low,False,,False,Overcast,No,Normal,Normal traffic management; continue routine monitoring.,Routine traffic personnel,No special diversion recommended,No special roadwork restriction recommended,
2024-06-08,Indiranagar | CMH Road,Indiranagar,CMH Road,Medium,Medium,False,,False,Clear,Yes,Moderate,Increase traffic monitoring and consider additional personnel at the affected corridor.,Consider additional traffic personnel,Consider diversion planning if congestion persists,Review non-essential roadwork scheduling,Roadwork is present; review whether it can be postponed during high-congestion periods.
2024-06-08,Whitefield | Marathahalli Bridge,Whitefield,Marathahalli Bridge,Medium,Medium,False,,False,Clear,No,Moderate,Increase traffic monitoring and consider additional personnel at the affected corridor.,Consider additional traffic personnel,Consider diversion planning if congestion persists,Review non-essential roadwork scheduling,
2024-06-08,Whitefield | ITPL Main Road,Whitefield,ITPL Main Road,Low,Low,False,,False,Clear,No,Normal,Normal traffic management; continue routine monitoring.,Routine traffic personnel,No special diversion recommended,No special roadwork restriction recommended,
2024-06-08,Koramangala | Sony World Junction,Koramangala,Sony World Junction,High,High,False,,False,Rain,No,High,Deploy additional traffic personnel and prepare diversion measures for the affected corridor.,Additional traffic personnel recommended,Prepare/activate suitable diversion planning,Suspend or reschedule non-essential roadwork where operationally appropriate,Adverse weather is present; consider additional caution and traffic monitoring.
2024-06-08,Koramangala | Sarjapur Road,Koramangala,Sarjapur Road,High,High,False,,False,Clear,No,High,Deploy additional traffic personnel and prepare diversion measures for the affected corridor.,Additional traffic personnel recommended,Prepare/activate suitable diversion planning,Suspend or reschedule non-essential roadwork where operationally appropriate,
2024-06-08,M.G. Road | Anil Kumble Circle,M.G. Road,Anil Kumble Circle,Medium,Medium,False,,False,Clear,No,Moderate,Increase traffic monitoring and consider additional personnel at the affected corridor.,Consider additional traffic personnel,Consider diversion planning if congestion persists,Review non-essential roadwork scheduling,
2024-06-08,Jayanagar | Jayanagar 4th Block,Jayanagar,Jayanagar 4th Block,Low,Low,False,,False,Overcast,No,Normal,Normal traffic management; continue routine monitoring.,Routine traffic personnel,No special diversion recommended,No special roadwork restriction recommended,
2024-06-08,Jayanagar | South End Circle,Jayanagar,South End Circle,Low,Low,False,,False,Clear,No,Normal,Normal traffic management; continue routine monitoring.,Routine traffic personnel,No special diversion recommended,No special roadwork restriction recommended,
2024-06-08,Hebbal | Ballari Road,Hebbal,Ballari Road,High,High,False,,False,Fog,No,High,Deploy additional traffic personnel and prepare diversion measures for the affected corridor.,Additional traffic personnel recommended,Prepare/activate suitable diversion planning,Suspend or reschedule non-essential roadwork where operationally appropriate,Adverse weather is present; consider additional caution and traffic monitoring.
2024-06-09,Indiranagar | 100 Feet Road,Indiranagar,100 Feet Road,Medium,Medium,False,,False,Clear,No,Moderate,Increase traffic monitoring and consider additional personnel at the affected corridor.,Consider additional traffic personnel,Consider diversion planning if congestion persists,Review non-essential roadwork scheduling,
2024-06-09,Indiranagar | CMH Road,Indiranagar,CMH Road,Medium,Medium,False,,False,Clear,No,Moderate,Increase traffic monitoring and consider additional personnel at the affected corridor.,Consider additional traffic personnel,Consider diversion planning if congestion persists,Review non-essential roadwork scheduling,
2024-06-09,Koramangala | Sony World Junction,Koramangala,Sony World Junction,High,High,False,,False,Clear,No,High,Deploy additional traffic personnel and prepare diversion measures for the affected corridor.,Additional traffic personnel recommended,Prepare/activate suitable diversion planning,Suspend or reschedule non-essential roadwork where operationally appropriate,
2024-06-09,Koramangala | Sarjapur Road,Koramangala,Sarjapur Road,Low,Low,False,,False,Clear,No,Normal,Normal traffic management; continue routine monitoring.,Routine traffic personnel,No special diversion recommended,No special roadwork restriction recommended,
2024-06-09,M.G. Road | Anil Kumble Circle,M.G. Road,Anil Kumble Circle,Medium,Medium,False,,False,Clear,No,Moderate,Increase traffic monitoring and consider additional personnel at the affected corridor.,Consider additional traffic personnel,Consider diversion planning if congestion persists,Review non-essential roadwork scheduling,
2024-06-09,Jayanagar | Jayanagar 4th Block,Jayanagar,Jayanagar 4th Block,Low,Medium,False,,False,Rain,No,Moderate,Increase traffic monitoring and consider additional personnel at the affected corridor.,Consider additional traffic personnel,Consider diversion planning if congestion persists,Review non-essential roadwork scheduling,Adverse weather is present; consider additional caution and traffic monitoring.
2024-06-09,Jayanagar | South End Circle,Jayanagar,South End Circle,High,High,False,,False,Clear,No,High,Deploy additional traffic personnel and prepare diversion measures for the affected corridor.,Additional traffic personnel recommended,Prepare/activate suitable diversion planning,Suspend or reschedule non-essential roadwork where operationally appropriate,
2024-06-09,Hebbal | Hebbal Flyover,Hebbal,Hebbal Flyover,High,High,False,,False,Clear,Yes,High,Deploy additional traffic personnel and prepare diversion measures for the affected corridor.,Additional traffic personnel recommended,Prepare/activate suitable diversion planning,Suspend or reschedule non-essential roadwork where operationally appropriate,Roadwork is present; review whether it can be postponed during high-congestion periods.
2024-06-09,Hebbal | Ballari Road,Hebbal,Ballari Road,Medium,Medium,False,,False,Clear,Yes,Moderate,Increase traffic monitoring and consider additional personnel at the affected corridor.,Consider additional traffic personnel,Consider diversion planning if congestion persists,Review non-essential roadwork scheduling,Roadwork is present; review whether it can be postponed during high-congestion periods.
2024-06-09,Yeshwanthpur | Yeshwanthpur Circle,Yeshwanthpur,Yeshwanthpur Circle,Medium,Medium,False,,False,Fog,No,Moderate,Increase traffic monitoring and consider additional personnel at the affected corridor.,Consider additional traffic personnel,Consider diversion planning if congestion persists,Review non-essential roadwork scheduling,Adverse weather is present; consider additional caution and traffic monitoring.
2024-06-10,Indiranagar | 100 Feet Road,Indiranagar,100 Feet Road,High,High,False,,False,Clear,No,High,Deploy additional traffic personnel and prepare diversion measures for the affected corridor.,Additional traffic personnel recommended,Prepare/activate suitable diversion planning,Suspend or reschedule non-essential roadwork where operationally appropriate,
2024-06-10,Indiranagar | CMH Road,Indiranagar,CMH Road,High,High,False,,False,Clear,No,High,Deploy additional traffic personnel and prepare diversion measures for the affected corridor.,Additional traffic personnel recommended,Prepare/activate suitable diversion planning,Suspend or reschedule non-essential roadwork where operationally appropriate,
2024-06-10,Whitefield | ITPL Main Road,Whitefield,ITPL Main Road,Medium,Medium,False,,False,Clear,No,Moderate,Increase traffic monitoring and consider additional personnel at the affected corridor.,Consider additional traffic personnel,Consider diversion planning if congestion persists,Review non-essential roadwork scheduling,
2024-06-10,Koramangala | Sony World Junction,Koramangala,Sony World Junction,High,High,False,,False,Clear,No,High,Deploy additional traffic personnel and prepare diversion measures for the affected corridor.,Additional traffic personnel recommended,Prepare/activate suitable diversion planning,Suspend or reschedule non-essential roadwork where operationally appropriate,
2024-06-10,Koramangala | Sarjapur Road,Koramangala,Sarjapur Road,High,High,False,,False,Clear,No,High,Deploy additional traffic personnel and prepare diversion measures for the affected corridor.,Additional traffic personnel recommended,Prepare/activate suitable diversion planning,Suspend or reschedule non-essential roadwork where operationally appropriate,
2024-06-10,M.G. Road | Trinity Circle,M.G. Road,Trinity Circle,High,Medium,False,,False,Overcast,No,Moderate,Increase traffic monitoring and consider additional personnel at the affected corridor.,Consider additional traffic personnel,Consider diversion planning if congestion persists,Review non-essential roadwork scheduling,
2024-06-10,M.G. Road | Anil Kumble Circle,M.G. Road,Anil Kumble Circle,High,High,False,,False,Overcast,No,High,Deploy additional traffic personnel and prepare diversion measures for the affected corridor.,Additional traffic personnel recommended,Prepare/activate suitable diversion planning,Suspend or reschedule non-essential roadwork where operationally appropriate,
2024-06-10,Jayanagar | Jayanagar 4th Block,Jayanagar,Jayanagar 4th Block,Low,Low,False,,False,Clear,No,Normal,Normal traffic management; continue routine monitoring.,Routine traffic personnel,No special diversion recommended,No special roadwork restriction recommended,
2024-06-10,Hebbal | Hebbal Flyover,Hebbal,Hebbal Flyover,High,High,False,,False,Clear,No,High,Deploy additional traffic personnel and prepare diversion measures for the affected corridor.,Additional traffic personnel recommended,Prepare/activate suitable diversion planning,Suspend or reschedule non-essential roadwork where operationally appropriate,
2024-06-10,Yeshwanthpur | Tumkur Road,Yeshwanthpur,Tumkur Road,Low,Low,False,,False,Clear,No,Normal,Normal traffic management; continue routine monitoring.,Routine traffic personnel,No special diversion recommended,No special roadwork restriction recommended,
2024-06-11,Indiranagar | 100 Feet Road,Indiranagar,100 Feet Road,High,High,False,,False,Overcast,No,High,Deploy additional traffic personnel and prepare diversion measures for the affected corridor.,Additional traffic personnel recommended,Prepare/activate suitable diversion planning,Suspend or reschedule non-essential roadwork where operationally appropriate,
2024-06-11,Indiranagar | CMH Road,Indiranagar,CMH Road,Medium,Medium,False,,False,Clear,No,Moderate,Increase traffic monitoring and consider additional personnel at the affected corridor.,Consider additional traffic personnel,Consider diversion planning if congestion persists,Review non-essential roadwork scheduling,
2024-06-11,Whitefield | ITPL Main Road,Whitefield,ITPL Main Road,Medium,Medium,False,,False,Rain,No,Moderate,Increase traffic monitoring and consider additional personnel at the affected corridor.,Consider additional traffic personnel,Consider diversion planning if congestion persists,Review non-essential roadwork scheduling,Adverse weather is present; consider additional caution and traffic monitoring.
2024-06-11,Koramangala | Sony World Junction,Koramangala,Sony World Junction,High,High,False,,False,Fog,No,High,Deploy additional traffic personnel and prepare diversion measures for the affected corridor.,Additional traffic personnel recommended,Prepare/activate suitable diversion planning,Suspend or reschedule non-essential roadwork where operationally appropriate,Adverse weather is present; consider additional caution and traffic monitoring.
2024-06-11,Electronic City | Silk Board Junction,Electronic City,Silk Board Junction,Low,Low,False,,False,Fog,No,Normal,Normal traffic management; continue routine monitoring.,Routine traffic personnel,No special diversion recommended,No special roadwork restriction recommended,Adverse weather is present; consider additional caution and traffic monitoring.
2024-06-11,M.G. Road | Anil Kumble Circle,M.G. Road,Anil Kumble Circle,High,High,False,,False,Clear,No,High,Deploy additional traffic personnel and prepare diversion measures for the affected corridor.,Additional traffic personnel recommended,Prepare/activate suitable diversion planning,Suspend or reschedule non-essential roadwork where operationally appropriate,
2024-06-11,Jayanagar | Jayanagar 4th Block,Jayanagar,Jayanagar 4th Block,Low,Low,False,,False,Clear,No,Normal,Normal traffic management; continue routine monitoring.,Routine traffic personnel,No special diversion recommended,No special roadwork restriction recommended,
2024-06-11,Jayanagar | South End Circle,Jayanagar,South End Circle,Low,Medium,False,,False,Clear,No,Moderate,Increase traffic monitoring and consider additional personnel at the affected corridor.,Consider additional traffic personnel,Consider diversion planning if congestion persists,Review non-essential roadwork scheduling,
2024-06-11,Hebbal | Hebbal Flyover,Hebbal,Hebbal Flyover,High,High,False,,False,Clear,No,High,Deploy additional traffic personnel and prepare diversion measures for the affected corridor.,Additional traffic personnel recommended,Prepare/activate suitable diversion planning,Suspend or reschedule non-essential roadwork where operationally appropriate,
2024-06-11,Hebbal | Ballari Road,Hebbal,Ballari Road,Medium,Medium,False,,False,Clear,No,Moderate,Increase traffic monitoring and consider additional personnel at the affected corridor.,Consider additional traffic personnel,Consider diversion planning if congestion persists,Review non-essential roadwork scheduling,
2024-06-11,Yeshwanthpur | Yeshwanthpur Circle,Yeshwanthpur,Yeshwanthpur Circle,Low,Low,False,,False,Clear,No,Normal,Normal traffic management; continue routine monitoring.,Routine traffic personnel,No special diversion recommended,No special roadwork restriction recommended,
2024-06-12,Indiranagar | 100 Feet Road,Indiranagar,100 Feet Road,High,High,False,,False,Overcast,No,High,Deploy additional traffic personnel and prepare diversion measures for the affected corridor.,Additional traffic personnel recommended,Prepare/activate suitable diversion planning,Suspend or reschedule non-essential roadwork where operationally appropriate,
2024-06-12,Indiranagar | CMH Road,Indiranagar,CMH Road,High,High,False,,False,Clear,No,High,Deploy additional traffic personnel and prepare diversion measures for the affected corridor.,Additional traffic personnel recommended,Prepare/activate suitable diversion planning,Suspend or reschedule non-essential roadwork where operationally appropriate,
2024-06-12,Whitefield | Marathahalli Bridge,Whitefield,Marathahalli Bridge,Low,Medium,False,,False,Clear,No,Moderate,Increase traffic monitoring and consider additional personnel at the affected corridor.,Consider additional traffic personnel,Consider diversion planning if congestion persists,Review non-essential roadwork scheduling,
2024-06-12,Koramangala | Sarjapur Road,Koramangala,Sarjapur Road,High,High,False,,False,Clear,No,High,Deploy additional traffic personnel and prepare diversion measures for the affected corridor.,Additional traffic personnel recommended,Prepare/activate suitable diversion planning,Suspend or reschedule non-essential roadwork where operationally appropriate,
2024-06-12,Electronic City | Silk Board Junction,Electronic City,Silk Board Junction,Low,Low,False,,False,Clear,No,Normal,Normal traffic management; continue routine monitoring.,Routine traffic personnel,No special diversion recommended,No special roadwork restriction recommended,
2024-06-12,M.G. Road | Anil Kumble Circle,M.G. Road,Anil Kumble Circle,Medium,Medium,False,,False,Rain,No,Moderate,Increase traffic monitoring and consider additional personnel at the affected corridor.,Consider additional traffic personnel,Consider diversion planning if congestion persists,Review non-essential roadwork scheduling,Adverse weather is present; consider additional caution and traffic monitoring.
2024-06-12,Jayanagar | Jayanagar 4th Block,Jayanagar,Jayanagar 4th Block,Medium,Medium,False,,False,Clear,No,Moderate,Increase traffic monitoring and consider additional personnel at the affected corridor.,Consider additional traffic personnel,Consider diversion planning if congestion persists,Review non-essential roadwork scheduling,
2024-06-12,Jayanagar | South End Circle,Jayanagar,South End Circle,Medium,Medium,False,,False,Clear,No,Moderate,Increase traffic monitoring and consider additional personnel at the affected corridor.,Consider additional traffic personnel,Consider diversion planning if congestion persists,Review non-essential roadwork scheduling,
2024-06-12,Hebbal | Hebbal Flyover,Hebbal,Hebbal Flyover,High,High,False,,False,Clear,No,High,Deploy additional traffic personnel and prepare diversion measures for the affected corridor.,Additional traffic personnel recommended,Prepare/activate suitable diversion planning,Suspend or reschedule non-essential roadwork where operationally appropriate,
2024-06-13,Indiranagar | 100 Feet Road,Indiranagar,100 Feet Road,High,High,False,,False,Rain,No,High,Deploy additional traffic personnel and prepare diversion measures for the affected corridor.,Additional traffic personnel recommended,Prepare/activate suitable diversion planning,Suspend or reschedule non-essential roadwork where operationally appropriate,Adverse weather is present; consider additional caution and traffic monitoring.
2024-06-13,Indiranagar | CMH Road,Indiranagar,CMH Road,High,High,False,,False,Overcast,No,High,Deploy additional traffic personnel and prepare diversion measures for the affected corridor.,Additional traffic personnel recommended,Prepare/activate suitable diversion planning,Suspend or reschedule non-essential roadwork where operationally appropriate,
2024-06-13,Whitefield | Marathahalli Bridge,Whitefield,Marathahalli Bridge,Medium,Medium,False,,False,Clear,No,Moderate,Increase traffic monitoring and consider additional personnel at the affected corridor.,Consider additional traffic personnel,Consider diversion planning if congestion persists,Review non-essential roadwork scheduling,
2024-06-13,Whitefield | ITPL Main Road,Whitefield,ITPL Main Road,Medium,Medium,False,,False,Clear,Yes,Moderate,Increase traffic monitoring and consider additional personnel at the affected corridor.,Consider additional traffic personnel,Consider diversion planning if congestion persists,Review non-essential roadwork scheduling,Roadwork is present; review whether it can be postponed during high-congestion periods.
2024-06-13,Electronic City | Silk Board Junction,Electronic City,Silk Board Junction,Low,Low,False,,False,Clear,No,Normal,Normal traffic management; continue routine monitoring.,Routine traffic personnel,No special diversion recommended,No special roadwork restriction recommended,
2024-06-13,M.G. Road | Trinity Circle,M.G. Road,Trinity Circle,High,High,False,,False,Clear,No,High,Deploy additional traffic personnel and prepare diversion measures for the affected corridor.,Additional traffic personnel recommended,Prepare/activate suitable diversion planning,Suspend or reschedule non-essential roadwork where operationally appropriate,
2024-06-13,M.G. Road | Anil Kumble Circle,M.G. Road,Anil Kumble Circle,High,High,False,,False,Overcast,No,High,Deploy additional traffic personnel and prepare diversion measures for the affected corridor.,Additional traffic personnel recommended,Prepare/activate suitable diversion planning,Suspend or reschedule non-essential roadwork where operationally appropriate,
2024-06-13,Jayanagar | Jayanagar 4th Block,Jayanagar,Jayanagar 4th Block,High,High,False,,False,Overcast,No,High,Deploy additional traffic personnel and prepare diversion measures for the affected corridor.,Additional traffic personnel recommended,Prepare/activate suitable diversion planning,Suspend or reschedule non-essential roadwork where operationally appropriate,
2024-06-13,Jayanagar | South End Circle,Jayanagar,South End Circle,High,High,False,,False,Rain,No,High,Deploy additional traffic personnel and prepare diversion measures for the affected corridor.,Additional traffic personnel recommended,Prepare/activate suitable diversion planning,Suspend or reschedule non-essential roadwork where operationally appropriate,Adverse weather is present; consider additional caution and traffic monitoring.
2024-06-13,Yeshwanthpur | Tumkur Road,Yeshwanthpur,Tumkur Road,Medium,Medium,False,,False,Clear,No,Moderate,Increase traffic monitoring and consider additional personnel at the affected corridor.,Consider additional traffic personnel,Consider diversion planning if congestion persists,Review non-essential roadwork scheduling,
2024-06-14,Indiranagar | 100 Feet Road,Indiranagar,100 Feet Road,Medium,Medium,False,,False,Fog,No,Moderate,Increase traffic monitoring and consider additional personnel at the affected corridor.,Consider additional traffic personnel,Consider diversion planning if congestion persists,Review non-essential roadwork scheduling,Adverse weather is present; consider additional caution and traffic monitoring.
2024-06-14,Indiranagar | CMH Road,Indiranagar,CMH Road,Low,Low,False,,False,Overcast,No,Normal,Normal traffic management; continue routine monitoring.,Routine traffic personnel,No special diversion recommended,No special roadwork restriction recommended,
2024-06-14,Koramangala | Sony World Junction,Koramangala,Sony World Junction,High,High,False,,False,Clear,No,High,Deploy additional traffic personnel and prepare diversion measures for the affected corridor.,Additional traffic personnel recommended,Prepare/activate suitable diversion planning,Suspend or reschedule non-essential roadwork where operationally appropriate,
2024-06-14,Koramangala | Sarjapur Road,Koramangala,Sarjapur Road,Low,Low,False,,False,Overcast,No,Normal,Normal traffic management; continue routine monitoring.,Routine traffic personnel,No special diversion recommended,No special roadwork restriction recommended,
2024-06-14,M.G. Road | Trinity Circle,M.G. Road,Trinity Circle,High,High,False,,False,Clear,No,High,Deploy additional traffic personnel and prepare diversion measures for the affected corridor.,Additional traffic personnel recommended,Prepare/activate suitable diversion planning,Suspend or reschedule non-essential roadwork where operationally appropriate,
2024-06-14,M.G. Road | Anil Kumble Circle,M.G. Road,Anil Kumble Circle,High,High,False,,False,Clear,No,High,Deploy additional traffic personnel and prepare diversion measures for the affected corridor.,Additional traffic personnel recommended,Prepare/activate suitable diversion planning,Suspend or reschedule non-essential roadwork where operationally appropriate,
2024-06-14,Jayanagar | South End Circle,Jayanagar,South End Circle,High,High,False,,False,Overcast,No,High,Deploy additional traffic personnel and prepare diversion measures for the affected corridor.,Additional traffic personnel recommended,Prepare/activate suitable diversion planning,Suspend or reschedule non-essential roadwork where operationally appropriate,
2024-06-14,Hebbal | Ballari Road,Hebbal,Ballari Road,High,High,False,,False,Overcast,No,High,Deploy additional traffic personnel and prepare diversion measures for the affected corridor.,Additional traffic personnel recommended,Prepare/activate suitable diversion planning,Suspend or reschedule non-essential roadwork where operationally appropriate,
2024-06-14,Yeshwanthpur | Tumkur Road,Yeshwanthpur,Tumkur Road,Low,Low,False,,False,Windy,No,Normal,Normal traffic management; continue routine monitoring.,Routine traffic personnel,No special diversion recommended,No special roadwork restriction recommended,
2024-06-15,Indiranagar | 100 Feet Road,Indiranagar,100 Feet Road,High,High,False,,False,Clear,No,High,Deploy additional traffic personnel and prepare diversion measures for the affected corridor.,Additional traffic personnel recommended,Prepare/activate suitable diversion planning,Suspend or reschedule non-essential roadwork where operationally appropriate,
2024-06-15,Indiranagar | CMH Road,Indiranagar,CMH Road,Medium,Medium,False,,False,Clear,Yes,Moderate,Increase traffic monitoring and consider additional personnel at the affected corridor.,Consider additional traffic personnel,Consider diversion planning if congestion persists,Review non-essential roadwork scheduling,Roadwork is present; review whether it can be postponed during high-congestion periods.
2024-06-15,Whitefield | Marathahalli Bridge,Whitefield,Marathahalli Bridge,Medium,Medium,False,,False,Clear,No,Moderate,Increase traffic monitoring and consider additional personnel at the affected corridor.,Consider additional traffic personnel,Consider diversion planning if congestion persists,Review non-essential roadwork scheduling,
2024-06-15,Koramangala | Sony World Junction,Koramangala,Sony World Junction,Low,Low,False,,False,Fog,No,Normal,Normal traffic management; continue routine monitoring.,Routine traffic personnel,No special diversion recommended,No special roadwork restriction recommended,Adverse weather is present; consider additional caution and traffic monitoring.
2024-06-15,Koramangala | Sarjapur Road,Koramangala,Sarjapur Road,High,High,False,,False,Clear,No,High,Deploy additional traffic personnel and prepare diversion measures for the affected corridor.,Additional traffic personnel recommended,Prepare/activate suitable diversion planning,Suspend or reschedule non-essential roadwork where operationally appropriate,
2024-06-15,Electronic City | Hosur Road,Electronic City,Hosur Road,Low,Medium,False,,False,Clear,No,Moderate,Increase traffic monitoring and consider additional personnel at the affected corridor.,Consider additional traffic personnel,Consider diversion planning if congestion persists,Review non-essential roadwork scheduling,
2024-06-15,Electronic City | Silk Board Junction,Electronic City,Silk Board Junction,Low,Low,False,,False,Clear,No,Normal,Normal traffic management; continue routine monitoring.,Routine traffic personnel,No special diversion recommended,No special roadwork restriction recommended,
2024-06-15,M.G. Road | Anil Kumble Circle,M.G. Road,Anil Kumble Circle,High,High,False,,False,Fog,No,High,Deploy additional traffic personnel and prepare diversion measures for the affected corridor.,Additional traffic personnel recommended,Prepare/activate suitable diversion planning,Suspend or reschedule non-essential roadwork where operationally appropriate,Adverse weather is present; consider additional caution and traffic monitoring.
2024-06-15,Jayanagar | Jayanagar 4th Block,Jayanagar,Jayanagar 4th Block,High,High,False,,False,Overcast,No,High,Deploy additional traffic personnel and prepare diversion measures for the affected corridor.,Additional traffic personnel recommended,Prepare/activate suitable diversion planning,Suspend or reschedule non-essential roadwork where operationally appropriate,
2024-06-15,Jayanagar | South End Circle,Jayanagar,South End Circle,High,High,False,,False,Clear,No,High,Deploy additional traffic personnel and prepare diversion measures for the affected corridor.,Additional traffic personnel recommended,Prepare/activate suitable diversion planning,Suspend or reschedule non-essential roadwork where operationally appropriate,
2024-06-15,Hebbal | Ballari Road,Hebbal,Ballari Road,High,High,False,,False,Clear,No,High,Deploy additional traffic personnel and prepare diversion measures for the affected corridor.,Additional traffic personnel recommended,Prepare/activate suitable diversion planning,Suspend or reschedule non-essential roadwork where operationally appropriate,
2024-06-16,Indiranagar | 100 Feet Road,Indiranagar,100 Feet Road,High,High,False,,False,Overcast,No,High,Deploy additional traffic personnel and prepare diversion measures for the affected corridor.,Additional traffic personnel recommended,Prepare/activate suitable diversion planning,Suspend or reschedule non-essential roadwork where operationally appropriate,
2024-06-16,Indiranagar | CMH Road,Indiranagar,CMH Road,High,High,False,,False,Overcast,No,High,Deploy additional traffic personnel and prepare diversion measures for the affected corridor.,Additional traffic personnel recommended,Prepare/activate suitable diversion planning,Suspend or reschedule non-essential roadwork where operationally appropriate,
2024-06-16,Whitefield | Marathahalli Bridge,Whitefield,Marathahalli Bridge,Low,Low,False,,False,Overcast,No,Normal,Normal traffic management; continue routine monitoring.,Routine traffic personnel,No special diversion recommended,No special roadwork restriction recommended,
2024-06-16,Whitefield | ITPL Main Road,Whitefield,ITPL Main Road,Low,Low,False,,False,Clear,No,Normal,Normal traffic management; continue routine monitoring.,Routine traffic personnel,No special diversion recommended,No special roadwork restriction recommended,
2024-06-16,Electronic City | Hosur Road,Electronic City,Hosur Road,Low,Low,False,,False,Clear,No,Normal,Normal traffic management; continue routine monitoring.,Routine traffic personnel,No special diversion recommended,No special roadwork restriction recommended,
2024-06-16,Electronic City | Silk Board Junction,Electronic City,Silk Board Junction,High,High,False,,False,Fog,No,High,Deploy additional traffic personnel and prepare diversion measures for the affected corridor.,Additional traffic personnel recommended,Prepare/activate suitable diversion planning,Suspend or reschedule non-essential roadwork where operationally appropriate,Adverse weather is present; consider additional caution and traffic monitoring.
2024-06-16,M.G. Road | Trinity Circle,M.G. Road,Trinity Circle,High,High,False,,False,Clear,No,High,Deploy additional traffic personnel and prepare diversion measures for the affected corridor.,Additional traffic personnel recommended,Prepare/activate suitable diversion planning,Suspend or reschedule non-essential roadwork where operationally appropriate,
2024-06-16,M.G. Road | Anil Kumble Circle,M.G. Road,Anil Kumble Circle,Medium,Medium,False,,False,Clear,No,Moderate,Increase traffic monitoring and consider additional personnel at the affected corridor.,Consider additional traffic personnel,Consider diversion planning if congestion persists,Review non-essential roadwork scheduling,
2024-06-16,Jayanagar | Jayanagar 4th Block,Jayanagar,Jayanagar 4th Block,Medium,Medium,False,,False,Windy,No,Moderate,Increase traffic monitoring and consider additional personnel at the affected corridor.,Consider additional traffic personnel,Consider diversion planning if congestion persists,Review non-essential roadwork scheduling,
2024-06-16,Jayanagar | South End Circle,Jayanagar,South End Circle,Low,Low,False,,False,Clear,No,Normal,Normal traffic management; continue routine monitoring.,Routine traffic personnel,No special diversion recommended,No special roadwork restriction recommended,
2024-06-16,Hebbal | Hebbal Flyover,Hebbal,Hebbal Flyover,Low,Low,False,,False,Fog,No,Normal,Normal traffic management; continue routine monitoring.,Routine traffic personnel,No special diversion recommended,No special roadwork restriction recommended,Adverse weather is present; consider additional caution and traffic monitoring.
2024-06-16,Yeshwanthpur | Tumkur Road,Yeshwanthpur,Tumkur Road,High,High,False,,False,Windy,No,High,Deploy additional traffic personnel and prepare diversion measures for the affected corridor.,Additional traffic personnel recommended,Prepare/activate suitable diversion planning,Suspend or reschedule non-essential roadwork where operationally appropriate,
2024-06-17,Indiranagar | 100 Feet Road,Indiranagar,100 Feet Road,Medium,Medium,True,Bakrid,True,Clear,No,Moderate,Increase traffic monitoring and consider additional personnel at the affected corridor.,Consider additional traffic personnel,Consider diversion planning if congestion persists,Review non-essential roadwork scheduling,Festival-related traffic conditions detected; strengthen traffic management preparedness.; Holiday-related traffic conditions detected; review expected travel demand.
2024-06-17,Indiranagar | CMH Road,Indiranagar,CMH Road,High,High,True,Bakrid,True,Clear,Yes,High,Deploy additional traffic personnel and prepare diversion measures for the affected corridor.,Additional traffic personnel recommended,Prepare/activate suitable diversion planning,Suspend or reschedule non-essential roadwork where operationally appropriate,Festival-related traffic conditions detected; strengthen traffic management preparedness.; Holiday-related traffic conditions detected; review expected travel demand.; Roadwork is present; review whether it can be postponed during high-congestion periods.
2024-06-17,Whitefield | Marathahalli Bridge,Whitefield,Marathahalli Bridge,Low,Low,True,Bakrid,True,Rain,No,Normal,Normal traffic management; continue routine monitoring.,Routine traffic personnel,No special diversion recommended,No special roadwork restriction recommended,Festival-related traffic conditions detected; strengthen traffic management preparedness.; Holiday-related traffic conditions detected; review expected travel demand.; Adverse weather is present; consider additional caution and traffic monitoring.
2024-06-17,Whitefield | ITPL Main Road,Whitefield,ITPL Main Road,Medium,Medium,True,Bakrid,True,Clear,No,Moderate,Increase traffic monitoring and consider additional personnel at the affected corridor.,Consider additional traffic personnel,Consider diversion planning if congestion persists,Review non-essential roadwork scheduling,Festival-related traffic conditions detected; strengthen traffic management preparedness.; Holiday-related traffic conditions detected; review expected travel demand.
2024-06-17,Koramangala | Sony World Junction,Koramangala,Sony World Junction,High,High,True,Bakrid,True,Clear,No,High,Deploy additional traffic personnel and prepare diversion measures for the affected corridor.,Additional traffic personnel recommended,Prepare/activate suitable diversion planning,Suspend or reschedule non-essential roadwork where operationally appropriate,Festival-related traffic conditions detected; strengthen traffic management preparedness.; Holiday-related traffic conditions detected; review expected travel demand.
2024-06-17,Koramangala | Sarjapur Road,Koramangala,Sarjapur Road,High,High,True,Bakrid,True,Clear,Yes,High,Deploy additional traffic personnel and prepare diversion measures for the affected corridor.,Additional traffic personnel recommended,Prepare/activate suitable diversion planning,Suspend or reschedule non-essential roadwork where operationally appropriate,Festival-related traffic conditions detected; strengthen traffic management preparedness.; Holiday-related traffic conditions detected; review expected travel demand.; Roadwork is present; review whether it can be postponed during high-congestion periods.
2024-06-17,M.G. Road | Anil Kumble Circle,M.G. Road,Anil Kumble Circle,High,High,True,Bakrid,True,Fog,No,High,Deploy additional traffic personnel and prepare diversion measures for the affected corridor.,Additional traffic personnel recommended,Prepare/activate suitable diversion planning,Suspend or reschedule non-essential roadwork where operationally appropriate,Festival-related traffic conditions detected; strengthen traffic management preparedness.; Holiday-related traffic conditions detected; review expected travel demand.; Adverse weather is present; consider additional caution and traffic monitoring.
2024-06-17,Jayanagar | Jayanagar 4th Block,Jayanagar,Jayanagar 4th Block,Medium,High,True,Bakrid,True,Overcast,No,High,Deploy additional traffic personnel and prepare diversion measures for the affected corridor.,Additional traffic personnel recommended,Prepare/activate suitable diversion planning,Suspend or reschedule non-essential roadwork where operationally appropriate,Festival-related traffic conditions detected; strengthen traffic management preparedness.; Holiday-related traffic conditions detected; review expected travel demand.
2024-06-17,Jayanagar | South End Circle,Jayanagar,South End Circle,High,High,True,Bakrid,True,Windy,No,High,Deploy additional traffic personnel and prepare diversion measures for the affected corridor.,Additional traffic personnel recommended,Prepare/activate suitable diversion planning,Suspend or reschedule non-essential roadwork where operationally appropriate,Festival-related traffic conditions detected; strengthen traffic management preparedness.; Holiday-related traffic conditions detected; review expected travel demand.
2024-06-17,Hebbal | Hebbal Flyover,Hebbal,Hebbal Flyover,High,High,True,Bakrid,True,Fog,No,High,Deploy additional traffic personnel and prepare diversion measures for the affected corridor.,Additional traffic personnel recommended,Prepare/activate suitable diversion planning,Suspend or reschedule non-essential roadwork where operationally appropriate,Festival-related traffic conditions detected; strengthen traffic management preparedness.; Holiday-related traffic conditions detected; review expected travel demand.; Adverse weather is present; consider additional caution and traffic monitoring.
2024-06-17,Yeshwanthpur | Yeshwanthpur Circle,Yeshwanthpur,Yeshwanthpur Circle,Medium,Medium,True,Bakrid,True,Clear,No,Moderate,Increase traffic monitoring and consider additional personnel at the affected corridor.,Consider additional traffic personnel,Consider diversion planning if congestion persists,Review non-essential roadwork scheduling,Festival-related traffic conditions detected; strengthen traffic management preparedness.; Holiday-related traffic conditions detected; review expected travel demand.
2024-06-18,Indiranagar | 100 Feet Road,Indiranagar,100 Feet Road,High,High,False,,False,Overcast,No,High,Deploy additional traffic personnel and prepare diversion measures for the affected corridor.,Additional traffic personnel recommended,Prepare/activate suitable diversion planning,Suspend or reschedule non-essential roadwork where operationally appropriate,
2024-06-18,Indiranagar | CMH Road,Indiranagar,CMH Road,High,High,False,,False,Windy,No,High,Deploy additional traffic personnel and prepare diversion measures for the affected corridor.,Additional traffic personnel recommended,Prepare/activate suitable diversion planning,Suspend or reschedule non-essential roadwork where operationally appropriate,
2024-06-18,Whitefield | Marathahalli Bridge,Whitefield,Marathahalli Bridge,High,Medium,False,,False,Windy,No,Moderate,Increase traffic monitoring and consider additional personnel at the affected corridor.,Consider additional traffic personnel,Consider diversion planning if congestion persists,Review non-essential roadwork scheduling,
2024-06-18,M.G. Road | Trinity Circle,M.G. Road,Trinity Circle,High,Medium,False,,False,Overcast,No,Moderate,Increase traffic monitoring and consider additional personnel at the affected corridor.,Consider additional traffic personnel,Consider diversion planning if congestion persists,Review non-essential roadwork scheduling,
2024-06-18,M.G. Road | Anil Kumble Circle,M.G. Road,Anil Kumble Circle,High,High,False,,False,Clear,No,High,Deploy additional traffic personnel and prepare diversion measures for the affected corridor.,Additional traffic personnel recommended,Prepare/activate suitable diversion planning,Suspend or reschedule non-essential roadwork where operationally appropriate,
2024-06-18,Jayanagar | South End Circle,Jayanagar,South End Circle,High,High,False,,False,Windy,No,High,Deploy additional traffic personnel and prepare diversion measures for the affected corridor.,Additional traffic personnel recommended,Prepare/activate suitable diversion planning,Suspend or reschedule non-essential roadwork where operationally appropriate,
2024-06-18,Hebbal | Hebbal Flyover,Hebbal,Hebbal Flyover,High,High,False,,False,Clear,No,High,Deploy additional traffic personnel and prepare diversion measures for the affected corridor.,Additional traffic personnel recommended,Prepare/activate suitable diversion planning,Suspend or reschedule non-essential roadwork where operationally appropriate,
2024-06-19,Indiranagar | 100 Feet Road,Indiranagar,100 Feet Road,High,High,False,,False,Clear,No,High,Deploy additional traffic personnel and prepare diversion measures for the affected corridor.,Additional traffic personnel recommended,Prepare/activate suitable diversion planning,Suspend or reschedule non-essential roadwork where operationally appropriate,
2024-06-19,Indiranagar | CMH Road,Indiranagar,CMH Road,Medium,Medium,False,,False,Clear,No,Moderate,Increase traffic monitoring and consider additional personnel at the affected corridor.,Consider additional traffic personnel,Consider diversion planning if congestion persists,Review non-essential roadwork scheduling,
2024-06-19,Whitefield | ITPL Main Road,Whitefield,ITPL Main Road,Medium,Medium,False,,False,Clear,No,Moderate,Increase traffic monitoring and consider additional personnel at the affected corridor.,Consider additional traffic personnel,Consider diversion planning if congestion persists,Review non-essential roadwork scheduling,
2024-06-19,M.G. Road | Trinity Circle,M.G. Road,Trinity Circle,High,High,False,,False,Clear,No,High,Deploy additional traffic personnel and prepare diversion measures for the affected corridor.,Additional traffic personnel recommended,Prepare/activate suitable diversion planning,Suspend or reschedule non-essential roadwork where operationally appropriate,
2024-06-19,M.G. Road | Anil Kumble Circle,M.G. Road,Anil Kumble Circle,High,High,False,,False,Overcast,No,High,Deploy additional traffic personnel and prepare diversion measures for the affected corridor.,Additional traffic personnel recommended,Prepare/activate suitable diversion planning,Suspend or reschedule non-essential roadwork where operationally appropriate,
2024-06-19,Hebbal | Hebbal Flyover,Hebbal,Hebbal Flyover,Medium,Medium,False,,False,Clear,No,Moderate,Increase traffic monitoring and consider additional personnel at the affected corridor.,Consider additional traffic personnel,Consider diversion planning if congestion persists,Review non-essential roadwork scheduling,
2024-06-20,Indiranagar | 100 Feet Road,Indiranagar,100 Feet Road,Medium,Medium,False,,False,Clear,No,Moderate,Increase traffic monitoring and consider additional personnel at the affected corridor.,Consider additional traffic personnel,Consider diversion planning if congestion persists,Review non-essential roadwork scheduling,
2024-06-20,Indiranagar | CMH Road,Indiranagar,CMH Road,High,High,False,,False,Clear,No,High,Deploy additional traffic personnel and prepare diversion measures for the affected corridor.,Additional traffic personnel recommended,Prepare/activate suitable diversion planning,Suspend or reschedule non-essential roadwork where operationally appropriate,
2024-06-20,Whitefield | Marathahalli Bridge,Whitefield,Marathahalli Bridge,Low,Low,False,,False,Fog,No,Normal,Normal traffic management; continue routine monitoring.,Routine traffic personnel,No special diversion recommended,No special roadwork restriction recommended,Adverse weather is present; consider additional caution and traffic monitoring.
2024-06-20,Whitefield | ITPL Main Road,Whitefield,ITPL Main Road,Low,Low,False,,False,Rain,No,Normal,Normal traffic management; continue routine monitoring.,Routine traffic personnel,No special diversion recommended,No special roadwork restriction recommended,Adverse weather is present; consider additional caution and traffic monitoring.
2024-06-20,Koramangala | Sony World Junction,Koramangala,Sony World Junction,High,High,False,,False,Fog,No,High,Deploy additional traffic personnel and prepare diversion measures for the affected corridor.,Additional traffic personnel recommended,Prepare/activate suitable diversion planning,Suspend or reschedule non-essential roadwork where operationally appropriate,Adverse weather is present; consider additional caution and traffic monitoring.
2024-06-20,Koramangala | Sarjapur Road,Koramangala,Sarjapur Road,Medium,High,False,,False,Clear,No,High,Deploy additional traffic personnel and prepare diversion measures for the affected corridor.,Additional traffic personnel recommended,Prepare/activate suitable diversion planning,Suspend or reschedule non-essential roadwork where operationally appropriate,
2024-06-20,Electronic City | Hosur Road,Electronic City,Hosur Road,Low,Medium,False,,False,Clear,Yes,Moderate,Increase traffic monitoring and consider additional personnel at the affected corridor.,Consider additional traffic personnel,Consider diversion planning if congestion persists,Review non-essential roadwork scheduling,Roadwork is present; review whether it can be postponed during high-congestion periods.
2024-06-20,M.G. Road | Trinity Circle,M.G. Road,Trinity Circle,High,High,False,,False,Fog,Yes,High,Deploy additional traffic personnel and prepare diversion measures for the affected corridor.,Additional traffic personnel recommended,Prepare/activate suitable diversion planning,Suspend or reschedule non-essential roadwork where operationally appropriate,Roadwork is present; review whether it can be postponed during high-congestion periods.; Adverse weather is present; consider additional caution and traffic monitoring.
2024-06-20,M.G. Road | Anil Kumble Circle,M.G. Road,Anil Kumble Circle,High,High,False,,False,Clear,No,High,Deploy additional traffic personnel and prepare diversion measures for the affected corridor.,Additional traffic personnel recommended,Prepare/activate suitable diversion planning,Suspend or reschedule non-essential roadwork where operationally appropriate,
2024-06-20,Jayanagar | Jayanagar 4th Block,Jayanagar,Jayanagar 4th Block,Low,Low,False,,False,Overcast,No,Normal,Normal traffic management; continue routine monitoring.,Routine traffic personnel,No special diversion recommended,No special roadwork restriction recommended,
2024-06-20,Jayanagar | South End Circle,Jayanagar,South End Circle,High,High,False,,False,Clear,No,High,Deploy additional traffic personnel and prepare diversion measures for the affected corridor.,Additional traffic personnel recommended,Prepare/activate suitable diversion planning,Suspend or reschedule non-essential roadwork where operationally appropriate,
2024-06-21,Indiranagar | 100 Feet Road,Indiranagar,100 Feet Road,High,High,False,,False,Overcast,Yes,High,Deploy additional traffic personnel and prepare diversion measures for the affected corridor.,Additional traffic personnel recommended,Prepare/activate suitable diversion planning,Suspend or reschedule non-essential roadwork where operationally appropriate,Roadwork is present; review whether it can be postponed during high-congestion periods.
2024-06-21,Whitefield | ITPL Main Road,Whitefield,ITPL Main Road,Medium,Medium,False,,False,Clear,No,Moderate,Increase traffic monitoring and consider additional personnel at the affected corridor.,Consider additional traffic personnel,Consider diversion planning if congestion persists,Review non-essential roadwork scheduling,
2024-06-21,Koramangala | Sony World Junction,Koramangala,Sony World Junction,Low,Low,False,,False,Clear,No,Normal,Normal traffic management; continue routine monitoring.,Routine traffic personnel,No special diversion recommended,No special roadwork restriction recommended,
2024-06-21,Koramangala | Sarjapur Road,Koramangala,Sarjapur Road,High,High,False,,False,Clear,No,High,Deploy additional traffic personnel and prepare diversion measures for the affected corridor.,Additional traffic personnel recommended,Prepare/activate suitable diversion planning,Suspend or reschedule non-essential roadwork where operationally appropriate,
2024-06-21,Electronic City | Hosur Road,Electronic City,Hosur Road,Low,Low,False,,False,Clear,No,Normal,Normal traffic management; continue routine monitoring.,Routine traffic personnel,No special diversion recommended,No special roadwork restriction recommended,
2024-06-21,M.G. Road | Trinity Circle,M.G. Road,Trinity Circle,High,High,False,,False,Clear,No,High,Deploy additional traffic personnel and prepare diversion measures for the affected corridor.,Additional traffic personnel recommended,Prepare/activate suitable diversion planning,Suspend or reschedule non-essential roadwork where operationally appropriate,
2024-06-21,M.G. Road | Anil Kumble Circle,M.G. Road,Anil Kumble Circle,Low,Low,False,,False,Clear,No,Normal,Normal traffic management; continue routine monitoring.,Routine traffic personnel,No special diversion recommended,No special roadwork restriction recommended,
2024-06-21,Jayanagar | South End Circle,Jayanagar,South End Circle,Low,Low,False,,False,Clear,No,Normal,Normal traffic management; continue routine monitoring.,Routine traffic personnel,No special diversion recommended,No special roadwork restriction recommended,
2024-06-21,Yeshwanthpur | Yeshwanthpur Circle,Yeshwanthpur,Yeshwanthpur Circle,Medium,Medium,False,,False,Clear,Yes,Moderate,Increase traffic monitoring and consider additional personnel at the affected corridor.,Consider additional traffic personnel,Consider diversion planning if congestion persists,Review non-essential roadwork scheduling,Roadwork is present; review whether it can be postponed during high-congestion periods.
2024-06-21,Yeshwanthpur | Tumkur Road,Yeshwanthpur,Tumkur Road,Low,Low,False,,False,Clear,No,Normal,Normal traffic management; continue routine monitoring.,Routine traffic personnel,No special diversion recommended,No special roadwork restriction recommended,
2024-06-22,Indiranagar | 100 Feet Road,Indiranagar,100 Feet Road,High,High,False,,False,Windy,No,High,Deploy additional traffic personnel and prepare diversion measures for the affected corridor.,Additional traffic personnel recommended,Prepare/activate suitable diversion planning,Suspend or reschedule non-essential roadwork where operationally appropriate,
2024-06-22,Indiranagar | CMH Road,Indiranagar,CMH Road,Medium,Medium,False,,False,Clear,No,Moderate,Increase traffic monitoring and consider additional personnel at the affected corridor.,Consider additional traffic personnel,Consider diversion planning if congestion persists,Review non-essential roadwork scheduling,
2024-06-22,Whitefield | Marathahalli Bridge,Whitefield,Marathahalli Bridge,Low,Low,False,,False,Fog,No,Normal,Normal traffic management; continue routine monitoring.,Routine traffic personnel,No special diversion recommended,No special roadwork restriction recommended,Adverse weather is present; consider additional caution and traffic monitoring.
2024-06-22,Whitefield | ITPL Main Road,Whitefield,ITPL Main Road,Low,Low,False,,False,Clear,No,Normal,Normal traffic management; continue routine monitoring.,Routine traffic personnel,No special diversion recommended,No special roadwork restriction recommended,
2024-06-22,Koramangala | Sarjapur Road,Koramangala,Sarjapur Road,High,High,False,,False,Overcast,No,High,Deploy additional traffic personnel and prepare diversion measures for the affected corridor.,Additional traffic personnel recommended,Prepare/activate suitable diversion planning,Suspend or reschedule non-essential roadwork where operationally appropriate,
2024-06-22,M.G. Road | Trinity Circle,M.G. Road,Trinity Circle,High,High,False,,False,Clear,No,High,Deploy additional traffic personnel and prepare diversion measures for the affected corridor.,Additional traffic personnel recommended,Prepare/activate suitable diversion planning,Suspend or reschedule non-essential roadwork where operationally appropriate,
2024-06-22,M.G. Road | Anil Kumble Circle,M.G. Road,Anil Kumble Circle,High,High,False,,False,Clear,No,High,Deploy additional traffic personnel and prepare diversion measures for the affected corridor.,Additional traffic personnel recommended,Prepare/activate suitable diversion planning,Suspend or reschedule non-essential roadwork where operationally appropriate,
2024-06-22,Jayanagar | Jayanagar 4th Block,Jayanagar,Jayanagar 4th Block,High,Medium,False,,False,Overcast,No,Moderate,Increase traffic monitoring and consider additional personnel at the affected corridor.,Consider additional traffic personnel,Consider diversion planning if congestion persists,Review non-essential roadwork scheduling,
2024-06-22,Jayanagar | South End Circle,Jayanagar,South End Circle,Medium,Medium,False,,False,Fog,No,Moderate,Increase traffic monitoring and consider additional personnel at the affected corridor.,Consider additional traffic personnel,Consider diversion planning if congestion persists,Review non-essential roadwork scheduling,Adverse weather is present; consider additional caution and traffic monitoring.
2024-06-23,Indiranagar | CMH Road,Indiranagar,CMH Road,High,High,False,,False,Fog,No,High,Deploy additional traffic personnel and prepare diversion measures for the affected corridor.,Additional traffic personnel recommended,Prepare/activate suitable diversion planning,Suspend or reschedule non-essential roadwork where operationally appropriate,Adverse weather is present; consider additional caution and traffic monitoring.
2024-06-23,Whitefield | Marathahalli Bridge,Whitefield,Marathahalli Bridge,Low,Low,False,,False,Clear,No,Normal,Normal traffic management; continue routine monitoring.,Routine traffic personnel,No special diversion recommended,No special roadwork restriction recommended,
2024-06-23,Koramangala | Sony World Junction,Koramangala,Sony World Junction,High,High,False,,False,Clear,Yes,High,Deploy additional traffic personnel and prepare diversion measures for the affected corridor.,Additional traffic personnel recommended,Prepare/activate suitable diversion planning,Suspend or reschedule non-essential roadwork where operationally appropriate,Roadwork is present; review whether it can be postponed during high-congestion periods.
2024-06-23,Koramangala | Sarjapur Road,Koramangala,Sarjapur Road,High,High,False,,False,Windy,Yes,High,Deploy additional traffic personnel and prepare diversion measures for the affected corridor.,Additional traffic personnel recommended,Prepare/activate suitable diversion planning,Suspend or reschedule non-essential roadwork where operationally appropriate,Roadwork is present; review whether it can be postponed during high-congestion periods.
2024-06-23,M.G. Road | Trinity Circle,M.G. Road,Trinity Circle,High,High,False,,False,Clear,No,High,Deploy additional traffic personnel and prepare diversion measures for the affected corridor.,Additional traffic personnel recommended,Prepare/activate suitable diversion planning,Suspend or reschedule non-essential roadwork where operationally appropriate,
2024-06-23,Jayanagar | Jayanagar 4th Block,Jayanagar,Jayanagar 4th Block,Low,Low,False,,False,Clear,No,Normal,Normal traffic management; continue routine monitoring.,Routine traffic personnel,No special diversion recommended,No special roadwork restriction recommended,
2024-06-23,Jayanagar | South End Circle,Jayanagar,South End Circle,Medium,Medium,False,,False,Rain,No,Moderate,Increase traffic monitoring and consider additional personnel at the affected corridor.,Consider additional traffic personnel,Consider diversion planning if congestion persists,Review non-essential roadwork scheduling,Adverse weather is present; consider additional caution and traffic monitoring.
2024-06-24,Indiranagar | 100 Feet Road,Indiranagar,100 Feet Road,Medium,Medium,False,,False,Overcast,No,Moderate,Increase traffic monitoring and consider additional personnel at the affected corridor.,Consider additional traffic personnel,Consider diversion planning if congestion persists,Review non-essential roadwork scheduling,
2024-06-24,Indiranagar | CMH Road,Indiranagar,CMH Road,High,High,False,,False,Clear,No,High,Deploy additional traffic personnel and prepare diversion measures for the affected corridor.,Additional traffic personnel recommended,Prepare/activate suitable diversion planning,Suspend or reschedule non-essential roadwork where operationally appropriate,
2024-06-24,Whitefield | ITPL Main Road,Whitefield,ITPL Main Road,High,High,False,,False,Clear,No,High,Deploy additional traffic personnel and prepare diversion measures for the affected corridor.,Additional traffic personnel recommended,Prepare/activate suitable diversion planning,Suspend or reschedule non-essential roadwork where operationally appropriate,
2024-06-24,Koramangala | Sony World Junction,Koramangala,Sony World Junction,High,High,False,,False,Clear,No,High,Deploy additional traffic personnel and prepare diversion measures for the affected corridor.,Additional traffic personnel recommended,Prepare/activate suitable diversion planning,Suspend or reschedule non-essential roadwork where operationally appropriate,
2024-06-24,Koramangala | Sarjapur Road,Koramangala,Sarjapur Road,High,High,False,,False,Clear,No,High,Deploy additional traffic personnel and prepare diversion measures for the affected corridor.,Additional traffic personnel recommended,Prepare/activate suitable diversion planning,Suspend or reschedule non-essential roadwork where operationally appropriate,
2024-06-24,M.G. Road | Trinity Circle,M.G. Road,Trinity Circle,High,High,False,,False,Overcast,Yes,High,Deploy additional traffic personnel and prepare diversion measures for the affected corridor.,Additional traffic personnel recommended,Prepare/activate suitable diversion planning,Suspend or reschedule non-essential roadwork where operationally appropriate,Roadwork is present; review whether it can be postponed during high-congestion periods.
2024-06-24,M.G. Road | Anil Kumble Circle,M.G. Road,Anil Kumble Circle,High,High,False,,False,Clear,No,High,Deploy additional traffic personnel and prepare diversion measures for the affected corridor.,Additional traffic personnel recommended,Prepare/activate suitable diversion planning,Suspend or reschedule non-essential roadwork where operationally appropriate,
2024-06-24,Jayanagar | Jayanagar 4th Block,Jayanagar,Jayanagar 4th Block,High,High,False,,False,Clear,No,High,Deploy additional traffic personnel and prepare diversion measures for the affected corridor.,Additional traffic personnel recommended,Prepare/activate suitable diversion planning,Suspend or reschedule non-essential roadwork where operationally appropriate,
2024-06-25,Indiranagar | 100 Feet Road,Indiranagar,100 Feet Road,High,High,False,,False,Overcast,No,High,Deploy additional traffic personnel and prepare diversion measures for the affected corridor.,Additional traffic personnel recommended,Prepare/activate suitable diversion planning,Suspend or reschedule non-essential roadwork where operationally appropriate,
2024-06-25,Indiranagar | CMH Road,Indiranagar,CMH Road,Low,Low,False,,False,Rain,No,Normal,Normal traffic management; continue routine monitoring.,Routine traffic personnel,No special diversion recommended,No special roadwork restriction recommended,Adverse weather is present; consider additional caution and traffic monitoring.
2024-06-25,Koramangala | Sarjapur Road,Koramangala,Sarjapur Road,High,High,False,,False,Clear,No,High,Deploy additional traffic personnel and prepare diversion measures for the affected corridor.,Additional traffic personnel recommended,Prepare/activate suitable diversion planning,Suspend or reschedule non-essential roadwork where operationally appropriate,
2024-06-25,M.G. Road | Trinity Circle,M.G. Road,Trinity Circle,High,High,False,,False,Windy,No,High,Deploy additional traffic personnel and prepare diversion measures for the affected corridor.,Additional traffic personnel recommended,Prepare/activate suitable diversion planning,Suspend or reschedule non-essential roadwork where operationally appropriate,
2024-06-25,M.G. Road | Anil Kumble Circle,M.G. Road,Anil Kumble Circle,Medium,Medium,False,,False,Windy,No,Moderate,Increase traffic monitoring and consider additional personnel at the affected corridor.,Consider additional traffic personnel,Consider diversion planning if congestion persists,Review non-essential roadwork scheduling,
2024-06-25,Jayanagar | South End Circle,Jayanagar,South End Circle,Low,Low,False,,False,Rain,No,Normal,Normal traffic management; continue routine monitoring.,Routine traffic personnel,No special diversion recommended,No special roadwork restriction recommended,Adverse weather is present; consider additional caution and traffic monitoring.
2024-06-25,Hebbal | Hebbal Flyover,Hebbal,Hebbal Flyover,High,High,False,,False,Clear,No,High,Deploy additional traffic personnel and prepare diversion measures for the affected corridor.,Additional traffic personnel recommended,Prepare/activate suitable diversion planning,Suspend or reschedule non-essential roadwork where operationally appropriate,
2024-06-25,Hebbal | Ballari Road,Hebbal,Ballari Road,High,High,False,,False,Clear,No,High,Deploy additional traffic personnel and prepare diversion measures for the affected corridor.,Additional traffic personnel recommended,Prepare/activate suitable diversion planning,Suspend or reschedule non-essential roadwork where operationally appropriate,
2024-06-25,Yeshwanthpur | Tumkur Road,Yeshwanthpur,Tumkur Road,Medium,Medium,False,,False,Clear,No,Moderate,Increase traffic monitoring and consider additional personnel at the affected corridor.,Consider additional traffic personnel,Consider diversion planning if congestion persists,Review non-essential roadwork scheduling,
2024-06-26,Indiranagar | 100 Feet Road,Indiranagar,100 Feet Road,High,High,False,,False,Overcast,No,High,Deploy additional traffic personnel and prepare diversion measures for the affected corridor.,Additional traffic personnel recommended,Prepare/activate suitable diversion planning,Suspend or reschedule non-essential roadwork where operationally appropriate,
2024-06-26,Indiranagar | CMH Road,Indiranagar,CMH Road,Medium,Medium,False,,False,Clear,No,Moderate,Increase traffic monitoring and consider additional personnel at the affected corridor.,Consider additional traffic personnel,Consider diversion planning if congestion persists,Review non-essential roadwork scheduling,
2024-06-26,Whitefield | Marathahalli Bridge,Whitefield,Marathahalli Bridge,Medium,Medium,False,,False,Clear,No,Moderate,Increase traffic monitoring and consider additional personnel at the affected corridor.,Consider additional traffic personnel,Consider diversion planning if congestion persists,Review non-essential roadwork scheduling,
2024-06-26,Koramangala | Sony World Junction,Koramangala,Sony World Junction,High,High,False,,False,Overcast,No,High,Deploy additional traffic personnel and prepare diversion measures for the affected corridor.,Additional traffic personnel recommended,Prepare/activate suitable diversion planning,Suspend or reschedule non-essential roadwork where operationally appropriate,
2024-06-26,Electronic City | Hosur Road,Electronic City,Hosur Road,Low,Low,False,,False,Fog,No,Normal,Normal traffic management; continue routine monitoring.,Routine traffic personnel,No special diversion recommended,No special roadwork restriction recommended,Adverse weather is present; consider additional caution and traffic monitoring.
2024-06-26,Electronic City | Silk Board Junction,Electronic City,Silk Board Junction,Medium,Medium,False,,False,Clear,Yes,Moderate,Increase traffic monitoring and consider additional personnel at the affected corridor.,Consider additional traffic personnel,Consider diversion planning if congestion persists,Review non-essential roadwork scheduling,Roadwork is present; review whether it can be postponed during high-congestion periods.
2024-06-26,M.G. Road | Trinity Circle,M.G. Road,Trinity Circle,High,High,False,,False,Clear,No,High,Deploy additional traffic personnel and prepare diversion measures for the affected corridor.,Additional traffic personnel recommended,Prepare/activate suitable diversion planning,Suspend or reschedule non-essential roadwork where operationally appropriate,
2024-06-26,M.G. Road | Anil Kumble Circle,M.G. Road,Anil Kumble Circle,Medium,Medium,False,,False,Clear,No,Moderate,Increase traffic monitoring and consider additional personnel at the affected corridor.,Consider additional traffic personnel,Consider diversion planning if congestion persists,Review non-essential roadwork scheduling,
2024-06-26,Jayanagar | South End Circle,Jayanagar,South End Circle,High,High,False,,False,Clear,No,High,Deploy additional traffic personnel and prepare diversion measures for the affected corridor.,Additional traffic personnel recommended,Prepare/activate suitable diversion planning,Suspend or reschedule non-essential roadwork where operationally appropriate,
2024-06-26,Hebbal | Hebbal Flyover,Hebbal,Hebbal Flyover,High,High,False,,False,Clear,No,High,Deploy additional traffic personnel and prepare diversion measures for the affected corridor.,Additional traffic personnel recommended,Prepare/activate suitable diversion planning,Suspend or reschedule non-essential roadwork where operationally appropriate,
2024-06-26,Yeshwanthpur | Tumkur Road,Yeshwanthpur,Tumkur Road,Low,Low,False,,False,Overcast,No,Normal,Normal traffic management; continue routine monitoring.,Routine traffic personnel,No special diversion recommended,No special roadwork restriction recommended,
2024-06-27,Indiranagar | 100 Feet Road,Indiranagar,100 Feet Road,Medium,Medium,False,,False,Clear,No,Moderate,Increase traffic monitoring and consider additional personnel at the affected corridor.,Consider additional traffic personnel,Consider diversion planning if congestion persists,Review non-essential roadwork scheduling,
2024-06-27,Indiranagar | CMH Road,Indiranagar,CMH Road,Medium,Medium,False,,False,Clear,No,Moderate,Increase traffic monitoring and consider additional personnel at the affected corridor.,Consider additional traffic personnel,Consider diversion planning if congestion persists,Review non-essential roadwork scheduling,
2024-06-27,Whitefield | ITPL Main Road,Whitefield,ITPL Main Road,Low,Low,False,,False,Clear,No,Normal,Normal traffic management; continue routine monitoring.,Routine traffic personnel,No special diversion recommended,No special roadwork restriction recommended,
2024-06-27,Koramangala | Sarjapur Road,Koramangala,Sarjapur Road,High,High,False,,False,Clear,No,High,Deploy additional traffic personnel and prepare diversion measures for the affected corridor.,Additional traffic personnel recommended,Prepare/activate suitable diversion planning,Suspend or reschedule non-essential roadwork where operationally appropriate,
2024-06-27,Electronic City | Hosur Road,Electronic City,Hosur Road,Low,Low,False,,False,Clear,No,Normal,Normal traffic management; continue routine monitoring.,Routine traffic personnel,No special diversion recommended,No special roadwork restriction recommended,
2024-06-27,M.G. Road | Trinity Circle,M.G. Road,Trinity Circle,High,High,False,,False,Clear,No,High,Deploy additional traffic personnel and prepare diversion measures for the affected corridor.,Additional traffic personnel recommended,Prepare/activate suitable diversion planning,Suspend or reschedule non-essential roadwork where operationally appropriate,
2024-06-27,M.G. Road | Anil Kumble Circle,M.G. Road,Anil Kumble Circle,High,High,False,,False,Clear,No,High,Deploy additional traffic personnel and prepare diversion measures for the affected corridor.,Additional traffic personnel recommended,Prepare/activate suitable diversion planning,Suspend or reschedule non-essential roadwork where operationally appropriate,
2024-06-27,Jayanagar | South End Circle,Jayanagar,South End Circle,Low,Low,False,,False,Clear,Yes,Normal,Normal traffic management; continue routine monitoring.,Routine traffic personnel,No special diversion recommended,No special roadwork restriction recommended,Roadwork is present; review whether it can be postponed during high-congestion periods.
2024-06-27,Hebbal | Hebbal Flyover,Hebbal,Hebbal Flyover,Low,Low,False,,False,Clear,No,Normal,Normal traffic management; continue routine monitoring.,Routine traffic personnel,No special diversion recommended,No special roadwork restriction recommended,
2024-06-27,Yeshwanthpur | Tumkur Road,Yeshwanthpur,Tumkur Road,Medium,Medium,False,,False,Clear,No,Moderate,Increase traffic monitoring and consider additional personnel at the affected corridor.,Consider additional traffic personnel,Consider diversion planning if congestion persists,Review non-essential roadwork scheduling,
2024-06-28,Indiranagar | 100 Feet Road,Indiranagar,100 Feet Road,High,High,False,,False,Rain,No,High,Deploy additional traffic personnel and prepare diversion measures for the affected corridor.,Additional traffic personnel recommended,Prepare/activate suitable diversion planning,Suspend or reschedule non-essential roadwork where operationally appropriate,Adverse weather is present; consider additional caution and traffic monitoring.
2024-06-28,Indiranagar | CMH Road,Indiranagar,CMH Road,Low,Low,False,,False,Clear,No,Normal,Normal traffic management; continue routine monitoring.,Routine traffic personnel,No special diversion recommended,No special roadwork restriction recommended,
2024-06-28,Whitefield | Marathahalli Bridge,Whitefield,Marathahalli Bridge,Medium,Medium,False,,False,Overcast,No,Moderate,Increase traffic monitoring and consider additional personnel at the affected corridor.,Consider additional traffic personnel,Consider diversion planning if congestion persists,Review non-essential roadwork scheduling,
2024-06-28,Koramangala | Sony World Junction,Koramangala,Sony World Junction,Low,Low,False,,False,Clear,No,Normal,Normal traffic management; continue routine monitoring.,Routine traffic personnel,No special diversion recommended,No special roadwork restriction recommended,
2024-06-28,Koramangala | Sarjapur Road,Koramangala,Sarjapur Road,High,High,False,,False,Clear,Yes,High,Deploy additional traffic personnel and prepare diversion measures for the affected corridor.,Additional traffic personnel recommended,Prepare/activate suitable diversion planning,Suspend or reschedule non-essential roadwork where operationally appropriate,Roadwork is present; review whether it can be postponed during high-congestion periods.
2024-06-28,Electronic City | Hosur Road,Electronic City,Hosur Road,Low,Low,False,,False,Clear,No,Normal,Normal traffic management; continue routine monitoring.,Routine traffic personnel,No special diversion recommended,No special roadwork restriction recommended,
2024-06-28,M.G. Road | Trinity Circle,M.G. Road,Trinity Circle,High,High,False,,False,Clear,No,High,Deploy additional traffic personnel and prepare diversion measures for the affected corridor.,Additional traffic personnel recommended,Prepare/activate suitable diversion planning,Suspend or reschedule non-essential roadwork where operationally appropriate,
2024-06-28,M.G. Road | Anil Kumble Circle,M.G. Road,Anil Kumble Circle,Low,Low,False,,False,Clear,No,Normal,Normal traffic management; continue routine monitoring.,Routine traffic personnel,No special diversion recommended,No special roadwork restriction recommended,
2024-06-28,Jayanagar | South End Circle,Jayanagar,South End Circle,High,High,False,,False,Windy,No,High,Deploy additional traffic personnel and prepare diversion measures for the affected corridor.,Additional traffic personnel recommended,Prepare/activate suitable diversion planning,Suspend or reschedule non-essential roadwork where operationally appropriate,
2024-06-29,Indiranagar | 100 Feet Road,Indiranagar,100 Feet Road,High,High,False,,False,Clear,No,High,Deploy additional traffic personnel and prepare diversion measures for the affected corridor.,Additional traffic personnel recommended,Prepare/activate suitable diversion planning,Suspend or reschedule non-essential roadwork where operationally appropriate,
2024-06-29,Indiranagar | CMH Road,Indiranagar,CMH Road,Medium,Medium,False,,False,Clear,Yes,Moderate,Increase traffic monitoring and consider additional personnel at the affected corridor.,Consider additional traffic personnel,Consider diversion planning if congestion persists,Review non-essential roadwork scheduling,Roadwork is present; review whether it can be postponed during high-congestion periods.
2024-06-29,Whitefield | Marathahalli Bridge,Whitefield,Marathahalli Bridge,Low,Medium,False,,False,Clear,No,Moderate,Increase traffic monitoring and consider additional personnel at the affected corridor.,Consider additional traffic personnel,Consider diversion planning if congestion persists,Review non-essential roadwork scheduling,
2024-06-29,Whitefield | ITPL Main Road,Whitefield,ITPL Main Road,Low,Low,False,,False,Clear,No,Normal,Normal traffic management; continue routine monitoring.,Routine traffic personnel,No special diversion recommended,No special roadwork restriction recommended,
2024-06-29,Koramangala | Sony World Junction,Koramangala,Sony World Junction,High,High,False,,False,Overcast,No,High,Deploy additional traffic personnel and prepare diversion measures for the affected corridor.,Additional traffic personnel recommended,Prepare/activate suitable diversion planning,Suspend or reschedule non-essential roadwork where operationally appropriate,
2024-06-29,Koramangala | Sarjapur Road,Koramangala,Sarjapur Road,Low,Low,False,,False,Overcast,No,Normal,Normal traffic management; continue routine monitoring.,Routine traffic personnel,No special diversion recommended,No special roadwork restriction recommended,
2024-06-29,M.G. Road | Trinity Circle,M.G. Road,Trinity Circle,Low,Low,False,,False,Clear,No,Normal,Normal traffic management; continue routine monitoring.,Routine traffic personnel,No special diversion recommended,No special roadwork restriction recommended,
2024-06-29,M.G. Road | Anil Kumble Circle,M.G. Road,Anil Kumble Circle,Low,Low,False,,False,Clear,No,Normal,Normal traffic management; continue routine monitoring.,Routine traffic personnel,No special diversion recommended,No special roadwork restriction recommended,
2024-06-29,Jayanagar | South End Circle,Jayanagar,South End Circle,High,High,False,,False,Rain,Yes,High,Deploy additional traffic personnel and prepare diversion measures for the affected corridor.,Additional traffic personnel recommended,Prepare/activate suitable diversion planning,Suspend or reschedule non-essential roadwork where operationally appropriate,Roadwork is present; review whether it can be postponed during high-congestion periods.; Adverse weather is present; consider additional caution and traffic monitoring.
2024-06-29,Hebbal | Hebbal Flyover,Hebbal,Hebbal Flyover,High,High,False,,False,Clear,No,High,Deploy additional traffic personnel and prepare diversion measures for the affected corridor.,Additional traffic personnel recommended,Prepare/activate suitable diversion planning,Suspend or reschedule non-essential roadwork where operationally appropriate,
2024-06-29,Hebbal | Ballari Road,Hebbal,Ballari Road,High,High,False,,False,Rain,No,High,Deploy additional traffic personnel and prepare diversion measures for the affected corridor.,Additional traffic personnel recommended,Prepare/activate suitable diversion planning,Suspend or reschedule non-essential roadwork where operationally appropriate,Adverse weather is present; consider additional caution and traffic monitoring.
2024-06-29,Yeshwanthpur | Tumkur Road,Yeshwanthpur,Tumkur Road,Medium,Medium,False,,False,Clear,No,Moderate,Increase traffic monitoring and consider additional personnel at the affected corridor.,Consider additional traffic personnel,Consider diversion planning if congestion persists,Review non-essential roadwork scheduling,
2024-06-30,Indiranagar | 100 Feet Road,Indiranagar,100 Feet Road,High,High,False,,False,Clear,No,High,Deploy additional traffic personnel and prepare diversion measures for the affected corridor.,Additional traffic personnel recommended,Prepare/activate suitable diversion planning,Suspend or reschedule non-essential roadwork where operationally appropriate,
2024-06-30,Indiranagar | CMH Road,Indiranagar,CMH Road,High,High,False,,False,Clear,No,High,Deploy additional traffic personnel and prepare diversion measures for the affected corridor.,Additional traffic personnel recommended,Prepare/activate suitable diversion planning,Suspend or reschedule non-essential roadwork where operationally appropriate,
2024-06-30,Whitefield | ITPL Main Road,Whitefield,ITPL Main Road,High,High,False,,False,Clear,No,High,Deploy additional traffic personnel and prepare diversion measures for the affected corridor.,Additional traffic personnel recommended,Prepare/activate suitable diversion planning,Suspend or reschedule non-essential roadwork where operationally appropriate,
2024-06-30,Koramangala | Sony World Junction,Koramangala,Sony World Junction,High,High,False,,False,Clear,No,High,Deploy additional traffic personnel and prepare diversion measures for the affected corridor.,Additional traffic personnel recommended,Prepare/activate suitable diversion planning,Suspend or reschedule non-essential roadwork where operationally appropriate,
2024-06-30,Koramangala | Sarjapur Road,Koramangala,Sarjapur Road,Low,Low,False,,False,Clear,No,Normal,Normal traffic management; continue routine monitoring.,Routine traffic personnel,No special diversion recommended,No special roadwork restriction recommended,
2024-06-30,M.G. Road | Trinity Circle,M.G. Road,Trinity Circle,High,High,False,,False,Clear,No,High,Deploy additional traffic personnel and prepare diversion measures for the affected corridor.,Additional traffic personnel recommended,Prepare/activate suitable diversion planning,Suspend or reschedule non-essential roadwork where operationally appropriate,
2024-06-30,M.G. Road | Anil Kumble Circle,M.G. Road,Anil Kumble Circle,High,High,False,,False,Overcast,No,High,Deploy additional traffic personnel and prepare diversion measures for the affected corridor.,Additional traffic personnel recommended,Prepare/activate suitable diversion planning,Suspend or reschedule non-essential roadwork where operationally appropriate,
2024-06-30,Jayanagar | Jayanagar 4th Block,Jayanagar,Jayanagar 4th Block,Medium,Low,False,,False,Overcast,No,Normal,Normal traffic management; continue routine monitoring.,Routine traffic personnel,No special diversion recommended,No special roadwork restriction recommended,
2024-06-30,Hebbal | Ballari Road,Hebbal,Ballari Road,Low,Medium,False,,False,Clear,No,Moderate,Increase traffic monitoring and consider additional personnel at the affected corridor.,Consider additional traffic personnel,Consider diversion planning if congestion persists,Review non-essential roadwork scheduling,
2024-06-30,Yeshwanthpur | Yeshwanthpur Circle,Yeshwanthpur,Yeshwanthpur Circle,Medium,Medium,False,,False,Overcast,No,Moderate,Increase traffic monitoring and consider additional personnel at the affected corridor.,Consider additional traffic personnel,Consider diversion planning if congestion persists,Review non-essential roadwork scheduling,
2024-07-01,Indiranagar | 100 Feet Road,Indiranagar,100 Feet Road,High,High,False,,False,Clear,No,High,Deploy additional traffic personnel and prepare diversion measures for the affected corridor.,Additional traffic personnel recommended,Prepare/activate suitable diversion planning,Suspend or reschedule non-essential roadwork where operationally appropriate,
2024-07-01,Indiranagar | CMH Road,Indiranagar,CMH Road,Medium,Medium,False,,False,Rain,No,Moderate,Increase traffic monitoring and consider additional personnel at the affected corridor.,Consider additional traffic personnel,Consider diversion planning if congestion persists,Review non-essential roadwork scheduling,Adverse weather is present; consider additional caution and traffic monitoring.
2024-07-01,Whitefield | Marathahalli Bridge,Whitefield,Marathahalli Bridge,High,High,False,,False,Clear,No,High,Deploy additional traffic personnel and prepare diversion measures for the affected corridor.,Additional traffic personnel recommended,Prepare/activate suitable diversion planning,Suspend or reschedule non-essential roadwork where operationally appropriate,
2024-07-01,Whitefield | ITPL Main Road,Whitefield,ITPL Main Road,Low,Low,False,,False,Fog,No,Normal,Normal traffic management; continue routine monitoring.,Routine traffic personnel,No special diversion recommended,No special roadwork restriction recommended,Adverse weather is present; consider additional caution and traffic monitoring.
2024-07-01,Koramangala | Sony World Junction,Koramangala,Sony World Junction,High,High,False,,False,Clear,No,High,Deploy additional traffic personnel and prepare diversion measures for the affected corridor.,Additional traffic personnel recommended,Prepare/activate suitable diversion planning,Suspend or reschedule non-essential roadwork where operationally appropriate,
2024-07-01,Koramangala | Sarjapur Road,Koramangala,Sarjapur Road,High,High,False,,False,Overcast,No,High,Deploy additional traffic personnel and prepare diversion measures for the affected corridor.,Additional traffic personnel recommended,Prepare/activate suitable diversion planning,Suspend or reschedule non-essential roadwork where operationally appropriate,
2024-07-01,M.G. Road | Trinity Circle,M.G. Road,Trinity Circle,High,High,False,,False,Clear,No,High,Deploy additional traffic personnel and prepare diversion measures for the affected corridor.,Additional traffic personnel recommended,Prepare/activate suitable diversion planning,Suspend or reschedule non-essential roadwork where operationally appropriate,
2024-07-01,M.G. Road | Anil Kumble Circle,M.G. Road,Anil Kumble Circle,High,High,False,,False,Clear,No,High,Deploy additional traffic personnel and prepare diversion measures for the affected corridor.,Additional traffic personnel recommended,Prepare/activate suitable diversion planning,Suspend or reschedule non-essential roadwork where operationally appropriate,
2024-07-01,Jayanagar | South End Circle,Jayanagar,South End Circle,High,High,False,,False,Fog,No,High,Deploy additional traffic personnel and prepare diversion measures for the affected corridor.,Additional traffic personnel recommended,Prepare/activate suitable diversion planning,Suspend or reschedule non-essential roadwork where operationally appropriate,Adverse weather is present; consider additional caution and traffic monitoring.
2024-07-01,Hebbal | Ballari Road,Hebbal,Ballari Road,High,High,False,,False,Clear,Yes,High,Deploy additional traffic personnel and prepare diversion measures for the affected corridor.,Additional traffic personnel recommended,Prepare/activate suitable diversion planning,Suspend or reschedule non-essential roadwork where operationally appropriate,Roadwork is present; review whether it can be postponed during high-congestion periods.
2024-07-01,Yeshwanthpur | Tumkur Road,Yeshwanthpur,Tumkur Road,Medium,Medium,False,,False,Overcast,No,Moderate,Increase traffic monitoring and consider additional personnel at the affected corridor.,Consider additional traffic personnel,Consider diversion planning if congestion persists,Review non-essential roadwork scheduling,
2024-07-02,Indiranagar | 100 Feet Road,Indiranagar,100 Feet Road,High,High,False,,False,Clear,No,High,Deploy additional traffic personnel and prepare diversion measures for the affected corridor.,Additional traffic personnel recommended,Prepare/activate suitable diversion planning,Suspend or reschedule non-essential roadwork where operationally appropriate,
2024-07-02,Indiranagar | CMH Road,Indiranagar,CMH Road,High,High,False,,False,Clear,No,High,Deploy additional traffic personnel and prepare diversion measures for the affected corridor.,Additional traffic personnel recommended,Prepare/activate suitable diversion planning,Suspend or reschedule non-essential roadwork where operationally appropriate,
2024-07-02,Koramangala | Sony World Junction,Koramangala,Sony World Junction,High,High,False,,False,Overcast,No,High,Deploy additional traffic personnel and prepare diversion measures for the affected corridor.,Additional traffic personnel recommended,Prepare/activate suitable diversion planning,Suspend or reschedule non-essential roadwork where operationally appropriate,
2024-07-02,Koramangala | Sarjapur Road,Koramangala,Sarjapur Road,High,High,False,,False,Overcast,Yes,High,Deploy additional traffic personnel and prepare diversion measures for the affected corridor.,Additional traffic personnel recommended,Prepare/activate suitable diversion planning,Suspend or reschedule non-essential roadwork where operationally appropriate,Roadwork is present; review whether it can be postponed during high-congestion periods.
2024-07-02,Electronic City | Hosur Road,Electronic City,Hosur Road,Low,Medium,False,,False,Clear,No,Moderate,Increase traffic monitoring and consider additional personnel at the affected corridor.,Consider additional traffic personnel,Consider diversion planning if congestion persists,Review non-essential roadwork scheduling,
2024-07-02,M.G. Road | Trinity Circle,M.G. Road,Trinity Circle,High,High,False,,False,Fog,No,High,Deploy additional traffic personnel and prepare diversion measures for the affected corridor.,Additional traffic personnel recommended,Prepare/activate suitable diversion planning,Suspend or reschedule non-essential roadwork where operationally appropriate,Adverse weather is present; consider additional caution and traffic monitoring.
2024-07-02,M.G. Road | Anil Kumble Circle,M.G. Road,Anil Kumble Circle,High,Medium,False,,False,Clear,Yes,Moderate,Increase traffic monitoring and consider additional personnel at the affected corridor.,Consider additional traffic personnel,Consider diversion planning if congestion persists,Review non-essential roadwork scheduling,Roadwork is present; review whether it can be postponed during high-congestion periods.
2024-07-02,Yeshwanthpur | Yeshwanthpur Circle,Yeshwanthpur,Yeshwanthpur Circle,Low,Low,False,,False,Clear,Yes,Normal,Normal traffic management; continue routine monitoring.,Routine traffic personnel,No special diversion recommended,No special roadwork restriction recommended,Roadwork is present; review whether it can be postponed during high-congestion periods.
2024-07-03,Indiranagar | 100 Feet Road,Indiranagar,100 Feet Road,High,Medium,False,,False,Clear,No,Moderate,Increase traffic monitoring and consider additional personnel at the affected corridor.,Consider additional traffic personnel,Consider diversion planning if congestion persists,Review non-essential roadwork scheduling,
2024-07-03,Indiranagar | CMH Road,Indiranagar,CMH Road,Medium,Medium,False,,False,Clear,Yes,Moderate,Increase traffic monitoring and consider additional personnel at the affected corridor.,Consider additional traffic personnel,Consider diversion planning if congestion persists,Review non-essential roadwork scheduling,Roadwork is present; review whether it can be postponed during high-congestion periods.
2024-07-03,Whitefield | Marathahalli Bridge,Whitefield,Marathahalli Bridge,High,High,False,,False,Clear,No,High,Deploy additional traffic personnel and prepare diversion measures for the affected corridor.,Additional traffic personnel recommended,Prepare/activate suitable diversion planning,Suspend or reschedule non-essential roadwork where operationally appropriate,
2024-07-03,Whitefield | ITPL Main Road,Whitefield,ITPL Main Road,Medium,Medium,False,,False,Overcast,No,Moderate,Increase traffic monitoring and consider additional personnel at the affected corridor.,Consider additional traffic personnel,Consider diversion planning if congestion persists,Review non-essential roadwork scheduling,
2024-07-03,Koramangala | Sarjapur Road,Koramangala,Sarjapur Road,Medium,High,False,,False,Windy,No,High,Deploy additional traffic personnel and prepare diversion measures for the affected corridor.,Additional traffic personnel recommended,Prepare/activate suitable diversion planning,Suspend or reschedule non-essential roadwork where operationally appropriate,
2024-07-03,M.G. Road | Trinity Circle,M.G. Road,Trinity Circle,High,High,False,,False,Clear,No,High,Deploy additional traffic personnel and prepare diversion measures for the affected corridor.,Additional traffic personnel recommended,Prepare/activate suitable diversion planning,Suspend or reschedule non-essential roadwork where operationally appropriate,
2024-07-03,M.G. Road | Anil Kumble Circle,M.G. Road,Anil Kumble Circle,Medium,Medium,False,,False,Windy,No,Moderate,Increase traffic monitoring and consider additional personnel at the affected corridor.,Consider additional traffic personnel,Consider diversion planning if congestion persists,Review non-essential roadwork scheduling,
2024-07-03,Hebbal | Hebbal Flyover,Hebbal,Hebbal Flyover,High,High,False,,False,Clear,No,High,Deploy additional traffic personnel and prepare diversion measures for the affected corridor.,Additional traffic personnel recommended,Prepare/activate suitable diversion planning,Suspend or reschedule non-essential roadwork where operationally appropriate,
2024-07-03,Hebbal | Ballari Road,Hebbal,Ballari Road,Medium,High,False,,False,Rain,No,High,Deploy additional traffic personnel and prepare diversion measures for the affected corridor.,Additional traffic personnel recommended,Prepare/activate suitable diversion planning,Suspend or reschedule non-essential roadwork where operationally appropriate,Adverse weather is present; consider additional caution and traffic monitoring.
2024-07-04,Indiranagar | 100 Feet Road,Indiranagar,100 Feet Road,High,High,False,,False,Clear,No,High,Deploy additional traffic personnel and prepare diversion measures for the affected corridor.,Additional traffic personnel recommended,Prepare/activate suitable diversion planning,Suspend or reschedule non-essential roadwork where operationally appropriate,
2024-07-04,Indiranagar | CMH Road,Indiranagar,CMH Road,High,High,False,,False,Clear,No,High,Deploy additional traffic personnel and prepare diversion measures for the affected corridor.,Additional traffic personnel recommended,Prepare/activate suitable diversion planning,Suspend or reschedule non-essential roadwork where operationally appropriate,
2024-07-04,Electronic City | Hosur Road,Electronic City,Hosur Road,Low,Low,False,,False,Windy,No,Normal,Normal traffic management; continue routine monitoring.,Routine traffic personnel,No special diversion recommended,No special roadwork restriction recommended,
2024-07-04,M.G. Road | Trinity Circle,M.G. Road,Trinity Circle,High,High,False,,False,Clear,No,High,Deploy additional traffic personnel and prepare diversion measures for the affected corridor.,Additional traffic personnel recommended,Prepare/activate suitable diversion planning,Suspend or reschedule non-essential roadwork where operationally appropriate,
2024-07-04,M.G. Road | Anil Kumble Circle,M.G. Road,Anil Kumble Circle,Low,Low,False,,False,Clear,No,Normal,Normal traffic management; continue routine monitoring.,Routine traffic personnel,No special diversion recommended,No special roadwork restriction recommended,
2024-07-04,Hebbal | Hebbal Flyover,Hebbal,Hebbal Flyover,High,High,False,,False,Windy,No,High,Deploy additional traffic personnel and prepare diversion measures for the affected corridor.,Additional traffic personnel recommended,Prepare/activate suitable diversion planning,Suspend or reschedule non-essential roadwork where operationally appropriate,
2024-07-05,Indiranagar | 100 Feet Road,Indiranagar,100 Feet Road,High,High,False,,False,Clear,No,High,Deploy additional traffic personnel and prepare diversion measures for the affected corridor.,Additional traffic personnel recommended,Prepare/activate suitable diversion planning,Suspend or reschedule non-essential roadwork where operationally appropriate,
2024-07-05,Indiranagar | CMH Road,Indiranagar,CMH Road,Medium,Medium,False,,False,Clear,No,Moderate,Increase traffic monitoring and consider additional personnel at the affected corridor.,Consider additional traffic personnel,Consider diversion planning if congestion persists,Review non-essential roadwork scheduling,
2024-07-05,Whitefield | ITPL Main Road,Whitefield,ITPL Main Road,Low,Low,False,,False,Rain,No,Normal,Normal traffic management; continue routine monitoring.,Routine traffic personnel,No special diversion recommended,No special roadwork restriction recommended,Adverse weather is present; consider additional caution and traffic monitoring.
2024-07-05,Koramangala | Sarjapur Road,Koramangala,Sarjapur Road,High,High,False,,False,Clear,No,High,Deploy additional traffic personnel and prepare diversion measures for the affected corridor.,Additional traffic personnel recommended,Prepare/activate suitable diversion planning,Suspend or reschedule non-essential roadwork where operationally appropriate,
2024-07-05,Electronic City | Hosur Road,Electronic City,Hosur Road,Medium,Medium,False,,False,Clear,No,Moderate,Increase traffic monitoring and consider additional personnel at the affected corridor.,Consider additional traffic personnel,Consider diversion planning if congestion persists,Review non-essential roadwork scheduling,
2024-07-05,M.G. Road | Trinity Circle,M.G. Road,Trinity Circle,Medium,Medium,False,,False,Overcast,No,Moderate,Increase traffic monitoring and consider additional personnel at the affected corridor.,Consider additional traffic personnel,Consider diversion planning if congestion persists,Review non-essential roadwork scheduling,
2024-07-05,M.G. Road | Anil Kumble Circle,M.G. Road,Anil Kumble Circle,High,High,False,,False,Rain,No,High,Deploy additional traffic personnel and prepare diversion measures for the affected corridor.,Additional traffic personnel recommended,Prepare/activate suitable diversion planning,Suspend or reschedule non-essential roadwork where operationally appropriate,Adverse weather is present; consider additional caution and traffic monitoring.
2024-07-05,Jayanagar | Jayanagar 4th Block,Jayanagar,Jayanagar 4th Block,Low,Low,False,,False,Overcast,No,Normal,Normal traffic management; continue routine monitoring.,Routine traffic personnel,No special diversion recommended,No special roadwork restriction recommended,
2024-07-05,Hebbal | Hebbal Flyover,Hebbal,Hebbal Flyover,Medium,Medium,False,,False,Rain,No,Moderate,Increase traffic monitoring and consider additional personnel at the affected corridor.,Consider additional traffic personnel,Consider diversion planning if congestion persists,Review non-essential roadwork scheduling,Adverse weather is present; consider additional caution and traffic monitoring.
2024-07-05,Yeshwanthpur | Yeshwanthpur Circle,Yeshwanthpur,Yeshwanthpur Circle,Low,Low,False,,False,Clear,No,Normal,Normal traffic management; continue routine monitoring.,Routine traffic personnel,No special diversion recommended,No special roadwork restriction recommended,
2024-07-05,Yeshwanthpur | Tumkur Road,Yeshwanthpur,Tumkur Road,Low,Low,False,,False,Clear,No,Normal,Normal traffic management; continue routine monitoring.,Routine traffic personnel,No special diversion recommended,No special roadwork restriction recommended,
2024-07-06,Indiranagar | 100 Feet Road,Indiranagar,100 Feet Road,High,High,False,,False,Fog,No,High,Deploy additional traffic personnel and prepare diversion measures for the affected corridor.,Additional traffic personnel recommended,Prepare/activate suitable diversion planning,Suspend or reschedule non-essential roadwork where operationally appropriate,Adverse weather is present; consider additional caution and traffic monitoring.
2024-07-06,Indiranagar | CMH Road,Indiranagar,CMH Road,Medium,Medium,False,,False,Clear,No,Moderate,Increase traffic monitoring and consider additional personnel at the affected corridor.,Consider additional traffic personnel,Consider diversion planning if congestion persists,Review non-essential roadwork scheduling,
2024-07-06,Whitefield | Marathahalli Bridge,Whitefield,Marathahalli Bridge,Low,Low,False,,False,Windy,No,Normal,Normal traffic management; continue routine monitoring.,Routine traffic personnel,No special diversion recommended,No special roadwork restriction recommended,
2024-07-06,Koramangala | Sarjapur Road,Koramangala,Sarjapur Road,High,High,False,,False,Rain,No,High,Deploy additional traffic personnel and prepare diversion measures for the affected corridor.,Additional traffic personnel recommended,Prepare/activate suitable diversion planning,Suspend or reschedule non-essential roadwork where operationally appropriate,Adverse weather is present; consider additional caution and traffic monitoring.
2024-07-06,M.G. Road | Anil Kumble Circle,M.G. Road,Anil Kumble Circle,High,High,False,,False,Overcast,No,High,Deploy additional traffic personnel and prepare diversion measures for the affected corridor.,Additional traffic personnel recommended,Prepare/activate suitable diversion planning,Suspend or reschedule non-essential roadwork where operationally appropriate,
2024-07-06,Jayanagar | Jayanagar 4th Block,Jayanagar,Jayanagar 4th Block,Medium,Medium,False,,False,Overcast,No,Moderate,Increase traffic monitoring and consider additional personnel at the affected corridor.,Consider additional traffic personnel,Consider diversion planning if congestion persists,Review non-essential roadwork scheduling,
2024-07-06,Jayanagar | South End Circle,Jayanagar,South End Circle,Medium,Medium,False,,False,Overcast,No,Moderate,Increase traffic monitoring and consider additional personnel at the affected corridor.,Consider additional traffic personnel,Consider diversion planning if congestion persists,Review non-essential roadwork scheduling,
2024-07-06,Hebbal | Hebbal Flyover,Hebbal,Hebbal Flyover,Medium,Medium,False,,False,Windy,No,Moderate,Increase traffic monitoring and consider additional personnel at the affected corridor.,Consider additional traffic personnel,Consider diversion planning if congestion persists,Review non-essential roadwork scheduling,
2024-07-06,Hebbal | Ballari Road,Hebbal,Ballari Road,High,High,False,,False,Clear,No,High,Deploy additional traffic personnel and prepare diversion measures for the affected corridor.,Additional traffic personnel recommended,Prepare/activate suitable diversion planning,Suspend or reschedule non-essential roadwork where operationally appropriate,
2024-07-06,Yeshwanthpur | Yeshwanthpur Circle,Yeshwanthpur,Yeshwanthpur Circle,High,High,False,,False,Clear,No,High,Deploy additional traffic personnel and prepare diversion measures for the affected corridor.,Additional traffic personnel recommended,Prepare/activate suitable diversion planning,Suspend or reschedule non-essential roadwork where operationally appropriate,
2024-07-07,Indiranagar | 100 Feet Road,Indiranagar,100 Feet Road,High,High,False,,False,Clear,No,High,Deploy additional traffic personnel and prepare diversion measures for the affected corridor.,Additional traffic personnel recommended,Prepare/activate suitable diversion planning,Suspend or reschedule non-essential roadwork where operationally appropriate,
2024-07-07,Indiranagar | CMH Road,Indiranagar,CMH Road,Medium,Medium,False,,False,Clear,No,Moderate,Increase traffic monitoring and consider additional personnel at the affected corridor.,Consider additional traffic personnel,Consider diversion planning if congestion persists,Review non-essential roadwork scheduling,
2024-07-07,Koramangala | Sony World Junction,Koramangala,Sony World Junction,High,High,False,,False,Rain,No,High,Deploy additional traffic personnel and prepare diversion measures for the affected corridor.,Additional traffic personnel recommended,Prepare/activate suitable diversion planning,Suspend or reschedule non-essential roadwork where operationally appropriate,Adverse weather is present; consider additional caution and traffic monitoring.
2024-07-07,M.G. Road | Anil Kumble Circle,M.G. Road,Anil Kumble Circle,Medium,Medium,False,,False,Clear,No,Moderate,Increase traffic monitoring and consider additional personnel at the affected corridor.,Consider additional traffic personnel,Consider diversion planning if congestion persists,Review non-essential roadwork scheduling,
2024-07-07,Jayanagar | Jayanagar 4th Block,Jayanagar,Jayanagar 4th Block,Medium,Medium,False,,False,Clear,No,Moderate,Increase traffic monitoring and consider additional personnel at the affected corridor.,Consider additional traffic personnel,Consider diversion planning if congestion persists,Review non-essential roadwork scheduling,
2024-07-07,Hebbal | Hebbal Flyover,Hebbal,Hebbal Flyover,Low,Low,False,,False,Clear,No,Normal,Normal traffic management; continue routine monitoring.,Routine traffic personnel,No special diversion recommended,No special roadwork restriction recommended,
2024-07-07,Yeshwanthpur | Yeshwanthpur Circle,Yeshwanthpur,Yeshwanthpur Circle,Medium,Medium,False,,False,Clear,No,Moderate,Increase traffic monitoring and consider additional personnel at the affected corridor.,Consider additional traffic personnel,Consider diversion planning if congestion persists,Review non-essential roadwork scheduling,
2024-07-07,Yeshwanthpur | Tumkur Road,Yeshwanthpur,Tumkur Road,Low,Low,False,,False,Clear,No,Normal,Normal traffic management; continue routine monitoring.,Routine traffic personnel,No special diversion recommended,No special roadwork restriction recommended,
2024-07-08,Indiranagar | 100 Feet Road,Indiranagar,100 Feet Road,High,High,False,,False,Overcast,No,High,Deploy additional traffic personnel and prepare diversion measures for the affected corridor.,Additional traffic personnel recommended,Prepare/activate suitable diversion planning,Suspend or reschedule non-essential roadwork where operationally appropriate,
2024-07-08,Indiranagar | CMH Road,Indiranagar,CMH Road,Medium,Medium,False,,False,Clear,No,Moderate,Increase traffic monitoring and consider additional personnel at the affected corridor.,Consider additional traffic personnel,Consider diversion planning if congestion persists,Review non-essential roadwork scheduling,
2024-07-08,Koramangala | Sony World Junction,Koramangala,Sony World Junction,High,High,False,,False,Clear,No,High,Deploy additional traffic personnel and prepare diversion measures for the affected corridor.,Additional traffic personnel recommended,Prepare/activate suitable diversion planning,Suspend or reschedule non-essential roadwork where operationally appropriate,
2024-07-08,Koramangala | Sarjapur Road,Koramangala,Sarjapur Road,High,High,False,,False,Clear,No,High,Deploy additional traffic personnel and prepare diversion measures for the affected corridor.,Additional traffic personnel recommended,Prepare/activate suitable diversion planning,Suspend or reschedule non-essential roadwork where operationally appropriate,
2024-07-08,M.G. Road | Trinity Circle,M.G. Road,Trinity Circle,High,High,False,,False,Fog,No,High,Deploy additional traffic personnel and prepare diversion measures for the affected corridor.,Additional traffic personnel recommended,Prepare/activate suitable diversion planning,Suspend or reschedule non-essential roadwork where operationally appropriate,Adverse weather is present; consider additional caution and traffic monitoring.
2024-07-08,M.G. Road | Anil Kumble Circle,M.G. Road,Anil Kumble Circle,Medium,Medium,False,,False,Clear,No,Moderate,Increase traffic monitoring and consider additional personnel at the affected corridor.,Consider additional traffic personnel,Consider diversion planning if congestion persists,Review non-essential roadwork scheduling,
2024-07-08,Jayanagar | Jayanagar 4th Block,Jayanagar,Jayanagar 4th Block,Medium,Low,False,,False,Clear,No,Normal,Normal traffic management; continue routine monitoring.,Routine traffic personnel,No special diversion recommended,No special roadwork restriction recommended,
2024-07-08,Jayanagar | South End Circle,Jayanagar,South End Circle,High,High,False,,False,Fog,Yes,High,Deploy additional traffic personnel and prepare diversion measures for the affected corridor.,Additional traffic personnel recommended,Prepare/activate suitable diversion planning,Suspend or reschedule non-essential roadwork where operationally appropriate,Roadwork is present; review whether it can be postponed during high-congestion periods.; Adverse weather is present; consider additional caution and traffic monitoring.
2024-07-08,Hebbal | Hebbal Flyover,Hebbal,Hebbal Flyover,High,High,False,,False,Clear,No,High,Deploy additional traffic personnel and prepare diversion measures for the affected corridor.,Additional traffic personnel recommended,Prepare/activate suitable diversion planning,Suspend or reschedule non-essential roadwork where operationally appropriate,
2024-07-08,Hebbal | Ballari Road,Hebbal,Ballari Road,Medium,Medium,False,,False,Rain,No,Moderate,Increase traffic monitoring and consider additional personnel at the affected corridor.,Consider additional traffic personnel,Consider diversion planning if congestion persists,Review non-essential roadwork scheduling,Adverse weather is present; consider additional caution and traffic monitoring.
2024-07-08,Yeshwanthpur | Tumkur Road,Yeshwanthpur,Tumkur Road,Low,Low,False,,False,Clear,No,Normal,Normal traffic management; continue routine monitoring.,Routine traffic personnel,No special diversion recommended,No special roadwork restriction recommended,
2024-07-09,Indiranagar | 100 Feet Road,Indiranagar,100 Feet Road,High,High,False,,False,Clear,No,High,Deploy additional traffic personnel and prepare diversion measures for the affected corridor.,Additional traffic personnel recommended,Prepare/activate suitable diversion planning,Suspend or reschedule non-essential roadwork where operationally appropriate,
2024-07-09,Indiranagar | CMH Road,Indiranagar,CMH Road,High,High,False,,False,Overcast,No,High,Deploy additional traffic personnel and prepare diversion measures for the affected corridor.,Additional traffic personnel recommended,Prepare/activate suitable diversion planning,Suspend or reschedule non-essential roadwork where operationally appropriate,
2024-07-09,Whitefield | Marathahalli Bridge,Whitefield,Marathahalli Bridge,High,High,False,,False,Clear,No,High,Deploy additional traffic personnel and prepare diversion measures for the affected corridor.,Additional traffic personnel recommended,Prepare/activate suitable diversion planning,Suspend or reschedule non-essential roadwork where operationally appropriate,
2024-07-09,Koramangala | Sony World Junction,Koramangala,Sony World Junction,High,High,False,,False,Clear,Yes,High,Deploy additional traffic personnel and prepare diversion measures for the affected corridor.,Additional traffic personnel recommended,Prepare/activate suitable diversion planning,Suspend or reschedule non-essential roadwork where operationally appropriate,Roadwork is present; review whether it can be postponed during high-congestion periods.
2024-07-09,Koramangala | Sarjapur Road,Koramangala,Sarjapur Road,High,High,False,,False,Clear,No,High,Deploy additional traffic personnel and prepare diversion measures for the affected corridor.,Additional traffic personnel recommended,Prepare/activate suitable diversion planning,Suspend or reschedule non-essential roadwork where operationally appropriate,
2024-07-09,M.G. Road | Trinity Circle,M.G. Road,Trinity Circle,High,High,False,,False,Clear,No,High,Deploy additional traffic personnel and prepare diversion measures for the affected corridor.,Additional traffic personnel recommended,Prepare/activate suitable diversion planning,Suspend or reschedule non-essential roadwork where operationally appropriate,
2024-07-09,Jayanagar | Jayanagar 4th Block,Jayanagar,Jayanagar 4th Block,Low,Low,False,,False,Clear,No,Normal,Normal traffic management; continue routine monitoring.,Routine traffic personnel,No special diversion recommended,No special roadwork restriction recommended,
2024-07-09,Yeshwanthpur | Yeshwanthpur Circle,Yeshwanthpur,Yeshwanthpur Circle,Low,Low,False,,False,Clear,Yes,Normal,Normal traffic management; continue routine monitoring.,Routine traffic personnel,No special diversion recommended,No special roadwork restriction recommended,Roadwork is present; review whether it can be postponed during high-congestion periods.
2024-07-10,Indiranagar | 100 Feet Road,Indiranagar,100 Feet Road,High,High,False,,False,Clear,No,High,Deploy additional traffic personnel and prepare diversion measures for the affected corridor.,Additional traffic personnel recommended,Prepare/activate suitable diversion planning,Suspend or reschedule non-essential roadwork where operationally appropriate,
2024-07-10,Indiranagar | CMH Road,Indiranagar,CMH Road,Medium,High,False,,False,Overcast,No,High,Deploy additional traffic personnel and prepare diversion measures for the affected corridor.,Additional traffic personnel recommended,Prepare/activate suitable diversion planning,Suspend or reschedule non-essential roadwork where operationally appropriate,
2024-07-10,Whitefield | Marathahalli Bridge,Whitefield,Marathahalli Bridge,Medium,High,False,,False,Clear,No,High,Deploy additional traffic personnel and prepare diversion measures for the affected corridor.,Additional traffic personnel recommended,Prepare/activate suitable diversion planning,Suspend or reschedule non-essential roadwork where operationally appropriate,
2024-07-10,Koramangala | Sony World Junction,Koramangala,Sony World Junction,Low,Low,False,,False,Clear,No,Normal,Normal traffic management; continue routine monitoring.,Routine traffic personnel,No special diversion recommended,No special roadwork restriction recommended,
2024-07-10,Koramangala | Sarjapur Road,Koramangala,Sarjapur Road,High,High,False,,False,Fog,No,High,Deploy additional traffic personnel and prepare diversion measures for the affected corridor.,Additional traffic personnel recommended,Prepare/activate suitable diversion planning,Suspend or reschedule non-essential roadwork where operationally appropriate,Adverse weather is present; consider additional caution and traffic monitoring.
2024-07-10,Electronic City | Hosur Road,Electronic City,Hosur Road,Medium,Medium,False,,False,Clear,No,Moderate,Increase traffic monitoring and consider additional personnel at the affected corridor.,Consider additional traffic personnel,Consider diversion planning if congestion persists,Review non-essential roadwork scheduling,
2024-07-10,M.G. Road | Trinity Circle,M.G. Road,Trinity Circle,High,High,False,,False,Overcast,No,High,Deploy additional traffic personnel and prepare diversion measures for the affected corridor.,Additional traffic personnel recommended,Prepare/activate suitable diversion planning,Suspend or reschedule non-essential roadwork where operationally appropriate,
2024-07-10,Jayanagar | Jayanagar 4th Block,Jayanagar,Jayanagar 4th Block,High,High,False,,False,Clear,No,High,Deploy additional traffic personnel and prepare diversion measures for the affected corridor.,Additional traffic personnel recommended,Prepare/activate suitable diversion planning,Suspend or reschedule non-essential roadwork where operationally appropriate,
2024-07-10,Jayanagar | South End Circle,Jayanagar,South End Circle,Medium,Medium,False,,False,Clear,No,Moderate,Increase traffic monitoring and consider additional personnel at the affected corridor.,Consider additional traffic personnel,Consider diversion planning if congestion persists,Review non-essential roadwork scheduling,
2024-07-10,Hebbal | Hebbal Flyover,Hebbal,Hebbal Flyover,Low,Low,False,,False,Overcast,No,Normal,Normal traffic management; continue routine monitoring.,Routine traffic personnel,No special diversion recommended,No special roadwork restriction recommended,
2024-07-10,Hebbal | Ballari Road,Hebbal,Ballari Road,Medium,Medium,False,,False,Overcast,No,Moderate,Increase traffic monitoring and consider additional personnel at the affected corridor.,Consider additional traffic personnel,Consider diversion planning if congestion persists,Review non-essential roadwork scheduling,
2024-07-10,Yeshwanthpur | Tumkur Road,Yeshwanthpur,Tumkur Road,High,High,False,,False,Clear,No,High,Deploy additional traffic personnel and prepare diversion measures for the affected corridor.,Additional traffic personnel recommended,Prepare/activate suitable diversion planning,Suspend or reschedule non-essential roadwork where operationally appropriate,
2024-07-11,Indiranagar | 100 Feet Road,Indiranagar,100 Feet Road,High,High,False,,False,Rain,No,High,Deploy additional traffic personnel and prepare diversion measures for the affected corridor.,Additional traffic personnel recommended,Prepare/activate suitable diversion planning,Suspend or reschedule non-essential roadwork where operationally appropriate,Adverse weather is present; consider additional caution and traffic monitoring.
2024-07-11,Indiranagar | CMH Road,Indiranagar,CMH Road,High,High,False,,False,Overcast,No,High,Deploy additional traffic personnel and prepare diversion measures for the affected corridor.,Additional traffic personnel recommended,Prepare/activate suitable diversion planning,Suspend or reschedule non-essential roadwork where operationally appropriate,
2024-07-11,Koramangala | Sony World Junction,Koramangala,Sony World Junction,High,High,False,,False,Fog,No,High,Deploy additional traffic personnel and prepare diversion measures for the affected corridor.,Additional traffic personnel recommended,Prepare/activate suitable diversion planning,Suspend or reschedule non-essential roadwork where operationally appropriate,Adverse weather is present; consider additional caution and traffic monitoring.
2024-07-11,Koramangala | Sarjapur Road,Koramangala,Sarjapur Road,High,High,False,,False,Clear,No,High,Deploy additional traffic personnel and prepare diversion measures for the affected corridor.,Additional traffic personnel recommended,Prepare/activate suitable diversion planning,Suspend or reschedule non-essential roadwork where operationally appropriate,
2024-07-11,M.G. Road | Anil Kumble Circle,M.G. Road,Anil Kumble Circle,High,High,False,,False,Clear,No,High,Deploy additional traffic personnel and prepare diversion measures for the affected corridor.,Additional traffic personnel recommended,Prepare/activate suitable diversion planning,Suspend or reschedule non-essential roadwork where operationally appropriate,
2024-07-11,Jayanagar | Jayanagar 4th Block,Jayanagar,Jayanagar 4th Block,Medium,Medium,False,,False,Clear,No,Moderate,Increase traffic monitoring and consider additional personnel at the affected corridor.,Consider additional traffic personnel,Consider diversion planning if congestion persists,Review non-essential roadwork scheduling,
2024-07-11,Yeshwanthpur | Tumkur Road,Yeshwanthpur,Tumkur Road,Low,Low,False,,False,Rain,No,Normal,Normal traffic management; continue routine monitoring.,Routine traffic personnel,No special diversion recommended,No special roadwork restriction recommended,Adverse weather is present; consider additional caution and traffic monitoring.
2024-07-12,Indiranagar | 100 Feet Road,Indiranagar,100 Feet Road,High,High,False,,False,Clear,Yes,High,Deploy additional traffic personnel and prepare diversion measures for the affected corridor.,Additional traffic personnel recommended,Prepare/activate suitable diversion planning,Suspend or reschedule non-essential roadwork where operationally appropriate,Roadwork is present; review whether it can be postponed during high-congestion periods.
2024-07-12,Indiranagar | CMH Road,Indiranagar,CMH Road,High,High,False,,False,Windy,No,High,Deploy additional traffic personnel and prepare diversion measures for the affected corridor.,Additional traffic personnel recommended,Prepare/activate suitable diversion planning,Suspend or reschedule non-essential roadwork where operationally appropriate,
2024-07-12,Whitefield | Marathahalli Bridge,Whitefield,Marathahalli Bridge,Low,Low,False,,False,Clear,No,Normal,Normal traffic management; continue routine monitoring.,Routine traffic personnel,No special diversion recommended,No special roadwork restriction recommended,
2024-07-12,Koramangala | Sarjapur Road,Koramangala,Sarjapur Road,High,High,False,,False,Clear,No,High,Deploy additional traffic personnel and prepare diversion measures for the affected corridor.,Additional traffic personnel recommended,Prepare/activate suitable diversion planning,Suspend or reschedule non-essential roadwork where operationally appropriate,
2024-07-12,M.G. Road | Trinity Circle,M.G. Road,Trinity Circle,Low,Low,False,,False,Overcast,No,Normal,Normal traffic management; continue routine monitoring.,Routine traffic personnel,No special diversion recommended,No special roadwork restriction recommended,
2024-07-12,M.G. Road | Anil Kumble Circle,M.G. Road,Anil Kumble Circle,Medium,Medium,False,,False,Clear,Yes,Moderate,Increase traffic monitoring and consider additional personnel at the affected corridor.,Consider additional traffic personnel,Consider diversion planning if congestion persists,Review non-essential roadwork scheduling,Roadwork is present; review whether it can be postponed during high-congestion periods.
2024-07-12,Jayanagar | South End Circle,Jayanagar,South End Circle,Medium,Low,False,,False,Fog,No,Normal,Normal traffic management; continue routine monitoring.,Routine traffic personnel,No special diversion recommended,No special roadwork restriction recommended,Adverse weather is present; consider additional caution and traffic monitoring.
2024-07-12,Hebbal | Ballari Road,Hebbal,Ballari Road,High,High,False,,False,Clear,No,High,Deploy additional traffic personnel and prepare diversion measures for the affected corridor.,Additional traffic personnel recommended,Prepare/activate suitable diversion planning,Suspend or reschedule non-essential roadwork where operationally appropriate,
2024-07-12,Yeshwanthpur | Tumkur Road,Yeshwanthpur,Tumkur Road,Medium,Medium,False,,False,Clear,No,Moderate,Increase traffic monitoring and consider additional personnel at the affected corridor.,Consider additional traffic personnel,Consider diversion planning if congestion persists,Review non-essential roadwork scheduling,
2024-07-13,Indiranagar | 100 Feet Road,Indiranagar,100 Feet Road,Medium,Medium,False,,False,Clear,No,Moderate,Increase traffic monitoring and consider additional personnel at the affected corridor.,Consider additional traffic personnel,Consider diversion planning if congestion persists,Review non-essential roadwork scheduling,
2024-07-13,Whitefield | ITPL Main Road,Whitefield,ITPL Main Road,Low,Low,False,,False,Clear,No,Normal,Normal traffic management; continue routine monitoring.,Routine traffic personnel,No special diversion recommended,No special roadwork restriction recommended,
2024-07-13,Koramangala | Sony World Junction,Koramangala,Sony World Junction,High,High,False,,False,Overcast,No,High,Deploy additional traffic personnel and prepare diversion measures for the affected corridor.,Additional traffic personnel recommended,Prepare/activate suitable diversion planning,Suspend or reschedule non-essential roadwork where operationally appropriate,
2024-07-13,Koramangala | Sarjapur Road,Koramangala,Sarjapur Road,Low,Low,False,,False,Fog,No,Normal,Normal traffic management; continue routine monitoring.,Routine traffic personnel,No special diversion recommended,No special roadwork restriction recommended,Adverse weather is present; consider additional caution and traffic monitoring.
2024-07-13,Electronic City | Hosur Road,Electronic City,Hosur Road,Low,Low,False,,False,Overcast,No,Normal,Normal traffic management; continue routine monitoring.,Routine traffic personnel,No special diversion recommended,No special roadwork restriction recommended,
2024-07-13,Electronic City | Silk Board Junction,Electronic City,Silk Board Junction,Medium,Medium,False,,False,Clear,No,Moderate,Increase traffic monitoring and consider additional personnel at the affected corridor.,Consider additional traffic personnel,Consider diversion planning if congestion persists,Review non-essential roadwork scheduling,
2024-07-13,M.G. Road | Anil Kumble Circle,M.G. Road,Anil Kumble Circle,High,High,False,,False,Overcast,No,High,Deploy additional traffic personnel and prepare diversion measures for the affected corridor.,Additional traffic personnel recommended,Prepare/activate suitable diversion planning,Suspend or reschedule non-essential roadwork where operationally appropriate,
2024-07-13,Hebbal | Hebbal Flyover,Hebbal,Hebbal Flyover,Medium,Low,False,,False,Clear,No,Normal,Normal traffic management; continue routine monitoring.,Routine traffic personnel,No special diversion recommended,No special roadwork restriction recommended,
2024-07-13,Hebbal | Ballari Road,Hebbal,Ballari Road,Medium,Medium,False,,False,Fog,No,Moderate,Increase traffic monitoring and consider additional personnel at the affected corridor.,Consider additional traffic personnel,Consider diversion planning if congestion persists,Review non-essential roadwork scheduling,Adverse weather is present; consider additional caution and traffic monitoring.
2024-07-13,Yeshwanthpur | Yeshwanthpur Circle,Yeshwanthpur,Yeshwanthpur Circle,High,High,False,,False,Clear,No,High,Deploy additional traffic personnel and prepare diversion measures for the affected corridor.,Additional traffic personnel recommended,Prepare/activate suitable diversion planning,Suspend or reschedule non-essential roadwork where operationally appropriate,
2024-07-13,Yeshwanthpur | Tumkur Road,Yeshwanthpur,Tumkur Road,Medium,Medium,False,,False,Clear,Yes,Moderate,Increase traffic monitoring and consider additional personnel at the affected corridor.,Consider additional traffic personnel,Consider diversion planning if congestion persists,Review non-essential roadwork scheduling,Roadwork is present; review whether it can be postponed during high-congestion periods.
2024-07-14,Indiranagar | 100 Feet Road,Indiranagar,100 Feet Road,High,High,False,,False,Clear,No,High,Deploy additional traffic personnel and prepare diversion measures for the affected corridor.,Additional traffic personnel recommended,Prepare/activate suitable diversion planning,Suspend or reschedule non-essential roadwork where operationally appropriate,
2024-07-14,Indiranagar | CMH Road,Indiranagar,CMH Road,Medium,Medium,False,,False,Clear,No,Moderate,Increase traffic monitoring and consider additional personnel at the affected corridor.,Consider additional traffic personnel,Consider diversion planning if congestion persists,Review non-essential roadwork scheduling,
2024-07-14,Whitefield | Marathahalli Bridge,Whitefield,Marathahalli Bridge,Medium,Medium,False,,False,Clear,No,Moderate,Increase traffic monitoring and consider additional personnel at the affected corridor.,Consider additional traffic personnel,Consider diversion planning if congestion persists,Review non-essential roadwork scheduling,
2024-07-14,Whitefield | ITPL Main Road,Whitefield,ITPL Main Road,High,High,False,,False,Rain,No,High,Deploy additional traffic personnel and prepare diversion measures for the affected corridor.,Additional traffic personnel recommended,Prepare/activate suitable diversion planning,Suspend or reschedule non-essential roadwork where operationally appropriate,Adverse weather is present; consider additional caution and traffic monitoring.
2024-07-14,Koramangala | Sony World Junction,Koramangala,Sony World Junction,High,High,False,,False,Clear,Yes,High,Deploy additional traffic personnel and prepare diversion measures for the affected corridor.,Additional traffic personnel recommended,Prepare/activate suitable diversion planning,Suspend or reschedule non-essential roadwork where operationally appropriate,Roadwork is present; review whether it can be postponed during high-congestion periods.
2024-07-14,Koramangala | Sarjapur Road,Koramangala,Sarjapur Road,High,High,False,,False,Clear,No,High,Deploy additional traffic personnel and prepare diversion measures for the affected corridor.,Additional traffic personnel recommended,Prepare/activate suitable diversion planning,Suspend or reschedule non-essential roadwork where operationally appropriate,
2024-07-14,M.G. Road | Trinity Circle,M.G. Road,Trinity Circle,High,High,False,,False,Clear,No,High,Deploy additional traffic personnel and prepare diversion measures for the affected corridor.,Additional traffic personnel recommended,Prepare/activate suitable diversion planning,Suspend or reschedule non-essential roadwork where operationally appropriate,
2024-07-14,M.G. Road | Anil Kumble Circle,M.G. Road,Anil Kumble Circle,Medium,Medium,False,,False,Fog,No,Moderate,Increase traffic monitoring and consider additional personnel at the affected corridor.,Consider additional traffic personnel,Consider diversion planning if congestion persists,Review non-essential roadwork scheduling,Adverse weather is present; consider additional caution and traffic monitoring.
2024-07-14,Jayanagar | Jayanagar 4th Block,Jayanagar,Jayanagar 4th Block,High,High,False,,False,Overcast,No,High,Deploy additional traffic personnel and prepare diversion measures for the affected corridor.,Additional traffic personnel recommended,Prepare/activate suitable diversion planning,Suspend or reschedule non-essential roadwork where operationally appropriate,
2024-07-14,Jayanagar | South End Circle,Jayanagar,South End Circle,High,High,False,,False,Clear,No,High,Deploy additional traffic personnel and prepare diversion measures for the affected corridor.,Additional traffic personnel recommended,Prepare/activate suitable diversion planning,Suspend or reschedule non-essential roadwork where operationally appropriate,
2024-07-14,Hebbal | Hebbal Flyover,Hebbal,Hebbal Flyover,Medium,Medium,False,,False,Windy,No,Moderate,Increase traffic monitoring and consider additional personnel at the affected corridor.,Consider additional traffic personnel,Consider diversion planning if congestion persists,Review non-essential roadwork scheduling,
2024-07-14,Hebbal | Ballari Road,Hebbal,Ballari Road,Low,Medium,False,,False,Rain,No,Moderate,Increase traffic monitoring and consider additional personnel at the affected corridor.,Consider additional traffic personnel,Consider diversion planning if congestion persists,Review non-essential roadwork scheduling,Adverse weather is present; consider additional caution and traffic monitoring.
2024-07-14,Yeshwanthpur | Tumkur Road,Yeshwanthpur,Tumkur Road,Low,Low,False,,False,Clear,No,Normal,Normal traffic management; continue routine monitoring.,Routine traffic personnel,No special diversion recommended,No special roadwork restriction recommended,
2024-07-15,Indiranagar | CMH Road,Indiranagar,CMH Road,High,High,False,,False,Windy,No,High,Deploy additional traffic personnel and prepare diversion measures for the affected corridor.,Additional traffic personnel recommended,Prepare/activate suitable diversion planning,Suspend or reschedule non-essential roadwork where operationally appropriate,
2024-07-15,Whitefield | Marathahalli Bridge,Whitefield,Marathahalli Bridge,High,High,False,,False,Clear,No,High,Deploy additional traffic personnel and prepare diversion measures for the affected corridor.,Additional traffic personnel recommended,Prepare/activate suitable diversion planning,Suspend or reschedule non-essential roadwork where operationally appropriate,
2024-07-15,Electronic City | Hosur Road,Electronic City,Hosur Road,Medium,Medium,False,,False,Clear,No,Moderate,Increase traffic monitoring and consider additional personnel at the affected corridor.,Consider additional traffic personnel,Consider diversion planning if congestion persists,Review non-essential roadwork scheduling,
2024-07-15,M.G. Road | Trinity Circle,M.G. Road,Trinity Circle,High,High,False,,False,Clear,No,High,Deploy additional traffic personnel and prepare diversion measures for the affected corridor.,Additional traffic personnel recommended,Prepare/activate suitable diversion planning,Suspend or reschedule non-essential roadwork where operationally appropriate,
2024-07-15,M.G. Road | Anil Kumble Circle,M.G. Road,Anil Kumble Circle,Medium,Medium,False,,False,Overcast,Yes,Moderate,Increase traffic monitoring and consider additional personnel at the affected corridor.,Consider additional traffic personnel,Consider diversion planning if congestion persists,Review non-essential roadwork scheduling,Roadwork is present; review whether it can be postponed during high-congestion periods.
2024-07-15,Jayanagar | South End Circle,Jayanagar,South End Circle,Low,Low,False,,False,Clear,No,Normal,Normal traffic management; continue routine monitoring.,Routine traffic personnel,No special diversion recommended,No special roadwork restriction recommended,
2024-07-15,Hebbal | Hebbal Flyover,Hebbal,Hebbal Flyover,Medium,Medium,False,,False,Clear,No,Moderate,Increase traffic monitoring and consider additional personnel at the affected corridor.,Consider additional traffic personnel,Consider diversion planning if congestion persists,Review non-essential roadwork scheduling,
2024-07-15,Hebbal | Ballari Road,Hebbal,Ballari Road,Low,Medium,False,,False,Clear,No,Moderate,Increase traffic monitoring and consider additional personnel at the affected corridor.,Consider additional traffic personnel,Consider diversion planning if congestion persists,Review non-essential roadwork scheduling,
2024-07-15,Yeshwanthpur | Tumkur Road,Yeshwanthpur,Tumkur Road,Low,Low,False,,False,Rain,No,Normal,Normal traffic management; continue routine monitoring.,Routine traffic personnel,No special diversion recommended,No special roadwork restriction recommended,Adverse weather is present; consider additional caution and traffic monitoring.
2024-07-16,Indiranagar | 100 Feet Road,Indiranagar,100 Feet Road,High,High,False,,False,Clear,No,High,Deploy additional traffic personnel and prepare diversion measures for the affected corridor.,Additional traffic personnel recommended,Prepare/activate suitable diversion planning,Suspend or reschedule non-essential roadwork where operationally appropriate,
2024-07-16,Indiranagar | CMH Road,Indiranagar,CMH Road,High,High,False,,False,Clear,No,High,Deploy additional traffic personnel and prepare diversion measures for the affected corridor.,Additional traffic personnel recommended,Prepare/activate suitable diversion planning,Suspend or reschedule non-essential roadwork where operationally appropriate,
2024-07-16,Whitefield | Marathahalli Bridge,Whitefield,Marathahalli Bridge,Medium,Medium,False,,False,Clear,No,Moderate,Increase traffic monitoring and consider additional personnel at the affected corridor.,Consider additional traffic personnel,Consider diversion planning if congestion persists,Review non-essential roadwork scheduling,
2024-07-16,Koramangala | Sony World Junction,Koramangala,Sony World Junction,High,High,False,,False,Clear,No,High,Deploy additional traffic personnel and prepare diversion measures for the affected corridor.,Additional traffic personnel recommended,Prepare/activate suitable diversion planning,Suspend or reschedule non-essential roadwork where operationally appropriate,
2024-07-16,Koramangala | Sarjapur Road,Koramangala,Sarjapur Road,High,High,False,,False,Fog,No,High,Deploy additional traffic personnel and prepare diversion measures for the affected corridor.,Additional traffic personnel recommended,Prepare/activate suitable diversion planning,Suspend or reschedule non-essential roadwork where operationally appropriate,Adverse weather is present; consider additional caution and traffic monitoring.
2024-07-16,M.G. Road | Trinity Circle,M.G. Road,Trinity Circle,Low,Low,False,,False,Clear,No,Normal,Normal traffic management; continue routine monitoring.,Routine traffic personnel,No special diversion recommended,No special roadwork restriction recommended,
2024-07-16,M.G. Road | Anil Kumble Circle,M.G. Road,Anil Kumble Circle,High,High,False,,False,Rain,No,High,Deploy additional traffic personnel and prepare diversion measures for the affected corridor.,Additional traffic personnel recommended,Prepare/activate suitable diversion planning,Suspend or reschedule non-essential roadwork where operationally appropriate,Adverse weather is present; consider additional caution and traffic monitoring.
2024-07-16,Jayanagar | Jayanagar 4th Block,Jayanagar,Jayanagar 4th Block,Medium,Medium,False,,False,Fog,No,Moderate,Increase traffic monitoring and consider additional personnel at the affected corridor.,Consider additional traffic personnel,Consider diversion planning if congestion persists,Review non-essential roadwork scheduling,Adverse weather is present; consider additional caution and traffic monitoring.
2024-07-16,Jayanagar | South End Circle,Jayanagar,South End Circle,High,High,False,,False,Fog,No,High,Deploy additional traffic personnel and prepare diversion measures for the affected corridor.,Additional traffic personnel recommended,Prepare/activate suitable diversion planning,Suspend or reschedule non-essential roadwork where operationally appropriate,Adverse weather is present; consider additional caution and traffic monitoring.
2024-07-16,Hebbal | Hebbal Flyover,Hebbal,Hebbal Flyover,Medium,Low,False,,False,Overcast,No,Normal,Normal traffic management; continue routine monitoring.,Routine traffic personnel,No special diversion recommended,No special roadwork restriction recommended,
2024-07-16,Hebbal | Ballari Road,Hebbal,Ballari Road,High,High,False,,False,Clear,No,High,Deploy additional traffic personnel and prepare diversion measures for the affected corridor.,Additional traffic personnel recommended,Prepare/activate suitable diversion planning,Suspend or reschedule non-essential roadwork where operationally appropriate,
2024-07-16,Yeshwanthpur | Yeshwanthpur Circle,Yeshwanthpur,Yeshwanthpur Circle,Low,Low,False,,False,Rain,No,Normal,Normal traffic management; continue routine monitoring.,Routine traffic personnel,No special diversion recommended,No special roadwork restriction recommended,Adverse weather is present; consider additional caution and traffic monitoring.
2024-07-17,Indiranagar | 100 Feet Road,Indiranagar,100 Feet Road,Medium,Medium,True,Moharam,True,Windy,No,Moderate,Increase traffic monitoring and consider additional personnel at the affected corridor.,Consider additional traffic personnel,Consider diversion planning if congestion persists,Review non-essential roadwork scheduling,Festival-related traffic conditions detected; strengthen traffic management preparedness.; Holiday-related traffic conditions detected; review expected travel demand.
2024-07-17,Indiranagar | CMH Road,Indiranagar,CMH Road,Medium,Medium,True,Moharam,True,Clear,No,Moderate,Increase traffic monitoring and consider additional personnel at the affected corridor.,Consider additional traffic personnel,Consider diversion planning if congestion persists,Review non-essential roadwork scheduling,Festival-related traffic conditions detected; strengthen traffic management preparedness.; Holiday-related traffic conditions detected; review expected travel demand.
2024-07-17,Koramangala | Sony World Junction,Koramangala,Sony World Junction,High,High,True,Moharam,True,Clear,No,High,Deploy additional traffic personnel and prepare diversion measures for the affected corridor.,Additional traffic personnel recommended,Prepare/activate suitable diversion planning,Suspend or reschedule non-essential roadwork where operationally appropriate,Festival-related traffic conditions detected; strengthen traffic management preparedness.; Holiday-related traffic conditions detected; review expected travel demand.
2024-07-17,Koramangala | Sarjapur Road,Koramangala,Sarjapur Road,High,High,True,Moharam,True,Clear,No,High,Deploy additional traffic personnel and prepare diversion measures for the affected corridor.,Additional traffic personnel recommended,Prepare/activate suitable diversion planning,Suspend or reschedule non-essential roadwork where operationally appropriate,Festival-related traffic conditions detected; strengthen traffic management preparedness.; Holiday-related traffic conditions detected; review expected travel demand.
2024-07-17,M.G. Road | Trinity Circle,M.G. Road,Trinity Circle,High,High,True,Moharam,True,Clear,No,High,Deploy additional traffic personnel and prepare diversion measures for the affected corridor.,Additional traffic personnel recommended,Prepare/activate suitable diversion planning,Suspend or reschedule non-essential roadwork where operationally appropriate,Festival-related traffic conditions detected; strengthen traffic management preparedness.; Holiday-related traffic conditions detected; review expected travel demand.
2024-07-17,Jayanagar | Jayanagar 4th Block,Jayanagar,Jayanagar 4th Block,High,High,True,Moharam,True,Clear,No,High,Deploy additional traffic personnel and prepare diversion measures for the affected corridor.,Additional traffic personnel recommended,Prepare/activate suitable diversion planning,Suspend or reschedule non-essential roadwork where operationally appropriate,Festival-related traffic conditions detected; strengthen traffic management preparedness.; Holiday-related traffic conditions detected; review expected travel demand.
2024-07-17,Jayanagar | South End Circle,Jayanagar,South End Circle,High,High,True,Moharam,True,Clear,No,High,Deploy additional traffic personnel and prepare diversion measures for the affected corridor.,Additional traffic personnel recommended,Prepare/activate suitable diversion planning,Suspend or reschedule non-essential roadwork where operationally appropriate,Festival-related traffic conditions detected; strengthen traffic management preparedness.; Holiday-related traffic conditions detected; review expected travel demand.
2024-07-17,Hebbal | Hebbal Flyover,Hebbal,Hebbal Flyover,High,High,True,Moharam,True,Clear,No,High,Deploy additional traffic personnel and prepare diversion measures for the affected corridor.,Additional traffic personnel recommended,Prepare/activate suitable diversion planning,Suspend or reschedule non-essential roadwork where operationally appropriate,Festival-related traffic conditions detected; strengthen traffic management preparedness.; Holiday-related traffic conditions detected; review expected travel demand.
2024-07-17,Hebbal | Ballari Road,Hebbal,Ballari Road,High,High,True,Moharam,True,Clear,No,High,Deploy additional traffic personnel and prepare diversion measures for the affected corridor.,Additional traffic personnel recommended,Prepare/activate suitable diversion planning,Suspend or reschedule non-essential roadwork where operationally appropriate,Festival-related traffic conditions detected; strengthen traffic management preparedness.; Holiday-related traffic conditions detected; review expected travel demand.
2024-07-18,Indiranagar | 100 Feet Road,Indiranagar,100 Feet Road,High,High,False,,False,Overcast,No,High,Deploy additional traffic personnel and prepare diversion measures for the affected corridor.,Additional traffic personnel recommended,Prepare/activate suitable diversion planning,Suspend or reschedule non-essential roadwork where operationally appropriate,
2024-07-18,Indiranagar | CMH Road,Indiranagar,CMH Road,High,High,False,,False,Clear,No,High,Deploy additional traffic personnel and prepare diversion measures for the affected corridor.,Additional traffic personnel recommended,Prepare/activate suitable diversion planning,Suspend or reschedule non-essential roadwork where operationally appropriate,
2024-07-18,Whitefield | ITPL Main Road,Whitefield,ITPL Main Road,Medium,Medium,False,,False,Clear,Yes,Moderate,Increase traffic monitoring and consider additional personnel at the affected corridor.,Consider additional traffic personnel,Consider diversion planning if congestion persists,Review non-essential roadwork scheduling,Roadwork is present; review whether it can be postponed during high-congestion periods.
2024-07-18,M.G. Road | Anil Kumble Circle,M.G. Road,Anil Kumble Circle,High,High,False,,False,Overcast,No,High,Deploy additional traffic personnel and prepare diversion measures for the affected corridor.,Additional traffic personnel recommended,Prepare/activate suitable diversion planning,Suspend or reschedule non-essential roadwork where operationally appropriate,
2024-07-18,Jayanagar | Jayanagar 4th Block,Jayanagar,Jayanagar 4th Block,Low,Low,False,,False,Fog,No,Normal,Normal traffic management; continue routine monitoring.,Routine traffic personnel,No special diversion recommended,No special roadwork restriction recommended,Adverse weather is present; consider additional caution and traffic monitoring.
2024-07-18,Jayanagar | South End Circle,Jayanagar,South End Circle,Medium,High,False,,False,Fog,No,High,Deploy additional traffic personnel and prepare diversion measures for the affected corridor.,Additional traffic personnel recommended,Prepare/activate suitable diversion planning,Suspend or reschedule non-essential roadwork where operationally appropriate,Adverse weather is present; consider additional caution and traffic monitoring.
2024-07-18,Hebbal | Hebbal Flyover,Hebbal,Hebbal Flyover,High,High,False,,False,Clear,No,High,Deploy additional traffic personnel and prepare diversion measures for the affected corridor.,Additional traffic personnel recommended,Prepare/activate suitable diversion planning,Suspend or reschedule non-essential roadwork where operationally appropriate,
2024-07-18,Yeshwanthpur | Yeshwanthpur Circle,Yeshwanthpur,Yeshwanthpur Circle,Medium,Medium,False,,False,Overcast,No,Moderate,Increase traffic monitoring and consider additional personnel at the affected corridor.,Consider additional traffic personnel,Consider diversion planning if congestion persists,Review non-essential roadwork scheduling,
2024-07-19,Indiranagar | 100 Feet Road,Indiranagar,100 Feet Road,High,High,False,,False,Fog,Yes,High,Deploy additional traffic personnel and prepare diversion measures for the affected corridor.,Additional traffic personnel recommended,Prepare/activate suitable diversion planning,Suspend or reschedule non-essential roadwork where operationally appropriate,Roadwork is present; review whether it can be postponed during high-congestion periods.; Adverse weather is present; consider additional caution and traffic monitoring.
2024-07-19,Indiranagar | CMH Road,Indiranagar,CMH Road,Low,Medium,False,,False,Overcast,No,Moderate,Increase traffic monitoring and consider additional personnel at the affected corridor.,Consider additional traffic personnel,Consider diversion planning if congestion persists,Review non-essential roadwork scheduling,
2024-07-19,Koramangala | Sony World Junction,Koramangala,Sony World Junction,High,High,False,,False,Clear,No,High,Deploy additional traffic personnel and prepare diversion measures for the affected corridor.,Additional traffic personnel recommended,Prepare/activate suitable diversion planning,Suspend or reschedule non-essential roadwork where operationally appropriate,
2024-07-19,Koramangala | Sarjapur Road,Koramangala,Sarjapur Road,High,High,False,,False,Windy,No,High,Deploy additional traffic personnel and prepare diversion measures for the affected corridor.,Additional traffic personnel recommended,Prepare/activate suitable diversion planning,Suspend or reschedule non-essential roadwork where operationally appropriate,
2024-07-19,Electronic City | Hosur Road,Electronic City,Hosur Road,Low,Low,False,,False,Clear,No,Normal,Normal traffic management; continue routine monitoring.,Routine traffic personnel,No special diversion recommended,No special roadwork restriction recommended,
2024-07-19,M.G. Road | Trinity Circle,M.G. Road,Trinity Circle,Medium,Medium,False,,False,Clear,No,Moderate,Increase traffic monitoring and consider additional personnel at the affected corridor.,Consider additional traffic personnel,Consider diversion planning if congestion persists,Review non-essential roadwork scheduling,
2024-07-19,M.G. Road | Anil Kumble Circle,M.G. Road,Anil Kumble Circle,High,High,False,,False,Clear,No,High,Deploy additional traffic personnel and prepare diversion measures for the affected corridor.,Additional traffic personnel recommended,Prepare/activate suitable diversion planning,Suspend or reschedule non-essential roadwork where operationally appropriate,
2024-07-19,Jayanagar | Jayanagar 4th Block,Jayanagar,Jayanagar 4th Block,High,High,False,,False,Fog,No,High,Deploy additional traffic personnel and prepare diversion measures for the affected corridor.,Additional traffic personnel recommended,Prepare/activate suitable diversion planning,Suspend or reschedule non-essential roadwork where operationally appropriate,Adverse weather is present; consider additional caution and traffic monitoring.
2024-07-19,Jayanagar | South End Circle,Jayanagar,South End Circle,High,High,False,,False,Clear,No,High,Deploy additional traffic personnel and prepare diversion measures for the affected corridor.,Additional traffic personnel recommended,Prepare/activate suitable diversion planning,Suspend or reschedule non-essential roadwork where operationally appropriate,
2024-07-19,Hebbal | Ballari Road,Hebbal,Ballari Road,Medium,Low,False,,False,Rain,No,Normal,Normal traffic management; continue routine monitoring.,Routine traffic personnel,No special diversion recommended,No special roadwork restriction recommended,Adverse weather is present; consider additional caution and traffic monitoring.
2024-07-19,Yeshwanthpur | Yeshwanthpur Circle,Yeshwanthpur,Yeshwanthpur Circle,Low,Low,False,,False,Overcast,No,Normal,Normal traffic management; continue routine monitoring.,Routine traffic personnel,No special diversion recommended,No special roadwork restriction recommended,
2024-07-20,Indiranagar | 100 Feet Road,Indiranagar,100 Feet Road,High,High,False,,False,Clear,No,High,Deploy additional traffic personnel and prepare diversion measures for the affected corridor.,Additional traffic personnel recommended,Prepare/activate suitable diversion planning,Suspend or reschedule non-essential roadwork where operationally appropriate,
2024-07-20,Indiranagar | CMH Road,Indiranagar,CMH Road,High,High,False,,False,Clear,No,High,Deploy additional traffic personnel and prepare diversion measures for the affected corridor.,Additional traffic personnel recommended,Prepare/activate suitable diversion planning,Suspend or reschedule non-essential roadwork where operationally appropriate,
2024-07-20,Electronic City | Hosur Road,Electronic City,Hosur Road,Medium,Medium,False,,False,Fog,No,Moderate,Increase traffic monitoring and consider additional personnel at the affected corridor.,Consider additional traffic personnel,Consider diversion planning if congestion persists,Review non-essential roadwork scheduling,Adverse weather is present; consider additional caution and traffic monitoring.
2024-07-20,M.G. Road | Anil Kumble Circle,M.G. Road,Anil Kumble Circle,High,High,False,,False,Overcast,No,High,Deploy additional traffic personnel and prepare diversion measures for the affected corridor.,Additional traffic personnel recommended,Prepare/activate suitable diversion planning,Suspend or reschedule non-essential roadwork where operationally appropriate,
2024-07-20,Jayanagar | Jayanagar 4th Block,Jayanagar,Jayanagar 4th Block,High,High,False,,False,Clear,No,High,Deploy additional traffic personnel and prepare diversion measures for the affected corridor.,Additional traffic personnel recommended,Prepare/activate suitable diversion planning,Suspend or reschedule non-essential roadwork where operationally appropriate,
2024-07-20,Jayanagar | South End Circle,Jayanagar,South End Circle,High,High,False,,False,Clear,No,High,Deploy additional traffic personnel and prepare diversion measures for the affected corridor.,Additional traffic personnel recommended,Prepare/activate suitable diversion planning,Suspend or reschedule non-essential roadwork where operationally appropriate,
2024-07-20,Yeshwanthpur | Tumkur Road,Yeshwanthpur,Tumkur Road,Low,Low,False,,False,Clear,No,Normal,Normal traffic management; continue routine monitoring.,Routine traffic personnel,No special diversion recommended,No special roadwork restriction recommended,
2024-07-21,Indiranagar | 100 Feet Road,Indiranagar,100 Feet Road,Low,Low,False,,False,Clear,Yes,Normal,Normal traffic management; continue routine monitoring.,Routine traffic personnel,No special diversion recommended,No special roadwork restriction recommended,Roadwork is present; review whether it can be postponed during high-congestion periods.
2024-07-21,Indiranagar | CMH Road,Indiranagar,CMH Road,High,High,False,,False,Clear,No,High,Deploy additional traffic personnel and prepare diversion measures for the affected corridor.,Additional traffic personnel recommended,Prepare/activate suitable diversion planning,Suspend or reschedule non-essential roadwork where operationally appropriate,
2024-07-21,Whitefield | Marathahalli Bridge,Whitefield,Marathahalli Bridge,Low,Low,False,,False,Clear,No,Normal,Normal traffic management; continue routine monitoring.,Routine traffic personnel,No special diversion recommended,No special roadwork restriction recommended,
2024-07-21,Whitefield | ITPL Main Road,Whitefield,ITPL Main Road,High,High,False,,False,Clear,No,High,Deploy additional traffic personnel and prepare diversion measures for the affected corridor.,Additional traffic personnel recommended,Prepare/activate suitable diversion planning,Suspend or reschedule non-essential roadwork where operationally appropriate,
2024-07-21,Electronic City | Silk Board Junction,Electronic City,Silk Board Junction,Low,Low,False,,False,Clear,No,Normal,Normal traffic management; continue routine monitoring.,Routine traffic personnel,No special diversion recommended,No special roadwork restriction recommended,
2024-07-21,M.G. Road | Trinity Circle,M.G. Road,Trinity Circle,Medium,Medium,False,,False,Clear,No,Moderate,Increase traffic monitoring and consider additional personnel at the affected corridor.,Consider additional traffic personnel,Consider diversion planning if congestion persists,Review non-essential roadwork scheduling,
2024-07-21,M.G. Road | Anil Kumble Circle,M.G. Road,Anil Kumble Circle,Low,Low,False,,False,Clear,No,Normal,Normal traffic management; continue routine monitoring.,Routine traffic personnel,No special diversion recommended,No special roadwork restriction recommended,
2024-07-21,Jayanagar | Jayanagar 4th Block,Jayanagar,Jayanagar 4th Block,Medium,Medium,False,,False,Rain,No,Moderate,Increase traffic monitoring and consider additional personnel at the affected corridor.,Consider additional traffic personnel,Consider diversion planning if congestion persists,Review non-essential roadwork scheduling,Adverse weather is present; consider additional caution and traffic monitoring.
2024-07-21,Hebbal | Ballari Road,Hebbal,Ballari Road,High,High,False,,False,Clear,Yes,High,Deploy additional traffic personnel and prepare diversion measures for the affected corridor.,Additional traffic personnel recommended,Prepare/activate suitable diversion planning,Suspend or reschedule non-essential roadwork where operationally appropriate,Roadwork is present; review whether it can be postponed during high-congestion periods.
2024-07-22,Indiranagar | CMH Road,Indiranagar,CMH Road,High,High,False,,False,Clear,No,High,Deploy additional traffic personnel and prepare diversion measures for the affected corridor.,Additional traffic personnel recommended,Prepare/activate suitable diversion planning,Suspend or reschedule non-essential roadwork where operationally appropriate,
2024-07-22,Whitefield | ITPL Main Road,Whitefield,ITPL Main Road,Medium,Medium,False,,False,Clear,No,Moderate,Increase traffic monitoring and consider additional personnel at the affected corridor.,Consider additional traffic personnel,Consider diversion planning if congestion persists,Review non-essential roadwork scheduling,
2024-07-22,M.G. Road | Trinity Circle,M.G. Road,Trinity Circle,Low,Low,False,,False,Clear,No,Normal,Normal traffic management; continue routine monitoring.,Routine traffic personnel,No special diversion recommended,No special roadwork restriction recommended,
2024-07-22,Jayanagar | Jayanagar 4th Block,Jayanagar,Jayanagar 4th Block,Medium,Medium,False,,False,Clear,No,Moderate,Increase traffic monitoring and consider additional personnel at the affected corridor.,Consider additional traffic personnel,Consider diversion planning if congestion persists,Review non-essential roadwork scheduling,
2024-07-22,Hebbal | Hebbal Flyover,Hebbal,Hebbal Flyover,Low,Low,False,,False,Fog,No,Normal,Normal traffic management; continue routine monitoring.,Routine traffic personnel,No special diversion recommended,No special roadwork restriction recommended,Adverse weather is present; consider additional caution and traffic monitoring.
2024-07-22,Hebbal | Ballari Road,Hebbal,Ballari Road,Medium,Medium,False,,False,Clear,No,Moderate,Increase traffic monitoring and consider additional personnel at the affected corridor.,Consider additional traffic personnel,Consider diversion planning if congestion persists,Review non-essential roadwork scheduling,
2024-07-22,Yeshwanthpur | Yeshwanthpur Circle,Yeshwanthpur,Yeshwanthpur Circle,Medium,Medium,False,,False,Overcast,No,Moderate,Increase traffic monitoring and consider additional personnel at the affected corridor.,Consider additional traffic personnel,Consider diversion planning if congestion persists,Review non-essential roadwork scheduling,
2024-07-22,Yeshwanthpur | Tumkur Road,Yeshwanthpur,Tumkur Road,Low,Low,False,,False,Clear,No,Normal,Normal traffic management; continue routine monitoring.,Routine traffic personnel,No special diversion recommended,No special roadwork restriction recommended,
2024-07-23,Indiranagar | 100 Feet Road,Indiranagar,100 Feet Road,High,High,False,,False,Clear,No,High,Deploy additional traffic personnel and prepare diversion measures for the affected corridor.,Additional traffic personnel recommended,Prepare/activate suitable diversion planning,Suspend or reschedule non-essential roadwork where operationally appropriate,
2024-07-23,Indiranagar | CMH Road,Indiranagar,CMH Road,High,High,False,,False,Clear,No,High,Deploy additional traffic personnel and prepare diversion measures for the affected corridor.,Additional traffic personnel recommended,Prepare/activate suitable diversion planning,Suspend or reschedule non-essential roadwork where operationally appropriate,
2024-07-23,Whitefield | Marathahalli Bridge,Whitefield,Marathahalli Bridge,High,High,False,,False,Clear,No,High,Deploy additional traffic personnel and prepare diversion measures for the affected corridor.,Additional traffic personnel recommended,Prepare/activate suitable diversion planning,Suspend or reschedule non-essential roadwork where operationally appropriate,
2024-07-23,Koramangala | Sony World Junction,Koramangala,Sony World Junction,High,High,False,,False,Overcast,No,High,Deploy additional traffic personnel and prepare diversion measures for the affected corridor.,Additional traffic personnel recommended,Prepare/activate suitable diversion planning,Suspend or reschedule non-essential roadwork where operationally appropriate,
2024-07-23,M.G. Road | Trinity Circle,M.G. Road,Trinity Circle,High,High,False,,False,Clear,No,High,Deploy additional traffic personnel and prepare diversion measures for the affected corridor.,Additional traffic personnel recommended,Prepare/activate suitable diversion planning,Suspend or reschedule non-essential roadwork where operationally appropriate,
2024-07-23,Jayanagar | South End Circle,Jayanagar,South End Circle,High,High,False,,False,Fog,No,High,Deploy additional traffic personnel and prepare diversion measures for the affected corridor.,Additional traffic personnel recommended,Prepare/activate suitable diversion planning,Suspend or reschedule non-essential roadwork where operationally appropriate,Adverse weather is present; consider additional caution and traffic monitoring.
2024-07-23,Hebbal | Hebbal Flyover,Hebbal,Hebbal Flyover,High,High,False,,False,Windy,No,High,Deploy additional traffic personnel and prepare diversion measures for the affected corridor.,Additional traffic personnel recommended,Prepare/activate suitable diversion planning,Suspend or reschedule non-essential roadwork where operationally appropriate,
2024-07-23,Yeshwanthpur | Yeshwanthpur Circle,Yeshwanthpur,Yeshwanthpur Circle,Medium,High,False,,False,Clear,No,High,Deploy additional traffic personnel and prepare diversion measures for the affected corridor.,Additional traffic personnel recommended,Prepare/activate suitable diversion planning,Suspend or reschedule non-essential roadwork where operationally appropriate,
2024-07-23,Yeshwanthpur | Tumkur Road,Yeshwanthpur,Tumkur Road,Low,Low,False,,False,Fog,No,Normal,Normal traffic management; continue routine monitoring.,Routine traffic personnel,No special diversion recommended,No special roadwork restriction recommended,Adverse weather is present; consider additional caution and traffic monitoring.
2024-07-24,Indiranagar | 100 Feet Road,Indiranagar,100 Feet Road,High,High,False,,False,Clear,Yes,High,Deploy additional traffic personnel and prepare diversion measures for the affected corridor.,Additional traffic personnel recommended,Prepare/activate suitable diversion planning,Suspend or reschedule non-essential roadwork where operationally appropriate,Roadwork is present; review whether it can be postponed during high-congestion periods.
2024-07-24,Indiranagar | CMH Road,Indiranagar,CMH Road,Medium,Low,False,,False,Fog,No,Normal,Normal traffic management; continue routine monitoring.,Routine traffic personnel,No special diversion recommended,No special roadwork restriction recommended,Adverse weather is present; consider additional caution and traffic monitoring.
2024-07-24,Koramangala | Sony World Junction,Koramangala,Sony World Junction,High,High,False,,False,Clear,No,High,Deploy additional traffic personnel and prepare diversion measures for the affected corridor.,Additional traffic personnel recommended,Prepare/activate suitable diversion planning,Suspend or reschedule non-essential roadwork where operationally appropriate,
2024-07-24,Koramangala | Sarjapur Road,Koramangala,Sarjapur Road,High,High,False,,False,Clear,Yes,High,Deploy additional traffic personnel and prepare diversion measures for the affected corridor.,Additional traffic personnel recommended,Prepare/activate suitable diversion planning,Suspend or reschedule non-essential roadwork where operationally appropriate,Roadwork is present; review whether it can be postponed during high-congestion periods.
2024-07-24,Electronic City | Silk Board Junction,Electronic City,Silk Board Junction,Low,Low,False,,False,Clear,No,Normal,Normal traffic management; continue routine monitoring.,Routine traffic personnel,No special diversion recommended,No special roadwork restriction recommended,
2024-07-24,M.G. Road | Trinity Circle,M.G. Road,Trinity Circle,Medium,Medium,False,,False,Clear,No,Moderate,Increase traffic monitoring and consider additional personnel at the affected corridor.,Consider additional traffic personnel,Consider diversion planning if congestion persists,Review non-essential roadwork scheduling,
2024-07-24,M.G. Road | Anil Kumble Circle,M.G. Road,Anil Kumble Circle,Medium,Medium,False,,False,Windy,Yes,Moderate,Increase traffic monitoring and consider additional personnel at the affected corridor.,Consider additional traffic personnel,Consider diversion planning if congestion persists,Review non-essential roadwork scheduling,Roadwork is present; review whether it can be postponed during high-congestion periods.
2024-07-24,Jayanagar | Jayanagar 4th Block,Jayanagar,Jayanagar 4th Block,Medium,Medium,False,,False,Rain,No,Moderate,Increase traffic monitoring and consider additional personnel at the affected corridor.,Consider additional traffic personnel,Consider diversion planning if congestion persists,Review non-essential roadwork scheduling,Adverse weather is present; consider additional caution and traffic monitoring.
2024-07-24,Jayanagar | South End Circle,Jayanagar,South End Circle,High,High,False,,False,Overcast,No,High,Deploy additional traffic personnel and prepare diversion measures for the affected corridor.,Additional traffic personnel recommended,Prepare/activate suitable diversion planning,Suspend or reschedule non-essential roadwork where operationally appropriate,
2024-07-24,Hebbal | Ballari Road,Hebbal,Ballari Road,High,High,False,,False,Clear,No,High,Deploy additional traffic personnel and prepare diversion measures for the affected corridor.,Additional traffic personnel recommended,Prepare/activate suitable diversion planning,Suspend or reschedule non-essential roadwork where operationally appropriate,
2024-07-25,Indiranagar | 100 Feet Road,Indiranagar,100 Feet Road,Low,Low,False,,False,Clear,No,Normal,Normal traffic management; continue routine monitoring.,Routine traffic personnel,No special diversion recommended,No special roadwork restriction recommended,
2024-07-25,Indiranagar | CMH Road,Indiranagar,CMH Road,High,High,False,,False,Clear,No,High,Deploy additional traffic personnel and prepare diversion measures for the affected corridor.,Additional traffic personnel recommended,Prepare/activate suitable diversion planning,Suspend or reschedule non-essential roadwork where operationally appropriate,
2024-07-25,Whitefield | Marathahalli Bridge,Whitefield,Marathahalli Bridge,Medium,High,False,,False,Clear,No,High,Deploy additional traffic personnel and prepare diversion measures for the affected corridor.,Additional traffic personnel recommended,Prepare/activate suitable diversion planning,Suspend or reschedule non-essential roadwork where operationally appropriate,
2024-07-25,Whitefield | ITPL Main Road,Whitefield,ITPL Main Road,High,High,False,,False,Overcast,No,High,Deploy additional traffic personnel and prepare diversion measures for the affected corridor.,Additional traffic personnel recommended,Prepare/activate suitable diversion planning,Suspend or reschedule non-essential roadwork where operationally appropriate,
2024-07-25,Koramangala | Sony World Junction,Koramangala,Sony World Junction,High,High,False,,False,Overcast,No,High,Deploy additional traffic personnel and prepare diversion measures for the affected corridor.,Additional traffic personnel recommended,Prepare/activate suitable diversion planning,Suspend or reschedule non-essential roadwork where operationally appropriate,
2024-07-25,Koramangala | Sarjapur Road,Koramangala,Sarjapur Road,High,High,False,,False,Overcast,No,High,Deploy additional traffic personnel and prepare diversion measures for the affected corridor.,Additional traffic personnel recommended,Prepare/activate suitable diversion planning,Suspend or reschedule non-essential roadwork where operationally appropriate,
2024-07-25,M.G. Road | Trinity Circle,M.G. Road,Trinity Circle,High,High,False,,False,Overcast,No,High,Deploy additional traffic personnel and prepare diversion measures for the affected corridor.,Additional traffic personnel recommended,Prepare/activate suitable diversion planning,Suspend or reschedule non-essential roadwork where operationally appropriate,
2024-07-25,M.G. Road | Anil Kumble Circle,M.G. Road,Anil Kumble Circle,High,Medium,False,,False,Overcast,No,Moderate,Increase traffic monitoring and consider additional personnel at the affected corridor.,Consider additional traffic personnel,Consider diversion planning if congestion persists,Review non-essential roadwork scheduling,
2024-07-25,Jayanagar | Jayanagar 4th Block,Jayanagar,Jayanagar 4th Block,Medium,Medium,False,,False,Overcast,No,Moderate,Increase traffic monitoring and consider additional personnel at the affected corridor.,Consider additional traffic personnel,Consider diversion planning if congestion persists,Review non-essential roadwork scheduling,
2024-07-25,Jayanagar | South End Circle,Jayanagar,South End Circle,Low,Low,False,,False,Fog,No,Normal,Normal traffic management; continue routine monitoring.,Routine traffic personnel,No special diversion recommended,No special roadwork restriction recommended,Adverse weather is present; consider additional caution and traffic monitoring.
2024-07-26,Indiranagar | 100 Feet Road,Indiranagar,100 Feet Road,Low,Low,False,,False,Clear,No,Normal,Normal traffic management; continue routine monitoring.,Routine traffic personnel,No special diversion recommended,No special roadwork restriction recommended,
2024-07-26,Indiranagar | CMH Road,Indiranagar,CMH Road,High,High,False,,False,Clear,Yes,High,Deploy additional traffic personnel and prepare diversion measures for the affected corridor.,Additional traffic personnel recommended,Prepare/activate suitable diversion planning,Suspend or reschedule non-essential roadwork where operationally appropriate,Roadwork is present; review whether it can be postponed during high-congestion periods.
2024-07-26,Whitefield | Marathahalli Bridge,Whitefield,Marathahalli Bridge,Low,Low,False,,False,Clear,No,Normal,Normal traffic management; continue routine monitoring.,Routine traffic personnel,No special diversion recommended,No special roadwork restriction recommended,
2024-07-26,Koramangala | Sony World Junction,Koramangala,Sony World Junction,Medium,Low,False,,False,Clear,No,Normal,Normal traffic management; continue routine monitoring.,Routine traffic personnel,No special diversion recommended,No special roadwork restriction recommended,
2024-07-26,Electronic City | Hosur Road,Electronic City,Hosur Road,Low,Low,False,,False,Clear,No,Normal,Normal traffic management; continue routine monitoring.,Routine traffic personnel,No special diversion recommended,No special roadwork restriction recommended,
2024-07-26,M.G. Road | Anil Kumble Circle,M.G. Road,Anil Kumble Circle,Low,Low,False,,False,Overcast,No,Normal,Normal traffic management; continue routine monitoring.,Routine traffic personnel,No special diversion recommended,No special roadwork restriction recommended,
2024-07-26,Jayanagar | Jayanagar 4th Block,Jayanagar,Jayanagar 4th Block,Low,Low,False,,False,Clear,No,Normal,Normal traffic management; continue routine monitoring.,Routine traffic personnel,No special diversion recommended,No special roadwork restriction recommended,
2024-07-26,Jayanagar | South End Circle,Jayanagar,South End Circle,High,High,False,,False,Rain,Yes,High,Deploy additional traffic personnel and prepare diversion measures for the affected corridor.,Additional traffic personnel recommended,Prepare/activate suitable diversion planning,Suspend or reschedule non-essential roadwork where operationally appropriate,Roadwork is present; review whether it can be postponed during high-congestion periods.; Adverse weather is present; consider additional caution and traffic monitoring.
2024-07-26,Hebbal | Hebbal Flyover,Hebbal,Hebbal Flyover,Low,Low,False,,False,Clear,No,Normal,Normal traffic management; continue routine monitoring.,Routine traffic personnel,No special diversion recommended,No special roadwork restriction recommended,
2024-07-26,Hebbal | Ballari Road,Hebbal,Ballari Road,Medium,Medium,False,,False,Overcast,No,Moderate,Increase traffic monitoring and consider additional personnel at the affected corridor.,Consider additional traffic personnel,Consider diversion planning if congestion persists,Review non-essential roadwork scheduling,
2024-07-27,Indiranagar | 100 Feet Road,Indiranagar,100 Feet Road,High,High,False,,False,Clear,No,High,Deploy additional traffic personnel and prepare diversion measures for the affected corridor.,Additional traffic personnel recommended,Prepare/activate suitable diversion planning,Suspend or reschedule non-essential roadwork where operationally appropriate,
2024-07-27,Indiranagar | CMH Road,Indiranagar,CMH Road,High,High,False,,False,Windy,No,High,Deploy additional traffic personnel and prepare diversion measures for the affected corridor.,Additional traffic personnel recommended,Prepare/activate suitable diversion planning,Suspend or reschedule non-essential roadwork where operationally appropriate,
2024-07-27,Whitefield | ITPL Main Road,Whitefield,ITPL Main Road,High,High,False,,False,Clear,No,High,Deploy additional traffic personnel and prepare diversion measures for the affected corridor.,Additional traffic personnel recommended,Prepare/activate suitable diversion planning,Suspend or reschedule non-essential roadwork where operationally appropriate,
2024-07-27,Koramangala | Sony World Junction,Koramangala,Sony World Junction,High,High,False,,False,Clear,No,High,Deploy additional traffic personnel and prepare diversion measures for the affected corridor.,Additional traffic personnel recommended,Prepare/activate suitable diversion planning,Suspend or reschedule non-essential roadwork where operationally appropriate,
2024-07-27,Koramangala | Sarjapur Road,Koramangala,Sarjapur Road,High,High,False,,False,Clear,Yes,High,Deploy additional traffic personnel and prepare diversion measures for the affected corridor.,Additional traffic personnel recommended,Prepare/activate suitable diversion planning,Suspend or reschedule non-essential roadwork where operationally appropriate,Roadwork is present; review whether it can be postponed during high-congestion periods.
2024-07-27,M.G. Road | Trinity Circle,M.G. Road,Trinity Circle,High,High,False,,False,Clear,No,High,Deploy additional traffic personnel and prepare diversion measures for the affected corridor.,Additional traffic personnel recommended,Prepare/activate suitable diversion planning,Suspend or reschedule non-essential roadwork where operationally appropriate,
2024-07-27,M.G. Road | Anil Kumble Circle,M.G. Road,Anil Kumble Circle,Low,Low,False,,False,Clear,No,Normal,Normal traffic management; continue routine monitoring.,Routine traffic personnel,No special diversion recommended,No special roadwork restriction recommended,
2024-07-27,Jayanagar | South End Circle,Jayanagar,South End Circle,Medium,Medium,False,,False,Clear,No,Moderate,Increase traffic monitoring and consider additional personnel at the affected corridor.,Consider additional traffic personnel,Consider diversion planning if congestion persists,Review non-essential roadwork scheduling,
2024-07-27,Yeshwanthpur | Yeshwanthpur Circle,Yeshwanthpur,Yeshwanthpur Circle,Medium,Medium,False,,False,Clear,No,Moderate,Increase traffic monitoring and consider additional personnel at the affected corridor.,Consider additional traffic personnel,Consider diversion planning if congestion persists,Review non-essential roadwork scheduling,
2024-07-28,Indiranagar | 100 Feet Road,Indiranagar,100 Feet Road,Low,Low,False,,False,Windy,No,Normal,Normal traffic management; continue routine monitoring.,Routine traffic personnel,No special diversion recommended,No special roadwork restriction recommended,
2024-07-28,Indiranagar | CMH Road,Indiranagar,CMH Road,High,High,False,,False,Fog,No,High,Deploy additional traffic personnel and prepare diversion measures for the affected corridor.,Additional traffic personnel recommended,Prepare/activate suitable diversion planning,Suspend or reschedule non-essential roadwork where operationally appropriate,Adverse weather is present; consider additional caution and traffic monitoring.
2024-07-28,Whitefield | Marathahalli Bridge,Whitefield,Marathahalli Bridge,Medium,Medium,False,,False,Clear,No,Moderate,Increase traffic monitoring and consider additional personnel at the affected corridor.,Consider additional traffic personnel,Consider diversion planning if congestion persists,Review non-essential roadwork scheduling,
2024-07-28,Koramangala | Sony World Junction,Koramangala,Sony World Junction,High,High,False,,False,Clear,No,High,Deploy additional traffic personnel and prepare diversion measures for the affected corridor.,Additional traffic personnel recommended,Prepare/activate suitable diversion planning,Suspend or reschedule non-essential roadwork where operationally appropriate,
2024-07-28,M.G. Road | Trinity Circle,M.G. Road,Trinity Circle,High,High,False,,False,Fog,No,High,Deploy additional traffic personnel and prepare diversion measures for the affected corridor.,Additional traffic personnel recommended,Prepare/activate suitable diversion planning,Suspend or reschedule non-essential roadwork where operationally appropriate,Adverse weather is present; consider additional caution and traffic monitoring.
2024-07-28,M.G. Road | Anil Kumble Circle,M.G. Road,Anil Kumble Circle,High,High,False,,False,Rain,No,High,Deploy additional traffic personnel and prepare diversion measures for the affected corridor.,Additional traffic personnel recommended,Prepare/activate suitable diversion planning,Suspend or reschedule non-essential roadwork where operationally appropriate,Adverse weather is present; consider additional caution and traffic monitoring.
2024-07-28,Jayanagar | South End Circle,Jayanagar,South End Circle,Medium,Medium,False,,False,Clear,No,Moderate,Increase traffic monitoring and consider additional personnel at the affected corridor.,Consider additional traffic personnel,Consider diversion planning if congestion persists,Review non-essential roadwork scheduling,
2024-07-28,Hebbal | Hebbal Flyover,Hebbal,Hebbal Flyover,Medium,Medium,False,,False,Clear,No,Moderate,Increase traffic monitoring and consider additional personnel at the affected corridor.,Consider additional traffic personnel,Consider diversion planning if congestion persists,Review non-essential roadwork scheduling,
2024-07-28,Hebbal | Ballari Road,Hebbal,Ballari Road,Medium,High,False,,False,Clear,No,High,Deploy additional traffic personnel and prepare diversion measures for the affected corridor.,Additional traffic personnel recommended,Prepare/activate suitable diversion planning,Suspend or reschedule non-essential roadwork where operationally appropriate,
2024-07-28,Yeshwanthpur | Tumkur Road,Yeshwanthpur,Tumkur Road,High,High,False,,False,Overcast,No,High,Deploy additional traffic personnel and prepare diversion measures for the affected corridor.,Additional traffic personnel recommended,Prepare/activate suitable diversion planning,Suspend or reschedule non-essential roadwork where operationally appropriate,
2024-07-29,Indiranagar | 100 Feet Road,Indiranagar,100 Feet Road,Medium,Medium,False,,False,Clear,No,Moderate,Increase traffic monitoring and consider additional personnel at the affected corridor.,Consider additional traffic personnel,Consider diversion planning if congestion persists,Review non-essential roadwork scheduling,
2024-07-29,Whitefield | ITPL Main Road,Whitefield,ITPL Main Road,Low,Low,False,,False,Clear,No,Normal,Normal traffic management; continue routine monitoring.,Routine traffic personnel,No special diversion recommended,No special roadwork restriction recommended,
2024-07-29,Koramangala | Sony World Junction,Koramangala,Sony World Junction,High,High,False,,False,Clear,No,High,Deploy additional traffic personnel and prepare diversion measures for the affected corridor.,Additional traffic personnel recommended,Prepare/activate suitable diversion planning,Suspend or reschedule non-essential roadwork where operationally appropriate,
2024-07-29,Koramangala | Sarjapur Road,Koramangala,Sarjapur Road,High,High,False,,False,Overcast,Yes,High,Deploy additional traffic personnel and prepare diversion measures for the affected corridor.,Additional traffic personnel recommended,Prepare/activate suitable diversion planning,Suspend or reschedule non-essential roadwork where operationally appropriate,Roadwork is present; review whether it can be postponed during high-congestion periods.
2024-07-29,Electronic City | Silk Board Junction,Electronic City,Silk Board Junction,High,High,False,,False,Clear,No,High,Deploy additional traffic personnel and prepare diversion measures for the affected corridor.,Additional traffic personnel recommended,Prepare/activate suitable diversion planning,Suspend or reschedule non-essential roadwork where operationally appropriate,
2024-07-29,M.G. Road | Trinity Circle,M.G. Road,Trinity Circle,High,High,False,,False,Clear,No,High,Deploy additional traffic personnel and prepare diversion measures for the affected corridor.,Additional traffic personnel recommended,Prepare/activate suitable diversion planning,Suspend or reschedule non-essential roadwork where operationally appropriate,
2024-07-29,M.G. Road | Anil Kumble Circle,M.G. Road,Anil Kumble Circle,High,High,False,,False,Clear,No,High,Deploy additional traffic personnel and prepare diversion measures for the affected corridor.,Additional traffic personnel recommended,Prepare/activate suitable diversion planning,Suspend or reschedule non-essential roadwork where operationally appropriate,
2024-07-29,Jayanagar | Jayanagar 4th Block,Jayanagar,Jayanagar 4th Block,Medium,High,False,,False,Clear,No,High,Deploy additional traffic personnel and prepare diversion measures for the affected corridor.,Additional traffic personnel recommended,Prepare/activate suitable diversion planning,Suspend or reschedule non-essential roadwork where operationally appropriate,
2024-07-29,Jayanagar | South End Circle,Jayanagar,South End Circle,Low,Low,False,,False,Rain,No,Normal,Normal traffic management; continue routine monitoring.,Routine traffic personnel,No special diversion recommended,No special roadwork restriction recommended,Adverse weather is present; consider additional caution and traffic monitoring.
2024-07-29,Hebbal | Ballari Road,Hebbal,Ballari Road,Low,Medium,False,,False,Windy,No,Moderate,Increase traffic monitoring and consider additional personnel at the affected corridor.,Consider additional traffic personnel,Consider diversion planning if congestion persists,Review non-essential roadwork scheduling,
2024-07-30,Indiranagar | 100 Feet Road,Indiranagar,100 Feet Road,High,High,False,,False,Clear,No,High,Deploy additional traffic personnel and prepare diversion measures for the affected corridor.,Additional traffic personnel recommended,Prepare/activate suitable diversion planning,Suspend or reschedule non-essential roadwork where operationally appropriate,
2024-07-30,Indiranagar | CMH Road,Indiranagar,CMH Road,High,High,False,,False,Clear,No,High,Deploy additional traffic personnel and prepare diversion measures for the affected corridor.,Additional traffic personnel recommended,Prepare/activate suitable diversion planning,Suspend or reschedule non-essential roadwork where operationally appropriate,
2024-07-30,Whitefield | Marathahalli Bridge,Whitefield,Marathahalli Bridge,High,High,False,,False,Overcast,No,High,Deploy additional traffic personnel and prepare diversion measures for the affected corridor.,Additional traffic personnel recommended,Prepare/activate suitable diversion planning,Suspend or reschedule non-essential roadwork where operationally appropriate,
2024-07-30,Whitefield | ITPL Main Road,Whitefield,ITPL Main Road,Low,Low,False,,False,Clear,No,Normal,Normal traffic management; continue routine monitoring.,Routine traffic personnel,No special diversion recommended,No special roadwork restriction recommended,
2024-07-30,Koramangala | Sarjapur Road,Koramangala,Sarjapur Road,High,High,False,,False,Windy,No,High,Deploy additional traffic personnel and prepare diversion measures for the affected corridor.,Additional traffic personnel recommended,Prepare/activate suitable diversion planning,Suspend or reschedule non-essential roadwork where operationally appropriate,
2024-07-30,Electronic City | Hosur Road,Electronic City,Hosur Road,High,High,False,,False,Clear,No,High,Deploy additional traffic personnel and prepare diversion measures for the affected corridor.,Additional traffic personnel recommended,Prepare/activate suitable diversion planning,Suspend or reschedule non-essential roadwork where operationally appropriate,
2024-07-30,Electronic City | Silk Board Junction,Electronic City,Silk Board Junction,High,High,False,,False,Clear,No,High,Deploy additional traffic personnel and prepare diversion measures for the affected corridor.,Additional traffic personnel recommended,Prepare/activate suitable diversion planning,Suspend or reschedule non-essential roadwork where operationally appropriate,
2024-07-30,M.G. Road | Trinity Circle,M.G. Road,Trinity Circle,High,Medium,False,,False,Rain,No,Moderate,Increase traffic monitoring and consider additional personnel at the affected corridor.,Consider additional traffic personnel,Consider diversion planning if congestion persists,Review non-essential roadwork scheduling,Adverse weather is present; consider additional caution and traffic monitoring.
2024-07-30,Jayanagar | Jayanagar 4th Block,Jayanagar,Jayanagar 4th Block,Low,Low,False,,False,Clear,Yes,Normal,Normal traffic management; continue routine monitoring.,Routine traffic personnel,No special diversion recommended,No special roadwork restriction recommended,Roadwork is present; review whether it can be postponed during high-congestion periods.
2024-07-30,Hebbal | Hebbal Flyover,Hebbal,Hebbal Flyover,Low,Low,False,,False,Clear,No,Normal,Normal traffic management; continue routine monitoring.,Routine traffic personnel,No special diversion recommended,No special roadwork restriction recommended,
2024-07-30,Hebbal | Ballari Road,Hebbal,Ballari Road,High,High,False,,False,Clear,No,High,Deploy additional traffic personnel and prepare diversion measures for the affected corridor.,Additional traffic personnel recommended,Prepare/activate suitable diversion planning,Suspend or reschedule non-essential roadwork where operationally appropriate,
2024-07-30,Yeshwanthpur | Tumkur Road,Yeshwanthpur,Tumkur Road,Low,Low,False,,False,Clear,No,Normal,Normal traffic management; continue routine monitoring.,Routine traffic personnel,No special diversion recommended,No special roadwork restriction recommended,
2024-07-31,Indiranagar | 100 Feet Road,Indiranagar,100 Feet Road,Low,Low,False,,False,Clear,No,Normal,Normal traffic management; continue routine monitoring.,Routine traffic personnel,No special diversion recommended,No special roadwork restriction recommended,
2024-07-31,Indiranagar | CMH Road,Indiranagar,CMH Road,High,High,False,,False,Fog,No,High,Deploy additional traffic personnel and prepare diversion measures for the affected corridor.,Additional traffic personnel recommended,Prepare/activate suitable diversion planning,Suspend or reschedule non-essential roadwork where operationally appropriate,Adverse weather is present; consider additional caution and traffic monitoring.
2024-07-31,Whitefield | ITPL Main Road,Whitefield,ITPL Main Road,Low,Low,False,,False,Clear,No,Normal,Normal traffic management; continue routine monitoring.,Routine traffic personnel,No special diversion recommended,No special roadwork restriction recommended,
2024-07-31,Koramangala | Sony World Junction,Koramangala,Sony World Junction,High,High,False,,False,Windy,No,High,Deploy additional traffic personnel and prepare diversion measures for the affected corridor.,Additional traffic personnel recommended,Prepare/activate suitable diversion planning,Suspend or reschedule non-essential roadwork where operationally appropriate,
2024-07-31,Koramangala | Sarjapur Road,Koramangala,Sarjapur Road,High,High,False,,False,Rain,No,High,Deploy additional traffic personnel and prepare diversion measures for the affected corridor.,Additional traffic personnel recommended,Prepare/activate suitable diversion planning,Suspend or reschedule non-essential roadwork where operationally appropriate,Adverse weather is present; consider additional caution and traffic monitoring.
2024-07-31,Electronic City | Silk Board Junction,Electronic City,Silk Board Junction,Medium,Medium,False,,False,Overcast,No,Moderate,Increase traffic monitoring and consider additional personnel at the affected corridor.,Consider additional traffic personnel,Consider diversion planning if congestion persists,Review non-essential roadwork scheduling,
2024-07-31,M.G. Road | Anil Kumble Circle,M.G. Road,Anil Kumble Circle,High,High,False,,False,Clear,No,High,Deploy additional traffic personnel and prepare diversion measures for the affected corridor.,Additional traffic personnel recommended,Prepare/activate suitable diversion planning,Suspend or reschedule non-essential roadwork where operationally appropriate,
2024-07-31,Jayanagar | South End Circle,Jayanagar,South End Circle,Low,Low,False,,False,Clear,Yes,Normal,Normal traffic management; continue routine monitoring.,Routine traffic personnel,No special diversion recommended,No special roadwork restriction recommended,Roadwork is present; review whether it can be postponed during high-congestion periods.
2024-08-01,Indiranagar | 100 Feet Road,Indiranagar,100 Feet Road,High,Medium,False,,False,Clear,No,Moderate,Increase traffic monitoring and consider additional personnel at the affected corridor.,Consider additional traffic personnel,Consider diversion planning if congestion persists,Review non-essential roadwork scheduling,
2024-08-01,Indiranagar | CMH Road,Indiranagar,CMH Road,Medium,High,False,,False,Clear,No,High,Deploy additional traffic personnel and prepare diversion measures for the affected corridor.,Additional traffic personnel recommended,Prepare/activate suitable diversion planning,Suspend or reschedule non-essential roadwork where operationally appropriate,
2024-08-01,Whitefield | Marathahalli Bridge,Whitefield,Marathahalli Bridge,Medium,Medium,False,,False,Clear,No,Moderate,Increase traffic monitoring and consider additional personnel at the affected corridor.,Consider additional traffic personnel,Consider diversion planning if congestion persists,Review non-essential roadwork scheduling,
2024-08-01,Koramangala | Sony World Junction,Koramangala,Sony World Junction,High,High,False,,False,Overcast,No,High,Deploy additional traffic personnel and prepare diversion measures for the affected corridor.,Additional traffic personnel recommended,Prepare/activate suitable diversion planning,Suspend or reschedule non-essential roadwork where operationally appropriate,
2024-08-01,Koramangala | Sarjapur Road,Koramangala,Sarjapur Road,High,High,False,,False,Clear,No,High,Deploy additional traffic personnel and prepare diversion measures for the affected corridor.,Additional traffic personnel recommended,Prepare/activate suitable diversion planning,Suspend or reschedule non-essential roadwork where operationally appropriate,
2024-08-01,Electronic City | Hosur Road,Electronic City,Hosur Road,Low,Low,False,,False,Overcast,No,Normal,Normal traffic management; continue routine monitoring.,Routine traffic personnel,No special diversion recommended,No special roadwork restriction recommended,
2024-08-01,Electronic City | Silk Board Junction,Electronic City,Silk Board Junction,Low,Low,False,,False,Rain,No,Normal,Normal traffic management; continue routine monitoring.,Routine traffic personnel,No special diversion recommended,No special roadwork restriction recommended,Adverse weather is present; consider additional caution and traffic monitoring.
2024-08-01,M.G. Road | Trinity Circle,M.G. Road,Trinity Circle,High,High,False,,False,Clear,No,High,Deploy additional traffic personnel and prepare diversion measures for the affected corridor.,Additional traffic personnel recommended,Prepare/activate suitable diversion planning,Suspend or reschedule non-essential roadwork where operationally appropriate,
2024-08-01,M.G. Road | Anil Kumble Circle,M.G. Road,Anil Kumble Circle,High,High,False,,False,Clear,No,High,Deploy additional traffic personnel and prepare diversion measures for the affected corridor.,Additional traffic personnel recommended,Prepare/activate suitable diversion planning,Suspend or reschedule non-essential roadwork where operationally appropriate,
2024-08-01,Jayanagar | South End Circle,Jayanagar,South End Circle,High,Medium,False,,False,Fog,No,Moderate,Increase traffic monitoring and consider additional personnel at the affected corridor.,Consider additional traffic personnel,Consider diversion planning if congestion persists,Review non-essential roadwork scheduling,Adverse weather is present; consider additional caution and traffic monitoring.
2024-08-01,Hebbal | Hebbal Flyover,Hebbal,Hebbal Flyover,High,High,False,,False,Clear,Yes,High,Deploy additional traffic personnel and prepare diversion measures for the affected corridor.,Additional traffic personnel recommended,Prepare/activate suitable diversion planning,Suspend or reschedule non-essential roadwork where operationally appropriate,Roadwork is present; review whether it can be postponed during high-congestion periods.
2024-08-01,Yeshwanthpur | Yeshwanthpur Circle,Yeshwanthpur,Yeshwanthpur Circle,Low,Low,False,,False,Clear,No,Normal,Normal traffic management; continue routine monitoring.,Routine traffic personnel,No special diversion recommended,No special roadwork restriction recommended,
2024-08-02,Indiranagar | CMH Road,Indiranagar,CMH Road,Low,Low,False,,False,Clear,No,Normal,Normal traffic management; continue routine monitoring.,Routine traffic personnel,No special diversion recommended,No special roadwork restriction recommended,
2024-08-02,Koramangala | Sony World Junction,Koramangala,Sony World Junction,High,High,False,,False,Clear,No,High,Deploy additional traffic personnel and prepare diversion measures for the affected corridor.,Additional traffic personnel recommended,Prepare/activate suitable diversion planning,Suspend or reschedule non-essential roadwork where operationally appropriate,
2024-08-02,M.G. Road | Trinity Circle,M.G. Road,Trinity Circle,High,High,False,,False,Clear,No,High,Deploy additional traffic personnel and prepare diversion measures for the affected corridor.,Additional traffic personnel recommended,Prepare/activate suitable diversion planning,Suspend or reschedule non-essential roadwork where operationally appropriate,
2024-08-02,M.G. Road | Anil Kumble Circle,M.G. Road,Anil Kumble Circle,High,High,False,,False,Clear,No,High,Deploy additional traffic personnel and prepare diversion measures for the affected corridor.,Additional traffic personnel recommended,Prepare/activate suitable diversion planning,Suspend or reschedule non-essential roadwork where operationally appropriate,
2024-08-02,Jayanagar | Jayanagar 4th Block,Jayanagar,Jayanagar 4th Block,High,High,False,,False,Clear,No,High,Deploy additional traffic personnel and prepare diversion measures for the affected corridor.,Additional traffic personnel recommended,Prepare/activate suitable diversion planning,Suspend or reschedule non-essential roadwork where operationally appropriate,
2024-08-02,Hebbal | Hebbal Flyover,Hebbal,Hebbal Flyover,High,High,False,,False,Rain,No,High,Deploy additional traffic personnel and prepare diversion measures for the affected corridor.,Additional traffic personnel recommended,Prepare/activate suitable diversion planning,Suspend or reschedule non-essential roadwork where operationally appropriate,Adverse weather is present; consider additional caution and traffic monitoring.
2024-08-02,Hebbal | Ballari Road,Hebbal,Ballari Road,Medium,Medium,False,,False,Clear,No,Moderate,Increase traffic monitoring and consider additional personnel at the affected corridor.,Consider additional traffic personnel,Consider diversion planning if congestion persists,Review non-essential roadwork scheduling,
2024-08-02,Yeshwanthpur | Tumkur Road,Yeshwanthpur,Tumkur Road,Low,Low,False,,False,Fog,No,Normal,Normal traffic management; continue routine monitoring.,Routine traffic personnel,No special diversion recommended,No special roadwork restriction recommended,Adverse weather is present; consider additional caution and traffic monitoring.
2024-08-03,Indiranagar | 100 Feet Road,Indiranagar,100 Feet Road,Medium,Medium,False,,False,Clear,No,Moderate,Increase traffic monitoring and consider additional personnel at the affected corridor.,Consider additional traffic personnel,Consider diversion planning if congestion persists,Review non-essential roadwork scheduling,
2024-08-03,Indiranagar | CMH Road,Indiranagar,CMH Road,High,High,False,,False,Clear,Yes,High,Deploy additional traffic personnel and prepare diversion measures for the affected corridor.,Additional traffic personnel recommended,Prepare/activate suitable diversion planning,Suspend or reschedule non-essential roadwork where operationally appropriate,Roadwork is present; review whether it can be postponed during high-congestion periods.
2024-08-03,Whitefield | ITPL Main Road,Whitefield,ITPL Main Road,Medium,High,False,,False,Overcast,No,High,Deploy additional traffic personnel and prepare diversion measures for the affected corridor.,Additional traffic personnel recommended,Prepare/activate suitable diversion planning,Suspend or reschedule non-essential roadwork where operationally appropriate,
2024-08-03,Koramangala | Sony World Junction,Koramangala,Sony World Junction,High,High,False,,False,Windy,No,High,Deploy additional traffic personnel and prepare diversion measures for the affected corridor.,Additional traffic personnel recommended,Prepare/activate suitable diversion planning,Suspend or reschedule non-essential roadwork where operationally appropriate,
2024-08-03,Koramangala | Sarjapur Road,Koramangala,Sarjapur Road,High,High,False,,False,Clear,No,High,Deploy additional traffic personnel and prepare diversion measures for the affected corridor.,Additional traffic personnel recommended,Prepare/activate suitable diversion planning,Suspend or reschedule non-essential roadwork where operationally appropriate,
2024-08-03,Electronic City | Hosur Road,Electronic City,Hosur Road,Low,Low,False,,False,Overcast,No,Normal,Normal traffic management; continue routine monitoring.,Routine traffic personnel,No special diversion recommended,No special roadwork restriction recommended,
2024-08-03,M.G. Road | Trinity Circle,M.G. Road,Trinity Circle,High,High,False,,False,Clear,No,High,Deploy additional traffic personnel and prepare diversion measures for the affected corridor.,Additional traffic personnel recommended,Prepare/activate suitable diversion planning,Suspend or reschedule non-essential roadwork where operationally appropriate,
2024-08-03,M.G. Road | Anil Kumble Circle,M.G. Road,Anil Kumble Circle,Low,Low,False,,False,Clear,Yes,Normal,Normal traffic management; continue routine monitoring.,Routine traffic personnel,No special diversion recommended,No special roadwork restriction recommended,Roadwork is present; review whether it can be postponed during high-congestion periods.
2024-08-03,Jayanagar | Jayanagar 4th Block,Jayanagar,Jayanagar 4th Block,Medium,Medium,False,,False,Clear,No,Moderate,Increase traffic monitoring and consider additional personnel at the affected corridor.,Consider additional traffic personnel,Consider diversion planning if congestion persists,Review non-essential roadwork scheduling,
2024-08-03,Hebbal | Ballari Road,Hebbal,Ballari Road,Medium,Medium,False,,False,Clear,No,Moderate,Increase traffic monitoring and consider additional personnel at the affected corridor.,Consider additional traffic personnel,Consider diversion planning if congestion persists,Review non-essential roadwork scheduling,
2024-08-03,Yeshwanthpur | Tumkur Road,Yeshwanthpur,Tumkur Road,Low,Low,False,,False,Overcast,No,Normal,Normal traffic management; continue routine monitoring.,Routine traffic personnel,No special diversion recommended,No special roadwork restriction recommended,
2024-08-04,Indiranagar | 100 Feet Road,Indiranagar,100 Feet Road,High,High,False,,False,Clear,No,High,Deploy additional traffic personnel and prepare diversion measures for the affected corridor.,Additional traffic personnel recommended,Prepare/activate suitable diversion planning,Suspend or reschedule non-essential roadwork where operationally appropriate,
2024-08-04,Indiranagar | CMH Road,Indiranagar,CMH Road,Low,Low,False,,False,Clear,No,Normal,Normal traffic management; continue routine monitoring.,Routine traffic personnel,No special diversion recommended,No special roadwork restriction recommended,
2024-08-04,Whitefield | Marathahalli Bridge,Whitefield,Marathahalli Bridge,High,High,False,,False,Rain,No,High,Deploy additional traffic personnel and prepare diversion measures for the affected corridor.,Additional traffic personnel recommended,Prepare/activate suitable diversion planning,Suspend or reschedule non-essential roadwork where operationally appropriate,Adverse weather is present; consider additional caution and traffic monitoring.
2024-08-04,Koramangala | Sony World Junction,Koramangala,Sony World Junction,High,High,False,,False,Fog,No,High,Deploy additional traffic personnel and prepare diversion measures for the affected corridor.,Additional traffic personnel recommended,Prepare/activate suitable diversion planning,Suspend or reschedule non-essential roadwork where operationally appropriate,Adverse weather is present; consider additional caution and traffic monitoring.
2024-08-04,Koramangala | Sarjapur Road,Koramangala,Sarjapur Road,High,High,False,,False,Rain,No,High,Deploy additional traffic personnel and prepare diversion measures for the affected corridor.,Additional traffic personnel recommended,Prepare/activate suitable diversion planning,Suspend or reschedule non-essential roadwork where operationally appropriate,Adverse weather is present; consider additional caution and traffic monitoring.
2024-08-04,M.G. Road | Trinity Circle,M.G. Road,Trinity Circle,High,High,False,,False,Clear,No,High,Deploy additional traffic personnel and prepare diversion measures for the affected corridor.,Additional traffic personnel recommended,Prepare/activate suitable diversion planning,Suspend or reschedule non-essential roadwork where operationally appropriate,
2024-08-04,M.G. Road | Anil Kumble Circle,M.G. Road,Anil Kumble Circle,High,High,False,,False,Windy,Yes,High,Deploy additional traffic personnel and prepare diversion measures for the affected corridor.,Additional traffic personnel recommended,Prepare/activate suitable diversion planning,Suspend or reschedule non-essential roadwork where operationally appropriate,Roadwork is present; review whether it can be postponed during high-congestion periods.
2024-08-04,Hebbal | Hebbal Flyover,Hebbal,Hebbal Flyover,High,High,False,,False,Clear,No,High,Deploy additional traffic personnel and prepare diversion measures for the affected corridor.,Additional traffic personnel recommended,Prepare/activate suitable diversion planning,Suspend or reschedule non-essential roadwork where operationally appropriate,
2024-08-05,Indiranagar | 100 Feet Road,Indiranagar,100 Feet Road,Medium,Medium,False,,False,Fog,No,Moderate,Increase traffic monitoring and consider additional personnel at the affected corridor.,Consider additional traffic personnel,Consider diversion planning if congestion persists,Review non-essential roadwork scheduling,Adverse weather is present; consider additional caution and traffic monitoring.
2024-08-05,Indiranagar | CMH Road,Indiranagar,CMH Road,Low,Low,False,,False,Fog,Yes,Normal,Normal traffic management; continue routine monitoring.,Routine traffic personnel,No special diversion recommended,No special roadwork restriction recommended,Roadwork is present; review whether it can be postponed during high-congestion periods.; Adverse weather is present; consider additional caution and traffic monitoring.
2024-08-05,Whitefield | Marathahalli Bridge,Whitefield,Marathahalli Bridge,Medium,Medium,False,,False,Windy,Yes,Moderate,Increase traffic monitoring and consider additional personnel at the affected corridor.,Consider additional traffic personnel,Consider diversion planning if congestion persists,Review non-essential roadwork scheduling,Roadwork is present; review whether it can be postponed during high-congestion periods.
2024-08-05,Koramangala | Sarjapur Road,Koramangala,Sarjapur Road,High,High,False,,False,Fog,No,High,Deploy additional traffic personnel and prepare diversion measures for the affected corridor.,Additional traffic personnel recommended,Prepare/activate suitable diversion planning,Suspend or reschedule non-essential roadwork where operationally appropriate,Adverse weather is present; consider additional caution and traffic monitoring.
2024-08-05,Electronic City | Hosur Road,Electronic City,Hosur Road,Low,Medium,False,,False,Clear,No,Moderate,Increase traffic monitoring and consider additional personnel at the affected corridor.,Consider additional traffic personnel,Consider diversion planning if congestion persists,Review non-essential roadwork scheduling,
2024-08-05,M.G. Road | Trinity Circle,M.G. Road,Trinity Circle,Medium,Medium,False,,False,Clear,No,Moderate,Increase traffic monitoring and consider additional personnel at the affected corridor.,Consider additional traffic personnel,Consider diversion planning if congestion persists,Review non-essential roadwork scheduling,
2024-08-05,M.G. Road | Anil Kumble Circle,M.G. Road,Anil Kumble Circle,Medium,Medium,False,,False,Overcast,No,Moderate,Increase traffic monitoring and consider additional personnel at the affected corridor.,Consider additional traffic personnel,Consider diversion planning if congestion persists,Review non-essential roadwork scheduling,
2024-08-05,Hebbal | Hebbal Flyover,Hebbal,Hebbal Flyover,High,High,False,,False,Clear,No,High,Deploy additional traffic personnel and prepare diversion measures for the affected corridor.,Additional traffic personnel recommended,Prepare/activate suitable diversion planning,Suspend or reschedule non-essential roadwork where operationally appropriate,
2024-08-05,Hebbal | Ballari Road,Hebbal,Ballari Road,High,High,False,,False,Clear,No,High,Deploy additional traffic personnel and prepare diversion measures for the affected corridor.,Additional traffic personnel recommended,Prepare/activate suitable diversion planning,Suspend or reschedule non-essential roadwork where operationally appropriate,
2024-08-06,Indiranagar | 100 Feet Road,Indiranagar,100 Feet Road,High,High,False,,False,Rain,No,High,Deploy additional traffic personnel and prepare diversion measures for the affected corridor.,Additional traffic personnel recommended,Prepare/activate suitable diversion planning,Suspend or reschedule non-essential roadwork where operationally appropriate,Adverse weather is present; consider additional caution and traffic monitoring.
2024-08-06,Indiranagar | CMH Road,Indiranagar,CMH Road,High,High,False,,False,Windy,No,High,Deploy additional traffic personnel and prepare diversion measures for the affected corridor.,Additional traffic personnel recommended,Prepare/activate suitable diversion planning,Suspend or reschedule non-essential roadwork where operationally appropriate,
2024-08-06,Whitefield | ITPL Main Road,Whitefield,ITPL Main Road,Medium,Medium,False,,False,Clear,No,Moderate,Increase traffic monitoring and consider additional personnel at the affected corridor.,Consider additional traffic personnel,Consider diversion planning if congestion persists,Review non-essential roadwork scheduling,
2024-08-06,Koramangala | Sony World Junction,Koramangala,Sony World Junction,High,High,False,,False,Clear,No,High,Deploy additional traffic personnel and prepare diversion measures for the affected corridor.,Additional traffic personnel recommended,Prepare/activate suitable diversion planning,Suspend or reschedule non-essential roadwork where operationally appropriate,
2024-08-06,Koramangala | Sarjapur Road,Koramangala,Sarjapur Road,High,High,False,,False,Clear,No,High,Deploy additional traffic personnel and prepare diversion measures for the affected corridor.,Additional traffic personnel recommended,Prepare/activate suitable diversion planning,Suspend or reschedule non-essential roadwork where operationally appropriate,
2024-08-06,Electronic City | Hosur Road,Electronic City,Hosur Road,Low,Low,False,,False,Clear,No,Normal,Normal traffic management; continue routine monitoring.,Routine traffic personnel,No special diversion recommended,No special roadwork restriction recommended,
2024-08-06,M.G. Road | Trinity Circle,M.G. Road,Trinity Circle,High,High,False,,False,Rain,No,High,Deploy additional traffic personnel and prepare diversion measures for the affected corridor.,Additional traffic personnel recommended,Prepare/activate suitable diversion planning,Suspend or reschedule non-essential roadwork where operationally appropriate,Adverse weather is present; consider additional caution and traffic monitoring.
2024-08-06,M.G. Road | Anil Kumble Circle,M.G. Road,Anil Kumble Circle,Medium,Medium,False,,False,Clear,No,Moderate,Increase traffic monitoring and consider additional personnel at the affected corridor.,Consider additional traffic personnel,Consider diversion planning if congestion persists,Review non-essential roadwork scheduling,
2024-08-06,Hebbal | Ballari Road,Hebbal,Ballari Road,Low,Low,False,,False,Clear,No,Normal,Normal traffic management; continue routine monitoring.,Routine traffic personnel,No special diversion recommended,No special roadwork restriction recommended,
2024-08-06,Yeshwanthpur | Yeshwanthpur Circle,Yeshwanthpur,Yeshwanthpur Circle,Low,Low,False,,False,Overcast,No,Normal,Normal traffic management; continue routine monitoring.,Routine traffic personnel,No special diversion recommended,No special roadwork restriction recommended,
2024-08-06,Yeshwanthpur | Tumkur Road,Yeshwanthpur,Tumkur Road,Medium,Medium,False,,False,Clear,No,Moderate,Increase traffic monitoring and consider additional personnel at the affected corridor.,Consider additional traffic personnel,Consider diversion planning if congestion persists,Review non-essential roadwork scheduling,
2024-08-07,Indiranagar | 100 Feet Road,Indiranagar,100 Feet Road,Low,Low,False,,False,Overcast,No,Normal,Normal traffic management; continue routine monitoring.,Routine traffic personnel,No special diversion recommended,No special roadwork restriction recommended,
2024-08-07,Indiranagar | CMH Road,Indiranagar,CMH Road,High,High,False,,False,Clear,No,High,Deploy additional traffic personnel and prepare diversion measures for the affected corridor.,Additional traffic personnel recommended,Prepare/activate suitable diversion planning,Suspend or reschedule non-essential roadwork where operationally appropriate,
2024-08-07,Whitefield | Marathahalli Bridge,Whitefield,Marathahalli Bridge,Medium,Medium,False,,False,Rain,No,Moderate,Increase traffic monitoring and consider additional personnel at the affected corridor.,Consider additional traffic personnel,Consider diversion planning if congestion persists,Review non-essential roadwork scheduling,Adverse weather is present; consider additional caution and traffic monitoring.
2024-08-07,Whitefield | ITPL Main Road,Whitefield,ITPL Main Road,Low,Low,False,,False,Clear,No,Normal,Normal traffic management; continue routine monitoring.,Routine traffic personnel,No special diversion recommended,No special roadwork restriction recommended,
2024-08-07,Koramangala | Sony World Junction,Koramangala,Sony World Junction,High,High,False,,False,Clear,No,High,Deploy additional traffic personnel and prepare diversion measures for the affected corridor.,Additional traffic personnel recommended,Prepare/activate suitable diversion planning,Suspend or reschedule non-essential roadwork where operationally appropriate,
2024-08-07,Koramangala | Sarjapur Road,Koramangala,Sarjapur Road,High,High,False,,False,Overcast,No,High,Deploy additional traffic personnel and prepare diversion measures for the affected corridor.,Additional traffic personnel recommended,Prepare/activate suitable diversion planning,Suspend or reschedule non-essential roadwork where operationally appropriate,
2024-08-07,Electronic City | Hosur Road,Electronic City,Hosur Road,Low,Low,False,,False,Clear,No,Normal,Normal traffic management; continue routine monitoring.,Routine traffic personnel,No special diversion recommended,No special roadwork restriction recommended,
2024-08-07,M.G. Road | Trinity Circle,M.G. Road,Trinity Circle,Low,Low,False,,False,Overcast,No,Normal,Normal traffic management; continue routine monitoring.,Routine traffic personnel,No special diversion recommended,No special roadwork restriction recommended,
2024-08-07,M.G. Road | Anil Kumble Circle,M.G. Road,Anil Kumble Circle,Low,Low,False,,False,Windy,No,Normal,Normal traffic management; continue routine monitoring.,Routine traffic personnel,No special diversion recommended,No special roadwork restriction recommended,
2024-08-07,Hebbal | Hebbal Flyover,Hebbal,Hebbal Flyover,Medium,Medium,False,,False,Fog,No,Moderate,Increase traffic monitoring and consider additional personnel at the affected corridor.,Consider additional traffic personnel,Consider diversion planning if congestion persists,Review non-essential roadwork scheduling,Adverse weather is present; consider additional caution and traffic monitoring.
2024-08-07,Yeshwanthpur | Tumkur Road,Yeshwanthpur,Tumkur Road,Medium,Medium,False,,False,Clear,No,Moderate,Increase traffic monitoring and consider additional personnel at the affected corridor.,Consider additional traffic personnel,Consider diversion planning if congestion persists,Review non-essential roadwork scheduling,
2024-08-08,Indiranagar | 100 Feet Road,Indiranagar,100 Feet Road,High,High,False,,False,Clear,No,High,Deploy additional traffic personnel and prepare diversion measures for the affected corridor.,Additional traffic personnel recommended,Prepare/activate suitable diversion planning,Suspend or reschedule non-essential roadwork where operationally appropriate,
2024-08-08,Whitefield | Marathahalli Bridge,Whitefield,Marathahalli Bridge,Medium,Medium,False,,False,Clear,No,Moderate,Increase traffic monitoring and consider additional personnel at the affected corridor.,Consider additional traffic personnel,Consider diversion planning if congestion persists,Review non-essential roadwork scheduling,
2024-08-08,Koramangala | Sony World Junction,Koramangala,Sony World Junction,Medium,Medium,False,,False,Clear,No,Moderate,Increase traffic monitoring and consider additional personnel at the affected corridor.,Consider additional traffic personnel,Consider diversion planning if congestion persists,Review non-essential roadwork scheduling,
2024-08-08,Koramangala | Sarjapur Road,Koramangala,Sarjapur Road,High,High,False,,False,Clear,No,High,Deploy additional traffic personnel and prepare diversion measures for the affected corridor.,Additional traffic personnel recommended,Prepare/activate suitable diversion planning,Suspend or reschedule non-essential roadwork where operationally appropriate,
2024-08-08,Electronic City | Silk Board Junction,Electronic City,Silk Board Junction,High,High,False,,False,Clear,No,High,Deploy additional traffic personnel and prepare diversion measures for the affected corridor.,Additional traffic personnel recommended,Prepare/activate suitable diversion planning,Suspend or reschedule non-essential roadwork where operationally appropriate,
2024-08-08,M.G. Road | Trinity Circle,M.G. Road,Trinity Circle,High,Medium,False,,False,Fog,No,Moderate,Increase traffic monitoring and consider additional personnel at the affected corridor.,Consider additional traffic personnel,Consider diversion planning if congestion persists,Review non-essential roadwork scheduling,Adverse weather is present; consider additional caution and traffic monitoring.
2024-08-08,Jayanagar | Jayanagar 4th Block,Jayanagar,Jayanagar 4th Block,Low,Low,False,,False,Clear,No,Normal,Normal traffic management; continue routine monitoring.,Routine traffic personnel,No special diversion recommended,No special roadwork restriction recommended,
2024-08-08,Jayanagar | South End Circle,Jayanagar,South End Circle,High,High,False,,False,Overcast,No,High,Deploy additional traffic personnel and prepare diversion measures for the affected corridor.,Additional traffic personnel recommended,Prepare/activate suitable diversion planning,Suspend or reschedule non-essential roadwork where operationally appropriate,
2024-08-08,Hebbal | Hebbal Flyover,Hebbal,Hebbal Flyover,High,High,False,,False,Fog,No,High,Deploy additional traffic personnel and prepare diversion measures for the affected corridor.,Additional traffic personnel recommended,Prepare/activate suitable diversion planning,Suspend or reschedule non-essential roadwork where operationally appropriate,Adverse weather is present; consider additional caution and traffic monitoring.
2024-08-08,Hebbal | Ballari Road,Hebbal,Ballari Road,Low,Low,False,,False,Clear,No,Normal,Normal traffic management; continue routine monitoring.,Routine traffic personnel,No special diversion recommended,No special roadwork restriction recommended,
2024-08-09,Indiranagar | 100 Feet Road,Indiranagar,100 Feet Road,High,High,False,,False,Clear,No,High,Deploy additional traffic personnel and prepare diversion measures for the affected corridor.,Additional traffic personnel recommended,Prepare/activate suitable diversion planning,Suspend or reschedule non-essential roadwork where operationally appropriate,
2024-08-09,Indiranagar | CMH Road,Indiranagar,CMH Road,High,High,False,,False,Clear,No,High,Deploy additional traffic personnel and prepare diversion measures for the affected corridor.,Additional traffic personnel recommended,Prepare/activate suitable diversion planning,Suspend or reschedule non-essential roadwork where operationally appropriate,
2024-08-09,Koramangala | Sony World Junction,Koramangala,Sony World Junction,High,High,False,,False,Overcast,Yes,High,Deploy additional traffic personnel and prepare diversion measures for the affected corridor.,Additional traffic personnel recommended,Prepare/activate suitable diversion planning,Suspend or reschedule non-essential roadwork where operationally appropriate,Roadwork is present; review whether it can be postponed during high-congestion periods.
2024-08-09,Koramangala | Sarjapur Road,Koramangala,Sarjapur Road,High,High,False,,False,Clear,No,High,Deploy additional traffic personnel and prepare diversion measures for the affected corridor.,Additional traffic personnel recommended,Prepare/activate suitable diversion planning,Suspend or reschedule non-essential roadwork where operationally appropriate,
2024-08-09,Electronic City | Hosur Road,Electronic City,Hosur Road,Low,Low,False,,False,Fog,No,Normal,Normal traffic management; continue routine monitoring.,Routine traffic personnel,No special diversion recommended,No special roadwork restriction recommended,Adverse weather is present; consider additional caution and traffic monitoring.
2024-08-09,M.G. Road | Trinity Circle,M.G. Road,Trinity Circle,High,High,False,,False,Clear,No,High,Deploy additional traffic personnel and prepare diversion measures for the affected corridor.,Additional traffic personnel recommended,Prepare/activate suitable diversion planning,Suspend or reschedule non-essential roadwork where operationally appropriate,
2024-08-09,M.G. Road | Anil Kumble Circle,M.G. Road,Anil Kumble Circle,High,High,False,,False,Clear,No,High,Deploy additional traffic personnel and prepare diversion measures for the affected corridor.,Additional traffic personnel recommended,Prepare/activate suitable diversion planning,Suspend or reschedule non-essential roadwork where operationally appropriate,
2024-08-09,Jayanagar | South End Circle,Jayanagar,South End Circle,Medium,Medium,False,,False,Clear,No,Moderate,Increase traffic monitoring and consider additional personnel at the affected corridor.,Consider additional traffic personnel,Consider diversion planning if congestion persists,Review non-essential roadwork scheduling,
2024-08-09,Yeshwanthpur | Yeshwanthpur Circle,Yeshwanthpur,Yeshwanthpur Circle,Low,Low,False,,False,Rain,No,Normal,Normal traffic management; continue routine monitoring.,Routine traffic personnel,No special diversion recommended,No special roadwork restriction recommended,Adverse weather is present; consider additional caution and traffic monitoring.
