timestamp,toll_plaza,vehicle_count,transaction_count
2024-10-01 06:00:00,SYNTHETIC: Nelamangala Toll Plaza,418,443
2024-10-01 06:00:00,SYNTHETIC: Electronic City Toll Plaza,570,582
2024-10-01 06:00:00,SYNTHETIC: Hosur Road Toll Plaza,638,640
2024-10-01 06:00:00,SYNTHETIC: Airport Road Toll Plaza,704,722
2024-10-01 12:00:00,SYNTHETIC: Nelamangala Toll Plaza,490,496
2024-10-01 12:00:00,SYNTHETIC: Electronic City Toll Plaza,657,672
2024-10-01 12:00:00,SYNTHETIC: Hosur Road Toll Plaza,671,691
2024-10-01 12:00:00,SYNTHETIC: Airport Road Toll Plaza,767,771
2024-10-01 18:00:00,SYNTHETIC: Nelamangala Toll Plaza,477,481
2024-10-01 18:00:00,SYNTHETIC: Electronic City Toll Plaza,553,576
2024-10-01 18:00:00,SYNTHETIC: Hosur Road Toll Plaza,713,730
2024-10-01 18:00:00,SYNTHETIC: Airport Road Toll Plaza,717,740
2024-10-01 22:00:00,SYNTHETIC: Nelamangala Toll Plaza,559,572
2024-10-01 22:00:00,SYNTHETIC: Electronic City Toll Plaza,639,651
2024-10-01 22:00:00,SYNTHETIC: Hosur Road Toll Plaza,662,669
2024-10-01 22:00:00,SYNTHETIC: Airport Road Toll Plaza,685,701
2024-10-02 06:00:00,SYNTHETIC: Nelamangala Toll Plaza,473,480
2024-10-02 06:00:00,SYNTHETIC: Electronic City Toll Plaza,506,516
2024-10-02 06:00:00,SYNTHETIC: Hosur Road Toll Plaza,575,593
2024-10-02 06:00:00,SYNTHETIC: Airport Road Toll Plaza,791,798
2024-10-02 12:00:00,SYNTHETIC: Nelamangala Toll Plaza,560,567
2024-10-02 12:00:00,SYNTHETIC: Electronic City Toll Plaza,491,493
2024-10-02 12:00:00,SYNTHETIC: Hosur Road Toll Plaza,731,732
2024-10-02 12:00:00,SYNTHETIC: Airport Road Toll Plaza,708,710
2024-10-02 18:00:00,SYNTHETIC: Nelamangala Toll Plaza,418,428
2024-10-02 18:00:00,SYNTHETIC: Electronic City Toll Plaza,508,524
2024-10-02 18:00:00,SYNTHETIC: Hosur Road Toll Plaza,630,638
2024-10-02 18:00:00,SYNTHETIC: Airport Road Toll Plaza,821,836
2024-10-02 22:00:00,SYNTHETIC: Nelamangala Toll Plaza,464,481
2024-10-02 22:00:00,SYNTHETIC: Electronic City Toll Plaza,523,546
2024-10-02 22:00:00,SYNTHETIC: Hosur Road Toll Plaza,716,734
2024-10-02 22:00:00,SYNTHETIC: Airport Road Toll Plaza,771,778
2024-10-03 06:00:00,SYNTHETIC: Nelamangala Toll Plaza,476,482
2024-10-03 06:00:00,SYNTHETIC: Electronic City Toll Plaza,661,683
2024-10-03 06:00:00,SYNTHETIC: Hosur Road Toll Plaza,650,657
2024-10-03 06:00:00,SYNTHETIC: Airport Road Toll Plaza,717,729
2024-10-03 12:00:00,SYNTHETIC: Nelamangala Toll Plaza,443,464
2024-10-03 12:00:00,SYNTHETIC: Electronic City Toll Plaza,655,664
2024-10-03 12:00:00,SYNTHETIC: Hosur Road Toll Plaza,687,697
2024-10-03 12:00:00,SYNTHETIC: Airport Road Toll Plaza,668,668
2024-10-03 18:00:00,SYNTHETIC: Nelamangala Toll Plaza,527,546
2024-10-03 18:00:00,SYNTHETIC: Electronic City Toll Plaza,634,637
2024-10-03 18:00:00,SYNTHETIC: Hosur Road Toll Plaza,588,605
2024-10-03 18:00:00,SYNTHETIC: Airport Road Toll Plaza,704,720
2024-10-03 22:00:00,SYNTHETIC: Nelamangala Toll Plaza,477,481
2024-10-03 22:00:00,SYNTHETIC: Electronic City Toll Plaza,579,581
2024-10-03 22:00:00,SYNTHETIC: Hosur Road Toll Plaza,632,643
2024-10-03 22:00:00,SYNTHETIC: Airport Road Toll Plaza,722,727
2024-10-04 06:00:00,SYNTHETIC: Nelamangala Toll Plaza,466,472
2024-10-04 06:00:00,SYNTHETIC: Electronic City Toll Plaza,607,618
2024-10-04 06:00:00,SYNTHETIC: Hosur Road Toll Plaza,648,673
2024-10-04 06:00:00,SYNTHETIC: Airport Road Toll Plaza,708,715
2024-10-04 12:00:00,SYNTHETIC: Nelamangala Toll Plaza,416,437
2024-10-04 12:00:00,SYNTHETIC: Electronic City Toll Plaza,539,551
2024-10-04 12:00:00,SYNTHETIC: Hosur Road Toll Plaza,654,662
2024-10-04 12:00:00,SYNTHETIC: Airport Road Toll Plaza,667,691
2024-10-04 18:00:00,SYNTHETIC: Nelamangala Toll Plaza,481,492
2024-10-04 18:00:00,SYNTHETIC: Electronic City Toll Plaza,654,670
2024-10-04 18:00:00,SYNTHETIC: Hosur Road Toll Plaza,672,693
2024-10-04 18:00:00,SYNTHETIC: Airport Road Toll Plaza,787,797
2024-10-04 22:00:00,SYNTHETIC: Nelamangala Toll Plaza,417,420
2024-10-04 22:00:00,SYNTHETIC: Electronic City Toll Plaza,556,561
2024-10-04 22:00:00,SYNTHETIC: Hosur Road Toll Plaza,718,726
2024-10-04 22:00:00,SYNTHETIC: Airport Road Toll Plaza,659,662
2024-10-05 06:00:00,SYNTHETIC: Nelamangala Toll Plaza,758,774
2024-10-05 06:00:00,SYNTHETIC: Electronic City Toll Plaza,778,779
2024-10-05 06:00:00,SYNTHETIC: Hosur Road Toll Plaza,882,889
2024-10-05 06:00:00,SYNTHETIC: Airport Road Toll Plaza,851,865
2024-10-05 12:00:00,SYNTHETIC: Nelamangala Toll Plaza,614,639
2024-10-05 12:00:00,SYNTHETIC: Electronic City Toll Plaza,778,799
2024-10-05 12:00:00,SYNTHETIC: Hosur Road Toll Plaza,875,892
2024-10-05 12:00:00,SYNTHETIC: Airport Road Toll Plaza,972,982
2024-10-05 18:00:00,SYNTHETIC: Nelamangala Toll Plaza,693,712
2024-10-05 18:00:00,SYNTHETIC: Electronic City Toll Plaza,789,802
2024-10-05 18:00:00,SYNTHETIC: Hosur Road Toll Plaza,880,894
2024-10-05 18:00:00,SYNTHETIC: Airport Road Toll Plaza,860,883
2024-10-05 22:00:00,SYNTHETIC: Nelamangala Toll Plaza,701,715
2024-10-05 22:00:00,SYNTHETIC: Electronic City Toll Plaza,726,750
2024-10-05 22:00:00,SYNTHETIC: Hosur Road Toll Plaza,803,823
2024-10-05 22:00:00,SYNTHETIC: Airport Road Toll Plaza,890,914
2024-10-06 06:00:00,SYNTHETIC: Nelamangala Toll Plaza,746,747
2024-10-06 06:00:00,SYNTHETIC: Electronic City Toll Plaza,667,674
2024-10-06 06:00:00,SYNTHETIC: Hosur Road Toll Plaza,791,791
2024-10-06 06:00:00,SYNTHETIC: Airport Road Toll Plaza,979,983
2024-10-06 12:00:00,SYNTHETIC: Nelamangala Toll Plaza,641,645
2024-10-06 12:00:00,SYNTHETIC: Electronic City Toll Plaza,781,802
2024-10-06 12:00:00,SYNTHETIC: Hosur Road Toll Plaza,769,787
2024-10-06 12:00:00,SYNTHETIC: Airport Road Toll Plaza,875,889
2024-10-06 18:00:00,SYNTHETIC: Nelamangala Toll Plaza,759,767
2024-10-06 18:00:00,SYNTHETIC: Electronic City Toll Plaza,754,759
2024-10-06 18:00:00,SYNTHETIC: Hosur Road Toll Plaza,895,914
2024-10-06 18:00:00,SYNTHETIC: Airport Road Toll Plaza,849,873
2024-10-06 22:00:00,SYNTHETIC: Nelamangala Toll Plaza,621,630
2024-10-06 22:00:00,SYNTHETIC: Electronic City Toll Plaza,687,705
2024-10-06 22:00:00,SYNTHETIC: Hosur Road Toll Plaza,746,755
2024-10-06 22:00:00,SYNTHETIC: Airport Road Toll Plaza,967,988
2024-10-07 06:00:00,SYNTHETIC: Nelamangala Toll Plaza,472,481
2024-10-07 06:00:00,SYNTHETIC: Electronic City Toll Plaza,659,677
2024-10-07 06:00:00,SYNTHETIC: Hosur Road Toll Plaza,664,679
2024-10-07 06:00:00,SYNTHETIC: Airport Road Toll Plaza,791,807
2024-10-07 12:00:00,SYNTHETIC: Nelamangala Toll Plaza,498,511
2024-10-07 12:00:00,SYNTHETIC: Electronic City Toll Plaza,630,640
2024-10-07 12:00:00,SYNTHETIC: Hosur Road Toll Plaza,660,682
2024-10-07 12:00:00,SYNTHETIC: Airport Road Toll Plaza,766,774
2024-10-07 18:00:00,SYNTHETIC: Nelamangala Toll Plaza,488,496
2024-10-07 18:00:00,SYNTHETIC: Electronic City Toll Plaza,549,552
2024-10-07 18:00:00,SYNTHETIC: Hosur Road Toll Plaza,619,629
2024-10-07 18:00:00,SYNTHETIC: Airport Road Toll Plaza,680,703
2024-10-07 22:00:00,SYNTHETIC: Nelamangala Toll Plaza,547,571
2024-10-07 22:00:00,SYNTHETIC: Electronic City Toll Plaza,666,671
2024-10-07 22:00:00,SYNTHETIC: Hosur Road Toll Plaza,619,625
2024-10-07 22:00:00,SYNTHETIC: Airport Road Toll Plaza,773,781
2024-10-08 06:00:00,SYNTHETIC: Nelamangala Toll Plaza,549,556
2024-10-08 06:00:00,SYNTHETIC: Electronic City Toll Plaza,655,659
2024-10-08 06:00:00,SYNTHETIC: Hosur Road Toll Plaza,638,642
2024-10-08 06:00:00,SYNTHETIC: Airport Road Toll Plaza,668,669
2024-10-08 12:00:00,SYNTHETIC: Nelamangala Toll Plaza,452,477
2024-10-08 12:00:00,SYNTHETIC: Electronic City Toll Plaza,568,587
2024-10-08 12:00:00,SYNTHETIC: Hosur Road Toll Plaza,715,724
2024-10-08 12:00:00,SYNTHETIC: Airport Road Toll Plaza,762,765
2024-10-08 18:00:00,SYNTHETIC: Nelamangala Toll Plaza,529,551
2024-10-08 18:00:00,SYNTHETIC: Electronic City Toll Plaza,567,589
2024-10-08 18:00:00,SYNTHETIC: Hosur Road Toll Plaza,673,681
2024-10-08 18:00:00,SYNTHETIC: Airport Road Toll Plaza,778,795
2024-10-08 22:00:00,SYNTHETIC: Nelamangala Toll Plaza,536,550
2024-10-08 22:00:00,SYNTHETIC: Electronic City Toll Plaza,510,529
2024-10-08 22:00:00,SYNTHETIC: Hosur Road Toll Plaza,580,593
2024-10-08 22:00:00,SYNTHETIC: Airport Road Toll Plaza,732,751
2024-10-09 06:00:00,SYNTHETIC: Nelamangala Toll Plaza,472,486
2024-10-09 06:00:00,SYNTHETIC: Electronic City Toll Plaza,631,635
2024-10-09 06:00:00,SYNTHETIC: Hosur Road Toll Plaza,668,674
2024-10-09 06:00:00,SYNTHETIC: Airport Road Toll Plaza,803,819
2024-10-09 12:00:00,SYNTHETIC: Nelamangala Toll Plaza,444,446
2024-10-09 12:00:00,SYNTHETIC: Electronic City Toll Plaza,560,584
2024-10-09 12:00:00,SYNTHETIC: Hosur Road Toll Plaza,676,686
2024-10-09 12:00:00,SYNTHETIC: Airport Road Toll Plaza,779,787
2024-10-09 18:00:00,SYNTHETIC: Nelamangala Toll Plaza,410,419
2024-10-09 18:00:00,SYNTHETIC: Electronic City Toll Plaza,566,584
2024-10-09 18:00:00,SYNTHETIC: Hosur Road Toll Plaza,718,739
2024-10-09 18:00:00,SYNTHETIC: Airport Road Toll Plaza,775,779
2024-10-09 22:00:00,SYNTHETIC: Nelamangala Toll Plaza,524,541
2024-10-09 22:00:00,SYNTHETIC: Electronic City Toll Plaza,613,624
2024-10-09 22:00:00,SYNTHETIC: Hosur Road Toll Plaza,655,672
2024-10-09 22:00:00,SYNTHETIC: Airport Road Toll Plaza,789,801
2024-10-10 06:00:00,SYNTHETIC: Nelamangala Toll Plaza,580,580
2024-10-10 06:00:00,SYNTHETIC: Electronic City Toll Plaza,609,618
2024-10-10 06:00:00,SYNTHETIC: Hosur Road Toll Plaza,743,760
2024-10-10 06:00:00,SYNTHETIC: Airport Road Toll Plaza,690,692
2024-10-10 12:00:00,SYNTHETIC: Nelamangala Toll Plaza,523,534
2024-10-10 12:00:00,SYNTHETIC: Electronic City Toll Plaza,640,649
2024-10-10 12:00:00,SYNTHETIC: Hosur Road Toll Plaza,733,746
2024-10-10 12:00:00,SYNTHETIC: Airport Road Toll Plaza,826,834
2024-10-10 18:00:00,SYNTHETIC: Nelamangala Toll Plaza,526,535
2024-10-10 18:00:00,SYNTHETIC: Electronic City Toll Plaza,540,552
2024-10-10 18:00:00,SYNTHETIC: Hosur Road Toll Plaza,693,696
2024-10-10 18:00:00,SYNTHETIC: Airport Road Toll Plaza,710,722
2024-10-10 22:00:00,SYNTHETIC: Nelamangala Toll Plaza,556,567
2024-10-10 22:00:00,SYNTHETIC: Electronic City Toll Plaza,637,646
2024-10-10 22:00:00,SYNTHETIC: Hosur Road Toll Plaza,749,758
2024-10-10 22:00:00,SYNTHETIC: Airport Road Toll Plaza,655,676
2024-10-11 06:00:00,SYNTHETIC: Nelamangala Toll Plaza,699,703
2024-10-11 06:00:00,SYNTHETIC: Electronic City Toll Plaza,761,762
2024-10-11 06:00:00,SYNTHETIC: Hosur Road Toll Plaza,907,922
2024-10-11 06:00:00,SYNTHETIC: Airport Road Toll Plaza,939,942
2024-10-11 12:00:00,SYNTHETIC: Nelamangala Toll Plaza,730,747
2024-10-11 12:00:00,SYNTHETIC: Electronic City Toll Plaza,784,796
2024-10-11 12:00:00,SYNTHETIC: Hosur Road Toll Plaza,946,957
2024-10-11 12:00:00,SYNTHETIC: Airport Road Toll Plaza,1081,1104
2024-10-11 18:00:00,SYNTHETIC: Nelamangala Toll Plaza,848,865
2024-10-11 18:00:00,SYNTHETIC: Electronic City Toll Plaza,857,875
2024-10-11 18:00:00,SYNTHETIC: Hosur Road Toll Plaza,869,882
2024-10-11 18:00:00,SYNTHETIC: Airport Road Toll Plaza,1077,1080
2024-10-11 22:00:00,SYNTHETIC: Nelamangala Toll Plaza,795,814
2024-10-11 22:00:00,SYNTHETIC: Electronic City Toll Plaza,854,862
2024-10-11 22:00:00,SYNTHETIC: Hosur Road Toll Plaza,838,860
2024-10-11 22:00:00,SYNTHETIC: Airport Road Toll Plaza,1004,1010
2024-10-12 06:00:00,SYNTHETIC: Nelamangala Toll Plaza,600,610
2024-10-12 06:00:00,SYNTHETIC: Electronic City Toll Plaza,815,819
2024-10-12 06:00:00,SYNTHETIC: Hosur Road Toll Plaza,756,760
2024-10-12 06:00:00,SYNTHETIC: Airport Road Toll Plaza,890,909
2024-10-12 12:00:00,SYNTHETIC: Nelamangala Toll Plaza,742,760
2024-10-12 12:00:00,SYNTHETIC: Electronic City Toll Plaza,800,822
2024-10-12 12:00:00,SYNTHETIC: Hosur Road Toll Plaza,823,835
2024-10-12 12:00:00,SYNTHETIC: Airport Road Toll Plaza,972,988
2024-10-12 18:00:00,SYNTHETIC: Nelamangala Toll Plaza,655,669
2024-10-12 18:00:00,SYNTHETIC: Electronic City Toll Plaza,789,808
2024-10-12 18:00:00,SYNTHETIC: Hosur Road Toll Plaza,850,853
2024-10-12 18:00:00,SYNTHETIC: Airport Road Toll Plaza,999,1002
2024-10-12 22:00:00,SYNTHETIC: Nelamangala Toll Plaza,747,767
2024-10-12 22:00:00,SYNTHETIC: Electronic City Toll Plaza,801,824
2024-10-12 22:00:00,SYNTHETIC: Hosur Road Toll Plaza,795,808
2024-10-12 22:00:00,SYNTHETIC: Airport Road Toll Plaza,935,942
2024-10-13 06:00:00,SYNTHETIC: Nelamangala Toll Plaza,649,663
2024-10-13 06:00:00,SYNTHETIC: Electronic City Toll Plaza,829,842
2024-10-13 06:00:00,SYNTHETIC: Hosur Road Toll Plaza,864,883
2024-10-13 06:00:00,SYNTHETIC: Airport Road Toll Plaza,933,946
2024-10-13 12:00:00,SYNTHETIC: Nelamangala Toll Plaza,649,655
2024-10-13 12:00:00,SYNTHETIC: Electronic City Toll Plaza,791,794
2024-10-13 12:00:00,SYNTHETIC: Hosur Road Toll Plaza,828,841
2024-10-13 12:00:00,SYNTHETIC: Airport Road Toll Plaza,848,857
2024-10-13 18:00:00,SYNTHETIC: Nelamangala Toll Plaza,753,774
2024-10-13 18:00:00,SYNTHETIC: Electronic City Toll Plaza,811,826
2024-10-13 18:00:00,SYNTHETIC: Hosur Road Toll Plaza,874,895
2024-10-13 18:00:00,SYNTHETIC: Airport Road Toll Plaza,898,899
2024-10-13 22:00:00,SYNTHETIC: Nelamangala Toll Plaza,636,648
2024-10-13 22:00:00,SYNTHETIC: Electronic City Toll Plaza,813,814
2024-10-13 22:00:00,SYNTHETIC: Hosur Road Toll Plaza,741,747
2024-10-13 22:00:00,SYNTHETIC: Airport Road Toll Plaza,897,903
2024-10-14 06:00:00,SYNTHETIC: Nelamangala Toll Plaza,504,513
2024-10-14 06:00:00,SYNTHETIC: Electronic City Toll Plaza,509,529
2024-10-14 06:00:00,SYNTHETIC: Hosur Road Toll Plaza,593,612
2024-10-14 06:00:00,SYNTHETIC: Airport Road Toll Plaza,802,818
2024-10-14 12:00:00,SYNTHETIC: Nelamangala Toll Plaza,508,522
2024-10-14 12:00:00,SYNTHETIC: Electronic City Toll Plaza,638,655
2024-10-14 12:00:00,SYNTHETIC: Hosur Road Toll Plaza,580,594
2024-10-14 12:00:00,SYNTHETIC: Airport Road Toll Plaza,796,816
2024-10-14 18:00:00,SYNTHETIC: Nelamangala Toll Plaza,458,468
2024-10-14 18:00:00,SYNTHETIC: Electronic City Toll Plaza,644,659
2024-10-14 18:00:00,SYNTHETIC: Hosur Road Toll Plaza,698,702
2024-10-14 18:00:00,SYNTHETIC: Airport Road Toll Plaza,665,679
2024-10-14 22:00:00,SYNTHETIC: Nelamangala Toll Plaza,436,461
2024-10-14 22:00:00,SYNTHETIC: Electronic City Toll Plaza,577,599
2024-10-14 22:00:00,SYNTHETIC: Hosur Road Toll Plaza,591,607
2024-10-14 22:00:00,SYNTHETIC: Airport Road Toll Plaza,815,820
2024-10-15 06:00:00,SYNTHETIC: Nelamangala Toll Plaza,530,536
2024-10-15 06:00:00,SYNTHETIC: Electronic City Toll Plaza,584,605
2024-10-15 06:00:00,SYNTHETIC: Hosur Road Toll Plaza,716,730
2024-10-15 06:00:00,SYNTHETIC: Airport Road Toll Plaza,768,792
2024-10-15 12:00:00,SYNTHETIC: Nelamangala Toll Plaza,482,506
2024-10-15 12:00:00,SYNTHETIC: Electronic City Toll Plaza,587,603
2024-10-15 12:00:00,SYNTHETIC: Hosur Road Toll Plaza,705,718
2024-10-15 12:00:00,SYNTHETIC: Airport Road Toll Plaza,691,697
2024-10-15 18:00:00,SYNTHETIC: Nelamangala Toll Plaza,564,568
2024-10-15 18:00:00,SYNTHETIC: Electronic City Toll Plaza,554,555
2024-10-15 18:00:00,SYNTHETIC: Hosur Road Toll Plaza,734,749
2024-10-15 18:00:00,SYNTHETIC: Airport Road Toll Plaza,745,762
2024-10-15 22:00:00,SYNTHETIC: Nelamangala Toll Plaza,436,458
2024-10-15 22:00:00,SYNTHETIC: Electronic City Toll Plaza,622,625
2024-10-15 22:00:00,SYNTHETIC: Hosur Road Toll Plaza,642,644
2024-10-15 22:00:00,SYNTHETIC: Airport Road Toll Plaza,691,699
2024-10-16 06:00:00,SYNTHETIC: Nelamangala Toll Plaza,427,438
2024-10-16 06:00:00,SYNTHETIC: Electronic City Toll Plaza,551,574
2024-10-16 06:00:00,SYNTHETIC: Hosur Road Toll Plaza,738,758
2024-10-16 06:00:00,SYNTHETIC: Airport Road Toll Plaza,676,700
2024-10-16 12:00:00,SYNTHETIC: Nelamangala Toll Plaza,558,581
2024-10-16 12:00:00,SYNTHETIC: Electronic City Toll Plaza,575,579
2024-10-16 12:00:00,SYNTHETIC: Hosur Road Toll Plaza,581,592
2024-10-16 12:00:00,SYNTHETIC: Airport Road Toll Plaza,789,799
2024-10-16 18:00:00,SYNTHETIC: Nelamangala Toll Plaza,574,579
2024-10-16 18:00:00,SYNTHETIC: Electronic City Toll Plaza,665,679
2024-10-16 18:00:00,SYNTHETIC: Hosur Road Toll Plaza,748,763
2024-10-16 18:00:00,SYNTHETIC: Airport Road Toll Plaza,811,816
2024-10-16 22:00:00,SYNTHETIC: Nelamangala Toll Plaza,444,446
2024-10-16 22:00:00,SYNTHETIC: Electronic City Toll Plaza,607,608
2024-10-16 22:00:00,SYNTHETIC: Hosur Road Toll Plaza,645,651
2024-10-16 22:00:00,SYNTHETIC: Airport Road Toll Plaza,661,686
2024-10-17 06:00:00,SYNTHETIC: Nelamangala Toll Plaza,490,510
2024-10-17 06:00:00,SYNTHETIC: Electronic City Toll Plaza,561,568
2024-10-17 06:00:00,SYNTHETIC: Hosur Road Toll Plaza,599,599
2024-10-17 06:00:00,SYNTHETIC: Airport Road Toll Plaza,697,712
2024-10-17 12:00:00,SYNTHETIC: Nelamangala Toll Plaza,542,554
2024-10-17 12:00:00,SYNTHETIC: Electronic City Toll Plaza,633,636
2024-10-17 12:00:00,SYNTHETIC: Hosur Road Toll Plaza,637,661
2024-10-17 12:00:00,SYNTHETIC: Airport Road Toll Plaza,716,738
2024-10-17 18:00:00,SYNTHETIC: Nelamangala Toll Plaza,524,530
2024-10-17 18:00:00,SYNTHETIC: Electronic City Toll Plaza,646,655
2024-10-17 18:00:00,SYNTHETIC: Hosur Road Toll Plaza,747,762
2024-10-17 18:00:00,SYNTHETIC: Airport Road Toll Plaza,701,704
2024-10-17 22:00:00,SYNTHETIC: Nelamangala Toll Plaza,444,446
2024-10-17 22:00:00,SYNTHETIC: Electronic City Toll Plaza,605,610
2024-10-17 22:00:00,SYNTHETIC: Hosur Road Toll Plaza,683,685
2024-10-17 22:00:00,SYNTHETIC: Airport Road Toll Plaza,824,834
2024-10-18 06:00:00,SYNTHETIC: Nelamangala Toll Plaza,417,432
2024-10-18 06:00:00,SYNTHETIC: Electronic City Toll Plaza,650,667
2024-10-18 06:00:00,SYNTHETIC: Hosur Road Toll Plaza,644,664
2024-10-18 06:00:00,SYNTHETIC: Airport Road Toll Plaza,727,742
2024-10-18 12:00:00,SYNTHETIC: Nelamangala Toll Plaza,472,497
2024-10-18 12:00:00,SYNTHETIC: Electronic City Toll Plaza,665,677
2024-10-18 12:00:00,SYNTHETIC: Hosur Road Toll Plaza,646,660
2024-10-18 12:00:00,SYNTHETIC: Airport Road Toll Plaza,668,690
2024-10-18 18:00:00,SYNTHETIC: Nelamangala Toll Plaza,425,430
2024-10-18 18:00:00,SYNTHETIC: Electronic City Toll Plaza,602,615
2024-10-18 18:00:00,SYNTHETIC: Hosur Road Toll Plaza,693,707
2024-10-18 18:00:00,SYNTHETIC: Airport Road Toll Plaza,702,712
2024-10-18 22:00:00,SYNTHETIC: Nelamangala Toll Plaza,565,569
2024-10-18 22:00:00,SYNTHETIC: Electronic City Toll Plaza,570,592
2024-10-18 22:00:00,SYNTHETIC: Hosur Road Toll Plaza,651,674
2024-10-18 22:00:00,SYNTHETIC: Airport Road Toll Plaza,738,750
2024-10-19 06:00:00,SYNTHETIC: Nelamangala Toll Plaza,735,751
2024-10-19 06:00:00,SYNTHETIC: Electronic City Toll Plaza,695,705
2024-10-19 06:00:00,SYNTHETIC: Hosur Road Toll Plaza,896,906
2024-10-19 06:00:00,SYNTHETIC: Airport Road Toll Plaza,861,873
2024-10-19 12:00:00,SYNTHETIC: Nelamangala Toll Plaza,737,760
2024-10-19 12:00:00,SYNTHETIC: Electronic City Toll Plaza,736,754
2024-10-19 12:00:00,SYNTHETIC: Hosur Road Toll Plaza,826,842
2024-10-19 12:00:00,SYNTHETIC: Airport Road Toll Plaza,950,967
2024-10-19 18:00:00,SYNTHETIC: Nelamangala Toll Plaza,705,727
2024-10-19 18:00:00,SYNTHETIC: Electronic City Toll Plaza,804,813
2024-10-19 18:00:00,SYNTHETIC: Hosur Road Toll Plaza,861,861
2024-10-19 18:00:00,SYNTHETIC: Airport Road Toll Plaza,914,924
2024-10-19 22:00:00,SYNTHETIC: Nelamangala Toll Plaza,752,755
2024-10-19 22:00:00,SYNTHETIC: Electronic City Toll Plaza,766,784
2024-10-19 22:00:00,SYNTHETIC: Hosur Road Toll Plaza,818,843
2024-10-19 22:00:00,SYNTHETIC: Airport Road Toll Plaza,996,1016
2024-10-20 06:00:00,SYNTHETIC: Nelamangala Toll Plaza,751,767
2024-10-20 06:00:00,SYNTHETIC: Electronic City Toll Plaza,717,737
2024-10-20 06:00:00,SYNTHETIC: Hosur Road Toll Plaza,799,800
2024-10-20 06:00:00,SYNTHETIC: Airport Road Toll Plaza,845,858
2024-10-20 12:00:00,SYNTHETIC: Nelamangala Toll Plaza,664,686
2024-10-20 12:00:00,SYNTHETIC: Electronic City Toll Plaza,780,783
2024-10-20 12:00:00,SYNTHETIC: Hosur Road Toll Plaza,914,938
2024-10-20 12:00:00,SYNTHETIC: Airport Road Toll Plaza,855,855
2024-10-20 18:00:00,SYNTHETIC: Nelamangala Toll Plaza,720,725
2024-10-20 18:00:00,SYNTHETIC: Electronic City Toll Plaza,764,784
2024-10-20 18:00:00,SYNTHETIC: Hosur Road Toll Plaza,861,876
2024-10-20 18:00:00,SYNTHETIC: Airport Road Toll Plaza,986,992
2024-10-20 22:00:00,SYNTHETIC: Nelamangala Toll Plaza,653,663
2024-10-20 22:00:00,SYNTHETIC: Electronic City Toll Plaza,733,753
2024-10-20 22:00:00,SYNTHETIC: Hosur Road Toll Plaza,755,779
2024-10-20 22:00:00,SYNTHETIC: Airport Road Toll Plaza,842,862
2024-10-21 06:00:00,SYNTHETIC: Nelamangala Toll Plaza,444,459
2024-10-21 06:00:00,SYNTHETIC: Electronic City Toll Plaza,529,543
2024-10-21 06:00:00,SYNTHETIC: Hosur Road Toll Plaza,725,736
2024-10-21 06:00:00,SYNTHETIC: Airport Road Toll Plaza,756,778
2024-10-21 12:00:00,SYNTHETIC: Nelamangala Toll Plaza,550,565
2024-10-21 12:00:00,SYNTHETIC: Electronic City Toll Plaza,627,652
2024-10-21 12:00:00,SYNTHETIC: Hosur Road Toll Plaza,740,746
2024-10-21 12:00:00,SYNTHETIC: Airport Road Toll Plaza,713,734
2024-10-21 18:00:00,SYNTHETIC: Nelamangala Toll Plaza,562,587
2024-10-21 18:00:00,SYNTHETIC: Electronic City Toll Plaza,510,526
2024-10-21 18:00:00,SYNTHETIC: Hosur Road Toll Plaza,684,700
2024-10-21 18:00:00,SYNTHETIC: Airport Road Toll Plaza,830,841
2024-10-21 22:00:00,SYNTHETIC: Nelamangala Toll Plaza,429,447
2024-10-21 22:00:00,SYNTHETIC: Electronic City Toll Plaza,518,519
2024-10-21 22:00:00,SYNTHETIC: Hosur Road Toll Plaza,710,726
2024-10-21 22:00:00,SYNTHETIC: Airport Road Toll Plaza,701,719
2024-10-22 06:00:00,SYNTHETIC: Nelamangala Toll Plaza,418,432
2024-10-22 06:00:00,SYNTHETIC: Electronic City Toll Plaza,643,664
2024-10-22 06:00:00,SYNTHETIC: Hosur Road Toll Plaza,750,751
2024-10-22 06:00:00,SYNTHETIC: Airport Road Toll Plaza,712,735
2024-10-22 12:00:00,SYNTHETIC: Nelamangala Toll Plaza,421,433
2024-10-22 12:00:00,SYNTHETIC: Electronic City Toll Plaza,602,609
2024-10-22 12:00:00,SYNTHETIC: Hosur Road Toll Plaza,708,714
2024-10-22 12:00:00,SYNTHETIC: Airport Road Toll Plaza,664,668
2024-10-22 18:00:00,SYNTHETIC: Nelamangala Toll Plaza,538,547
2024-10-22 18:00:00,SYNTHETIC: Electronic City Toll Plaza,549,572
2024-10-22 18:00:00,SYNTHETIC: Hosur Road Toll Plaza,717,727
2024-10-22 18:00:00,SYNTHETIC: Airport Road Toll Plaza,797,816
2024-10-22 22:00:00,SYNTHETIC: Nelamangala Toll Plaza,582,592
2024-10-22 22:00:00,SYNTHETIC: Electronic City Toll Plaza,550,559
2024-10-22 22:00:00,SYNTHETIC: Hosur Road Toll Plaza,606,627
2024-10-22 22:00:00,SYNTHETIC: Airport Road Toll Plaza,783,790
2024-10-23 06:00:00,SYNTHETIC: Nelamangala Toll Plaza,504,514
2024-10-23 06:00:00,SYNTHETIC: Electronic City Toll Plaza,595,596
2024-10-23 06:00:00,SYNTHETIC: Hosur Road Toll Plaza,714,721
2024-10-23 06:00:00,SYNTHETIC: Airport Road Toll Plaza,687,687
2024-10-23 12:00:00,SYNTHETIC: Nelamangala Toll Plaza,476,493
2024-10-23 12:00:00,SYNTHETIC: Electronic City Toll Plaza,639,657
2024-10-23 12:00:00,SYNTHETIC: Hosur Road Toll Plaza,676,685
2024-10-23 12:00:00,SYNTHETIC: Airport Road Toll Plaza,689,695
2024-10-23 18:00:00,SYNTHETIC: Nelamangala Toll Plaza,494,501
2024-10-23 18:00:00,SYNTHETIC: Electronic City Toll Plaza,587,605
2024-10-23 18:00:00,SYNTHETIC: Hosur Road Toll Plaza,632,647
2024-10-23 18:00:00,SYNTHETIC: Airport Road Toll Plaza,790,810
2024-10-23 22:00:00,SYNTHETIC: Nelamangala Toll Plaza,585,595
2024-10-23 22:00:00,SYNTHETIC: Electronic City Toll Plaza,555,579
2024-10-23 22:00:00,SYNTHETIC: Hosur Road Toll Plaza,695,718
2024-10-23 22:00:00,SYNTHETIC: Airport Road Toll Plaza,814,837
2024-10-24 06:00:00,SYNTHETIC: Nelamangala Toll Plaza,434,450
2024-10-24 06:00:00,SYNTHETIC: Electronic City Toll Plaza,500,507
2024-10-24 06:00:00,SYNTHETIC: Hosur Road Toll Plaza,624,646
2024-10-24 06:00:00,SYNTHETIC: Airport Road Toll Plaza,795,810
2024-10-24 12:00:00,SYNTHETIC: Nelamangala Toll Plaza,479,480
2024-10-24 12:00:00,SYNTHETIC: Electronic City Toll Plaza,509,530
2024-10-24 12:00:00,SYNTHETIC: Hosur Road Toll Plaza,641,658
2024-10-24 12:00:00,SYNTHETIC: Airport Road Toll Plaza,794,815
2024-10-24 18:00:00,SYNTHETIC: Nelamangala Toll Plaza,418,423
2024-10-24 18:00:00,SYNTHETIC: Electronic City Toll Plaza,570,570
2024-10-24 18:00:00,SYNTHETIC: Hosur Road Toll Plaza,623,641
2024-10-24 18:00:00,SYNTHETIC: Airport Road Toll Plaza,686,710
2024-10-24 22:00:00,SYNTHETIC: Nelamangala Toll Plaza,511,513
2024-10-24 22:00:00,SYNTHETIC: Electronic City Toll Plaza,566,571
2024-10-24 22:00:00,SYNTHETIC: Hosur Road Toll Plaza,714,721
2024-10-24 22:00:00,SYNTHETIC: Airport Road Toll Plaza,795,807
2024-10-25 06:00:00,SYNTHETIC: Nelamangala Toll Plaza,429,440
2024-10-25 06:00:00,SYNTHETIC: Electronic City Toll Plaza,554,561
2024-10-25 06:00:00,SYNTHETIC: Hosur Road Toll Plaza,730,745
2024-10-25 06:00:00,SYNTHETIC: Airport Road Toll Plaza,802,821
2024-10-25 12:00:00,SYNTHETIC: Nelamangala Toll Plaza,460,474
2024-10-25 12:00:00,SYNTHETIC: Electronic City Toll Plaza,517,521
2024-10-25 12:00:00,SYNTHETIC: Hosur Road Toll Plaza,647,647
2024-10-25 12:00:00,SYNTHETIC: Airport Road Toll Plaza,751,761
2024-10-25 18:00:00,SYNTHETIC: Nelamangala Toll Plaza,568,580
2024-10-25 18:00:00,SYNTHETIC: Electronic City Toll Plaza,574,588
2024-10-25 18:00:00,SYNTHETIC: Hosur Road Toll Plaza,655,668
2024-10-25 18:00:00,SYNTHETIC: Airport Road Toll Plaza,816,835
2024-10-25 22:00:00,SYNTHETIC: Nelamangala Toll Plaza,444,453
2024-10-25 22:00:00,SYNTHETIC: Electronic City Toll Plaza,572,591
2024-10-25 22:00:00,SYNTHETIC: Hosur Road Toll Plaza,747,753
2024-10-25 22:00:00,SYNTHETIC: Airport Road Toll Plaza,772,782
2024-10-26 06:00:00,SYNTHETIC: Nelamangala Toll Plaza,655,668
2024-10-26 06:00:00,SYNTHETIC: Electronic City Toll Plaza,681,684
2024-10-26 06:00:00,SYNTHETIC: Hosur Road Toll Plaza,776,787
2024-10-26 06:00:00,SYNTHETIC: Airport Road Toll Plaza,899,909
2024-10-26 12:00:00,SYNTHETIC: Nelamangala Toll Plaza,696,721
2024-10-26 12:00:00,SYNTHETIC: Electronic City Toll Plaza,712,728
2024-10-26 12:00:00,SYNTHETIC: Hosur Road Toll Plaza,863,874
2024-10-26 12:00:00,SYNTHETIC: Airport Road Toll Plaza,941,944
2024-10-26 18:00:00,SYNTHETIC: Nelamangala Toll Plaza,692,715
2024-10-26 18:00:00,SYNTHETIC: Electronic City Toll Plaza,838,852
2024-10-26 18:00:00,SYNTHETIC: Hosur Road Toll Plaza,821,823
2024-10-26 18:00:00,SYNTHETIC: Airport Road Toll Plaza,896,897
2024-10-26 22:00:00,SYNTHETIC: Nelamangala Toll Plaza,609,609
2024-10-26 22:00:00,SYNTHETIC: Electronic City Toll Plaza,747,767
2024-10-26 22:00:00,SYNTHETIC: Hosur Road Toll Plaza,767,788
2024-10-26 22:00:00,SYNTHETIC: Airport Road Toll Plaza,862,885
2024-10-27 06:00:00,SYNTHETIC: Nelamangala Toll Plaza,686,708
2024-10-27 06:00:00,SYNTHETIC: Electronic City Toll Plaza,773,788
2024-10-27 06:00:00,SYNTHETIC: Hosur Road Toll Plaza,782,784
2024-10-27 06:00:00,SYNTHETIC: Airport Road Toll Plaza,964,964
2024-10-27 12:00:00,SYNTHETIC: Nelamangala Toll Plaza,636,645
2024-10-27 12:00:00,SYNTHETIC: Electronic City Toll Plaza,668,676
2024-10-27 12:00:00,SYNTHETIC: Hosur Road Toll Plaza,797,814
2024-10-27 12:00:00,SYNTHETIC: Airport Road Toll Plaza,893,898
2024-10-27 18:00:00,SYNTHETIC: Nelamangala Toll Plaza,697,715
2024-10-27 18:00:00,SYNTHETIC: Electronic City Toll Plaza,786,803
2024-10-27 18:00:00,SYNTHETIC: Hosur Road Toll Plaza,870,873
2024-10-27 18:00:00,SYNTHETIC: Airport Road Toll Plaza,966,969
2024-10-27 22:00:00,SYNTHETIC: Nelamangala Toll Plaza,648,672
2024-10-27 22:00:00,SYNTHETIC: Electronic City Toll Plaza,799,810
2024-10-27 22:00:00,SYNTHETIC: Hosur Road Toll Plaza,878,902
2024-10-27 22:00:00,SYNTHETIC: Airport Road Toll Plaza,830,854
2024-10-28 06:00:00,SYNTHETIC: Nelamangala Toll Plaza,536,544
2024-10-28 06:00:00,SYNTHETIC: Electronic City Toll Plaza,572,581
2024-10-28 06:00:00,SYNTHETIC: Hosur Road Toll Plaza,656,673
2024-10-28 06:00:00,SYNTHETIC: Airport Road Toll Plaza,797,801
2024-10-28 12:00:00,SYNTHETIC: Nelamangala Toll Plaza,554,569
2024-10-28 12:00:00,SYNTHETIC: Electronic City Toll Plaza,577,598
2024-10-28 12:00:00,SYNTHETIC: Hosur Road Toll Plaza,582,583
2024-10-28 12:00:00,SYNTHETIC: Airport Road Toll Plaza,675,695
2024-10-28 18:00:00,SYNTHETIC: Nelamangala Toll Plaza,527,527
2024-10-28 18:00:00,SYNTHETIC: Electronic City Toll Plaza,521,526
2024-10-28 18:00:00,SYNTHETIC: Hosur Road Toll Plaza,682,696
2024-10-28 18:00:00,SYNTHETIC: Airport Road Toll Plaza,650,663
2024-10-28 22:00:00,SYNTHETIC: Nelamangala Toll Plaza,461,483
2024-10-28 22:00:00,SYNTHETIC: Electronic City Toll Plaza,523,543
2024-10-28 22:00:00,SYNTHETIC: Hosur Road Toll Plaza,647,652
2024-10-28 22:00:00,SYNTHETIC: Airport Road Toll Plaza,720,722
2024-10-29 06:00:00,SYNTHETIC: Nelamangala Toll Plaza,438,445
2024-10-29 06:00:00,SYNTHETIC: Electronic City Toll Plaza,617,637
2024-10-29 06:00:00,SYNTHETIC: Hosur Road Toll Plaza,722,724
2024-10-29 06:00:00,SYNTHETIC: Airport Road Toll Plaza,785,785
2024-10-29 12:00:00,SYNTHETIC: Nelamangala Toll Plaza,502,512
2024-10-29 12:00:00,SYNTHETIC: Electronic City Toll Plaza,523,535
2024-10-29 12:00:00,SYNTHETIC: Hosur Road Toll Plaza,715,728
2024-10-29 12:00:00,SYNTHETIC: Airport Road Toll Plaza,743,760
2024-10-29 18:00:00,SYNTHETIC: Nelamangala Toll Plaza,584,589
2024-10-29 18:00:00,SYNTHETIC: Electronic City Toll Plaza,610,634
2024-10-29 18:00:00,SYNTHETIC: Hosur Road Toll Plaza,588,588
2024-10-29 18:00:00,SYNTHETIC: Airport Road Toll Plaza,800,802
2024-10-29 22:00:00,SYNTHETIC: Nelamangala Toll Plaza,413,421
2024-10-29 22:00:00,SYNTHETIC: Electronic City Toll Plaza,545,546
2024-10-29 22:00:00,SYNTHETIC: Hosur Road Toll Plaza,585,610
2024-10-29 22:00:00,SYNTHETIC: Airport Road Toll Plaza,751,767
2024-10-30 06:00:00,SYNTHETIC: Nelamangala Toll Plaza,419,436
2024-10-30 06:00:00,SYNTHETIC: Electronic City Toll Plaza,657,670
2024-10-30 06:00:00,SYNTHETIC: Hosur Road Toll Plaza,627,637
2024-10-30 06:00:00,SYNTHETIC: Airport Road Toll Plaza,713,726
2024-10-30 12:00:00,SYNTHETIC: Nelamangala Toll Plaza,491,499
2024-10-30 12:00:00,SYNTHETIC: Electronic City Toll Plaza,509,527
2024-10-30 12:00:00,SYNTHETIC: Hosur Road Toll Plaza,665,668
2024-10-30 12:00:00,SYNTHETIC: Airport Road Toll Plaza,778,799
2024-10-30 18:00:00,SYNTHETIC: Nelamangala Toll Plaza,423,428
2024-10-30 18:00:00,SYNTHETIC: Electronic City Toll Plaza,547,572
2024-10-30 18:00:00,SYNTHETIC: Hosur Road Toll Plaza,702,703
2024-10-30 18:00:00,SYNTHETIC: Airport Road Toll Plaza,752,754
2024-10-30 22:00:00,SYNTHETIC: Nelamangala Toll Plaza,529,538
2024-10-30 22:00:00,SYNTHETIC: Electronic City Toll Plaza,569,579
2024-10-30 22:00:00,SYNTHETIC: Hosur Road Toll Plaza,592,609
2024-10-30 22:00:00,SYNTHETIC: Airport Road Toll Plaza,766,766
2024-10-31 06:00:00,SYNTHETIC: Nelamangala Toll Plaza,528,536
2024-10-31 06:00:00,SYNTHETIC: Electronic City Toll Plaza,520,522
2024-10-31 06:00:00,SYNTHETIC: Hosur Road Toll Plaza,610,635
2024-10-31 06:00:00,SYNTHETIC: Airport Road Toll Plaza,825,834
2024-10-31 12:00:00,SYNTHETIC: Nelamangala Toll Plaza,590,612
2024-10-31 12:00:00,SYNTHETIC: Electronic City Toll Plaza,644,645
2024-10-31 12:00:00,SYNTHETIC: Hosur Road Toll Plaza,625,635
2024-10-31 12:00:00,SYNTHETIC: Airport Road Toll Plaza,687,689
2024-10-31 18:00:00,SYNTHETIC: Nelamangala Toll Plaza,473,484
2024-10-31 18:00:00,SYNTHETIC: Electronic City Toll Plaza,591,607
2024-10-31 18:00:00,SYNTHETIC: Hosur Road Toll Plaza,582,603
2024-10-31 18:00:00,SYNTHETIC: Airport Road Toll Plaza,726,734
2024-10-31 22:00:00,SYNTHETIC: Nelamangala Toll Plaza,454,454
2024-10-31 22:00:00,SYNTHETIC: Electronic City Toll Plaza,593,607
2024-10-31 22:00:00,SYNTHETIC: Hosur Road Toll Plaza,712,735
2024-10-31 22:00:00,SYNTHETIC: Airport Road Toll Plaza,790,797
2024-11-01 06:00:00,SYNTHETIC: Nelamangala Toll Plaza,819,826
2024-11-01 06:00:00,SYNTHETIC: Electronic City Toll Plaza,790,793
2024-11-01 06:00:00,SYNTHETIC: Hosur Road Toll Plaza,893,914
2024-11-01 06:00:00,SYNTHETIC: Airport Road Toll Plaza,971,979
2024-11-01 12:00:00,SYNTHETIC: Nelamangala Toll Plaza,806,831
2024-11-01 12:00:00,SYNTHETIC: Electronic City Toll Plaza,764,788
2024-11-01 12:00:00,SYNTHETIC: Hosur Road Toll Plaza,886,904
2024-11-01 12:00:00,SYNTHETIC: Airport Road Toll Plaza,1009,1020
2024-11-01 18:00:00,SYNTHETIC: Nelamangala Toll Plaza,714,719
2024-11-01 18:00:00,SYNTHETIC: Electronic City Toll Plaza,810,828
2024-11-01 18:00:00,SYNTHETIC: Hosur Road Toll Plaza,911,936
2024-11-01 18:00:00,SYNTHETIC: Airport Road Toll Plaza,1088,1099
2024-11-01 22:00:00,SYNTHETIC: Nelamangala Toll Plaza,821,821
2024-11-01 22:00:00,SYNTHETIC: Electronic City Toll Plaza,930,952
2024-11-01 22:00:00,SYNTHETIC: Hosur Road Toll Plaza,920,938
2024-11-01 22:00:00,SYNTHETIC: Airport Road Toll Plaza,1054,1058
2024-11-02 06:00:00,SYNTHETIC: Nelamangala Toll Plaza,687,692
2024-11-02 06:00:00,SYNTHETIC: Electronic City Toll Plaza,765,780
2024-11-02 06:00:00,SYNTHETIC: Hosur Road Toll Plaza,836,847
2024-11-02 06:00:00,SYNTHETIC: Airport Road Toll Plaza,959,971
2024-11-02 12:00:00,SYNTHETIC: Nelamangala Toll Plaza,605,620
2024-11-02 12:00:00,SYNTHETIC: Electronic City Toll Plaza,807,827
2024-11-02 12:00:00,SYNTHETIC: Hosur Road Toll Plaza,915,922
2024-11-02 12:00:00,SYNTHETIC: Airport Road Toll Plaza,861,875
2024-11-02 18:00:00,SYNTHETIC: Nelamangala Toll Plaza,598,623
2024-11-02 18:00:00,SYNTHETIC: Electronic City Toll Plaza,668,677
2024-11-02 18:00:00,SYNTHETIC: Hosur Road Toll Plaza,745,755
2024-11-02 18:00:00,SYNTHETIC: Airport Road Toll Plaza,886,889
2024-11-02 22:00:00,SYNTHETIC: Nelamangala Toll Plaza,598,608
2024-11-02 22:00:00,SYNTHETIC: Electronic City Toll Plaza,703,715
2024-11-02 22:00:00,SYNTHETIC: Hosur Road Toll Plaza,781,804
2024-11-02 22:00:00,SYNTHETIC: Airport Road Toll Plaza,839,856
2024-11-03 06:00:00,SYNTHETIC: Nelamangala Toll Plaza,600,612
2024-11-03 06:00:00,SYNTHETIC: Electronic City Toll Plaza,668,684
2024-11-03 06:00:00,SYNTHETIC: Hosur Road Toll Plaza,886,902
2024-11-03 06:00:00,SYNTHETIC: Airport Road Toll Plaza,966,987
2024-11-03 12:00:00,SYNTHETIC: Nelamangala Toll Plaza,738,742
2024-11-03 12:00:00,SYNTHETIC: Electronic City Toll Plaza,690,714
2024-11-03 12:00:00,SYNTHETIC: Hosur Road Toll Plaza,854,859
2024-11-03 12:00:00,SYNTHETIC: Airport Road Toll Plaza,862,868
2024-11-03 18:00:00,SYNTHETIC: Nelamangala Toll Plaza,629,633
2024-11-03 18:00:00,SYNTHETIC: Electronic City Toll Plaza,670,683
2024-11-03 18:00:00,SYNTHETIC: Hosur Road Toll Plaza,760,781
2024-11-03 18:00:00,SYNTHETIC: Airport Road Toll Plaza,931,937
2024-11-03 22:00:00,SYNTHETIC: Nelamangala Toll Plaza,740,744
2024-11-03 22:00:00,SYNTHETIC: Electronic City Toll Plaza,812,820
2024-11-03 22:00:00,SYNTHETIC: Hosur Road Toll Plaza,821,844
2024-11-03 22:00:00,SYNTHETIC: Airport Road Toll Plaza,837,839
2024-11-04 06:00:00,SYNTHETIC: Nelamangala Toll Plaza,422,433
2024-11-04 06:00:00,SYNTHETIC: Electronic City Toll Plaza,670,676
2024-11-04 06:00:00,SYNTHETIC: Hosur Road Toll Plaza,640,651
2024-11-04 06:00:00,SYNTHETIC: Airport Road Toll Plaza,768,784
2024-11-04 12:00:00,SYNTHETIC: Nelamangala Toll Plaza,511,531
2024-11-04 12:00:00,SYNTHETIC: Electronic City Toll Plaza,521,542
2024-11-04 12:00:00,SYNTHETIC: Hosur Road Toll Plaza,577,584
2024-11-04 12:00:00,SYNTHETIC: Airport Road Toll Plaza,745,760
2024-11-04 18:00:00,SYNTHETIC: Nelamangala Toll Plaza,562,576
2024-11-04 18:00:00,SYNTHETIC: Electronic City Toll Plaza,535,550
2024-11-04 18:00:00,SYNTHETIC: Hosur Road Toll Plaza,720,737
2024-11-04 18:00:00,SYNTHETIC: Airport Road Toll Plaza,739,750
2024-11-04 22:00:00,SYNTHETIC: Nelamangala Toll Plaza,451,459
2024-11-04 22:00:00,SYNTHETIC: Electronic City Toll Plaza,666,668
2024-11-04 22:00:00,SYNTHETIC: Hosur Road Toll Plaza,642,642
2024-11-04 22:00:00,SYNTHETIC: Airport Road Toll Plaza,748,749
2024-11-05 06:00:00,SYNTHETIC: Nelamangala Toll Plaza,530,534
2024-11-05 06:00:00,SYNTHETIC: Electronic City Toll Plaza,556,579
2024-11-05 06:00:00,SYNTHETIC: Hosur Road Toll Plaza,713,737
2024-11-05 06:00:00,SYNTHETIC: Airport Road Toll Plaza,696,717
2024-11-05 12:00:00,SYNTHETIC: Nelamangala Toll Plaza,495,515
2024-11-05 12:00:00,SYNTHETIC: Electronic City Toll Plaza,512,519
2024-11-05 12:00:00,SYNTHETIC: Hosur Road Toll Plaza,660,667
2024-11-05 12:00:00,SYNTHETIC: Airport Road Toll Plaza,728,741
2024-11-05 18:00:00,SYNTHETIC: Nelamangala Toll Plaza,494,505
2024-11-05 18:00:00,SYNTHETIC: Electronic City Toll Plaza,556,574
2024-11-05 18:00:00,SYNTHETIC: Hosur Road Toll Plaza,645,659
2024-11-05 18:00:00,SYNTHETIC: Airport Road Toll Plaza,680,695
2024-11-05 22:00:00,SYNTHETIC: Nelamangala Toll Plaza,423,443
2024-11-05 22:00:00,SYNTHETIC: Electronic City Toll Plaza,639,657
2024-11-05 22:00:00,SYNTHETIC: Hosur Road Toll Plaza,728,730
2024-11-05 22:00:00,SYNTHETIC: Airport Road Toll Plaza,770,776
2024-11-06 06:00:00,SYNTHETIC: Nelamangala Toll Plaza,453,456
2024-11-06 06:00:00,SYNTHETIC: Electronic City Toll Plaza,583,605
2024-11-06 06:00:00,SYNTHETIC: Hosur Road Toll Plaza,736,761
2024-11-06 06:00:00,SYNTHETIC: Airport Road Toll Plaza,659,671
2024-11-06 12:00:00,SYNTHETIC: Nelamangala Toll Plaza,573,581
2024-11-06 12:00:00,SYNTHETIC: Electronic City Toll Plaza,626,645
2024-11-06 12:00:00,SYNTHETIC: Hosur Road Toll Plaza,582,601
2024-11-06 12:00:00,SYNTHETIC: Airport Road Toll Plaza,662,683
2024-11-06 18:00:00,SYNTHETIC: Nelamangala Toll Plaza,437,457
2024-11-06 18:00:00,SYNTHETIC: Electronic City Toll Plaza,495,496
2024-11-06 18:00:00,SYNTHETIC: Hosur Road Toll Plaza,746,749
2024-11-06 18:00:00,SYNTHETIC: Airport Road Toll Plaza,756,770
2024-11-06 22:00:00,SYNTHETIC: Nelamangala Toll Plaza,507,510
2024-11-06 22:00:00,SYNTHETIC: Electronic City Toll Plaza,630,638
2024-11-06 22:00:00,SYNTHETIC: Hosur Road Toll Plaza,691,713
2024-11-06 22:00:00,SYNTHETIC: Airport Road Toll Plaza,689,695
2024-11-07 06:00:00,SYNTHETIC: Nelamangala Toll Plaza,508,530
2024-11-07 06:00:00,SYNTHETIC: Electronic City Toll Plaza,612,637
2024-11-07 06:00:00,SYNTHETIC: Hosur Road Toll Plaza,677,697
2024-11-07 06:00:00,SYNTHETIC: Airport Road Toll Plaza,692,695
2024-11-07 12:00:00,SYNTHETIC: Nelamangala Toll Plaza,443,465
2024-11-07 12:00:00,SYNTHETIC: Electronic City Toll Plaza,505,510
2024-11-07 12:00:00,SYNTHETIC: Hosur Road Toll Plaza,596,609
2024-11-07 12:00:00,SYNTHETIC: Airport Road Toll Plaza,801,816
2024-11-07 18:00:00,SYNTHETIC: Nelamangala Toll Plaza,555,576
2024-11-07 18:00:00,SYNTHETIC: Electronic City Toll Plaza,602,607
2024-11-07 18:00:00,SYNTHETIC: Hosur Road Toll Plaza,726,738
2024-11-07 18:00:00,SYNTHETIC: Airport Road Toll Plaza,741,760
2024-11-07 22:00:00,SYNTHETIC: Nelamangala Toll Plaza,417,438
2024-11-07 22:00:00,SYNTHETIC: Electronic City Toll Plaza,523,538
2024-11-07 22:00:00,SYNTHETIC: Hosur Road Toll Plaza,694,697
2024-11-07 22:00:00,SYNTHETIC: Airport Road Toll Plaza,755,769
2024-11-08 06:00:00,SYNTHETIC: Nelamangala Toll Plaza,484,501
2024-11-08 06:00:00,SYNTHETIC: Electronic City Toll Plaza,623,634
2024-11-08 06:00:00,SYNTHETIC: Hosur Road Toll Plaza,749,752
2024-11-08 06:00:00,SYNTHETIC: Airport Road Toll Plaza,661,666
2024-11-08 12:00:00,SYNTHETIC: Nelamangala Toll Plaza,536,540
2024-11-08 12:00:00,SYNTHETIC: Electronic City Toll Plaza,594,597
2024-11-08 12:00:00,SYNTHETIC: Hosur Road Toll Plaza,635,654
2024-11-08 12:00:00,SYNTHETIC: Airport Road Toll Plaza,700,706
2024-11-08 18:00:00,SYNTHETIC: Nelamangala Toll Plaza,440,452
2024-11-08 18:00:00,SYNTHETIC: Electronic City Toll Plaza,545,559
2024-11-08 18:00:00,SYNTHETIC: Hosur Road Toll Plaza,618,640
2024-11-08 18:00:00,SYNTHETIC: Airport Road Toll Plaza,736,739
2024-11-08 22:00:00,SYNTHETIC: Nelamangala Toll Plaza,516,517
2024-11-08 22:00:00,SYNTHETIC: Electronic City Toll Plaza,652,673
2024-11-08 22:00:00,SYNTHETIC: Hosur Road Toll Plaza,720,723
2024-11-08 22:00:00,SYNTHETIC: Airport Road Toll Plaza,765,779
2024-11-09 06:00:00,SYNTHETIC: Nelamangala Toll Plaza,592,604
2024-11-09 06:00:00,SYNTHETIC: Electronic City Toll Plaza,759,772
2024-11-09 06:00:00,SYNTHETIC: Hosur Road Toll Plaza,915,925
2024-11-09 06:00:00,SYNTHETIC: Airport Road Toll Plaza,961,962
2024-11-09 12:00:00,SYNTHETIC: Nelamangala Toll Plaza,583,606
2024-11-09 12:00:00,SYNTHETIC: Electronic City Toll Plaza,724,730
2024-11-09 12:00:00,SYNTHETIC: Hosur Road Toll Plaza,898,922
2024-11-09 12:00:00,SYNTHETIC: Airport Road Toll Plaza,933,940
2024-11-09 18:00:00,SYNTHETIC: Nelamangala Toll Plaza,742,764
2024-11-09 18:00:00,SYNTHETIC: Electronic City Toll Plaza,825,836
2024-11-09 18:00:00,SYNTHETIC: Hosur Road Toll Plaza,890,907
2024-11-09 18:00:00,SYNTHETIC: Airport Road Toll Plaza,974,980
2024-11-09 22:00:00,SYNTHETIC: Nelamangala Toll Plaza,629,638
2024-11-09 22:00:00,SYNTHETIC: Electronic City Toll Plaza,774,779
2024-11-09 22:00:00,SYNTHETIC: Hosur Road Toll Plaza,914,916
2024-11-09 22:00:00,SYNTHETIC: Airport Road Toll Plaza,867,872
2024-11-10 06:00:00,SYNTHETIC: Nelamangala Toll Plaza,759,782
2024-11-10 06:00:00,SYNTHETIC: Electronic City Toll Plaza,771,791
2024-11-10 06:00:00,SYNTHETIC: Hosur Road Toll Plaza,758,781
2024-11-10 06:00:00,SYNTHETIC: Airport Road Toll Plaza,995,999
2024-11-10 12:00:00,SYNTHETIC: Nelamangala Toll Plaza,586,600
2024-11-10 12:00:00,SYNTHETIC: Electronic City Toll Plaza,744,745
2024-11-10 12:00:00,SYNTHETIC: Hosur Road Toll Plaza,762,764
2024-11-10 12:00:00,SYNTHETIC: Airport Road Toll Plaza,833,838
2024-11-10 18:00:00,SYNTHETIC: Nelamangala Toll Plaza,644,661
2024-11-10 18:00:00,SYNTHETIC: Electronic City Toll Plaza,678,696
2024-11-10 18:00:00,SYNTHETIC: Hosur Road Toll Plaza,798,806
2024-11-10 18:00:00,SYNTHETIC: Airport Road Toll Plaza,924,936
2024-11-10 22:00:00,SYNTHETIC: Nelamangala Toll Plaza,695,715
2024-11-10 22:00:00,SYNTHETIC: Electronic City Toll Plaza,763,776
2024-11-10 22:00:00,SYNTHETIC: Hosur Road Toll Plaza,820,820
2024-11-10 22:00:00,SYNTHETIC: Airport Road Toll Plaza,919,940
2024-11-11 06:00:00,SYNTHETIC: Nelamangala Toll Plaza,449,467
2024-11-11 06:00:00,SYNTHETIC: Electronic City Toll Plaza,635,646
2024-11-11 06:00:00,SYNTHETIC: Hosur Road Toll Plaza,650,663
2024-11-11 06:00:00,SYNTHETIC: Airport Road Toll Plaza,693,693
2024-11-11 12:00:00,SYNTHETIC: Nelamangala Toll Plaza,490,497
2024-11-11 12:00:00,SYNTHETIC: Electronic City Toll Plaza,546,568
2024-11-11 12:00:00,SYNTHETIC: Hosur Road Toll Plaza,734,747
2024-11-11 12:00:00,SYNTHETIC: Airport Road Toll Plaza,720,731
2024-11-11 18:00:00,SYNTHETIC: Nelamangala Toll Plaza,444,465
2024-11-11 18:00:00,SYNTHETIC: Electronic City Toll Plaza,574,589
2024-11-11 18:00:00,SYNTHETIC: Hosur Road Toll Plaza,688,702
2024-11-11 18:00:00,SYNTHETIC: Airport Road Toll Plaza,741,765
2024-11-11 22:00:00,SYNTHETIC: Nelamangala Toll Plaza,488,503
2024-11-11 22:00:00,SYNTHETIC: Electronic City Toll Plaza,631,634
2024-11-11 22:00:00,SYNTHETIC: Hosur Road Toll Plaza,614,634
2024-11-11 22:00:00,SYNTHETIC: Airport Road Toll Plaza,805,807
2024-11-12 06:00:00,SYNTHETIC: Nelamangala Toll Plaza,467,483
2024-11-12 06:00:00,SYNTHETIC: Electronic City Toll Plaza,593,604
2024-11-12 06:00:00,SYNTHETIC: Hosur Road Toll Plaza,658,673
2024-11-12 06:00:00,SYNTHETIC: Airport Road Toll Plaza,773,792
2024-11-12 12:00:00,SYNTHETIC: Nelamangala Toll Plaza,411,427
2024-11-12 12:00:00,SYNTHETIC: Electronic City Toll Plaza,525,539
2024-11-12 12:00:00,SYNTHETIC: Hosur Road Toll Plaza,612,619
2024-11-12 12:00:00,SYNTHETIC: Airport Road Toll Plaza,669,685
2024-11-12 18:00:00,SYNTHETIC: Nelamangala Toll Plaza,574,582
2024-11-12 18:00:00,SYNTHETIC: Electronic City Toll Plaza,544,548
2024-11-12 18:00:00,SYNTHETIC: Hosur Road Toll Plaza,617,622
2024-11-12 18:00:00,SYNTHETIC: Airport Road Toll Plaza,742,761
2024-11-12 22:00:00,SYNTHETIC: Nelamangala Toll Plaza,440,461
2024-11-12 22:00:00,SYNTHETIC: Electronic City Toll Plaza,548,561
2024-11-12 22:00:00,SYNTHETIC: Hosur Road Toll Plaza,654,677
2024-11-12 22:00:00,SYNTHETIC: Airport Road Toll Plaza,679,694
2024-11-13 06:00:00,SYNTHETIC: Nelamangala Toll Plaza,469,471
2024-11-13 06:00:00,SYNTHETIC: Electronic City Toll Plaza,562,581
2024-11-13 06:00:00,SYNTHETIC: Hosur Road Toll Plaza,709,722
2024-11-13 06:00:00,SYNTHETIC: Airport Road Toll Plaza,715,721
2024-11-13 12:00:00,SYNTHETIC: Nelamangala Toll Plaza,411,433
2024-11-13 12:00:00,SYNTHETIC: Electronic City Toll Plaza,491,509
2024-11-13 12:00:00,SYNTHETIC: Hosur Road Toll Plaza,703,706
2024-11-13 12:00:00,SYNTHETIC: Airport Road Toll Plaza,783,783
2024-11-13 18:00:00,SYNTHETIC: Nelamangala Toll Plaza,506,526
2024-11-13 18:00:00,SYNTHETIC: Electronic City Toll Plaza,542,564
2024-11-13 18:00:00,SYNTHETIC: Hosur Road Toll Plaza,650,663
2024-11-13 18:00:00,SYNTHETIC: Airport Road Toll Plaza,742,745
2024-11-13 22:00:00,SYNTHETIC: Nelamangala Toll Plaza,449,462
2024-11-13 22:00:00,SYNTHETIC: Electronic City Toll Plaza,656,674
2024-11-13 22:00:00,SYNTHETIC: Hosur Road Toll Plaza,634,642
2024-11-13 22:00:00,SYNTHETIC: Airport Road Toll Plaza,787,800
2024-11-14 06:00:00,SYNTHETIC: Nelamangala Toll Plaza,553,571
2024-11-14 06:00:00,SYNTHETIC: Electronic City Toll Plaza,579,590
2024-11-14 06:00:00,SYNTHETIC: Hosur Road Toll Plaza,640,647
2024-11-14 06:00:00,SYNTHETIC: Airport Road Toll Plaza,805,811
2024-11-14 12:00:00,SYNTHETIC: Nelamangala Toll Plaza,526,538
2024-11-14 12:00:00,SYNTHETIC: Electronic City Toll Plaza,637,637
2024-11-14 12:00:00,SYNTHETIC: Hosur Road Toll Plaza,636,641
2024-11-14 12:00:00,SYNTHETIC: Airport Road Toll Plaza,754,770
2024-11-14 18:00:00,SYNTHETIC: Nelamangala Toll Plaza,437,454
2024-11-14 18:00:00,SYNTHETIC: Electronic City Toll Plaza,508,524
2024-11-14 18:00:00,SYNTHETIC: Hosur Road Toll Plaza,645,655
2024-11-14 18:00:00,SYNTHETIC: Airport Road Toll Plaza,679,704
2024-11-14 22:00:00,SYNTHETIC: Nelamangala Toll Plaza,541,549
2024-11-14 22:00:00,SYNTHETIC: Electronic City Toll Plaza,627,652
2024-11-14 22:00:00,SYNTHETIC: Hosur Road Toll Plaza,717,725
2024-11-14 22:00:00,SYNTHETIC: Airport Road Toll Plaza,827,841
2024-11-15 06:00:00,SYNTHETIC: Nelamangala Toll Plaza,527,537
2024-11-15 06:00:00,SYNTHETIC: Electronic City Toll Plaza,666,666
2024-11-15 06:00:00,SYNTHETIC: Hosur Road Toll Plaza,573,594
2024-11-15 06:00:00,SYNTHETIC: Airport Road Toll Plaza,703,715
2024-11-15 12:00:00,SYNTHETIC: Nelamangala Toll Plaza,558,561
2024-11-15 12:00:00,SYNTHETIC: Electronic City Toll Plaza,573,584
2024-11-15 12:00:00,SYNTHETIC: Hosur Road Toll Plaza,726,734
2024-11-15 12:00:00,SYNTHETIC: Airport Road Toll Plaza,697,714
2024-11-15 18:00:00,SYNTHETIC: Nelamangala Toll Plaza,477,484
2024-11-15 18:00:00,SYNTHETIC: Electronic City Toll Plaza,558,573
2024-11-15 18:00:00,SYNTHETIC: Hosur Road Toll Plaza,726,736
2024-11-15 18:00:00,SYNTHETIC: Airport Road Toll Plaza,743,748
2024-11-15 22:00:00,SYNTHETIC: Nelamangala Toll Plaza,537,550
2024-11-15 22:00:00,SYNTHETIC: Electronic City Toll Plaza,543,556
2024-11-15 22:00:00,SYNTHETIC: Hosur Road Toll Plaza,749,773
2024-11-15 22:00:00,SYNTHETIC: Airport Road Toll Plaza,745,756
2024-11-16 06:00:00,SYNTHETIC: Nelamangala Toll Plaza,672,695
2024-11-16 06:00:00,SYNTHETIC: Electronic City Toll Plaza,810,826
2024-11-16 06:00:00,SYNTHETIC: Hosur Road Toll Plaza,855,868
2024-11-16 06:00:00,SYNTHETIC: Airport Road Toll Plaza,862,867
2024-11-16 12:00:00,SYNTHETIC: Nelamangala Toll Plaza,585,589
2024-11-16 12:00:00,SYNTHETIC: Electronic City Toll Plaza,720,741
2024-11-16 12:00:00,SYNTHETIC: Hosur Road Toll Plaza,804,827
2024-11-16 12:00:00,SYNTHETIC: Airport Road Toll Plaza,999,1022
2024-11-16 18:00:00,SYNTHETIC: Nelamangala Toll Plaza,600,606
2024-11-16 18:00:00,SYNTHETIC: Electronic City Toll Plaza,702,714
2024-11-16 18:00:00,SYNTHETIC: Hosur Road Toll Plaza,766,769
2024-11-16 18:00:00,SYNTHETIC: Airport Road Toll Plaza,836,851
2024-11-16 22:00:00,SYNTHETIC: Nelamangala Toll Plaza,720,721
2024-11-16 22:00:00,SYNTHETIC: Electronic City Toll Plaza,666,690
2024-11-16 22:00:00,SYNTHETIC: Hosur Road Toll Plaza,841,857
2024-11-16 22:00:00,SYNTHETIC: Airport Road Toll Plaza,841,844
2024-11-17 06:00:00,SYNTHETIC: Nelamangala Toll Plaza,716,741
2024-11-17 06:00:00,SYNTHETIC: Electronic City Toll Plaza,728,741
2024-11-17 06:00:00,SYNTHETIC: Hosur Road Toll Plaza,788,790
2024-11-17 06:00:00,SYNTHETIC: Airport Road Toll Plaza,866,870
2024-11-17 12:00:00,SYNTHETIC: Nelamangala Toll Plaza,654,657
2024-11-17 12:00:00,SYNTHETIC: Electronic City Toll Plaza,823,837
2024-11-17 12:00:00,SYNTHETIC: Hosur Road Toll Plaza,898,912
2024-11-17 12:00:00,SYNTHETIC: Airport Road Toll Plaza,889,911
2024-11-17 18:00:00,SYNTHETIC: Nelamangala Toll Plaza,739,754
2024-11-17 18:00:00,SYNTHETIC: Electronic City Toll Plaza,708,718
2024-11-17 18:00:00,SYNTHETIC: Hosur Road Toll Plaza,744,748
2024-11-17 18:00:00,SYNTHETIC: Airport Road Toll Plaza,832,849
2024-11-17 22:00:00,SYNTHETIC: Nelamangala Toll Plaza,585,590
2024-11-17 22:00:00,SYNTHETIC: Electronic City Toll Plaza,686,695
2024-11-17 22:00:00,SYNTHETIC: Hosur Road Toll Plaza,808,812
2024-11-17 22:00:00,SYNTHETIC: Airport Road Toll Plaza,932,955
2024-11-18 06:00:00,SYNTHETIC: Nelamangala Toll Plaza,437,441
2024-11-18 06:00:00,SYNTHETIC: Electronic City Toll Plaza,614,621
2024-11-18 06:00:00,SYNTHETIC: Hosur Road Toll Plaza,651,668
2024-11-18 06:00:00,SYNTHETIC: Airport Road Toll Plaza,815,839
2024-11-18 12:00:00,SYNTHETIC: Nelamangala Toll Plaza,498,523
2024-11-18 12:00:00,SYNTHETIC: Electronic City Toll Plaza,602,625
2024-11-18 12:00:00,SYNTHETIC: Hosur Road Toll Plaza,619,619
2024-11-18 12:00:00,SYNTHETIC: Airport Road Toll Plaza,826,838
2024-11-18 18:00:00,SYNTHETIC: Nelamangala Toll Plaza,501,524
2024-11-18 18:00:00,SYNTHETIC: Electronic City Toll Plaza,524,532
2024-11-18 18:00:00,SYNTHETIC: Hosur Road Toll Plaza,580,595
2024-11-18 18:00:00,SYNTHETIC: Airport Road Toll Plaza,830,844
2024-11-18 22:00:00,SYNTHETIC: Nelamangala Toll Plaza,553,562
2024-11-18 22:00:00,SYNTHETIC: Electronic City Toll Plaza,628,650
2024-11-18 22:00:00,SYNTHETIC: Hosur Road Toll Plaza,695,701
2024-11-18 22:00:00,SYNTHETIC: Airport Road Toll Plaza,795,800
2024-11-19 06:00:00,SYNTHETIC: Nelamangala Toll Plaza,542,545
2024-11-19 06:00:00,SYNTHETIC: Electronic City Toll Plaza,515,538
2024-11-19 06:00:00,SYNTHETIC: Hosur Road Toll Plaza,629,646
2024-11-19 06:00:00,SYNTHETIC: Airport Road Toll Plaza,748,754
2024-11-19 12:00:00,SYNTHETIC: Nelamangala Toll Plaza,459,475
2024-11-19 12:00:00,SYNTHETIC: Electronic City Toll Plaza,658,665
2024-11-19 12:00:00,SYNTHETIC: Hosur Road Toll Plaza,715,735
2024-11-19 12:00:00,SYNTHETIC: Airport Road Toll Plaza,695,712
2024-11-19 18:00:00,SYNTHETIC: Nelamangala Toll Plaza,552,565
2024-11-19 18:00:00,SYNTHETIC: Electronic City Toll Plaza,517,541
2024-11-19 18:00:00,SYNTHETIC: Hosur Road Toll Plaza,733,751
2024-11-19 18:00:00,SYNTHETIC: Airport Road Toll Plaza,741,762
2024-11-19 22:00:00,SYNTHETIC: Nelamangala Toll Plaza,527,549
2024-11-19 22:00:00,SYNTHETIC: Electronic City Toll Plaza,660,673
2024-11-19 22:00:00,SYNTHETIC: Hosur Road Toll Plaza,596,601
2024-11-19 22:00:00,SYNTHETIC: Airport Road Toll Plaza,696,713
2024-11-20 06:00:00,SYNTHETIC: Nelamangala Toll Plaza,468,491
2024-11-20 06:00:00,SYNTHETIC: Electronic City Toll Plaza,657,676
2024-11-20 06:00:00,SYNTHETIC: Hosur Road Toll Plaza,572,592
2024-11-20 06:00:00,SYNTHETIC: Airport Road Toll Plaza,811,823
2024-11-20 12:00:00,SYNTHETIC: Nelamangala Toll Plaza,423,432
2024-11-20 12:00:00,SYNTHETIC: Electronic City Toll Plaza,624,625
2024-11-20 12:00:00,SYNTHETIC: Hosur Road Toll Plaza,651,668
2024-11-20 12:00:00,SYNTHETIC: Airport Road Toll Plaza,794,798
2024-11-20 18:00:00,SYNTHETIC: Nelamangala Toll Plaza,493,509
2024-11-20 18:00:00,SYNTHETIC: Electronic City Toll Plaza,668,675
2024-11-20 18:00:00,SYNTHETIC: Hosur Road Toll Plaza,609,610
2024-11-20 18:00:00,SYNTHETIC: Airport Road Toll Plaza,822,845
2024-11-20 22:00:00,SYNTHETIC: Nelamangala Toll Plaza,510,524
2024-11-20 22:00:00,SYNTHETIC: Electronic City Toll Plaza,642,660
2024-11-20 22:00:00,SYNTHETIC: Hosur Road Toll Plaza,699,701
2024-11-20 22:00:00,SYNTHETIC: Airport Road Toll Plaza,706,719
2024-11-21 06:00:00,SYNTHETIC: Nelamangala Toll Plaza,461,486
2024-11-21 06:00:00,SYNTHETIC: Electronic City Toll Plaza,668,687
2024-11-21 06:00:00,SYNTHETIC: Hosur Road Toll Plaza,639,640
2024-11-21 06:00:00,SYNTHETIC: Airport Road Toll Plaza,769,789
2024-11-21 12:00:00,SYNTHETIC: Nelamangala Toll Plaza,412,414
2024-11-21 12:00:00,SYNTHETIC: Electronic City Toll Plaza,589,610
2024-11-21 12:00:00,SYNTHETIC: Hosur Road Toll Plaza,639,660
2024-11-21 12:00:00,SYNTHETIC: Airport Road Toll Plaza,818,829
2024-11-21 18:00:00,SYNTHETIC: Nelamangala Toll Plaza,437,437
2024-11-21 18:00:00,SYNTHETIC: Electronic City Toll Plaza,564,584
2024-11-21 18:00:00,SYNTHETIC: Hosur Road Toll Plaza,668,675
2024-11-21 18:00:00,SYNTHETIC: Airport Road Toll Plaza,747,763
2024-11-21 22:00:00,SYNTHETIC: Nelamangala Toll Plaza,435,445
2024-11-21 22:00:00,SYNTHETIC: Electronic City Toll Plaza,614,633
2024-11-21 22:00:00,SYNTHETIC: Hosur Road Toll Plaza,706,708
2024-11-21 22:00:00,SYNTHETIC: Airport Road Toll Plaza,697,703
2024-11-22 06:00:00,SYNTHETIC: Nelamangala Toll Plaza,566,573
2024-11-22 06:00:00,SYNTHETIC: Electronic City Toll Plaza,642,649
2024-11-22 06:00:00,SYNTHETIC: Hosur Road Toll Plaza,629,650
2024-11-22 06:00:00,SYNTHETIC: Airport Road Toll Plaza,656,667
2024-11-22 12:00:00,SYNTHETIC: Nelamangala Toll Plaza,430,452
2024-11-22 12:00:00,SYNTHETIC: Electronic City Toll Plaza,612,616
2024-11-22 12:00:00,SYNTHETIC: Hosur Road Toll Plaza,698,717
2024-11-22 12:00:00,SYNTHETIC: Airport Road Toll Plaza,770,792
2024-11-22 18:00:00,SYNTHETIC: Nelamangala Toll Plaza,576,587
2024-11-22 18:00:00,SYNTHETIC: Electronic City Toll Plaza,537,549
2024-11-22 18:00:00,SYNTHETIC: Hosur Road Toll Plaza,695,710
2024-11-22 18:00:00,SYNTHETIC: Airport Road Toll Plaza,685,690
2024-11-22 22:00:00,SYNTHETIC: Nelamangala Toll Plaza,459,466
2024-11-22 22:00:00,SYNTHETIC: Electronic City Toll Plaza,498,511
2024-11-22 22:00:00,SYNTHETIC: Hosur Road Toll Plaza,573,581
2024-11-22 22:00:00,SYNTHETIC: Airport Road Toll Plaza,755,762
2024-11-23 06:00:00,SYNTHETIC: Nelamangala Toll Plaza,620,632
2024-11-23 06:00:00,SYNTHETIC: Electronic City Toll Plaza,800,812
2024-11-23 06:00:00,SYNTHETIC: Hosur Road Toll Plaza,751,775
2024-11-23 06:00:00,SYNTHETIC: Airport Road Toll Plaza,863,873
2024-11-23 12:00:00,SYNTHETIC: Nelamangala Toll Plaza,724,745
2024-11-23 12:00:00,SYNTHETIC: Electronic City Toll Plaza,698,703
2024-11-23 12:00:00,SYNTHETIC: Hosur Road Toll Plaza,777,782
2024-11-23 12:00:00,SYNTHETIC: Airport Road Toll Plaza,833,846
2024-11-23 18:00:00,SYNTHETIC: Nelamangala Toll Plaza,658,667
2024-11-23 18:00:00,SYNTHETIC: Electronic City Toll Plaza,774,783
2024-11-23 18:00:00,SYNTHETIC: Hosur Road Toll Plaza,900,905
2024-11-23 18:00:00,SYNTHETIC: Airport Road Toll Plaza,850,854
2024-11-23 22:00:00,SYNTHETIC: Nelamangala Toll Plaza,631,631
2024-11-23 22:00:00,SYNTHETIC: Electronic City Toll Plaza,819,843
2024-11-23 22:00:00,SYNTHETIC: Hosur Road Toll Plaza,804,804
2024-11-23 22:00:00,SYNTHETIC: Airport Road Toll Plaza,937,952
2024-11-24 06:00:00,SYNTHETIC: Nelamangala Toll Plaza,586,600
2024-11-24 06:00:00,SYNTHETIC: Electronic City Toll Plaza,820,845
2024-11-24 06:00:00,SYNTHETIC: Hosur Road Toll Plaza,770,793
2024-11-24 06:00:00,SYNTHETIC: Airport Road Toll Plaza,873,898
2024-11-24 12:00:00,SYNTHETIC: Nelamangala Toll Plaza,737,750
2024-11-24 12:00:00,SYNTHETIC: Electronic City Toll Plaza,765,766
2024-11-24 12:00:00,SYNTHETIC: Hosur Road Toll Plaza,825,836
2024-11-24 12:00:00,SYNTHETIC: Airport Road Toll Plaza,963,988
2024-11-24 18:00:00,SYNTHETIC: Nelamangala Toll Plaza,743,749
2024-11-24 18:00:00,SYNTHETIC: Electronic City Toll Plaza,662,682
2024-11-24 18:00:00,SYNTHETIC: Hosur Road Toll Plaza,791,813
2024-11-24 18:00:00,SYNTHETIC: Airport Road Toll Plaza,892,900
2024-11-24 22:00:00,SYNTHETIC: Nelamangala Toll Plaza,597,606
2024-11-24 22:00:00,SYNTHETIC: Electronic City Toll Plaza,736,752
2024-11-24 22:00:00,SYNTHETIC: Hosur Road Toll Plaza,880,890
2024-11-24 22:00:00,SYNTHETIC: Airport Road Toll Plaza,821,824
2024-11-25 06:00:00,SYNTHETIC: Nelamangala Toll Plaza,544,553
2024-11-25 06:00:00,SYNTHETIC: Electronic City Toll Plaza,573,577
2024-11-25 06:00:00,SYNTHETIC: Hosur Road Toll Plaza,595,611
2024-11-25 06:00:00,SYNTHETIC: Airport Road Toll Plaza,823,827
2024-11-25 12:00:00,SYNTHETIC: Nelamangala Toll Plaza,462,485
2024-11-25 12:00:00,SYNTHETIC: Electronic City Toll Plaza,499,513
2024-11-25 12:00:00,SYNTHETIC: Hosur Road Toll Plaza,669,691
2024-11-25 12:00:00,SYNTHETIC: Airport Road Toll Plaza,783,786
2024-11-25 18:00:00,SYNTHETIC: Nelamangala Toll Plaza,411,420
2024-11-25 18:00:00,SYNTHETIC: Electronic City Toll Plaza,501,522
2024-11-25 18:00:00,SYNTHETIC: Hosur Road Toll Plaza,722,724
2024-11-25 18:00:00,SYNTHETIC: Airport Road Toll Plaza,735,749
2024-11-25 22:00:00,SYNTHETIC: Nelamangala Toll Plaza,421,424
2024-11-25 22:00:00,SYNTHETIC: Electronic City Toll Plaza,623,647
2024-11-25 22:00:00,SYNTHETIC: Hosur Road Toll Plaza,738,761
2024-11-25 22:00:00,SYNTHETIC: Airport Road Toll Plaza,729,729
2024-11-26 06:00:00,SYNTHETIC: Nelamangala Toll Plaza,513,535
2024-11-26 06:00:00,SYNTHETIC: Electronic City Toll Plaza,517,527
2024-11-26 06:00:00,SYNTHETIC: Hosur Road Toll Plaza,712,732
2024-11-26 06:00:00,SYNTHETIC: Airport Road Toll Plaza,668,693
2024-11-26 12:00:00,SYNTHETIC: Nelamangala Toll Plaza,487,504
2024-11-26 12:00:00,SYNTHETIC: Electronic City Toll Plaza,608,620
2024-11-26 12:00:00,SYNTHETIC: Hosur Road Toll Plaza,721,734
2024-11-26 12:00:00,SYNTHETIC: Airport Road Toll Plaza,711,730
2024-11-26 18:00:00,SYNTHETIC: Nelamangala Toll Plaza,472,489
2024-11-26 18:00:00,SYNTHETIC: Electronic City Toll Plaza,530,545
2024-11-26 18:00:00,SYNTHETIC: Hosur Road Toll Plaza,668,670
2024-11-26 18:00:00,SYNTHETIC: Airport Road Toll Plaza,737,743
2024-11-26 22:00:00,SYNTHETIC: Nelamangala Toll Plaza,587,605
2024-11-26 22:00:00,SYNTHETIC: Electronic City Toll Plaza,600,625
2024-11-26 22:00:00,SYNTHETIC: Hosur Road Toll Plaza,681,699
2024-11-26 22:00:00,SYNTHETIC: Airport Road Toll Plaza,737,754
2024-11-27 06:00:00,SYNTHETIC: Nelamangala Toll Plaza,428,448
2024-11-27 06:00:00,SYNTHETIC: Electronic City Toll Plaza,494,498
2024-11-27 06:00:00,SYNTHETIC: Hosur Road Toll Plaza,694,715
2024-11-27 06:00:00,SYNTHETIC: Airport Road Toll Plaza,761,765
2024-11-27 12:00:00,SYNTHETIC: Nelamangala Toll Plaza,431,435
2024-11-27 12:00:00,SYNTHETIC: Electronic City Toll Plaza,654,679
2024-11-27 12:00:00,SYNTHETIC: Hosur Road Toll Plaza,676,690
2024-11-27 12:00:00,SYNTHETIC: Airport Road Toll Plaza,828,847
2024-11-27 18:00:00,SYNTHETIC: Nelamangala Toll Plaza,518,537
2024-11-27 18:00:00,SYNTHETIC: Electronic City Toll Plaza,536,550
2024-11-27 18:00:00,SYNTHETIC: Hosur Road Toll Plaza,700,713
2024-11-27 18:00:00,SYNTHETIC: Airport Road Toll Plaza,791,805
2024-11-27 22:00:00,SYNTHETIC: Nelamangala Toll Plaza,508,519
2024-11-27 22:00:00,SYNTHETIC: Electronic City Toll Plaza,547,552
2024-11-27 22:00:00,SYNTHETIC: Hosur Road Toll Plaza,678,697
2024-11-27 22:00:00,SYNTHETIC: Airport Road Toll Plaza,651,669
2024-11-28 06:00:00,SYNTHETIC: Nelamangala Toll Plaza,545,546
2024-11-28 06:00:00,SYNTHETIC: Electronic City Toll Plaza,577,579
2024-11-28 06:00:00,SYNTHETIC: Hosur Road Toll Plaza,607,626
2024-11-28 06:00:00,SYNTHETIC: Airport Road Toll Plaza,689,704
2024-11-28 12:00:00,SYNTHETIC: Nelamangala Toll Plaza,515,539
2024-11-28 12:00:00,SYNTHETIC: Electronic City Toll Plaza,588,595
2024-11-28 12:00:00,SYNTHETIC: Hosur Road Toll Plaza,739,753
2024-11-28 12:00:00,SYNTHETIC: Airport Road Toll Plaza,813,818
2024-11-28 18:00:00,SYNTHETIC: Nelamangala Toll Plaza,463,481
2024-11-28 18:00:00,SYNTHETIC: Electronic City Toll Plaza,578,579
2024-11-28 18:00:00,SYNTHETIC: Hosur Road Toll Plaza,734,742
2024-11-28 18:00:00,SYNTHETIC: Airport Road Toll Plaza,679,680
2024-11-28 22:00:00,SYNTHETIC: Nelamangala Toll Plaza,452,466
2024-11-28 22:00:00,SYNTHETIC: Electronic City Toll Plaza,592,607
2024-11-28 22:00:00,SYNTHETIC: Hosur Road Toll Plaza,647,662
2024-11-28 22:00:00,SYNTHETIC: Airport Road Toll Plaza,786,793
2024-11-29 06:00:00,SYNTHETIC: Nelamangala Toll Plaza,477,482
2024-11-29 06:00:00,SYNTHETIC: Electronic City Toll Plaza,602,604
2024-11-29 06:00:00,SYNTHETIC: Hosur Road Toll Plaza,695,701
2024-11-29 06:00:00,SYNTHETIC: Airport Road Toll Plaza,806,818
2024-11-29 12:00:00,SYNTHETIC: Nelamangala Toll Plaza,455,475
2024-11-29 12:00:00,SYNTHETIC: Electronic City Toll Plaza,615,618
2024-11-29 12:00:00,SYNTHETIC: Hosur Road Toll Plaza,606,623
2024-11-29 12:00:00,SYNTHETIC: Airport Road Toll Plaza,760,766
2024-11-29 18:00:00,SYNTHETIC: Nelamangala Toll Plaza,567,587
2024-11-29 18:00:00,SYNTHETIC: Electronic City Toll Plaza,517,531
2024-11-29 18:00:00,SYNTHETIC: Hosur Road Toll Plaza,636,639
2024-11-29 18:00:00,SYNTHETIC: Airport Road Toll Plaza,658,660
2024-11-29 22:00:00,SYNTHETIC: Nelamangala Toll Plaza,428,446
2024-11-29 22:00:00,SYNTHETIC: Electronic City Toll Plaza,554,578
2024-11-29 22:00:00,SYNTHETIC: Hosur Road Toll Plaza,684,684
2024-11-29 22:00:00,SYNTHETIC: Airport Road Toll Plaza,777,781
2024-11-30 06:00:00,SYNTHETIC: Nelamangala Toll Plaza,705,725
2024-11-30 06:00:00,SYNTHETIC: Electronic City Toll Plaza,664,679
2024-11-30 06:00:00,SYNTHETIC: Hosur Road Toll Plaza,898,899
2024-11-30 06:00:00,SYNTHETIC: Airport Road Toll Plaza,882,904
2024-11-30 12:00:00,SYNTHETIC: Nelamangala Toll Plaza,746,750
2024-11-30 12:00:00,SYNTHETIC: Electronic City Toll Plaza,663,668
2024-11-30 12:00:00,SYNTHETIC: Hosur Road Toll Plaza,901,902
2024-11-30 12:00:00,SYNTHETIC: Airport Road Toll Plaza,898,923
2024-11-30 18:00:00,SYNTHETIC: Nelamangala Toll Plaza,604,618
2024-11-30 18:00:00,SYNTHETIC: Electronic City Toll Plaza,816,821
2024-11-30 18:00:00,SYNTHETIC: Hosur Road Toll Plaza,891,893
2024-11-30 18:00:00,SYNTHETIC: Airport Road Toll Plaza,847,850
2024-11-30 22:00:00,SYNTHETIC: Nelamangala Toll Plaza,707,726
2024-11-30 22:00:00,SYNTHETIC: Electronic City Toll Plaza,817,824
2024-11-30 22:00:00,SYNTHETIC: Hosur Road Toll Plaza,756,781
2024-11-30 22:00:00,SYNTHETIC: Airport Road Toll Plaza,871,884
2024-12-01 06:00:00,SYNTHETIC: Nelamangala Toll Plaza,691,699
2024-12-01 06:00:00,SYNTHETIC: Electronic City Toll Plaza,745,764
2024-12-01 06:00:00,SYNTHETIC: Hosur Road Toll Plaza,856,857
2024-12-01 06:00:00,SYNTHETIC: Airport Road Toll Plaza,846,869
2024-12-01 12:00:00,SYNTHETIC: Nelamangala Toll Plaza,593,610
2024-12-01 12:00:00,SYNTHETIC: Electronic City Toll Plaza,705,710
2024-12-01 12:00:00,SYNTHETIC: Hosur Road Toll Plaza,747,762
2024-12-01 12:00:00,SYNTHETIC: Airport Road Toll Plaza,951,954
2024-12-01 18:00:00,SYNTHETIC: Nelamangala Toll Plaza,598,605
2024-12-01 18:00:00,SYNTHETIC: Electronic City Toll Plaza,773,791
2024-12-01 18:00:00,SYNTHETIC: Hosur Road Toll Plaza,888,898
2024-12-01 18:00:00,SYNTHETIC: Airport Road Toll Plaza,927,933
2024-12-01 22:00:00,SYNTHETIC: Nelamangala Toll Plaza,753,763
2024-12-01 22:00:00,SYNTHETIC: Electronic City Toll Plaza,718,742
2024-12-01 22:00:00,SYNTHETIC: Hosur Road Toll Plaza,768,778
2024-12-01 22:00:00,SYNTHETIC: Airport Road Toll Plaza,878,881
2024-12-02 06:00:00,SYNTHETIC: Nelamangala Toll Plaza,581,590
2024-12-02 06:00:00,SYNTHETIC: Electronic City Toll Plaza,531,553
2024-12-02 06:00:00,SYNTHETIC: Hosur Road Toll Plaza,687,705
2024-12-02 06:00:00,SYNTHETIC: Airport Road Toll Plaza,799,799
2024-12-02 12:00:00,SYNTHETIC: Nelamangala Toll Plaza,526,540
2024-12-02 12:00:00,SYNTHETIC: Electronic City Toll Plaza,525,547
2024-12-02 12:00:00,SYNTHETIC: Hosur Road Toll Plaza,673,678
2024-12-02 12:00:00,SYNTHETIC: Airport Road Toll Plaza,744,764
2024-12-02 18:00:00,SYNTHETIC: Nelamangala Toll Plaza,528,550
2024-12-02 18:00:00,SYNTHETIC: Electronic City Toll Plaza,652,652
2024-12-02 18:00:00,SYNTHETIC: Hosur Road Toll Plaza,730,732
2024-12-02 18:00:00,SYNTHETIC: Airport Road Toll Plaza,748,770
2024-12-02 22:00:00,SYNTHETIC: Nelamangala Toll Plaza,495,511
2024-12-02 22:00:00,SYNTHETIC: Electronic City Toll Plaza,498,507
2024-12-02 22:00:00,SYNTHETIC: Hosur Road Toll Plaza,679,703
2024-12-02 22:00:00,SYNTHETIC: Airport Road Toll Plaza,719,741
2024-12-03 06:00:00,SYNTHETIC: Nelamangala Toll Plaza,543,563
2024-12-03 06:00:00,SYNTHETIC: Electronic City Toll Plaza,575,588
2024-12-03 06:00:00,SYNTHETIC: Hosur Road Toll Plaza,718,728
2024-12-03 06:00:00,SYNTHETIC: Airport Road Toll Plaza,817,837
2024-12-03 12:00:00,SYNTHETIC: Nelamangala Toll Plaza,493,508
2024-12-03 12:00:00,SYNTHETIC: Electronic City Toll Plaza,641,662
2024-12-03 12:00:00,SYNTHETIC: Hosur Road Toll Plaza,748,764
2024-12-03 12:00:00,SYNTHETIC: Airport Road Toll Plaza,790,804
2024-12-03 18:00:00,SYNTHETIC: Nelamangala Toll Plaza,527,536
2024-12-03 18:00:00,SYNTHETIC: Electronic City Toll Plaza,635,639
2024-12-03 18:00:00,SYNTHETIC: Hosur Road Toll Plaza,648,653
2024-12-03 18:00:00,SYNTHETIC: Airport Road Toll Plaza,716,723
2024-12-03 22:00:00,SYNTHETIC: Nelamangala Toll Plaza,533,544
2024-12-03 22:00:00,SYNTHETIC: Electronic City Toll Plaza,563,587
2024-12-03 22:00:00,SYNTHETIC: Hosur Road Toll Plaza,582,586
2024-12-03 22:00:00,SYNTHETIC: Airport Road Toll Plaza,740,749
2024-12-04 06:00:00,SYNTHETIC: Nelamangala Toll Plaza,491,510
2024-12-04 06:00:00,SYNTHETIC: Electronic City Toll Plaza,644,660
2024-12-04 06:00:00,SYNTHETIC: Hosur Road Toll Plaza,584,605
2024-12-04 06:00:00,SYNTHETIC: Airport Road Toll Plaza,742,754
2024-12-04 12:00:00,SYNTHETIC: Nelamangala Toll Plaza,447,469
2024-12-04 12:00:00,SYNTHETIC: Electronic City Toll Plaza,599,610
2024-12-04 12:00:00,SYNTHETIC: Hosur Road Toll Plaza,668,679
2024-12-04 12:00:00,SYNTHETIC: Airport Road Toll Plaza,653,662
2024-12-04 18:00:00,SYNTHETIC: Nelamangala Toll Plaza,498,509
2024-12-04 18:00:00,SYNTHETIC: Electronic City Toll Plaza,568,582
2024-12-04 18:00:00,SYNTHETIC: Hosur Road Toll Plaza,713,715
2024-12-04 18:00:00,SYNTHETIC: Airport Road Toll Plaza,705,728
2024-12-04 22:00:00,SYNTHETIC: Nelamangala Toll Plaza,523,546
2024-12-04 22:00:00,SYNTHETIC: Electronic City Toll Plaza,596,621
2024-12-04 22:00:00,SYNTHETIC: Hosur Road Toll Plaza,683,692
2024-12-04 22:00:00,SYNTHETIC: Airport Road Toll Plaza,691,716
2024-12-05 06:00:00,SYNTHETIC: Nelamangala Toll Plaza,570,575
2024-12-05 06:00:00,SYNTHETIC: Electronic City Toll Plaza,514,533
2024-12-05 06:00:00,SYNTHETIC: Hosur Road Toll Plaza,612,629
2024-12-05 06:00:00,SYNTHETIC: Airport Road Toll Plaza,732,742
2024-12-05 12:00:00,SYNTHETIC: Nelamangala Toll Plaza,585,610
2024-12-05 12:00:00,SYNTHETIC: Electronic City Toll Plaza,567,575
2024-12-05 12:00:00,SYNTHETIC: Hosur Road Toll Plaza,745,767
2024-12-05 12:00:00,SYNTHETIC: Airport Road Toll Plaza,826,837
2024-12-05 18:00:00,SYNTHETIC: Nelamangala Toll Plaza,434,451
2024-12-05 18:00:00,SYNTHETIC: Electronic City Toll Plaza,638,649
2024-12-05 18:00:00,SYNTHETIC: Hosur Road Toll Plaza,606,606
2024-12-05 18:00:00,SYNTHETIC: Airport Road Toll Plaza,685,701
2024-12-05 22:00:00,SYNTHETIC: Nelamangala Toll Plaza,482,493
2024-12-05 22:00:00,SYNTHETIC: Electronic City Toll Plaza,614,627
2024-12-05 22:00:00,SYNTHETIC: Hosur Road Toll Plaza,657,662
2024-12-05 22:00:00,SYNTHETIC: Airport Road Toll Plaza,676,682
2024-12-06 06:00:00,SYNTHETIC: Nelamangala Toll Plaza,459,468
2024-12-06 06:00:00,SYNTHETIC: Electronic City Toll Plaza,533,557
2024-12-06 06:00:00,SYNTHETIC: Hosur Road Toll Plaza,707,707
2024-12-06 06:00:00,SYNTHETIC: Airport Road Toll Plaza,675,681
2024-12-06 12:00:00,SYNTHETIC: Nelamangala Toll Plaza,539,561
2024-12-06 12:00:00,SYNTHETIC: Electronic City Toll Plaza,611,622
2024-12-06 12:00:00,SYNTHETIC: Hosur Road Toll Plaza,748,766
2024-12-06 12:00:00,SYNTHETIC: Airport Road Toll Plaza,697,711
2024-12-06 18:00:00,SYNTHETIC: Nelamangala Toll Plaza,582,585
2024-12-06 18:00:00,SYNTHETIC: Electronic City Toll Plaza,536,547
2024-12-06 18:00:00,SYNTHETIC: Hosur Road Toll Plaza,667,680
2024-12-06 18:00:00,SYNTHETIC: Airport Road Toll Plaza,704,720
2024-12-06 22:00:00,SYNTHETIC: Nelamangala Toll Plaza,468,481
2024-12-06 22:00:00,SYNTHETIC: Electronic City Toll Plaza,518,542
2024-12-06 22:00:00,SYNTHETIC: Hosur Road Toll Plaza,650,653
2024-12-06 22:00:00,SYNTHETIC: Airport Road Toll Plaza,769,772
2024-12-07 06:00:00,SYNTHETIC: Nelamangala Toll Plaza,699,705
2024-12-07 06:00:00,SYNTHETIC: Electronic City Toll Plaza,735,756
2024-12-07 06:00:00,SYNTHETIC: Hosur Road Toll Plaza,867,882
2024-12-07 06:00:00,SYNTHETIC: Airport Road Toll Plaza,949,957
2024-12-07 12:00:00,SYNTHETIC: Nelamangala Toll Plaza,718,728
2024-12-07 12:00:00,SYNTHETIC: Electronic City Toll Plaza,798,815
2024-12-07 12:00:00,SYNTHETIC: Hosur Road Toll Plaza,744,768
2024-12-07 12:00:00,SYNTHETIC: Airport Road Toll Plaza,828,841
2024-12-07 18:00:00,SYNTHETIC: Nelamangala Toll Plaza,610,622
2024-12-07 18:00:00,SYNTHETIC: Electronic City Toll Plaza,775,785
2024-12-07 18:00:00,SYNTHETIC: Hosur Road Toll Plaza,836,850
2024-12-07 18:00:00,SYNTHETIC: Airport Road Toll Plaza,937,938
2024-12-07 22:00:00,SYNTHETIC: Nelamangala Toll Plaza,588,593
2024-12-07 22:00:00,SYNTHETIC: Electronic City Toll Plaza,802,823
2024-12-07 22:00:00,SYNTHETIC: Hosur Road Toll Plaza,817,839
2024-12-07 22:00:00,SYNTHETIC: Airport Road Toll Plaza,862,877
2024-12-08 06:00:00,SYNTHETIC: Nelamangala Toll Plaza,691,697
2024-12-08 06:00:00,SYNTHETIC: Electronic City Toll Plaza,787,807
2024-12-08 06:00:00,SYNTHETIC: Hosur Road Toll Plaza,759,776
2024-12-08 06:00:00,SYNTHETIC: Airport Road Toll Plaza,874,883
2024-12-08 12:00:00,SYNTHETIC: Nelamangala Toll Plaza,647,648
2024-12-08 12:00:00,SYNTHETIC: Electronic City Toll Plaza,736,754
2024-12-08 12:00:00,SYNTHETIC: Hosur Road Toll Plaza,842,867
2024-12-08 12:00:00,SYNTHETIC: Airport Road Toll Plaza,877,896
2024-12-08 18:00:00,SYNTHETIC: Nelamangala Toll Plaza,603,625
2024-12-08 18:00:00,SYNTHETIC: Electronic City Toll Plaza,808,811
2024-12-08 18:00:00,SYNTHETIC: Hosur Road Toll Plaza,891,901
2024-12-08 18:00:00,SYNTHETIC: Airport Road Toll Plaza,889,891
2024-12-08 22:00:00,SYNTHETIC: Nelamangala Toll Plaza,725,750
2024-12-08 22:00:00,SYNTHETIC: Electronic City Toll Plaza,795,810
2024-12-08 22:00:00,SYNTHETIC: Hosur Road Toll Plaza,849,855
2024-12-08 22:00:00,SYNTHETIC: Airport Road Toll Plaza,908,933
2024-12-09 06:00:00,SYNTHETIC: Nelamangala Toll Plaza,514,525
2024-12-09 06:00:00,SYNTHETIC: Electronic City Toll Plaza,661,682
2024-12-09 06:00:00,SYNTHETIC: Hosur Road Toll Plaza,593,605
2024-12-09 06:00:00,SYNTHETIC: Airport Road Toll Plaza,685,692
2024-12-09 12:00:00,SYNTHETIC: Nelamangala Toll Plaza,438,456
2024-12-09 12:00:00,SYNTHETIC: Electronic City Toll Plaza,618,621
2024-12-09 12:00:00,SYNTHETIC: Hosur Road Toll Plaza,703,724
2024-12-09 12:00:00,SYNTHETIC: Airport Road Toll Plaza,798,822
2024-12-09 18:00:00,SYNTHETIC: Nelamangala Toll Plaza,544,552
2024-12-09 18:00:00,SYNTHETIC: Electronic City Toll Plaza,617,619
2024-12-09 18:00:00,SYNTHETIC: Hosur Road Toll Plaza,630,649
2024-12-09 18:00:00,SYNTHETIC: Airport Road Toll Plaza,681,705
2024-12-09 22:00:00,SYNTHETIC: Nelamangala Toll Plaza,490,500
2024-12-09 22:00:00,SYNTHETIC: Electronic City Toll Plaza,639,662
2024-12-09 22:00:00,SYNTHETIC: Hosur Road Toll Plaza,669,694
2024-12-09 22:00:00,SYNTHETIC: Airport Road Toll Plaza,710,723
2024-12-10 06:00:00,SYNTHETIC: Nelamangala Toll Plaza,574,578
2024-12-10 06:00:00,SYNTHETIC: Electronic City Toll Plaza,490,502
2024-12-10 06:00:00,SYNTHETIC: Hosur Road Toll Plaza,621,641
2024-12-10 06:00:00,SYNTHETIC: Airport Road Toll Plaza,728,738
2024-12-10 12:00:00,SYNTHETIC: Nelamangala Toll Plaza,557,559
2024-12-10 12:00:00,SYNTHETIC: Electronic City Toll Plaza,518,523
2024-12-10 12:00:00,SYNTHETIC: Hosur Road Toll Plaza,633,649
2024-12-10 12:00:00,SYNTHETIC: Airport Road Toll Plaza,816,840
2024-12-10 18:00:00,SYNTHETIC: Nelamangala Toll Plaza,443,462
2024-12-10 18:00:00,SYNTHETIC: Electronic City Toll Plaza,665,678
2024-12-10 18:00:00,SYNTHETIC: Hosur Road Toll Plaza,651,665
2024-12-10 18:00:00,SYNTHETIC: Airport Road Toll Plaza,772,795
2024-12-10 22:00:00,SYNTHETIC: Nelamangala Toll Plaza,444,452
2024-12-10 22:00:00,SYNTHETIC: Electronic City Toll Plaza,534,555
2024-12-10 22:00:00,SYNTHETIC: Hosur Road Toll Plaza,721,731
2024-12-10 22:00:00,SYNTHETIC: Airport Road Toll Plaza,722,728
2024-12-11 06:00:00,SYNTHETIC: Nelamangala Toll Plaza,539,558
2024-12-11 06:00:00,SYNTHETIC: Electronic City Toll Plaza,587,596
2024-12-11 06:00:00,SYNTHETIC: Hosur Road Toll Plaza,671,692
2024-12-11 06:00:00,SYNTHETIC: Airport Road Toll Plaza,744,748
2024-12-11 12:00:00,SYNTHETIC: Nelamangala Toll Plaza,553,554
2024-12-11 12:00:00,SYNTHETIC: Electronic City Toll Plaza,638,643
2024-12-11 12:00:00,SYNTHETIC: Hosur Road Toll Plaza,636,641
2024-12-11 12:00:00,SYNTHETIC: Airport Road Toll Plaza,778,793
2024-12-11 18:00:00,SYNTHETIC: Nelamangala Toll Plaza,496,510
2024-12-11 18:00:00,SYNTHETIC: Electronic City Toll Plaza,523,525
2024-12-11 18:00:00,SYNTHETIC: Hosur Road Toll Plaza,651,673
2024-12-11 18:00:00,SYNTHETIC: Airport Road Toll Plaza,785,798
2024-12-11 22:00:00,SYNTHETIC: Nelamangala Toll Plaza,446,454
2024-12-11 22:00:00,SYNTHETIC: Electronic City Toll Plaza,519,529
2024-12-11 22:00:00,SYNTHETIC: Hosur Road Toll Plaza,581,585
2024-12-11 22:00:00,SYNTHETIC: Airport Road Toll Plaza,777,785
2024-12-12 06:00:00,SYNTHETIC: Nelamangala Toll Plaza,555,559
2024-12-12 06:00:00,SYNTHETIC: Electronic City Toll Plaza,544,545
2024-12-12 06:00:00,SYNTHETIC: Hosur Road Toll Plaza,734,743
2024-12-12 06:00:00,SYNTHETIC: Airport Road Toll Plaza,732,757
2024-12-12 12:00:00,SYNTHETIC: Nelamangala Toll Plaza,424,447
2024-12-12 12:00:00,SYNTHETIC: Electronic City Toll Plaza,508,525
2024-12-12 12:00:00,SYNTHETIC: Hosur Road Toll Plaza,724,736
2024-12-12 12:00:00,SYNTHETIC: Airport Road Toll Plaza,673,685
2024-12-12 18:00:00,SYNTHETIC: Nelamangala Toll Plaza,475,480
2024-12-12 18:00:00,SYNTHETIC: Electronic City Toll Plaza,551,575
2024-12-12 18:00:00,SYNTHETIC: Hosur Road Toll Plaza,672,674
2024-12-12 18:00:00,SYNTHETIC: Airport Road Toll Plaza,655,661
2024-12-12 22:00:00,SYNTHETIC: Nelamangala Toll Plaza,451,463
2024-12-12 22:00:00,SYNTHETIC: Electronic City Toll Plaza,593,602
2024-12-12 22:00:00,SYNTHETIC: Hosur Road Toll Plaza,735,759
2024-12-12 22:00:00,SYNTHETIC: Airport Road Toll Plaza,817,821
2024-12-13 06:00:00,SYNTHETIC: Nelamangala Toll Plaza,457,463
2024-12-13 06:00:00,SYNTHETIC: Electronic City Toll Plaza,537,539
2024-12-13 06:00:00,SYNTHETIC: Hosur Road Toll Plaza,724,732
2024-12-13 06:00:00,SYNTHETIC: Airport Road Toll Plaza,822,825
2024-12-13 12:00:00,SYNTHETIC: Nelamangala Toll Plaza,521,538
2024-12-13 12:00:00,SYNTHETIC: Electronic City Toll Plaza,494,494
2024-12-13 12:00:00,SYNTHETIC: Hosur Road Toll Plaza,671,674
2024-12-13 12:00:00,SYNTHETIC: Airport Road Toll Plaza,653,658
2024-12-13 18:00:00,SYNTHETIC: Nelamangala Toll Plaza,577,592
2024-12-13 18:00:00,SYNTHETIC: Electronic City Toll Plaza,607,629
2024-12-13 18:00:00,SYNTHETIC: Hosur Road Toll Plaza,673,694
2024-12-13 18:00:00,SYNTHETIC: Airport Road Toll Plaza,804,827
2024-12-13 22:00:00,SYNTHETIC: Nelamangala Toll Plaza,534,543
2024-12-13 22:00:00,SYNTHETIC: Electronic City Toll Plaza,648,667
2024-12-13 22:00:00,SYNTHETIC: Hosur Road Toll Plaza,662,684
2024-12-13 22:00:00,SYNTHETIC: Airport Road Toll Plaza,822,844
2024-12-14 06:00:00,SYNTHETIC: Nelamangala Toll Plaza,679,692
2024-12-14 06:00:00,SYNTHETIC: Electronic City Toll Plaza,832,852
2024-12-14 06:00:00,SYNTHETIC: Hosur Road Toll Plaza,832,857
2024-12-14 06:00:00,SYNTHETIC: Airport Road Toll Plaza,940,965
2024-12-14 12:00:00,SYNTHETIC: Nelamangala Toll Plaza,621,640
2024-12-14 12:00:00,SYNTHETIC: Electronic City Toll Plaza,713,722
2024-12-14 12:00:00,SYNTHETIC: Hosur Road Toll Plaza,916,939
2024-12-14 12:00:00,SYNTHETIC: Airport Road Toll Plaza,842,863
2024-12-14 18:00:00,SYNTHETIC: Nelamangala Toll Plaza,703,707
2024-12-14 18:00:00,SYNTHETIC: Electronic City Toll Plaza,704,710
2024-12-14 18:00:00,SYNTHETIC: Hosur Road Toll Plaza,780,799
2024-12-14 18:00:00,SYNTHETIC: Airport Road Toll Plaza,945,948
2024-12-14 22:00:00,SYNTHETIC: Nelamangala Toll Plaza,686,701
2024-12-14 22:00:00,SYNTHETIC: Electronic City Toll Plaza,737,744
2024-12-14 22:00:00,SYNTHETIC: Hosur Road Toll Plaza,793,810
2024-12-14 22:00:00,SYNTHETIC: Airport Road Toll Plaza,832,832
2024-12-15 06:00:00,SYNTHETIC: Nelamangala Toll Plaza,712,737
2024-12-15 06:00:00,SYNTHETIC: Electronic City Toll Plaza,834,845
2024-12-15 06:00:00,SYNTHETIC: Hosur Road Toll Plaza,747,761
2024-12-15 06:00:00,SYNTHETIC: Airport Road Toll Plaza,857,881
2024-12-15 12:00:00,SYNTHETIC: Nelamangala Toll Plaza,582,604
2024-12-15 12:00:00,SYNTHETIC: Electronic City Toll Plaza,792,794
2024-12-15 12:00:00,SYNTHETIC: Hosur Road Toll Plaza,761,771
2024-12-15 12:00:00,SYNTHETIC: Airport Road Toll Plaza,900,912
2024-12-15 18:00:00,SYNTHETIC: Nelamangala Toll Plaza,622,635
2024-12-15 18:00:00,SYNTHETIC: Electronic City Toll Plaza,675,687
2024-12-15 18:00:00,SYNTHETIC: Hosur Road Toll Plaza,749,770
2024-12-15 18:00:00,SYNTHETIC: Airport Road Toll Plaza,984,988
2024-12-15 22:00:00,SYNTHETIC: Nelamangala Toll Plaza,727,728
2024-12-15 22:00:00,SYNTHETIC: Electronic City Toll Plaza,821,843
2024-12-15 22:00:00,SYNTHETIC: Hosur Road Toll Plaza,909,925
2024-12-15 22:00:00,SYNTHETIC: Airport Road Toll Plaza,895,908
2024-12-16 06:00:00,SYNTHETIC: Nelamangala Toll Plaza,425,438
2024-12-16 06:00:00,SYNTHETIC: Electronic City Toll Plaza,523,538
2024-12-16 06:00:00,SYNTHETIC: Hosur Road Toll Plaza,624,638
2024-12-16 06:00:00,SYNTHETIC: Airport Road Toll Plaza,669,680
2024-12-16 12:00:00,SYNTHETIC: Nelamangala Toll Plaza,583,599
2024-12-16 12:00:00,SYNTHETIC: Electronic City Toll Plaza,593,611
2024-12-16 12:00:00,SYNTHETIC: Hosur Road Toll Plaza,713,729
2024-12-16 12:00:00,SYNTHETIC: Airport Road Toll Plaza,751,759
2024-12-16 18:00:00,SYNTHETIC: Nelamangala Toll Plaza,559,574
2024-12-16 18:00:00,SYNTHETIC: Electronic City Toll Plaza,652,665
2024-12-16 18:00:00,SYNTHETIC: Hosur Road Toll Plaza,682,704
2024-12-16 18:00:00,SYNTHETIC: Airport Road Toll Plaza,775,798
2024-12-16 22:00:00,SYNTHETIC: Nelamangala Toll Plaza,516,521
2024-12-16 22:00:00,SYNTHETIC: Electronic City Toll Plaza,526,542
2024-12-16 22:00:00,SYNTHETIC: Hosur Road Toll Plaza,602,617
2024-12-16 22:00:00,SYNTHETIC: Airport Road Toll Plaza,767,771
2024-12-17 06:00:00,SYNTHETIC: Nelamangala Toll Plaza,543,549
2024-12-17 06:00:00,SYNTHETIC: Electronic City Toll Plaza,611,627
2024-12-17 06:00:00,SYNTHETIC: Hosur Road Toll Plaza,574,577
2024-12-17 06:00:00,SYNTHETIC: Airport Road Toll Plaza,818,835
2024-12-17 12:00:00,SYNTHETIC: Nelamangala Toll Plaza,456,456
2024-12-17 12:00:00,SYNTHETIC: Electronic City Toll Plaza,560,585
2024-12-17 12:00:00,SYNTHETIC: Hosur Road Toll Plaza,622,629
2024-12-17 12:00:00,SYNTHETIC: Airport Road Toll Plaza,830,848
2024-12-17 18:00:00,SYNTHETIC: Nelamangala Toll Plaza,523,525
2024-12-17 18:00:00,SYNTHETIC: Electronic City Toll Plaza,626,645
2024-12-17 18:00:00,SYNTHETIC: Hosur Road Toll Plaza,652,664
2024-12-17 18:00:00,SYNTHETIC: Airport Road Toll Plaza,800,801
2024-12-17 22:00:00,SYNTHETIC: Nelamangala Toll Plaza,535,535
2024-12-17 22:00:00,SYNTHETIC: Electronic City Toll Plaza,577,590
2024-12-17 22:00:00,SYNTHETIC: Hosur Road Toll Plaza,616,629
2024-12-17 22:00:00,SYNTHETIC: Airport Road Toll Plaza,656,672
2024-12-18 06:00:00,SYNTHETIC: Nelamangala Toll Plaza,571,577
2024-12-18 06:00:00,SYNTHETIC: Electronic City Toll Plaza,639,655
2024-12-18 06:00:00,SYNTHETIC: Hosur Road Toll Plaza,642,643
2024-12-18 06:00:00,SYNTHETIC: Airport Road Toll Plaza,691,714
2024-12-18 12:00:00,SYNTHETIC: Nelamangala Toll Plaza,546,564
2024-12-18 12:00:00,SYNTHETIC: Electronic City Toll Plaza,507,516
2024-12-18 12:00:00,SYNTHETIC: Hosur Road Toll Plaza,592,604
2024-12-18 12:00:00,SYNTHETIC: Airport Road Toll Plaza,828,831
2024-12-18 18:00:00,SYNTHETIC: Nelamangala Toll Plaza,445,468
2024-12-18 18:00:00,SYNTHETIC: Electronic City Toll Plaza,632,640
2024-12-18 18:00:00,SYNTHETIC: Hosur Road Toll Plaza,680,686
2024-12-18 18:00:00,SYNTHETIC: Airport Road Toll Plaza,806,822
2024-12-18 22:00:00,SYNTHETIC: Nelamangala Toll Plaza,491,512
2024-12-18 22:00:00,SYNTHETIC: Electronic City Toll Plaza,577,597
2024-12-18 22:00:00,SYNTHETIC: Hosur Road Toll Plaza,636,660
2024-12-18 22:00:00,SYNTHETIC: Airport Road Toll Plaza,765,773
2024-12-19 06:00:00,SYNTHETIC: Nelamangala Toll Plaza,519,539
2024-12-19 06:00:00,SYNTHETIC: Electronic City Toll Plaza,662,682
2024-12-19 06:00:00,SYNTHETIC: Hosur Road Toll Plaza,583,593
2024-12-19 06:00:00,SYNTHETIC: Airport Road Toll Plaza,760,773
2024-12-19 12:00:00,SYNTHETIC: Nelamangala Toll Plaza,480,483
2024-12-19 12:00:00,SYNTHETIC: Electronic City Toll Plaza,664,680
2024-12-19 12:00:00,SYNTHETIC: Hosur Road Toll Plaza,689,704
2024-12-19 12:00:00,SYNTHETIC: Airport Road Toll Plaza,742,758
2024-12-19 18:00:00,SYNTHETIC: Nelamangala Toll Plaza,421,444
2024-12-19 18:00:00,SYNTHETIC: Electronic City Toll Plaza,547,548
2024-12-19 18:00:00,SYNTHETIC: Hosur Road Toll Plaza,641,654
2024-12-19 18:00:00,SYNTHETIC: Airport Road Toll Plaza,786,800
2024-12-19 22:00:00,SYNTHETIC: Nelamangala Toll Plaza,490,490
2024-12-19 22:00:00,SYNTHETIC: Electronic City Toll Plaza,590,596
2024-12-19 22:00:00,SYNTHETIC: Hosur Road Toll Plaza,655,657
2024-12-19 22:00:00,SYNTHETIC: Airport Road Toll Plaza,796,821
2024-12-20 06:00:00,SYNTHETIC: Nelamangala Toll Plaza,445,470
2024-12-20 06:00:00,SYNTHETIC: Electronic City Toll Plaza,501,502
2024-12-20 06:00:00,SYNTHETIC: Hosur Road Toll Plaza,602,611
2024-12-20 06:00:00,SYNTHETIC: Airport Road Toll Plaza,799,812
2024-12-20 12:00:00,SYNTHETIC: Nelamangala Toll Plaza,541,561
2024-12-20 12:00:00,SYNTHETIC: Electronic City Toll Plaza,581,590
2024-12-20 12:00:00,SYNTHETIC: Hosur Road Toll Plaza,719,736
2024-12-20 12:00:00,SYNTHETIC: Airport Road Toll Plaza,687,691
2024-12-20 18:00:00,SYNTHETIC: Nelamangala Toll Plaza,530,539
2024-12-20 18:00:00,SYNTHETIC: Electronic City Toll Plaza,644,654
2024-12-20 18:00:00,SYNTHETIC: Hosur Road Toll Plaza,644,655
2024-12-20 18:00:00,SYNTHETIC: Airport Road Toll Plaza,652,668
2024-12-20 22:00:00,SYNTHETIC: Nelamangala Toll Plaza,560,581
2024-12-20 22:00:00,SYNTHETIC: Electronic City Toll Plaza,663,667
2024-12-20 22:00:00,SYNTHETIC: Hosur Road Toll Plaza,584,591
2024-12-20 22:00:00,SYNTHETIC: Airport Road Toll Plaza,779,796
2024-12-21 06:00:00,SYNTHETIC: Nelamangala Toll Plaza,739,752
2024-12-21 06:00:00,SYNTHETIC: Electronic City Toll Plaza,676,679
2024-12-21 06:00:00,SYNTHETIC: Hosur Road Toll Plaza,776,780
2024-12-21 06:00:00,SYNTHETIC: Airport Road Toll Plaza,868,874
2024-12-21 12:00:00,SYNTHETIC: Nelamangala Toll Plaza,716,728
2024-12-21 12:00:00,SYNTHETIC: Electronic City Toll Plaza,837,848
2024-12-21 12:00:00,SYNTHETIC: Hosur Road Toll Plaza,821,840
2024-12-21 12:00:00,SYNTHETIC: Airport Road Toll Plaza,929,949
2024-12-21 18:00:00,SYNTHETIC: Nelamangala Toll Plaza,642,643
2024-12-21 18:00:00,SYNTHETIC: Electronic City Toll Plaza,817,835
2024-12-21 18:00:00,SYNTHETIC: Hosur Road Toll Plaza,788,805
2024-12-21 18:00:00,SYNTHETIC: Airport Road Toll Plaza,895,920
2024-12-21 22:00:00,SYNTHETIC: Nelamangala Toll Plaza,618,628
2024-12-21 22:00:00,SYNTHETIC: Electronic City Toll Plaza,723,724
2024-12-21 22:00:00,SYNTHETIC: Hosur Road Toll Plaza,901,926
2024-12-21 22:00:00,SYNTHETIC: Airport Road Toll Plaza,891,895
2024-12-22 06:00:00,SYNTHETIC: Nelamangala Toll Plaza,734,738
2024-12-22 06:00:00,SYNTHETIC: Electronic City Toll Plaza,799,807
2024-12-22 06:00:00,SYNTHETIC: Hosur Road Toll Plaza,742,766
2024-12-22 06:00:00,SYNTHETIC: Airport Road Toll Plaza,896,905
2024-12-22 12:00:00,SYNTHETIC: Nelamangala Toll Plaza,668,693
2024-12-22 12:00:00,SYNTHETIC: Electronic City Toll Plaza,763,775
2024-12-22 12:00:00,SYNTHETIC: Hosur Road Toll Plaza,888,912
2024-12-22 12:00:00,SYNTHETIC: Airport Road Toll Plaza,987,987
2024-12-22 18:00:00,SYNTHETIC: Nelamangala Toll Plaza,700,720
2024-12-22 18:00:00,SYNTHETIC: Electronic City Toll Plaza,791,815
2024-12-22 18:00:00,SYNTHETIC: Hosur Road Toll Plaza,778,790
2024-12-22 18:00:00,SYNTHETIC: Airport Road Toll Plaza,878,885
2024-12-22 22:00:00,SYNTHETIC: Nelamangala Toll Plaza,633,648
2024-12-22 22:00:00,SYNTHETIC: Electronic City Toll Plaza,719,735
2024-12-22 22:00:00,SYNTHETIC: Hosur Road Toll Plaza,890,915
2024-12-22 22:00:00,SYNTHETIC: Airport Road Toll Plaza,961,985
2024-12-23 06:00:00,SYNTHETIC: Nelamangala Toll Plaza,462,466
2024-12-23 06:00:00,SYNTHETIC: Electronic City Toll Plaza,542,551
2024-12-23 06:00:00,SYNTHETIC: Hosur Road Toll Plaza,680,702
2024-12-23 06:00:00,SYNTHETIC: Airport Road Toll Plaza,820,835
2024-12-23 12:00:00,SYNTHETIC: Nelamangala Toll Plaza,450,469
2024-12-23 12:00:00,SYNTHETIC: Electronic City Toll Plaza,637,646
2024-12-23 12:00:00,SYNTHETIC: Hosur Road Toll Plaza,720,726
2024-12-23 12:00:00,SYNTHETIC: Airport Road Toll Plaza,778,800
2024-12-23 18:00:00,SYNTHETIC: Nelamangala Toll Plaza,585,599
2024-12-23 18:00:00,SYNTHETIC: Electronic City Toll Plaza,560,566
2024-12-23 18:00:00,SYNTHETIC: Hosur Road Toll Plaza,571,575
2024-12-23 18:00:00,SYNTHETIC: Airport Road Toll Plaza,764,766
2024-12-23 22:00:00,SYNTHETIC: Nelamangala Toll Plaza,512,531
2024-12-23 22:00:00,SYNTHETIC: Electronic City Toll Plaza,553,569
2024-12-23 22:00:00,SYNTHETIC: Hosur Road Toll Plaza,654,672
2024-12-23 22:00:00,SYNTHETIC: Airport Road Toll Plaza,775,789
2024-12-24 06:00:00,SYNTHETIC: Nelamangala Toll Plaza,581,605
2024-12-24 06:00:00,SYNTHETIC: Electronic City Toll Plaza,492,513
2024-12-24 06:00:00,SYNTHETIC: Hosur Road Toll Plaza,639,643
2024-12-24 06:00:00,SYNTHETIC: Airport Road Toll Plaza,762,773
2024-12-24 12:00:00,SYNTHETIC: Nelamangala Toll Plaza,455,461
2024-12-24 12:00:00,SYNTHETIC: Electronic City Toll Plaza,498,519
2024-12-24 12:00:00,SYNTHETIC: Hosur Road Toll Plaza,706,712
2024-12-24 12:00:00,SYNTHETIC: Airport Road Toll Plaza,763,785
2024-12-24 18:00:00,SYNTHETIC: Nelamangala Toll Plaza,422,442
2024-12-24 18:00:00,SYNTHETIC: Electronic City Toll Plaza,623,643
2024-12-24 18:00:00,SYNTHETIC: Hosur Road Toll Plaza,739,761
2024-12-24 18:00:00,SYNTHETIC: Airport Road Toll Plaza,818,821
2024-12-24 22:00:00,SYNTHETIC: Nelamangala Toll Plaza,509,531
2024-12-24 22:00:00,SYNTHETIC: Electronic City Toll Plaza,568,582
2024-12-24 22:00:00,SYNTHETIC: Hosur Road Toll Plaza,583,602
2024-12-24 22:00:00,SYNTHETIC: Airport Road Toll Plaza,651,652
2024-12-25 06:00:00,SYNTHETIC: Nelamangala Toll Plaza,779,803
2024-12-25 06:00:00,SYNTHETIC: Electronic City Toll Plaza,812,831
2024-12-25 06:00:00,SYNTHETIC: Hosur Road Toll Plaza,850,851
2024-12-25 06:00:00,SYNTHETIC: Airport Road Toll Plaza,945,956
2024-12-25 12:00:00,SYNTHETIC: Nelamangala Toll Plaza,797,806
2024-12-25 12:00:00,SYNTHETIC: Electronic City Toll Plaza,801,805
2024-12-25 12:00:00,SYNTHETIC: Hosur Road Toll Plaza,926,932
2024-12-25 12:00:00,SYNTHETIC: Airport Road Toll Plaza,1074,1075
2024-12-25 18:00:00,SYNTHETIC: Nelamangala Toll Plaza,730,753
2024-12-25 18:00:00,SYNTHETIC: Electronic City Toll Plaza,903,917
2024-12-25 18:00:00,SYNTHETIC: Hosur Road Toll Plaza,914,918
2024-12-25 18:00:00,SYNTHETIC: Airport Road Toll Plaza,981,991
2024-12-25 22:00:00,SYNTHETIC: Nelamangala Toll Plaza,834,859
2024-12-25 22:00:00,SYNTHETIC: Electronic City Toll Plaza,760,776
2024-12-25 22:00:00,SYNTHETIC: Hosur Road Toll Plaza,936,956
2024-12-25 22:00:00,SYNTHETIC: Airport Road Toll Plaza,983,1007
2024-12-26 06:00:00,SYNTHETIC: Nelamangala Toll Plaza,460,464
2024-12-26 06:00:00,SYNTHETIC: Electronic City Toll Plaza,538,538
2024-12-26 06:00:00,SYNTHETIC: Hosur Road Toll Plaza,573,589
2024-12-26 06:00:00,SYNTHETIC: Airport Road Toll Plaza,745,760
2024-12-26 12:00:00,SYNTHETIC: Nelamangala Toll Plaza,513,526
2024-12-26 12:00:00,SYNTHETIC: Electronic City Toll Plaza,591,614
2024-12-26 12:00:00,SYNTHETIC: Hosur Road Toll Plaza,665,677
2024-12-26 12:00:00,SYNTHETIC: Airport Road Toll Plaza,775,784
2024-12-26 18:00:00,SYNTHETIC: Nelamangala Toll Plaza,574,592
2024-12-26 18:00:00,SYNTHETIC: Electronic City Toll Plaza,508,521
2024-12-26 18:00:00,SYNTHETIC: Hosur Road Toll Plaza,579,582
2024-12-26 18:00:00,SYNTHETIC: Airport Road Toll Plaza,748,766
2024-12-26 22:00:00,SYNTHETIC: Nelamangala Toll Plaza,451,457
2024-12-26 22:00:00,SYNTHETIC: Electronic City Toll Plaza,601,609
2024-12-26 22:00:00,SYNTHETIC: Hosur Road Toll Plaza,659,675
2024-12-26 22:00:00,SYNTHETIC: Airport Road Toll Plaza,775,795
2024-12-27 06:00:00,SYNTHETIC: Nelamangala Toll Plaza,569,572
2024-12-27 06:00:00,SYNTHETIC: Electronic City Toll Plaza,652,657
2024-12-27 06:00:00,SYNTHETIC: Hosur Road Toll Plaza,590,599
2024-12-27 06:00:00,SYNTHETIC: Airport Road Toll Plaza,671,683
2024-12-27 12:00:00,SYNTHETIC: Nelamangala Toll Plaza,441,449
2024-12-27 12:00:00,SYNTHETIC: Electronic City Toll Plaza,506,516
2024-12-27 12:00:00,SYNTHETIC: Hosur Road Toll Plaza,577,595
2024-12-27 12:00:00,SYNTHETIC: Airport Road Toll Plaza,710,725
2024-12-27 18:00:00,SYNTHETIC: Nelamangala Toll Plaza,534,555
2024-12-27 18:00:00,SYNTHETIC: Electronic City Toll Plaza,515,515
2024-12-27 18:00:00,SYNTHETIC: Hosur Road Toll Plaza,585,593
2024-12-27 18:00:00,SYNTHETIC: Airport Road Toll Plaza,651,672
2024-12-27 22:00:00,SYNTHETIC: Nelamangala Toll Plaza,559,584
2024-12-27 22:00:00,SYNTHETIC: Electronic City Toll Plaza,500,503
2024-12-27 22:00:00,SYNTHETIC: Hosur Road Toll Plaza,624,640
2024-12-27 22:00:00,SYNTHETIC: Airport Road Toll Plaza,651,663
2024-12-28 06:00:00,SYNTHETIC: Nelamangala Toll Plaza,587,592
2024-12-28 06:00:00,SYNTHETIC: Electronic City Toll Plaza,743,755
2024-12-28 06:00:00,SYNTHETIC: Hosur Road Toll Plaza,811,818
2024-12-28 06:00:00,SYNTHETIC: Airport Road Toll Plaza,885,906
2024-12-28 12:00:00,SYNTHETIC: Nelamangala Toll Plaza,701,722
2024-12-28 12:00:00,SYNTHETIC: Electronic City Toll Plaza,691,712
2024-12-28 12:00:00,SYNTHETIC: Hosur Road Toll Plaza,774,791
2024-12-28 12:00:00,SYNTHETIC: Airport Road Toll Plaza,982,1005
2024-12-28 18:00:00,SYNTHETIC: Nelamangala Toll Plaza,705,707
2024-12-28 18:00:00,SYNTHETIC: Electronic City Toll Plaza,837,847
2024-12-28 18:00:00,SYNTHETIC: Hosur Road Toll Plaza,797,815
2024-12-28 18:00:00,SYNTHETIC: Airport Road Toll Plaza,973,975
2024-12-28 22:00:00,SYNTHETIC: Nelamangala Toll Plaza,744,754
2024-12-28 22:00:00,SYNTHETIC: Electronic City Toll Plaza,756,778
2024-12-28 22:00:00,SYNTHETIC: Hosur Road Toll Plaza,837,857
2024-12-28 22:00:00,SYNTHETIC: Airport Road Toll Plaza,984,1009
2024-12-29 06:00:00,SYNTHETIC: Nelamangala Toll Plaza,652,661
2024-12-29 06:00:00,SYNTHETIC: Electronic City Toll Plaza,838,844
2024-12-29 06:00:00,SYNTHETIC: Hosur Road Toll Plaza,919,936
2024-12-29 06:00:00,SYNTHETIC: Airport Road Toll Plaza,920,923
2024-12-29 12:00:00,SYNTHETIC: Nelamangala Toll Plaza,613,623
2024-12-29 12:00:00,SYNTHETIC: Electronic City Toll Plaza,808,833
2024-12-29 12:00:00,SYNTHETIC: Hosur Road Toll Plaza,753,775
2024-12-29 12:00:00,SYNTHETIC: Airport Road Toll Plaza,897,911
2024-12-29 18:00:00,SYNTHETIC: Nelamangala Toll Plaza,747,752
2024-12-29 18:00:00,SYNTHETIC: Electronic City Toll Plaza,807,811
2024-12-29 18:00:00,SYNTHETIC: Hosur Road Toll Plaza,853,875
2024-12-29 18:00:00,SYNTHETIC: Airport Road Toll Plaza,943,952
2024-12-29 22:00:00,SYNTHETIC: Nelamangala Toll Plaza,617,623
2024-12-29 22:00:00,SYNTHETIC: Electronic City Toll Plaza,715,740
2024-12-29 22:00:00,SYNTHETIC: Hosur Road Toll Plaza,790,813
2024-12-29 22:00:00,SYNTHETIC: Airport Road Toll Plaza,986,986
2024-12-30 06:00:00,SYNTHETIC: Nelamangala Toll Plaza,524,549
2024-12-30 06:00:00,SYNTHETIC: Electronic City Toll Plaza,570,573
2024-12-30 06:00:00,SYNTHETIC: Hosur Road Toll Plaza,580,584
2024-12-30 06:00:00,SYNTHETIC: Airport Road Toll Plaza,797,803
2024-12-30 12:00:00,SYNTHETIC: Nelamangala Toll Plaza,577,582
2024-12-30 12:00:00,SYNTHETIC: Electronic City Toll Plaza,512,529
2024-12-30 12:00:00,SYNTHETIC: Hosur Road Toll Plaza,635,659
2024-12-30 12:00:00,SYNTHETIC: Airport Road Toll Plaza,658,660
2024-12-30 18:00:00,SYNTHETIC: Nelamangala Toll Plaza,441,457
2024-12-30 18:00:00,SYNTHETIC: Electronic City Toll Plaza,566,577
2024-12-30 18:00:00,SYNTHETIC: Hosur Road Toll Plaza,709,714
2024-12-30 18:00:00,SYNTHETIC: Airport Road Toll Plaza,758,779
2024-12-30 22:00:00,SYNTHETIC: Nelamangala Toll Plaza,410,417
2024-12-30 22:00:00,SYNTHETIC: Electronic City Toll Plaza,566,567
2024-12-30 22:00:00,SYNTHETIC: Hosur Road Toll Plaza,702,727
2024-12-30 22:00:00,SYNTHETIC: Airport Road Toll Plaza,725,746
2024-12-31 06:00:00,SYNTHETIC: Nelamangala Toll Plaza,499,521
2024-12-31 06:00:00,SYNTHETIC: Electronic City Toll Plaza,636,645
2024-12-31 06:00:00,SYNTHETIC: Hosur Road Toll Plaza,711,719
2024-12-31 06:00:00,SYNTHETIC: Airport Road Toll Plaza,805,808
2024-12-31 12:00:00,SYNTHETIC: Nelamangala Toll Plaza,422,427
2024-12-31 12:00:00,SYNTHETIC: Electronic City Toll Plaza,571,595
2024-12-31 12:00:00,SYNTHETIC: Hosur Road Toll Plaza,669,674
2024-12-31 12:00:00,SYNTHETIC: Airport Road Toll Plaza,738,763
2024-12-31 18:00:00,SYNTHETIC: Nelamangala Toll Plaza,583,608
2024-12-31 18:00:00,SYNTHETIC: Electronic City Toll Plaza,626,643
2024-12-31 18:00:00,SYNTHETIC: Hosur Road Toll Plaza,722,734
2024-12-31 18:00:00,SYNTHETIC: Airport Road Toll Plaza,772,790
2024-12-31 22:00:00,SYNTHETIC: Nelamangala Toll Plaza,442,450
2024-12-31 22:00:00,SYNTHETIC: Electronic City Toll Plaza,492,513
2024-12-31 22:00:00,SYNTHETIC: Hosur Road Toll Plaza,701,723
2024-12-31 22:00:00,SYNTHETIC: Airport Road Toll Plaza,689,710
2025-01-01 06:00:00,SYNTHETIC: Nelamangala Toll Plaza,438,448
2025-01-01 06:00:00,SYNTHETIC: Electronic City Toll Plaza,663,670
2025-01-01 06:00:00,SYNTHETIC: Hosur Road Toll Plaza,708,732
2025-01-01 06:00:00,SYNTHETIC: Airport Road Toll Plaza,680,689
2025-01-01 12:00:00,SYNTHETIC: Nelamangala Toll Plaza,486,501
2025-01-01 12:00:00,SYNTHETIC: Electronic City Toll Plaza,565,573
2025-01-01 12:00:00,SYNTHETIC: Hosur Road Toll Plaza,624,624
2025-01-01 12:00:00,SYNTHETIC: Airport Road Toll Plaza,811,829
2025-01-01 18:00:00,SYNTHETIC: Nelamangala Toll Plaza,510,516
2025-01-01 18:00:00,SYNTHETIC: Electronic City Toll Plaza,568,588
2025-01-01 18:00:00,SYNTHETIC: Hosur Road Toll Plaza,701,702
2025-01-01 18:00:00,SYNTHETIC: Airport Road Toll Plaza,768,787
2025-01-01 22:00:00,SYNTHETIC: Nelamangala Toll Plaza,534,535
2025-01-01 22:00:00,SYNTHETIC: Electronic City Toll Plaza,581,581
2025-01-01 22:00:00,SYNTHETIC: Hosur Road Toll Plaza,727,741
2025-01-01 22:00:00,SYNTHETIC: Airport Road Toll Plaza,734,743
2025-01-02 06:00:00,SYNTHETIC: Nelamangala Toll Plaza,540,545
2025-01-02 06:00:00,SYNTHETIC: Electronic City Toll Plaza,553,561
2025-01-02 06:00:00,SYNTHETIC: Hosur Road Toll Plaza,599,607
2025-01-02 06:00:00,SYNTHETIC: Airport Road Toll Plaza,829,836
2025-01-02 12:00:00,SYNTHETIC: Nelamangala Toll Plaza,580,593
2025-01-02 12:00:00,SYNTHETIC: Electronic City Toll Plaza,540,555
2025-01-02 12:00:00,SYNTHETIC: Hosur Road Toll Plaza,750,775
2025-01-02 12:00:00,SYNTHETIC: Airport Road Toll Plaza,676,698
2025-01-02 18:00:00,SYNTHETIC: Nelamangala Toll Plaza,538,557
2025-01-02 18:00:00,SYNTHETIC: Electronic City Toll Plaza,536,542
2025-01-02 18:00:00,SYNTHETIC: Hosur Road Toll Plaza,721,741
2025-01-02 18:00:00,SYNTHETIC: Airport Road Toll Plaza,812,816
2025-01-02 22:00:00,SYNTHETIC: Nelamangala Toll Plaza,468,471
2025-01-02 22:00:00,SYNTHETIC: Electronic City Toll Plaza,523,535
2025-01-02 22:00:00,SYNTHETIC: Hosur Road Toll Plaza,579,587
2025-01-02 22:00:00,SYNTHETIC: Airport Road Toll Plaza,699,703
2025-01-03 06:00:00,SYNTHETIC: Nelamangala Toll Plaza,474,498
2025-01-03 06:00:00,SYNTHETIC: Electronic City Toll Plaza,633,644
2025-01-03 06:00:00,SYNTHETIC: Hosur Road Toll Plaza,663,677
2025-01-03 06:00:00,SYNTHETIC: Airport Road Toll Plaza,811,833
2025-01-03 12:00:00,SYNTHETIC: Nelamangala Toll Plaza,440,453
2025-01-03 12:00:00,SYNTHETIC: Electronic City Toll Plaza,507,522
2025-01-03 12:00:00,SYNTHETIC: Hosur Road Toll Plaza,677,693
2025-01-03 12:00:00,SYNTHETIC: Airport Road Toll Plaza,778,803
2025-01-03 18:00:00,SYNTHETIC: Nelamangala Toll Plaza,415,420
2025-01-03 18:00:00,SYNTHETIC: Electronic City Toll Plaza,643,651
2025-01-03 18:00:00,SYNTHETIC: Hosur Road Toll Plaza,748,752
2025-01-03 18:00:00,SYNTHETIC: Airport Road Toll Plaza,724,725
2025-01-03 22:00:00,SYNTHETIC: Nelamangala Toll Plaza,554,555
2025-01-03 22:00:00,SYNTHETIC: Electronic City Toll Plaza,667,673
2025-01-03 22:00:00,SYNTHETIC: Hosur Road Toll Plaza,671,686
2025-01-03 22:00:00,SYNTHETIC: Airport Road Toll Plaza,825,842
2025-01-04 06:00:00,SYNTHETIC: Nelamangala Toll Plaza,639,662
2025-01-04 06:00:00,SYNTHETIC: Electronic City Toll Plaza,771,782
2025-01-04 06:00:00,SYNTHETIC: Hosur Road Toll Plaza,777,792
2025-01-04 06:00:00,SYNTHETIC: Airport Road Toll Plaza,843,858
2025-01-04 12:00:00,SYNTHETIC: Nelamangala Toll Plaza,626,640
2025-01-04 12:00:00,SYNTHETIC: Electronic City Toll Plaza,707,712
2025-01-04 12:00:00,SYNTHETIC: Hosur Road Toll Plaza,788,806
2025-01-04 12:00:00,SYNTHETIC: Airport Road Toll Plaza,945,968
2025-01-04 18:00:00,SYNTHETIC: Nelamangala Toll Plaza,626,646
2025-01-04 18:00:00,SYNTHETIC: Electronic City Toll Plaza,732,732
2025-01-04 18:00:00,SYNTHETIC: Hosur Road Toll Plaza,819,824
2025-01-04 18:00:00,SYNTHETIC: Airport Road Toll Plaza,865,877
2025-01-04 22:00:00,SYNTHETIC: Nelamangala Toll Plaza,755,774
2025-01-04 22:00:00,SYNTHETIC: Electronic City Toll Plaza,708,710
2025-01-04 22:00:00,SYNTHETIC: Hosur Road Toll Plaza,776,778
2025-01-04 22:00:00,SYNTHETIC: Airport Road Toll Plaza,929,936
2025-01-05 06:00:00,SYNTHETIC: Nelamangala Toll Plaza,653,664
2025-01-05 06:00:00,SYNTHETIC: Electronic City Toll Plaza,686,694
2025-01-05 06:00:00,SYNTHETIC: Hosur Road Toll Plaza,867,888
2025-01-05 06:00:00,SYNTHETIC: Airport Road Toll Plaza,914,922
2025-01-05 12:00:00,SYNTHETIC: Nelamangala Toll Plaza,599,624
2025-01-05 12:00:00,SYNTHETIC: Electronic City Toll Plaza,660,664
2025-01-05 12:00:00,SYNTHETIC: Hosur Road Toll Plaza,907,911
2025-01-05 12:00:00,SYNTHETIC: Airport Road Toll Plaza,901,905
2025-01-05 18:00:00,SYNTHETIC: Nelamangala Toll Plaza,679,693
2025-01-05 18:00:00,SYNTHETIC: Electronic City Toll Plaza,782,784
2025-01-05 18:00:00,SYNTHETIC: Hosur Road Toll Plaza,768,786
2025-01-05 18:00:00,SYNTHETIC: Airport Road Toll Plaza,929,952
2025-01-05 22:00:00,SYNTHETIC: Nelamangala Toll Plaza,651,655
2025-01-05 22:00:00,SYNTHETIC: Electronic City Toll Plaza,683,693
2025-01-05 22:00:00,SYNTHETIC: Hosur Road Toll Plaza,772,777
2025-01-05 22:00:00,SYNTHETIC: Airport Road Toll Plaza,918,929
2025-01-06 06:00:00,SYNTHETIC: Nelamangala Toll Plaza,574,575
2025-01-06 06:00:00,SYNTHETIC: Electronic City Toll Plaza,644,668
2025-01-06 06:00:00,SYNTHETIC: Hosur Road Toll Plaza,614,630
2025-01-06 06:00:00,SYNTHETIC: Airport Road Toll Plaza,691,691
2025-01-06 12:00:00,SYNTHETIC: Nelamangala Toll Plaza,511,524
2025-01-06 12:00:00,SYNTHETIC: Electronic City Toll Plaza,664,678
2025-01-06 12:00:00,SYNTHETIC: Hosur Road Toll Plaza,711,733
2025-01-06 12:00:00,SYNTHETIC: Airport Road Toll Plaza,716,734
2025-01-06 18:00:00,SYNTHETIC: Nelamangala Toll Plaza,538,547
2025-01-06 18:00:00,SYNTHETIC: Electronic City Toll Plaza,548,561
2025-01-06 18:00:00,SYNTHETIC: Hosur Road Toll Plaza,610,618
2025-01-06 18:00:00,SYNTHETIC: Airport Road Toll Plaza,673,689
2025-01-06 22:00:00,SYNTHETIC: Nelamangala Toll Plaza,506,510
2025-01-06 22:00:00,SYNTHETIC: Electronic City Toll Plaza,544,556
2025-01-06 22:00:00,SYNTHETIC: Hosur Road Toll Plaza,728,729
2025-01-06 22:00:00,SYNTHETIC: Airport Road Toll Plaza,706,718
2025-01-07 06:00:00,SYNTHETIC: Nelamangala Toll Plaza,497,511
2025-01-07 06:00:00,SYNTHETIC: Electronic City Toll Plaza,523,533
2025-01-07 06:00:00,SYNTHETIC: Hosur Road Toll Plaza,644,655
2025-01-07 06:00:00,SYNTHETIC: Airport Road Toll Plaza,809,822
2025-01-07 12:00:00,SYNTHETIC: Nelamangala Toll Plaza,420,442
2025-01-07 12:00:00,SYNTHETIC: Electronic City Toll Plaza,664,676
2025-01-07 12:00:00,SYNTHETIC: Hosur Road Toll Plaza,631,637
2025-01-07 12:00:00,SYNTHETIC: Airport Road Toll Plaza,806,825
2025-01-07 18:00:00,SYNTHETIC: Nelamangala Toll Plaza,429,433
2025-01-07 18:00:00,SYNTHETIC: Electronic City Toll Plaza,635,655
2025-01-07 18:00:00,SYNTHETIC: Hosur Road Toll Plaza,697,700
2025-01-07 18:00:00,SYNTHETIC: Airport Road Toll Plaza,653,657
2025-01-07 22:00:00,SYNTHETIC: Nelamangala Toll Plaza,489,506
2025-01-07 22:00:00,SYNTHETIC: Electronic City Toll Plaza,512,527
2025-01-07 22:00:00,SYNTHETIC: Hosur Road Toll Plaza,594,608
2025-01-07 22:00:00,SYNTHETIC: Airport Road Toll Plaza,730,735
2025-01-08 06:00:00,SYNTHETIC: Nelamangala Toll Plaza,502,527
2025-01-08 06:00:00,SYNTHETIC: Electronic City Toll Plaza,600,615
2025-01-08 06:00:00,SYNTHETIC: Hosur Road Toll Plaza,624,625
2025-01-08 06:00:00,SYNTHETIC: Airport Road Toll Plaza,704,704
2025-01-08 12:00:00,SYNTHETIC: Nelamangala Toll Plaza,585,598
2025-01-08 12:00:00,SYNTHETIC: Electronic City Toll Plaza,559,567
2025-01-08 12:00:00,SYNTHETIC: Hosur Road Toll Plaza,732,737
2025-01-08 12:00:00,SYNTHETIC: Airport Road Toll Plaza,671,675
2025-01-08 18:00:00,SYNTHETIC: Nelamangala Toll Plaza,427,435
2025-01-08 18:00:00,SYNTHETIC: Electronic City Toll Plaza,593,595
2025-01-08 18:00:00,SYNTHETIC: Hosur Road Toll Plaza,646,668
2025-01-08 18:00:00,SYNTHETIC: Airport Road Toll Plaza,765,778
2025-01-08 22:00:00,SYNTHETIC: Nelamangala Toll Plaza,544,550
2025-01-08 22:00:00,SYNTHETIC: Electronic City Toll Plaza,661,669
2025-01-08 22:00:00,SYNTHETIC: Hosur Road Toll Plaza,617,618
2025-01-08 22:00:00,SYNTHETIC: Airport Road Toll Plaza,673,686
2025-01-09 06:00:00,SYNTHETIC: Nelamangala Toll Plaza,515,518
2025-01-09 06:00:00,SYNTHETIC: Electronic City Toll Plaza,617,640
2025-01-09 06:00:00,SYNTHETIC: Hosur Road Toll Plaza,729,746
2025-01-09 06:00:00,SYNTHETIC: Airport Road Toll Plaza,675,695
2025-01-09 12:00:00,SYNTHETIC: Nelamangala Toll Plaza,523,539
2025-01-09 12:00:00,SYNTHETIC: Electronic City Toll Plaza,638,663
2025-01-09 12:00:00,SYNTHETIC: Hosur Road Toll Plaza,578,599
2025-01-09 12:00:00,SYNTHETIC: Airport Road Toll Plaza,724,737
2025-01-09 18:00:00,SYNTHETIC: Nelamangala Toll Plaza,464,471
2025-01-09 18:00:00,SYNTHETIC: Electronic City Toll Plaza,606,623
2025-01-09 18:00:00,SYNTHETIC: Hosur Road Toll Plaza,667,670
2025-01-09 18:00:00,SYNTHETIC: Airport Road Toll Plaza,700,715
2025-01-09 22:00:00,SYNTHETIC: Nelamangala Toll Plaza,441,452
2025-01-09 22:00:00,SYNTHETIC: Electronic City Toll Plaza,608,621
2025-01-09 22:00:00,SYNTHETIC: Hosur Road Toll Plaza,735,757
2025-01-09 22:00:00,SYNTHETIC: Airport Road Toll Plaza,751,751
2025-01-10 06:00:00,SYNTHETIC: Nelamangala Toll Plaza,562,565
2025-01-10 06:00:00,SYNTHETIC: Electronic City Toll Plaza,517,521
2025-01-10 06:00:00,SYNTHETIC: Hosur Road Toll Plaza,642,650
2025-01-10 06:00:00,SYNTHETIC: Airport Road Toll Plaza,696,698
2025-01-10 12:00:00,SYNTHETIC: Nelamangala Toll Plaza,429,444
2025-01-10 12:00:00,SYNTHETIC: Electronic City Toll Plaza,582,588
2025-01-10 12:00:00,SYNTHETIC: Hosur Road Toll Plaza,670,673
2025-01-10 12:00:00,SYNTHETIC: Airport Road Toll Plaza,775,800
2025-01-10 18:00:00,SYNTHETIC: Nelamangala Toll Plaza,415,428
2025-01-10 18:00:00,SYNTHETIC: Electronic City Toll Plaza,508,523
2025-01-10 18:00:00,SYNTHETIC: Hosur Road Toll Plaza,730,732
2025-01-10 18:00:00,SYNTHETIC: Airport Road Toll Plaza,703,724
2025-01-10 22:00:00,SYNTHETIC: Nelamangala Toll Plaza,517,529
2025-01-10 22:00:00,SYNTHETIC: Electronic City Toll Plaza,570,590
2025-01-10 22:00:00,SYNTHETIC: Hosur Road Toll Plaza,685,710
2025-01-10 22:00:00,SYNTHETIC: Airport Road Toll Plaza,691,696
2025-01-11 06:00:00,SYNTHETIC: Nelamangala Toll Plaza,662,675
2025-01-11 06:00:00,SYNTHETIC: Electronic City Toll Plaza,707,718
2025-01-11 06:00:00,SYNTHETIC: Hosur Road Toll Plaza,802,804
2025-01-11 06:00:00,SYNTHETIC: Airport Road Toll Plaza,875,896
2025-01-11 12:00:00,SYNTHETIC: Nelamangala Toll Plaza,675,686
2025-01-11 12:00:00,SYNTHETIC: Electronic City Toll Plaza,697,721
2025-01-11 12:00:00,SYNTHETIC: Hosur Road Toll Plaza,820,823
2025-01-11 12:00:00,SYNTHETIC: Airport Road Toll Plaza,822,832
2025-01-11 18:00:00,SYNTHETIC: Nelamangala Toll Plaza,756,756
2025-01-11 18:00:00,SYNTHETIC: Electronic City Toll Plaza,744,750
2025-01-11 18:00:00,SYNTHETIC: Hosur Road Toll Plaza,859,877
2025-01-11 18:00:00,SYNTHETIC: Airport Road Toll Plaza,902,909
2025-01-11 22:00:00,SYNTHETIC: Nelamangala Toll Plaza,723,725
2025-01-11 22:00:00,SYNTHETIC: Electronic City Toll Plaza,758,767
2025-01-11 22:00:00,SYNTHETIC: Hosur Road Toll Plaza,894,900
2025-01-11 22:00:00,SYNTHETIC: Airport Road Toll Plaza,954,960
2025-01-12 06:00:00,SYNTHETIC: Nelamangala Toll Plaza,657,659
2025-01-12 06:00:00,SYNTHETIC: Electronic City Toll Plaza,727,737
2025-01-12 06:00:00,SYNTHETIC: Hosur Road Toll Plaza,916,935
2025-01-12 06:00:00,SYNTHETIC: Airport Road Toll Plaza,917,925
2025-01-12 12:00:00,SYNTHETIC: Nelamangala Toll Plaza,758,763
2025-01-12 12:00:00,SYNTHETIC: Electronic City Toll Plaza,695,713
2025-01-12 12:00:00,SYNTHETIC: Hosur Road Toll Plaza,857,860
2025-01-12 12:00:00,SYNTHETIC: Airport Road Toll Plaza,852,862
2025-01-12 18:00:00,SYNTHETIC: Nelamangala Toll Plaza,617,641
2025-01-12 18:00:00,SYNTHETIC: Electronic City Toll Plaza,809,822
2025-01-12 18:00:00,SYNTHETIC: Hosur Road Toll Plaza,903,917
2025-01-12 18:00:00,SYNTHETIC: Airport Road Toll Plaza,991,994
2025-01-12 22:00:00,SYNTHETIC: Nelamangala Toll Plaza,713,729
2025-01-12 22:00:00,SYNTHETIC: Electronic City Toll Plaza,721,739
2025-01-12 22:00:00,SYNTHETIC: Hosur Road Toll Plaza,862,883
2025-01-12 22:00:00,SYNTHETIC: Airport Road Toll Plaza,945,953
2025-01-13 06:00:00,SYNTHETIC: Nelamangala Toll Plaza,458,470
2025-01-13 06:00:00,SYNTHETIC: Electronic City Toll Plaza,535,554
2025-01-13 06:00:00,SYNTHETIC: Hosur Road Toll Plaza,640,656
2025-01-13 06:00:00,SYNTHETIC: Airport Road Toll Plaza,805,820
2025-01-13 12:00:00,SYNTHETIC: Nelamangala Toll Plaza,542,555
2025-01-13 12:00:00,SYNTHETIC: Electronic City Toll Plaza,517,538
2025-01-13 12:00:00,SYNTHETIC: Hosur Road Toll Plaza,582,602
2025-01-13 12:00:00,SYNTHETIC: Airport Road Toll Plaza,713,716
2025-01-13 18:00:00,SYNTHETIC: Nelamangala Toll Plaza,466,469
2025-01-13 18:00:00,SYNTHETIC: Electronic City Toll Plaza,503,504
2025-01-13 18:00:00,SYNTHETIC: Hosur Road Toll Plaza,717,725
2025-01-13 18:00:00,SYNTHETIC: Airport Road Toll Plaza,711,713
2025-01-13 22:00:00,SYNTHETIC: Nelamangala Toll Plaza,546,549
2025-01-13 22:00:00,SYNTHETIC: Electronic City Toll Plaza,560,567
2025-01-13 22:00:00,SYNTHETIC: Hosur Road Toll Plaza,728,750
2025-01-13 22:00:00,SYNTHETIC: Airport Road Toll Plaza,753,765
2025-01-14 06:00:00,SYNTHETIC: Nelamangala Toll Plaza,677,684
2025-01-14 06:00:00,SYNTHETIC: Electronic City Toll Plaza,897,920
2025-01-14 06:00:00,SYNTHETIC: Hosur Road Toll Plaza,1008,1021
2025-01-14 06:00:00,SYNTHETIC: Airport Road Toll Plaza,1002,1008
2025-01-14 12:00:00,SYNTHETIC: Nelamangala Toll Plaza,692,698
2025-01-14 12:00:00,SYNTHETIC: Electronic City Toll Plaza,846,866
2025-01-14 12:00:00,SYNTHETIC: Hosur Road Toll Plaza,857,865
2025-01-14 12:00:00,SYNTHETIC: Airport Road Toll Plaza,1070,1091
2025-01-14 18:00:00,SYNTHETIC: Nelamangala Toll Plaza,809,823
2025-01-14 18:00:00,SYNTHETIC: Electronic City Toll Plaza,884,889
2025-01-14 18:00:00,SYNTHETIC: Hosur Road Toll Plaza,897,918
2025-01-14 18:00:00,SYNTHETIC: Airport Road Toll Plaza,999,1009
2025-01-14 22:00:00,SYNTHETIC: Nelamangala Toll Plaza,770,788
2025-01-14 22:00:00,SYNTHETIC: Electronic City Toll Plaza,856,864
2025-01-14 22:00:00,SYNTHETIC: Hosur Road Toll Plaza,909,915
2025-01-14 22:00:00,SYNTHETIC: Airport Road Toll Plaza,920,938
2025-01-15 06:00:00,SYNTHETIC: Nelamangala Toll Plaza,521,524
2025-01-15 06:00:00,SYNTHETIC: Electronic City Toll Plaza,525,541
2025-01-15 06:00:00,SYNTHETIC: Hosur Road Toll Plaza,683,705
2025-01-15 06:00:00,SYNTHETIC: Airport Road Toll Plaza,730,746
2025-01-15 12:00:00,SYNTHETIC: Nelamangala Toll Plaza,585,607
2025-01-15 12:00:00,SYNTHETIC: Electronic City Toll Plaza,581,595
2025-01-15 12:00:00,SYNTHETIC: Hosur Road Toll Plaza,660,673
2025-01-15 12:00:00,SYNTHETIC: Airport Road Toll Plaza,769,782
2025-01-15 18:00:00,SYNTHETIC: Nelamangala Toll Plaza,515,529
2025-01-15 18:00:00,SYNTHETIC: Electronic City Toll Plaza,497,514
2025-01-15 18:00:00,SYNTHETIC: Hosur Road Toll Plaza,576,600
2025-01-15 18:00:00,SYNTHETIC: Airport Road Toll Plaza,757,759
2025-01-15 22:00:00,SYNTHETIC: Nelamangala Toll Plaza,445,464
2025-01-15 22:00:00,SYNTHETIC: Electronic City Toll Plaza,567,592
2025-01-15 22:00:00,SYNTHETIC: Hosur Road Toll Plaza,632,650
2025-01-15 22:00:00,SYNTHETIC: Airport Road Toll Plaza,781,792
2025-01-16 06:00:00,SYNTHETIC: Nelamangala Toll Plaza,480,492
2025-01-16 06:00:00,SYNTHETIC: Electronic City Toll Plaza,588,610
2025-01-16 06:00:00,SYNTHETIC: Hosur Road Toll Plaza,597,611
2025-01-16 06:00:00,SYNTHETIC: Airport Road Toll Plaza,756,769
2025-01-16 12:00:00,SYNTHETIC: Nelamangala Toll Plaza,447,447
2025-01-16 12:00:00,SYNTHETIC: Electronic City Toll Plaza,562,576
2025-01-16 12:00:00,SYNTHETIC: Hosur Road Toll Plaza,600,618
2025-01-16 12:00:00,SYNTHETIC: Airport Road Toll Plaza,749,749
2025-01-16 18:00:00,SYNTHETIC: Nelamangala Toll Plaza,558,567
2025-01-16 18:00:00,SYNTHETIC: Electronic City Toll Plaza,498,518
2025-01-16 18:00:00,SYNTHETIC: Hosur Road Toll Plaza,736,757
2025-01-16 18:00:00,SYNTHETIC: Airport Road Toll Plaza,808,822
2025-01-16 22:00:00,SYNTHETIC: Nelamangala Toll Plaza,420,431
2025-01-16 22:00:00,SYNTHETIC: Electronic City Toll Plaza,525,539
2025-01-16 22:00:00,SYNTHETIC: Hosur Road Toll Plaza,687,695
2025-01-16 22:00:00,SYNTHETIC: Airport Road Toll Plaza,652,657
2025-01-17 06:00:00,SYNTHETIC: Nelamangala Toll Plaza,451,464
2025-01-17 06:00:00,SYNTHETIC: Electronic City Toll Plaza,625,650
2025-01-17 06:00:00,SYNTHETIC: Hosur Road Toll Plaza,619,621
2025-01-17 06:00:00,SYNTHETIC: Airport Road Toll Plaza,799,799
2025-01-17 12:00:00,SYNTHETIC: Nelamangala Toll Plaza,571,592
2025-01-17 12:00:00,SYNTHETIC: Electronic City Toll Plaza,514,520
2025-01-17 12:00:00,SYNTHETIC: Hosur Road Toll Plaza,578,603
2025-01-17 12:00:00,SYNTHETIC: Airport Road Toll Plaza,685,685
2025-01-17 18:00:00,SYNTHETIC: Nelamangala Toll Plaza,502,526
2025-01-17 18:00:00,SYNTHETIC: Electronic City Toll Plaza,594,612
2025-01-17 18:00:00,SYNTHETIC: Hosur Road Toll Plaza,709,711
2025-01-17 18:00:00,SYNTHETIC: Airport Road Toll Plaza,737,742
2025-01-17 22:00:00,SYNTHETIC: Nelamangala Toll Plaza,584,607
2025-01-17 22:00:00,SYNTHETIC: Electronic City Toll Plaza,654,670
2025-01-17 22:00:00,SYNTHETIC: Hosur Road Toll Plaza,697,703
2025-01-17 22:00:00,SYNTHETIC: Airport Road Toll Plaza,703,721
2025-01-18 06:00:00,SYNTHETIC: Nelamangala Toll Plaza,594,594
2025-01-18 06:00:00,SYNTHETIC: Electronic City Toll Plaza,710,727
2025-01-18 06:00:00,SYNTHETIC: Hosur Road Toll Plaza,895,907
2025-01-18 06:00:00,SYNTHETIC: Airport Road Toll Plaza,994,1015
2025-01-18 12:00:00,SYNTHETIC: Nelamangala Toll Plaza,584,601
2025-01-18 12:00:00,SYNTHETIC: Electronic City Toll Plaza,783,784
2025-01-18 12:00:00,SYNTHETIC: Hosur Road Toll Plaza,839,863
2025-01-18 12:00:00,SYNTHETIC: Airport Road Toll Plaza,916,938
2025-01-18 18:00:00,SYNTHETIC: Nelamangala Toll Plaza,612,625
2025-01-18 18:00:00,SYNTHETIC: Electronic City Toll Plaza,839,852
2025-01-18 18:00:00,SYNTHETIC: Hosur Road Toll Plaza,880,884
2025-01-18 18:00:00,SYNTHETIC: Airport Road Toll Plaza,849,863
2025-01-18 22:00:00,SYNTHETIC: Nelamangala Toll Plaza,610,629
2025-01-18 22:00:00,SYNTHETIC: Electronic City Toll Plaza,754,765
2025-01-18 22:00:00,SYNTHETIC: Hosur Road Toll Plaza,789,799
2025-01-18 22:00:00,SYNTHETIC: Airport Road Toll Plaza,931,932
2025-01-19 06:00:00,SYNTHETIC: Nelamangala Toll Plaza,677,682
2025-01-19 06:00:00,SYNTHETIC: Electronic City Toll Plaza,828,841
2025-01-19 06:00:00,SYNTHETIC: Hosur Road Toll Plaza,876,877
2025-01-19 06:00:00,SYNTHETIC: Airport Road Toll Plaza,989,998
2025-01-19 12:00:00,SYNTHETIC: Nelamangala Toll Plaza,588,605
2025-01-19 12:00:00,SYNTHETIC: Electronic City Toll Plaza,749,749
2025-01-19 12:00:00,SYNTHETIC: Hosur Road Toll Plaza,895,919
2025-01-19 12:00:00,SYNTHETIC: Airport Road Toll Plaza,906,914
2025-01-19 18:00:00,SYNTHETIC: Nelamangala Toll Plaza,731,737
2025-01-19 18:00:00,SYNTHETIC: Electronic City Toll Plaza,667,677
2025-01-19 18:00:00,SYNTHETIC: Hosur Road Toll Plaza,899,912
2025-01-19 18:00:00,SYNTHETIC: Airport Road Toll Plaza,929,954
2025-01-19 22:00:00,SYNTHETIC: Nelamangala Toll Plaza,594,619
2025-01-19 22:00:00,SYNTHETIC: Electronic City Toll Plaza,687,704
2025-01-19 22:00:00,SYNTHETIC: Hosur Road Toll Plaza,839,862
2025-01-19 22:00:00,SYNTHETIC: Airport Road Toll Plaza,993,1002
2025-01-20 06:00:00,SYNTHETIC: Nelamangala Toll Plaza,462,472
2025-01-20 06:00:00,SYNTHETIC: Electronic City Toll Plaza,636,647
2025-01-20 06:00:00,SYNTHETIC: Hosur Road Toll Plaza,744,757
2025-01-20 06:00:00,SYNTHETIC: Airport Road Toll Plaza,668,688
2025-01-20 12:00:00,SYNTHETIC: Nelamangala Toll Plaza,519,528
2025-01-20 12:00:00,SYNTHETIC: Electronic City Toll Plaza,526,526
2025-01-20 12:00:00,SYNTHETIC: Hosur Road Toll Plaza,653,672
2025-01-20 12:00:00,SYNTHETIC: Airport Road Toll Plaza,742,752
2025-01-20 18:00:00,SYNTHETIC: Nelamangala Toll Plaza,514,534
2025-01-20 18:00:00,SYNTHETIC: Electronic City Toll Plaza,585,600
2025-01-20 18:00:00,SYNTHETIC: Hosur Road Toll Plaza,645,664
2025-01-20 18:00:00,SYNTHETIC: Airport Road Toll Plaza,657,662
2025-01-20 22:00:00,SYNTHETIC: Nelamangala Toll Plaza,504,505
2025-01-20 22:00:00,SYNTHETIC: Electronic City Toll Plaza,564,568
2025-01-20 22:00:00,SYNTHETIC: Hosur Road Toll Plaza,721,721
2025-01-20 22:00:00,SYNTHETIC: Airport Road Toll Plaza,677,696
2025-01-21 06:00:00,SYNTHETIC: Nelamangala Toll Plaza,440,453
2025-01-21 06:00:00,SYNTHETIC: Electronic City Toll Plaza,557,581
2025-01-21 06:00:00,SYNTHETIC: Hosur Road Toll Plaza,711,733
2025-01-21 06:00:00,SYNTHETIC: Airport Road Toll Plaza,770,793
2025-01-21 12:00:00,SYNTHETIC: Nelamangala Toll Plaza,435,439
2025-01-21 12:00:00,SYNTHETIC: Electronic City Toll Plaza,498,511
2025-01-21 12:00:00,SYNTHETIC: Hosur Road Toll Plaza,576,598
2025-01-21 12:00:00,SYNTHETIC: Airport Road Toll Plaza,692,694
2025-01-21 18:00:00,SYNTHETIC: Nelamangala Toll Plaza,443,459
2025-01-21 18:00:00,SYNTHETIC: Electronic City Toll Plaza,625,637
2025-01-21 18:00:00,SYNTHETIC: Hosur Road Toll Plaza,678,689
2025-01-21 18:00:00,SYNTHETIC: Airport Road Toll Plaza,682,694
2025-01-21 22:00:00,SYNTHETIC: Nelamangala Toll Plaza,588,605
2025-01-21 22:00:00,SYNTHETIC: Electronic City Toll Plaza,551,573
2025-01-21 22:00:00,SYNTHETIC: Hosur Road Toll Plaza,645,648
2025-01-21 22:00:00,SYNTHETIC: Airport Road Toll Plaza,736,746
2025-01-22 06:00:00,SYNTHETIC: Nelamangala Toll Plaza,416,427
2025-01-22 06:00:00,SYNTHETIC: Electronic City Toll Plaza,542,551
2025-01-22 06:00:00,SYNTHETIC: Hosur Road Toll Plaza,716,729
2025-01-22 06:00:00,SYNTHETIC: Airport Road Toll Plaza,763,779
2025-01-22 12:00:00,SYNTHETIC: Nelamangala Toll Plaza,442,456
2025-01-22 12:00:00,SYNTHETIC: Electronic City Toll Plaza,565,568
2025-01-22 12:00:00,SYNTHETIC: Hosur Road Toll Plaza,750,753
2025-01-22 12:00:00,SYNTHETIC: Airport Road Toll Plaza,763,776
2025-01-22 18:00:00,SYNTHETIC: Nelamangala Toll Plaza,536,544
2025-01-22 18:00:00,SYNTHETIC: Electronic City Toll Plaza,512,516
2025-01-22 18:00:00,SYNTHETIC: Hosur Road Toll Plaza,641,664
2025-01-22 18:00:00,SYNTHETIC: Airport Road Toll Plaza,821,824
2025-01-22 22:00:00,SYNTHETIC: Nelamangala Toll Plaza,500,525
2025-01-22 22:00:00,SYNTHETIC: Electronic City Toll Plaza,510,533
2025-01-22 22:00:00,SYNTHETIC: Hosur Road Toll Plaza,626,649
2025-01-22 22:00:00,SYNTHETIC: Airport Road Toll Plaza,669,679
2025-01-23 06:00:00,SYNTHETIC: Nelamangala Toll Plaza,535,554
2025-01-23 06:00:00,SYNTHETIC: Electronic City Toll Plaza,595,616
2025-01-23 06:00:00,SYNTHETIC: Hosur Road Toll Plaza,630,630
2025-01-23 06:00:00,SYNTHETIC: Airport Road Toll Plaza,724,732
2025-01-23 12:00:00,SYNTHETIC: Nelamangala Toll Plaza,539,545
2025-01-23 12:00:00,SYNTHETIC: Electronic City Toll Plaza,594,595
2025-01-23 12:00:00,SYNTHETIC: Hosur Road Toll Plaza,713,737
2025-01-23 12:00:00,SYNTHETIC: Airport Road Toll Plaza,732,740
2025-01-23 18:00:00,SYNTHETIC: Nelamangala Toll Plaza,582,592
2025-01-23 18:00:00,SYNTHETIC: Electronic City Toll Plaza,595,607
2025-01-23 18:00:00,SYNTHETIC: Hosur Road Toll Plaza,683,696
2025-01-23 18:00:00,SYNTHETIC: Airport Road Toll Plaza,752,760
2025-01-23 22:00:00,SYNTHETIC: Nelamangala Toll Plaza,423,431
2025-01-23 22:00:00,SYNTHETIC: Electronic City Toll Plaza,614,637
2025-01-23 22:00:00,SYNTHETIC: Hosur Road Toll Plaza,626,636
2025-01-23 22:00:00,SYNTHETIC: Airport Road Toll Plaza,812,813
2025-01-24 06:00:00,SYNTHETIC: Nelamangala Toll Plaza,477,497
2025-01-24 06:00:00,SYNTHETIC: Electronic City Toll Plaza,637,652
2025-01-24 06:00:00,SYNTHETIC: Hosur Road Toll Plaza,666,675
2025-01-24 06:00:00,SYNTHETIC: Airport Road Toll Plaza,759,761
2025-01-24 12:00:00,SYNTHETIC: Nelamangala Toll Plaza,466,479
2025-01-24 12:00:00,SYNTHETIC: Electronic City Toll Plaza,633,641
2025-01-24 12:00:00,SYNTHETIC: Hosur Road Toll Plaza,693,702
2025-01-24 12:00:00,SYNTHETIC: Airport Road Toll Plaza,829,846
2025-01-24 18:00:00,SYNTHETIC: Nelamangala Toll Plaza,539,546
2025-01-24 18:00:00,SYNTHETIC: Electronic City Toll Plaza,587,587
2025-01-24 18:00:00,SYNTHETIC: Hosur Road Toll Plaza,697,720
2025-01-24 18:00:00,SYNTHETIC: Airport Road Toll Plaza,750,761
2025-01-24 22:00:00,SYNTHETIC: Nelamangala Toll Plaza,549,571
2025-01-24 22:00:00,SYNTHETIC: Electronic City Toll Plaza,517,531
2025-01-24 22:00:00,SYNTHETIC: Hosur Road Toll Plaza,627,645
2025-01-24 22:00:00,SYNTHETIC: Airport Road Toll Plaza,656,668
2025-01-25 06:00:00,SYNTHETIC: Nelamangala Toll Plaza,633,643
2025-01-25 06:00:00,SYNTHETIC: Electronic City Toll Plaza,694,699
2025-01-25 06:00:00,SYNTHETIC: Hosur Road Toll Plaza,874,896
2025-01-25 06:00:00,SYNTHETIC: Airport Road Toll Plaza,941,941
2025-01-25 12:00:00,SYNTHETIC: Nelamangala Toll Plaza,661,674
2025-01-25 12:00:00,SYNTHETIC: Electronic City Toll Plaza,705,709
2025-01-25 12:00:00,SYNTHETIC: Hosur Road Toll Plaza,860,862
2025-01-25 12:00:00,SYNTHETIC: Airport Road Toll Plaza,821,830
2025-01-25 18:00:00,SYNTHETIC: Nelamangala Toll Plaza,759,765
2025-01-25 18:00:00,SYNTHETIC: Electronic City Toll Plaza,711,733
2025-01-25 18:00:00,SYNTHETIC: Hosur Road Toll Plaza,764,781
2025-01-25 18:00:00,SYNTHETIC: Airport Road Toll Plaza,937,947
2025-01-25 22:00:00,SYNTHETIC: Nelamangala Toll Plaza,604,605
2025-01-25 22:00:00,SYNTHETIC: Electronic City Toll Plaza,819,833
2025-01-25 22:00:00,SYNTHETIC: Hosur Road Toll Plaza,892,897
2025-01-25 22:00:00,SYNTHETIC: Airport Road Toll Plaza,837,848
2025-01-26 06:00:00,SYNTHETIC: Nelamangala Toll Plaza,751,762
2025-01-26 06:00:00,SYNTHETIC: Electronic City Toll Plaza,768,774
2025-01-26 06:00:00,SYNTHETIC: Hosur Road Toll Plaza,897,914
2025-01-26 06:00:00,SYNTHETIC: Airport Road Toll Plaza,868,880
2025-01-26 12:00:00,SYNTHETIC: Nelamangala Toll Plaza,675,680
2025-01-26 12:00:00,SYNTHETIC: Electronic City Toll Plaza,662,668
2025-01-26 12:00:00,SYNTHETIC: Hosur Road Toll Plaza,853,864
2025-01-26 12:00:00,SYNTHETIC: Airport Road Toll Plaza,954,960
2025-01-26 18:00:00,SYNTHETIC: Nelamangala Toll Plaza,581,599
2025-01-26 18:00:00,SYNTHETIC: Electronic City Toll Plaza,739,749
2025-01-26 18:00:00,SYNTHETIC: Hosur Road Toll Plaza,764,775
2025-01-26 18:00:00,SYNTHETIC: Airport Road Toll Plaza,884,900
2025-01-26 22:00:00,SYNTHETIC: Nelamangala Toll Plaza,583,602
2025-01-26 22:00:00,SYNTHETIC: Electronic City Toll Plaza,729,730
2025-01-26 22:00:00,SYNTHETIC: Hosur Road Toll Plaza,905,913
2025-01-26 22:00:00,SYNTHETIC: Airport Road Toll Plaza,984,999
2025-01-27 06:00:00,SYNTHETIC: Nelamangala Toll Plaza,505,519
2025-01-27 06:00:00,SYNTHETIC: Electronic City Toll Plaza,510,533
2025-01-27 06:00:00,SYNTHETIC: Hosur Road Toll Plaza,633,642
2025-01-27 06:00:00,SYNTHETIC: Airport Road Toll Plaza,824,844
2025-01-27 12:00:00,SYNTHETIC: Nelamangala Toll Plaza,458,481
2025-01-27 12:00:00,SYNTHETIC: Electronic City Toll Plaza,523,532
2025-01-27 12:00:00,SYNTHETIC: Hosur Road Toll Plaza,583,595
2025-01-27 12:00:00,SYNTHETIC: Airport Road Toll Plaza,830,839
2025-01-27 18:00:00,SYNTHETIC: Nelamangala Toll Plaza,455,463
2025-01-27 18:00:00,SYNTHETIC: Electronic City Toll Plaza,525,543
2025-01-27 18:00:00,SYNTHETIC: Hosur Road Toll Plaza,650,663
2025-01-27 18:00:00,SYNTHETIC: Airport Road Toll Plaza,707,713
2025-01-27 22:00:00,SYNTHETIC: Nelamangala Toll Plaza,479,485
2025-01-27 22:00:00,SYNTHETIC: Electronic City Toll Plaza,535,544
2025-01-27 22:00:00,SYNTHETIC: Hosur Road Toll Plaza,636,658
2025-01-27 22:00:00,SYNTHETIC: Airport Road Toll Plaza,762,770
2025-01-28 06:00:00,SYNTHETIC: Nelamangala Toll Plaza,588,604
2025-01-28 06:00:00,SYNTHETIC: Electronic City Toll Plaza,540,558
2025-01-28 06:00:00,SYNTHETIC: Hosur Road Toll Plaza,605,609
2025-01-28 06:00:00,SYNTHETIC: Airport Road Toll Plaza,819,829
2025-01-28 12:00:00,SYNTHETIC: Nelamangala Toll Plaza,423,425
2025-01-28 12:00:00,SYNTHETIC: Electronic City Toll Plaza,569,594
2025-01-28 12:00:00,SYNTHETIC: Hosur Road Toll Plaza,606,631
2025-01-28 12:00:00,SYNTHETIC: Airport Road Toll Plaza,738,752
2025-01-28 18:00:00,SYNTHETIC: Nelamangala Toll Plaza,511,516
2025-01-28 18:00:00,SYNTHETIC: Electronic City Toll Plaza,607,607
2025-01-28 18:00:00,SYNTHETIC: Hosur Road Toll Plaza,738,742
2025-01-28 18:00:00,SYNTHETIC: Airport Road Toll Plaza,701,706
2025-01-28 22:00:00,SYNTHETIC: Nelamangala Toll Plaza,487,496
2025-01-28 22:00:00,SYNTHETIC: Electronic City Toll Plaza,510,515
2025-01-28 22:00:00,SYNTHETIC: Hosur Road Toll Plaza,630,636
2025-01-28 22:00:00,SYNTHETIC: Airport Road Toll Plaza,761,763
2025-01-29 06:00:00,SYNTHETIC: Nelamangala Toll Plaza,581,593
2025-01-29 06:00:00,SYNTHETIC: Electronic City Toll Plaza,598,622
2025-01-29 06:00:00,SYNTHETIC: Hosur Road Toll Plaza,583,592
2025-01-29 06:00:00,SYNTHETIC: Airport Road Toll Plaza,758,766
2025-01-29 12:00:00,SYNTHETIC: Nelamangala Toll Plaza,572,575
2025-01-29 12:00:00,SYNTHETIC: Electronic City Toll Plaza,644,669
2025-01-29 12:00:00,SYNTHETIC: Hosur Road Toll Plaza,685,701
2025-01-29 12:00:00,SYNTHETIC: Airport Road Toll Plaza,745,769
2025-01-29 18:00:00,SYNTHETIC: Nelamangala Toll Plaza,531,553
2025-01-29 18:00:00,SYNTHETIC: Electronic City Toll Plaza,575,592
2025-01-29 18:00:00,SYNTHETIC: Hosur Road Toll Plaza,663,666
2025-01-29 18:00:00,SYNTHETIC: Airport Road Toll Plaza,695,708
2025-01-29 22:00:00,SYNTHETIC: Nelamangala Toll Plaza,546,570
2025-01-29 22:00:00,SYNTHETIC: Electronic City Toll Plaza,588,609
2025-01-29 22:00:00,SYNTHETIC: Hosur Road Toll Plaza,590,594
2025-01-29 22:00:00,SYNTHETIC: Airport Road Toll Plaza,651,661
2025-01-30 06:00:00,SYNTHETIC: Nelamangala Toll Plaza,521,529
2025-01-30 06:00:00,SYNTHETIC: Electronic City Toll Plaza,666,690
2025-01-30 06:00:00,SYNTHETIC: Hosur Road Toll Plaza,617,625
2025-01-30 06:00:00,SYNTHETIC: Airport Road Toll Plaza,778,799
2025-01-30 12:00:00,SYNTHETIC: Nelamangala Toll Plaza,421,440
2025-01-30 12:00:00,SYNTHETIC: Electronic City Toll Plaza,592,597
2025-01-30 12:00:00,SYNTHETIC: Hosur Road Toll Plaza,743,752
2025-01-30 12:00:00,SYNTHETIC: Airport Road Toll Plaza,719,719
2025-01-30 18:00:00,SYNTHETIC: Nelamangala Toll Plaza,514,520
2025-01-30 18:00:00,SYNTHETIC: Electronic City Toll Plaza,494,519
2025-01-30 18:00:00,SYNTHETIC: Hosur Road Toll Plaza,676,697
2025-01-30 18:00:00,SYNTHETIC: Airport Road Toll Plaza,683,691
2025-01-30 22:00:00,SYNTHETIC: Nelamangala Toll Plaza,478,492
2025-01-30 22:00:00,SYNTHETIC: Electronic City Toll Plaza,643,668
2025-01-30 22:00:00,SYNTHETIC: Hosur Road Toll Plaza,732,742
2025-01-30 22:00:00,SYNTHETIC: Airport Road Toll Plaza,674,681
2025-01-31 06:00:00,SYNTHETIC: Nelamangala Toll Plaza,513,528
2025-01-31 06:00:00,SYNTHETIC: Electronic City Toll Plaza,608,617
2025-01-31 06:00:00,SYNTHETIC: Hosur Road Toll Plaza,685,690
2025-01-31 06:00:00,SYNTHETIC: Airport Road Toll Plaza,695,707
2025-01-31 12:00:00,SYNTHETIC: Nelamangala Toll Plaza,483,483
2025-01-31 12:00:00,SYNTHETIC: Electronic City Toll Plaza,626,636
2025-01-31 12:00:00,SYNTHETIC: Hosur Road Toll Plaza,688,708
2025-01-31 12:00:00,SYNTHETIC: Airport Road Toll Plaza,694,715
2025-01-31 18:00:00,SYNTHETIC: Nelamangala Toll Plaza,435,447
2025-01-31 18:00:00,SYNTHETIC: Electronic City Toll Plaza,638,658
2025-01-31 18:00:00,SYNTHETIC: Hosur Road Toll Plaza,677,690
2025-01-31 18:00:00,SYNTHETIC: Airport Road Toll Plaza,755,761
2025-01-31 22:00:00,SYNTHETIC: Nelamangala Toll Plaza,572,572
2025-01-31 22:00:00,SYNTHETIC: Electronic City Toll Plaza,648,655
2025-01-31 22:00:00,SYNTHETIC: Hosur Road Toll Plaza,605,624
2025-01-31 22:00:00,SYNTHETIC: Airport Road Toll Plaza,808,824
2025-02-01 06:00:00,SYNTHETIC: Nelamangala Toll Plaza,666,670
2025-02-01 06:00:00,SYNTHETIC: Electronic City Toll Plaza,722,747
2025-02-01 06:00:00,SYNTHETIC: Hosur Road Toll Plaza,863,869
2025-02-01 06:00:00,SYNTHETIC: Airport Road Toll Plaza,887,890
2025-02-01 12:00:00,SYNTHETIC: Nelamangala Toll Plaza,664,684
2025-02-01 12:00:00,SYNTHETIC: Electronic City Toll Plaza,837,839
2025-02-01 12:00:00,SYNTHETIC: Hosur Road Toll Plaza,857,879
2025-02-01 12:00:00,SYNTHETIC: Airport Road Toll Plaza,945,969
2025-02-01 18:00:00,SYNTHETIC: Nelamangala Toll Plaza,642,666
2025-02-01 18:00:00,SYNTHETIC: Electronic City Toll Plaza,726,736
2025-02-01 18:00:00,SYNTHETIC: Hosur Road Toll Plaza,815,837
2025-02-01 18:00:00,SYNTHETIC: Airport Road Toll Plaza,933,943
2025-02-01 22:00:00,SYNTHETIC: Nelamangala Toll Plaza,695,717
2025-02-01 22:00:00,SYNTHETIC: Electronic City Toll Plaza,726,744
2025-02-01 22:00:00,SYNTHETIC: Hosur Road Toll Plaza,810,829
2025-02-01 22:00:00,SYNTHETIC: Airport Road Toll Plaza,829,853
2025-02-02 06:00:00,SYNTHETIC: Nelamangala Toll Plaza,717,719
2025-02-02 06:00:00,SYNTHETIC: Electronic City Toll Plaza,674,688
2025-02-02 06:00:00,SYNTHETIC: Hosur Road Toll Plaza,885,901
2025-02-02 06:00:00,SYNTHETIC: Airport Road Toll Plaza,883,890
2025-02-02 12:00:00,SYNTHETIC: Nelamangala Toll Plaza,645,670
2025-02-02 12:00:00,SYNTHETIC: Electronic City Toll Plaza,706,728
2025-02-02 12:00:00,SYNTHETIC: Hosur Road Toll Plaza,906,913
2025-02-02 12:00:00,SYNTHETIC: Airport Road Toll Plaza,878,900
2025-02-02 18:00:00,SYNTHETIC: Nelamangala Toll Plaza,696,701
2025-02-02 18:00:00,SYNTHETIC: Electronic City Toll Plaza,670,689
2025-02-02 18:00:00,SYNTHETIC: Hosur Road Toll Plaza,808,825
2025-02-02 18:00:00,SYNTHETIC: Airport Road Toll Plaza,891,893
2025-02-02 22:00:00,SYNTHETIC: Nelamangala Toll Plaza,628,651
2025-02-02 22:00:00,SYNTHETIC: Electronic City Toll Plaza,676,680
2025-02-02 22:00:00,SYNTHETIC: Hosur Road Toll Plaza,873,882
2025-02-02 22:00:00,SYNTHETIC: Airport Road Toll Plaza,835,841
2025-02-03 06:00:00,SYNTHETIC: Nelamangala Toll Plaza,463,481
2025-02-03 06:00:00,SYNTHETIC: Electronic City Toll Plaza,662,666
2025-02-03 06:00:00,SYNTHETIC: Hosur Road Toll Plaza,652,657
2025-02-03 06:00:00,SYNTHETIC: Airport Road Toll Plaza,699,723
2025-02-03 12:00:00,SYNTHETIC: Nelamangala Toll Plaza,511,536
2025-02-03 12:00:00,SYNTHETIC: Electronic City Toll Plaza,533,538
2025-02-03 12:00:00,SYNTHETIC: Hosur Road Toll Plaza,726,747
2025-02-03 12:00:00,SYNTHETIC: Airport Road Toll Plaza,690,700
2025-02-03 18:00:00,SYNTHETIC: Nelamangala Toll Plaza,542,557
2025-02-03 18:00:00,SYNTHETIC: Electronic City Toll Plaza,657,676
2025-02-03 18:00:00,SYNTHETIC: Hosur Road Toll Plaza,676,700
2025-02-03 18:00:00,SYNTHETIC: Airport Road Toll Plaza,718,725
2025-02-03 22:00:00,SYNTHETIC: Nelamangala Toll Plaza,477,492
2025-02-03 22:00:00,SYNTHETIC: Electronic City Toll Plaza,567,578
2025-02-03 22:00:00,SYNTHETIC: Hosur Road Toll Plaza,607,616
2025-02-03 22:00:00,SYNTHETIC: Airport Road Toll Plaza,735,758
2025-02-04 06:00:00,SYNTHETIC: Nelamangala Toll Plaza,589,611
2025-02-04 06:00:00,SYNTHETIC: Electronic City Toll Plaza,570,581
2025-02-04 06:00:00,SYNTHETIC: Hosur Road Toll Plaza,684,707
2025-02-04 06:00:00,SYNTHETIC: Airport Road Toll Plaza,704,709
2025-02-04 12:00:00,SYNTHETIC: Nelamangala Toll Plaza,492,506
2025-02-04 12:00:00,SYNTHETIC: Electronic City Toll Plaza,548,562
2025-02-04 12:00:00,SYNTHETIC: Hosur Road Toll Plaza,662,672
2025-02-04 12:00:00,SYNTHETIC: Airport Road Toll Plaza,700,721
2025-02-04 18:00:00,SYNTHETIC: Nelamangala Toll Plaza,590,598
2025-02-04 18:00:00,SYNTHETIC: Electronic City Toll Plaza,555,574
2025-02-04 18:00:00,SYNTHETIC: Hosur Road Toll Plaza,575,579
2025-02-04 18:00:00,SYNTHETIC: Airport Road Toll Plaza,680,700
2025-02-04 22:00:00,SYNTHETIC: Nelamangala Toll Plaza,515,528
2025-02-04 22:00:00,SYNTHETIC: Electronic City Toll Plaza,591,616
2025-02-04 22:00:00,SYNTHETIC: Hosur Road Toll Plaza,694,719
2025-02-04 22:00:00,SYNTHETIC: Airport Road Toll Plaza,662,678
2025-02-05 06:00:00,SYNTHETIC: Nelamangala Toll Plaza,451,464
2025-02-05 06:00:00,SYNTHETIC: Electronic City Toll Plaza,559,566
2025-02-05 06:00:00,SYNTHETIC: Hosur Road Toll Plaza,625,649
2025-02-05 06:00:00,SYNTHETIC: Airport Road Toll Plaza,740,740
2025-02-05 12:00:00,SYNTHETIC: Nelamangala Toll Plaza,445,459
2025-02-05 12:00:00,SYNTHETIC: Electronic City Toll Plaza,521,533
2025-02-05 12:00:00,SYNTHETIC: Hosur Road Toll Plaza,576,590
2025-02-05 12:00:00,SYNTHETIC: Airport Road Toll Plaza,703,715
2025-02-05 18:00:00,SYNTHETIC: Nelamangala Toll Plaza,422,436
2025-02-05 18:00:00,SYNTHETIC: Electronic City Toll Plaza,602,614
2025-02-05 18:00:00,SYNTHETIC: Hosur Road Toll Plaza,620,626
2025-02-05 18:00:00,SYNTHETIC: Airport Road Toll Plaza,747,765
2025-02-05 22:00:00,SYNTHETIC: Nelamangala Toll Plaza,441,443
2025-02-05 22:00:00,SYNTHETIC: Electronic City Toll Plaza,534,550
2025-02-05 22:00:00,SYNTHETIC: Hosur Road Toll Plaza,718,741
2025-02-05 22:00:00,SYNTHETIC: Airport Road Toll Plaza,782,785
2025-02-06 06:00:00,SYNTHETIC: Nelamangala Toll Plaza,494,494
2025-02-06 06:00:00,SYNTHETIC: Electronic City Toll Plaza,610,611
2025-02-06 06:00:00,SYNTHETIC: Hosur Road Toll Plaza,606,619
2025-02-06 06:00:00,SYNTHETIC: Airport Road Toll Plaza,661,678
2025-02-06 12:00:00,SYNTHETIC: Nelamangala Toll Plaza,506,530
2025-02-06 12:00:00,SYNTHETIC: Electronic City Toll Plaza,643,666
2025-02-06 12:00:00,SYNTHETIC: Hosur Road Toll Plaza,704,709
2025-02-06 12:00:00,SYNTHETIC: Airport Road Toll Plaza,690,693
2025-02-06 18:00:00,SYNTHETIC: Nelamangala Toll Plaza,413,424
2025-02-06 18:00:00,SYNTHETIC: Electronic City Toll Plaza,547,549
2025-02-06 18:00:00,SYNTHETIC: Hosur Road Toll Plaza,677,679
2025-02-06 18:00:00,SYNTHETIC: Airport Road Toll Plaza,678,693
2025-02-06 22:00:00,SYNTHETIC: Nelamangala Toll Plaza,528,541
2025-02-06 22:00:00,SYNTHETIC: Electronic City Toll Plaza,627,641
2025-02-06 22:00:00,SYNTHETIC: Hosur Road Toll Plaza,604,623
2025-02-06 22:00:00,SYNTHETIC: Airport Road Toll Plaza,813,813
2025-02-07 06:00:00,SYNTHETIC: Nelamangala Toll Plaza,477,479
2025-02-07 06:00:00,SYNTHETIC: Electronic City Toll Plaza,583,596
2025-02-07 06:00:00,SYNTHETIC: Hosur Road Toll Plaza,734,734
2025-02-07 06:00:00,SYNTHETIC: Airport Road Toll Plaza,789,793
2025-02-07 12:00:00,SYNTHETIC: Nelamangala Toll Plaza,434,441
2025-02-07 12:00:00,SYNTHETIC: Electronic City Toll Plaza,607,610
2025-02-07 12:00:00,SYNTHETIC: Hosur Road Toll Plaza,600,617
2025-02-07 12:00:00,SYNTHETIC: Airport Road Toll Plaza,725,729
2025-02-07 18:00:00,SYNTHETIC: Nelamangala Toll Plaza,498,507
2025-02-07 18:00:00,SYNTHETIC: Electronic City Toll Plaza,605,618
2025-02-07 18:00:00,SYNTHETIC: Hosur Road Toll Plaza,711,713
2025-02-07 18:00:00,SYNTHETIC: Airport Road Toll Plaza,779,784
2025-02-07 22:00:00,SYNTHETIC: Nelamangala Toll Plaza,511,527
2025-02-07 22:00:00,SYNTHETIC: Electronic City Toll Plaza,539,543
2025-02-07 22:00:00,SYNTHETIC: Hosur Road Toll Plaza,744,751
2025-02-07 22:00:00,SYNTHETIC: Airport Road Toll Plaza,654,660
2025-02-08 06:00:00,SYNTHETIC: Nelamangala Toll Plaza,611,628
2025-02-08 06:00:00,SYNTHETIC: Electronic City Toll Plaza,816,830
2025-02-08 06:00:00,SYNTHETIC: Hosur Road Toll Plaza,779,781
2025-02-08 06:00:00,SYNTHETIC: Airport Road Toll Plaza,907,915
2025-02-08 12:00:00,SYNTHETIC: Nelamangala Toll Plaza,590,602
2025-02-08 12:00:00,SYNTHETIC: Electronic City Toll Plaza,725,728
2025-02-08 12:00:00,SYNTHETIC: Hosur Road Toll Plaza,900,914
2025-02-08 12:00:00,SYNTHETIC: Airport Road Toll Plaza,929,947
2025-02-08 18:00:00,SYNTHETIC: Nelamangala Toll Plaza,623,645
2025-02-08 18:00:00,SYNTHETIC: Electronic City Toll Plaza,837,862
2025-02-08 18:00:00,SYNTHETIC: Hosur Road Toll Plaza,864,888
2025-02-08 18:00:00,SYNTHETIC: Airport Road Toll Plaza,894,901
2025-02-08 22:00:00,SYNTHETIC: Nelamangala Toll Plaza,713,716
2025-02-08 22:00:00,SYNTHETIC: Electronic City Toll Plaza,682,705
2025-02-08 22:00:00,SYNTHETIC: Hosur Road Toll Plaza,894,913
2025-02-08 22:00:00,SYNTHETIC: Airport Road Toll Plaza,912,919
2025-02-09 06:00:00,SYNTHETIC: Nelamangala Toll Plaza,682,706
2025-02-09 06:00:00,SYNTHETIC: Electronic City Toll Plaza,749,773
2025-02-09 06:00:00,SYNTHETIC: Hosur Road Toll Plaza,784,799
2025-02-09 06:00:00,SYNTHETIC: Airport Road Toll Plaza,842,852
2025-02-09 12:00:00,SYNTHETIC: Nelamangala Toll Plaza,670,689
2025-02-09 12:00:00,SYNTHETIC: Electronic City Toll Plaza,797,820
2025-02-09 12:00:00,SYNTHETIC: Hosur Road Toll Plaza,798,808
2025-02-09 12:00:00,SYNTHETIC: Airport Road Toll Plaza,898,901
2025-02-09 18:00:00,SYNTHETIC: Nelamangala Toll Plaza,603,623
2025-02-09 18:00:00,SYNTHETIC: Electronic City Toll Plaza,763,773
2025-02-09 18:00:00,SYNTHETIC: Hosur Road Toll Plaza,899,914
2025-02-09 18:00:00,SYNTHETIC: Airport Road Toll Plaza,983,988
2025-02-09 22:00:00,SYNTHETIC: Nelamangala Toll Plaza,677,683
2025-02-09 22:00:00,SYNTHETIC: Electronic City Toll Plaza,727,749
2025-02-09 22:00:00,SYNTHETIC: Hosur Road Toll Plaza,864,875
2025-02-09 22:00:00,SYNTHETIC: Airport Road Toll Plaza,906,931
2025-02-10 06:00:00,SYNTHETIC: Nelamangala Toll Plaza,589,596
2025-02-10 06:00:00,SYNTHETIC: Electronic City Toll Plaza,627,645
2025-02-10 06:00:00,SYNTHETIC: Hosur Road Toll Plaza,602,605
2025-02-10 06:00:00,SYNTHETIC: Airport Road Toll Plaza,779,801
2025-02-10 12:00:00,SYNTHETIC: Nelamangala Toll Plaza,531,548
2025-02-10 12:00:00,SYNTHETIC: Electronic City Toll Plaza,570,573
2025-02-10 12:00:00,SYNTHETIC: Hosur Road Toll Plaza,724,731
2025-02-10 12:00:00,SYNTHETIC: Airport Road Toll Plaza,739,761
2025-02-10 18:00:00,SYNTHETIC: Nelamangala Toll Plaza,589,609
2025-02-10 18:00:00,SYNTHETIC: Electronic City Toll Plaza,631,638
2025-02-10 18:00:00,SYNTHETIC: Hosur Road Toll Plaza,689,697
2025-02-10 18:00:00,SYNTHETIC: Airport Road Toll Plaza,797,798
2025-02-10 22:00:00,SYNTHETIC: Nelamangala Toll Plaza,527,546
2025-02-10 22:00:00,SYNTHETIC: Electronic City Toll Plaza,602,617
2025-02-10 22:00:00,SYNTHETIC: Hosur Road Toll Plaza,721,734
2025-02-10 22:00:00,SYNTHETIC: Airport Road Toll Plaza,666,671
2025-02-11 06:00:00,SYNTHETIC: Nelamangala Toll Plaza,434,450
2025-02-11 06:00:00,SYNTHETIC: Electronic City Toll Plaza,555,555
2025-02-11 06:00:00,SYNTHETIC: Hosur Road Toll Plaza,725,726
2025-02-11 06:00:00,SYNTHETIC: Airport Road Toll Plaza,792,793
2025-02-11 12:00:00,SYNTHETIC: Nelamangala Toll Plaza,584,595
2025-02-11 12:00:00,SYNTHETIC: Electronic City Toll Plaza,514,519
2025-02-11 12:00:00,SYNTHETIC: Hosur Road Toll Plaza,570,586
2025-02-11 12:00:00,SYNTHETIC: Airport Road Toll Plaza,653,653
2025-02-11 18:00:00,SYNTHETIC: Nelamangala Toll Plaza,493,505
2025-02-11 18:00:00,SYNTHETIC: Electronic City Toll Plaza,568,568
2025-02-11 18:00:00,SYNTHETIC: Hosur Road Toll Plaza,715,733
2025-02-11 18:00:00,SYNTHETIC: Airport Road Toll Plaza,745,747
2025-02-11 22:00:00,SYNTHETIC: Nelamangala Toll Plaza,454,460
2025-02-11 22:00:00,SYNTHETIC: Electronic City Toll Plaza,652,671
2025-02-11 22:00:00,SYNTHETIC: Hosur Road Toll Plaza,697,702
2025-02-11 22:00:00,SYNTHETIC: Airport Road Toll Plaza,787,793
2025-02-12 06:00:00,SYNTHETIC: Nelamangala Toll Plaza,588,589
2025-02-12 06:00:00,SYNTHETIC: Electronic City Toll Plaza,625,626
2025-02-12 06:00:00,SYNTHETIC: Hosur Road Toll Plaza,618,620
2025-02-12 06:00:00,SYNTHETIC: Airport Road Toll Plaza,728,746
2025-02-12 12:00:00,SYNTHETIC: Nelamangala Toll Plaza,556,573
2025-02-12 12:00:00,SYNTHETIC: Electronic City Toll Plaza,534,554
2025-02-12 12:00:00,SYNTHETIC: Hosur Road Toll Plaza,650,673
2025-02-12 12:00:00,SYNTHETIC: Airport Road Toll Plaza,662,679
2025-02-12 18:00:00,SYNTHETIC: Nelamangala Toll Plaza,417,418
2025-02-12 18:00:00,SYNTHETIC: Electronic City Toll Plaza,567,579
2025-02-12 18:00:00,SYNTHETIC: Hosur Road Toll Plaza,618,629
2025-02-12 18:00:00,SYNTHETIC: Airport Road Toll Plaza,787,788
2025-02-12 22:00:00,SYNTHETIC: Nelamangala Toll Plaza,585,598
2025-02-12 22:00:00,SYNTHETIC: Electronic City Toll Plaza,620,636
2025-02-12 22:00:00,SYNTHETIC: Hosur Road Toll Plaza,615,631
2025-02-12 22:00:00,SYNTHETIC: Airport Road Toll Plaza,744,765
2025-02-13 06:00:00,SYNTHETIC: Nelamangala Toll Plaza,530,545
2025-02-13 06:00:00,SYNTHETIC: Electronic City Toll Plaza,517,520
2025-02-13 06:00:00,SYNTHETIC: Hosur Road Toll Plaza,628,629
2025-02-13 06:00:00,SYNTHETIC: Airport Road Toll Plaza,749,754
2025-02-13 12:00:00,SYNTHETIC: Nelamangala Toll Plaza,431,455
2025-02-13 12:00:00,SYNTHETIC: Electronic City Toll Plaza,667,692
2025-02-13 12:00:00,SYNTHETIC: Hosur Road Toll Plaza,587,594
2025-02-13 12:00:00,SYNTHETIC: Airport Road Toll Plaza,761,780
2025-02-13 18:00:00,SYNTHETIC: Nelamangala Toll Plaza,504,518
2025-02-13 18:00:00,SYNTHETIC: Electronic City Toll Plaza,526,540
2025-02-13 18:00:00,SYNTHETIC: Hosur Road Toll Plaza,722,746
2025-02-13 18:00:00,SYNTHETIC: Airport Road Toll Plaza,660,681
2025-02-13 22:00:00,SYNTHETIC: Nelamangala Toll Plaza,538,562
2025-02-13 22:00:00,SYNTHETIC: Electronic City Toll Plaza,538,562
2025-02-13 22:00:00,SYNTHETIC: Hosur Road Toll Plaza,623,646
2025-02-13 22:00:00,SYNTHETIC: Airport Road Toll Plaza,731,732
2025-02-14 06:00:00,SYNTHETIC: Nelamangala Toll Plaza,451,462
2025-02-14 06:00:00,SYNTHETIC: Electronic City Toll Plaza,495,508
2025-02-14 06:00:00,SYNTHETIC: Hosur Road Toll Plaza,646,650
2025-02-14 06:00:00,SYNTHETIC: Airport Road Toll Plaza,660,674
2025-02-14 12:00:00,SYNTHETIC: Nelamangala Toll Plaza,515,537
2025-02-14 12:00:00,SYNTHETIC: Electronic City Toll Plaza,628,635
2025-02-14 12:00:00,SYNTHETIC: Hosur Road Toll Plaza,672,676
2025-02-14 12:00:00,SYNTHETIC: Airport Road Toll Plaza,810,821
2025-02-14 18:00:00,SYNTHETIC: Nelamangala Toll Plaza,463,475
2025-02-14 18:00:00,SYNTHETIC: Electronic City Toll Plaza,597,610
2025-02-14 18:00:00,SYNTHETIC: Hosur Road Toll Plaza,687,710
2025-02-14 18:00:00,SYNTHETIC: Airport Road Toll Plaza,765,779
2025-02-14 22:00:00,SYNTHETIC: Nelamangala Toll Plaza,509,523
2025-02-14 22:00:00,SYNTHETIC: Electronic City Toll Plaza,583,593
2025-02-14 22:00:00,SYNTHETIC: Hosur Road Toll Plaza,653,674
2025-02-14 22:00:00,SYNTHETIC: Airport Road Toll Plaza,752,756
2025-02-15 06:00:00,SYNTHETIC: Nelamangala Toll Plaza,618,623
2025-02-15 06:00:00,SYNTHETIC: Electronic City Toll Plaza,766,769
2025-02-15 06:00:00,SYNTHETIC: Hosur Road Toll Plaza,876,895
2025-02-15 06:00:00,SYNTHETIC: Airport Road Toll Plaza,924,929
2025-02-15 12:00:00,SYNTHETIC: Nelamangala Toll Plaza,723,740
2025-02-15 12:00:00,SYNTHETIC: Electronic City Toll Plaza,820,835
2025-02-15 12:00:00,SYNTHETIC: Hosur Road Toll Plaza,919,927
2025-02-15 12:00:00,SYNTHETIC: Airport Road Toll Plaza,996,1003
2025-02-15 18:00:00,SYNTHETIC: Nelamangala Toll Plaza,609,630
2025-02-15 18:00:00,SYNTHETIC: Electronic City Toll Plaza,697,711
2025-02-15 18:00:00,SYNTHETIC: Hosur Road Toll Plaza,764,788
2025-02-15 18:00:00,SYNTHETIC: Airport Road Toll Plaza,830,834
2025-02-15 22:00:00,SYNTHETIC: Nelamangala Toll Plaza,677,692
2025-02-15 22:00:00,SYNTHETIC: Electronic City Toll Plaza,757,772
2025-02-15 22:00:00,SYNTHETIC: Hosur Road Toll Plaza,783,807
2025-02-15 22:00:00,SYNTHETIC: Airport Road Toll Plaza,825,843
2025-02-16 06:00:00,SYNTHETIC: Nelamangala Toll Plaza,648,650
2025-02-16 06:00:00,SYNTHETIC: Electronic City Toll Plaza,775,796
2025-02-16 06:00:00,SYNTHETIC: Hosur Road Toll Plaza,761,786
2025-02-16 06:00:00,SYNTHETIC: Airport Road Toll Plaza,990,1000
2025-02-16 12:00:00,SYNTHETIC: Nelamangala Toll Plaza,710,713
2025-02-16 12:00:00,SYNTHETIC: Electronic City Toll Plaza,665,690
2025-02-16 12:00:00,SYNTHETIC: Hosur Road Toll Plaza,772,797
2025-02-16 12:00:00,SYNTHETIC: Airport Road Toll Plaza,847,854
2025-02-16 18:00:00,SYNTHETIC: Nelamangala Toll Plaza,599,604
2025-02-16 18:00:00,SYNTHETIC: Electronic City Toll Plaza,755,757
2025-02-16 18:00:00,SYNTHETIC: Hosur Road Toll Plaza,779,797
2025-02-16 18:00:00,SYNTHETIC: Airport Road Toll Plaza,880,904
2025-02-16 22:00:00,SYNTHETIC: Nelamangala Toll Plaza,602,604
2025-02-16 22:00:00,SYNTHETIC: Electronic City Toll Plaza,662,685
2025-02-16 22:00:00,SYNTHETIC: Hosur Road Toll Plaza,743,766
2025-02-16 22:00:00,SYNTHETIC: Airport Road Toll Plaza,907,926
2025-02-17 06:00:00,SYNTHETIC: Nelamangala Toll Plaza,565,586
2025-02-17 06:00:00,SYNTHETIC: Electronic City Toll Plaza,506,524
2025-02-17 06:00:00,SYNTHETIC: Hosur Road Toll Plaza,637,660
2025-02-17 06:00:00,SYNTHETIC: Airport Road Toll Plaza,731,745
2025-02-17 12:00:00,SYNTHETIC: Nelamangala Toll Plaza,501,524
2025-02-17 12:00:00,SYNTHETIC: Electronic City Toll Plaza,612,623
2025-02-17 12:00:00,SYNTHETIC: Hosur Road Toll Plaza,697,706
2025-02-17 12:00:00,SYNTHETIC: Airport Road Toll Plaza,775,785
2025-02-17 18:00:00,SYNTHETIC: Nelamangala Toll Plaza,549,572
2025-02-17 18:00:00,SYNTHETIC: Electronic City Toll Plaza,538,545
2025-02-17 18:00:00,SYNTHETIC: Hosur Road Toll Plaza,720,725
2025-02-17 18:00:00,SYNTHETIC: Airport Road Toll Plaza,660,682
2025-02-17 22:00:00,SYNTHETIC: Nelamangala Toll Plaza,500,513
2025-02-17 22:00:00,SYNTHETIC: Electronic City Toll Plaza,609,623
2025-02-17 22:00:00,SYNTHETIC: Hosur Road Toll Plaza,653,678
2025-02-17 22:00:00,SYNTHETIC: Airport Road Toll Plaza,753,767
2025-02-18 06:00:00,SYNTHETIC: Nelamangala Toll Plaza,494,516
2025-02-18 06:00:00,SYNTHETIC: Electronic City Toll Plaza,539,543
2025-02-18 06:00:00,SYNTHETIC: Hosur Road Toll Plaza,652,677
2025-02-18 06:00:00,SYNTHETIC: Airport Road Toll Plaza,811,829
2025-02-18 12:00:00,SYNTHETIC: Nelamangala Toll Plaza,468,490
2025-02-18 12:00:00,SYNTHETIC: Electronic City Toll Plaza,641,660
2025-02-18 12:00:00,SYNTHETIC: Hosur Road Toll Plaza,630,637
2025-02-18 12:00:00,SYNTHETIC: Airport Road Toll Plaza,775,793
2025-02-18 18:00:00,SYNTHETIC: Nelamangala Toll Plaza,530,530
2025-02-18 18:00:00,SYNTHETIC: Electronic City Toll Plaza,570,586
2025-02-18 18:00:00,SYNTHETIC: Hosur Road Toll Plaza,594,606
2025-02-18 18:00:00,SYNTHETIC: Airport Road Toll Plaza,687,706
2025-02-18 22:00:00,SYNTHETIC: Nelamangala Toll Plaza,492,494
2025-02-18 22:00:00,SYNTHETIC: Electronic City Toll Plaza,625,640
2025-02-18 22:00:00,SYNTHETIC: Hosur Road Toll Plaza,688,707
2025-02-18 22:00:00,SYNTHETIC: Airport Road Toll Plaza,718,720
2025-02-19 06:00:00,SYNTHETIC: Nelamangala Toll Plaza,555,556
2025-02-19 06:00:00,SYNTHETIC: Electronic City Toll Plaza,620,621
2025-02-19 06:00:00,SYNTHETIC: Hosur Road Toll Plaza,603,618
2025-02-19 06:00:00,SYNTHETIC: Airport Road Toll Plaza,666,668
2025-02-19 12:00:00,SYNTHETIC: Nelamangala Toll Plaza,445,449
2025-02-19 12:00:00,SYNTHETIC: Electronic City Toll Plaza,516,532
2025-02-19 12:00:00,SYNTHETIC: Hosur Road Toll Plaza,611,633
2025-02-19 12:00:00,SYNTHETIC: Airport Road Toll Plaza,710,712
2025-02-19 18:00:00,SYNTHETIC: Nelamangala Toll Plaza,502,513
2025-02-19 18:00:00,SYNTHETIC: Electronic City Toll Plaza,576,578
2025-02-19 18:00:00,SYNTHETIC: Hosur Road Toll Plaza,675,685
2025-02-19 18:00:00,SYNTHETIC: Airport Road Toll Plaza,667,682
2025-02-19 22:00:00,SYNTHETIC: Nelamangala Toll Plaza,512,529
2025-02-19 22:00:00,SYNTHETIC: Electronic City Toll Plaza,505,521
2025-02-19 22:00:00,SYNTHETIC: Hosur Road Toll Plaza,676,696
2025-02-19 22:00:00,SYNTHETIC: Airport Road Toll Plaza,751,773
2025-02-20 06:00:00,SYNTHETIC: Nelamangala Toll Plaza,487,498
2025-02-20 06:00:00,SYNTHETIC: Electronic City Toll Plaza,608,609
2025-02-20 06:00:00,SYNTHETIC: Hosur Road Toll Plaza,735,755
2025-02-20 06:00:00,SYNTHETIC: Airport Road Toll Plaza,708,726
2025-02-20 12:00:00,SYNTHETIC: Nelamangala Toll Plaza,474,480
2025-02-20 12:00:00,SYNTHETIC: Electronic City Toll Plaza,620,620
2025-02-20 12:00:00,SYNTHETIC: Hosur Road Toll Plaza,649,649
2025-02-20 12:00:00,SYNTHETIC: Airport Road Toll Plaza,705,710
2025-02-20 18:00:00,SYNTHETIC: Nelamangala Toll Plaza,495,501
2025-02-20 18:00:00,SYNTHETIC: Electronic City Toll Plaza,617,640
2025-02-20 18:00:00,SYNTHETIC: Hosur Road Toll Plaza,669,692
2025-02-20 18:00:00,SYNTHETIC: Airport Road Toll Plaza,733,747
2025-02-20 22:00:00,SYNTHETIC: Nelamangala Toll Plaza,510,529
2025-02-20 22:00:00,SYNTHETIC: Electronic City Toll Plaza,532,547
2025-02-20 22:00:00,SYNTHETIC: Hosur Road Toll Plaza,692,709
2025-02-20 22:00:00,SYNTHETIC: Airport Road Toll Plaza,802,811
2025-02-21 06:00:00,SYNTHETIC: Nelamangala Toll Plaza,422,431
2025-02-21 06:00:00,SYNTHETIC: Electronic City Toll Plaza,583,585
2025-02-21 06:00:00,SYNTHETIC: Hosur Road Toll Plaza,723,734
2025-02-21 06:00:00,SYNTHETIC: Airport Road Toll Plaza,766,781
2025-02-21 12:00:00,SYNTHETIC: Nelamangala Toll Plaza,549,554
2025-02-21 12:00:00,SYNTHETIC: Electronic City Toll Plaza,585,606
2025-02-21 12:00:00,SYNTHETIC: Hosur Road Toll Plaza,665,688
2025-02-21 12:00:00,SYNTHETIC: Airport Road Toll Plaza,791,808
2025-02-21 18:00:00,SYNTHETIC: Nelamangala Toll Plaza,447,457
2025-02-21 18:00:00,SYNTHETIC: Electronic City Toll Plaza,653,664
2025-02-21 18:00:00,SYNTHETIC: Hosur Road Toll Plaza,674,679
2025-02-21 18:00:00,SYNTHETIC: Airport Road Toll Plaza,798,810
2025-02-21 22:00:00,SYNTHETIC: Nelamangala Toll Plaza,505,519
2025-02-21 22:00:00,SYNTHETIC: Electronic City Toll Plaza,578,602
2025-02-21 22:00:00,SYNTHETIC: Hosur Road Toll Plaza,644,648
2025-02-21 22:00:00,SYNTHETIC: Airport Road Toll Plaza,822,846
2025-02-22 06:00:00,SYNTHETIC: Nelamangala Toll Plaza,628,628
2025-02-22 06:00:00,SYNTHETIC: Electronic City Toll Plaza,664,664
2025-02-22 06:00:00,SYNTHETIC: Hosur Road Toll Plaza,815,818
2025-02-22 06:00:00,SYNTHETIC: Airport Road Toll Plaza,873,878
2025-02-22 12:00:00,SYNTHETIC: Nelamangala Toll Plaza,754,756
2025-02-22 12:00:00,SYNTHETIC: Electronic City Toll Plaza,677,685
2025-02-22 12:00:00,SYNTHETIC: Hosur Road Toll Plaza,855,858
2025-02-22 12:00:00,SYNTHETIC: Airport Road Toll Plaza,928,939
2025-02-22 18:00:00,SYNTHETIC: Nelamangala Toll Plaza,749,761
2025-02-22 18:00:00,SYNTHETIC: Electronic City Toll Plaza,662,684
2025-02-22 18:00:00,SYNTHETIC: Hosur Road Toll Plaza,892,901
2025-02-22 18:00:00,SYNTHETIC: Airport Road Toll Plaza,907,919
2025-02-22 22:00:00,SYNTHETIC: Nelamangala Toll Plaza,675,681
2025-02-22 22:00:00,SYNTHETIC: Electronic City Toll Plaza,737,750
2025-02-22 22:00:00,SYNTHETIC: Hosur Road Toll Plaza,898,916
2025-02-22 22:00:00,SYNTHETIC: Airport Road Toll Plaza,942,962
2025-02-23 06:00:00,SYNTHETIC: Nelamangala Toll Plaza,591,600
2025-02-23 06:00:00,SYNTHETIC: Electronic City Toll Plaza,706,713
2025-02-23 06:00:00,SYNTHETIC: Hosur Road Toll Plaza,827,848
2025-02-23 06:00:00,SYNTHETIC: Airport Road Toll Plaza,969,984
2025-02-23 12:00:00,SYNTHETIC: Nelamangala Toll Plaza,638,660
2025-02-23 12:00:00,SYNTHETIC: Electronic City Toll Plaza,773,798
2025-02-23 12:00:00,SYNTHETIC: Hosur Road Toll Plaza,919,922
2025-02-23 12:00:00,SYNTHETIC: Airport Road Toll Plaza,845,850
2025-02-23 18:00:00,SYNTHETIC: Nelamangala Toll Plaza,615,619
2025-02-23 18:00:00,SYNTHETIC: Electronic City Toll Plaza,814,832
2025-02-23 18:00:00,SYNTHETIC: Hosur Road Toll Plaza,746,760
2025-02-23 18:00:00,SYNTHETIC: Airport Road Toll Plaza,947,958
2025-02-23 22:00:00,SYNTHETIC: Nelamangala Toll Plaza,758,771
2025-02-23 22:00:00,SYNTHETIC: Electronic City Toll Plaza,665,687
2025-02-23 22:00:00,SYNTHETIC: Hosur Road Toll Plaza,874,896
2025-02-23 22:00:00,SYNTHETIC: Airport Road Toll Plaza,914,934
2025-02-24 06:00:00,SYNTHETIC: Nelamangala Toll Plaza,477,490
2025-02-24 06:00:00,SYNTHETIC: Electronic City Toll Plaza,505,529
2025-02-24 06:00:00,SYNTHETIC: Hosur Road Toll Plaza,680,681
2025-02-24 06:00:00,SYNTHETIC: Airport Road Toll Plaza,732,756
2025-02-24 12:00:00,SYNTHETIC: Nelamangala Toll Plaza,511,511
2025-02-24 12:00:00,SYNTHETIC: Electronic City Toll Plaza,539,560
2025-02-24 12:00:00,SYNTHETIC: Hosur Road Toll Plaza,665,677
2025-02-24 12:00:00,SYNTHETIC: Airport Road Toll Plaza,765,784
2025-02-24 18:00:00,SYNTHETIC: Nelamangala Toll Plaza,467,490
2025-02-24 18:00:00,SYNTHETIC: Electronic City Toll Plaza,522,537
2025-02-24 18:00:00,SYNTHETIC: Hosur Road Toll Plaza,727,752
2025-02-24 18:00:00,SYNTHETIC: Airport Road Toll Plaza,780,793
2025-02-24 22:00:00,SYNTHETIC: Nelamangala Toll Plaza,575,599
2025-02-24 22:00:00,SYNTHETIC: Electronic City Toll Plaza,652,657
2025-02-24 22:00:00,SYNTHETIC: Hosur Road Toll Plaza,631,650
2025-02-24 22:00:00,SYNTHETIC: Airport Road Toll Plaza,783,792
2025-02-25 06:00:00,SYNTHETIC: Nelamangala Toll Plaza,479,497
2025-02-25 06:00:00,SYNTHETIC: Electronic City Toll Plaza,607,624
2025-02-25 06:00:00,SYNTHETIC: Hosur Road Toll Plaza,657,661
2025-02-25 06:00:00,SYNTHETIC: Airport Road Toll Plaza,715,734
2025-02-25 12:00:00,SYNTHETIC: Nelamangala Toll Plaza,428,436
2025-02-25 12:00:00,SYNTHETIC: Electronic City Toll Plaza,521,533
2025-02-25 12:00:00,SYNTHETIC: Hosur Road Toll Plaza,710,722
2025-02-25 12:00:00,SYNTHETIC: Airport Road Toll Plaza,650,652
2025-02-25 18:00:00,SYNTHETIC: Nelamangala Toll Plaza,458,483
2025-02-25 18:00:00,SYNTHETIC: Electronic City Toll Plaza,555,570
2025-02-25 18:00:00,SYNTHETIC: Hosur Road Toll Plaza,686,703
2025-02-25 18:00:00,SYNTHETIC: Airport Road Toll Plaza,799,807
2025-02-25 22:00:00,SYNTHETIC: Nelamangala Toll Plaza,540,558
2025-02-25 22:00:00,SYNTHETIC: Electronic City Toll Plaza,597,603
2025-02-25 22:00:00,SYNTHETIC: Hosur Road Toll Plaza,638,639
2025-02-25 22:00:00,SYNTHETIC: Airport Road Toll Plaza,759,779
2025-02-26 06:00:00,SYNTHETIC: Nelamangala Toll Plaza,842,857
2025-02-26 06:00:00,SYNTHETIC: Electronic City Toll Plaza,861,886
2025-02-26 06:00:00,SYNTHETIC: Hosur Road Toll Plaza,964,974
2025-02-26 06:00:00,SYNTHETIC: Airport Road Toll Plaza,992,992
2025-02-26 12:00:00,SYNTHETIC: Nelamangala Toll Plaza,797,813
2025-02-26 12:00:00,SYNTHETIC: Electronic City Toll Plaza,907,919
2025-02-26 12:00:00,SYNTHETIC: Hosur Road Toll Plaza,943,962
2025-02-26 12:00:00,SYNTHETIC: Airport Road Toll Plaza,962,973
2025-02-26 18:00:00,SYNTHETIC: Nelamangala Toll Plaza,706,728
2025-02-26 18:00:00,SYNTHETIC: Electronic City Toll Plaza,769,788
2025-02-26 18:00:00,SYNTHETIC: Hosur Road Toll Plaza,1008,1029
2025-02-26 18:00:00,SYNTHETIC: Airport Road Toll Plaza,1006,1011
2025-02-26 22:00:00,SYNTHETIC: Nelamangala Toll Plaza,773,779
2025-02-26 22:00:00,SYNTHETIC: Electronic City Toll Plaza,805,815
2025-02-26 22:00:00,SYNTHETIC: Hosur Road Toll Plaza,920,932
2025-02-26 22:00:00,SYNTHETIC: Airport Road Toll Plaza,980,987
2025-02-27 06:00:00,SYNTHETIC: Nelamangala Toll Plaza,449,466
2025-02-27 06:00:00,SYNTHETIC: Electronic City Toll Plaza,537,544
2025-02-27 06:00:00,SYNTHETIC: Hosur Road Toll Plaza,572,582
2025-02-27 06:00:00,SYNTHETIC: Airport Road Toll Plaza,693,717
2025-02-27 12:00:00,SYNTHETIC: Nelamangala Toll Plaza,479,495
2025-02-27 12:00:00,SYNTHETIC: Electronic City Toll Plaza,495,511
2025-02-27 12:00:00,SYNTHETIC: Hosur Road Toll Plaza,699,700
2025-02-27 12:00:00,SYNTHETIC: Airport Road Toll Plaza,750,754
2025-02-27 18:00:00,SYNTHETIC: Nelamangala Toll Plaza,452,453
2025-02-27 18:00:00,SYNTHETIC: Electronic City Toll Plaza,610,614
2025-02-27 18:00:00,SYNTHETIC: Hosur Road Toll Plaza,603,610
2025-02-27 18:00:00,SYNTHETIC: Airport Road Toll Plaza,805,816
2025-02-27 22:00:00,SYNTHETIC: Nelamangala Toll Plaza,556,581
2025-02-27 22:00:00,SYNTHETIC: Electronic City Toll Plaza,561,575
2025-02-27 22:00:00,SYNTHETIC: Hosur Road Toll Plaza,632,646
2025-02-27 22:00:00,SYNTHETIC: Airport Road Toll Plaza,694,716
2025-02-28 06:00:00,SYNTHETIC: Nelamangala Toll Plaza,541,558
2025-02-28 06:00:00,SYNTHETIC: Electronic City Toll Plaza,612,613
2025-02-28 06:00:00,SYNTHETIC: Hosur Road Toll Plaza,692,694
2025-02-28 06:00:00,SYNTHETIC: Airport Road Toll Plaza,740,750
2025-02-28 12:00:00,SYNTHETIC: Nelamangala Toll Plaza,459,468
2025-02-28 12:00:00,SYNTHETIC: Electronic City Toll Plaza,619,624
2025-02-28 12:00:00,SYNTHETIC: Hosur Road Toll Plaza,572,575
2025-02-28 12:00:00,SYNTHETIC: Airport Road Toll Plaza,687,710
2025-02-28 18:00:00,SYNTHETIC: Nelamangala Toll Plaza,553,561
2025-02-28 18:00:00,SYNTHETIC: Electronic City Toll Plaza,505,505
2025-02-28 18:00:00,SYNTHETIC: Hosur Road Toll Plaza,700,706
2025-02-28 18:00:00,SYNTHETIC: Airport Road Toll Plaza,811,827
2025-02-28 22:00:00,SYNTHETIC: Nelamangala Toll Plaza,505,505
2025-02-28 22:00:00,SYNTHETIC: Electronic City Toll Plaza,604,616
2025-02-28 22:00:00,SYNTHETIC: Hosur Road Toll Plaza,655,680
2025-02-28 22:00:00,SYNTHETIC: Airport Road Toll Plaza,806,820
2025-03-01 06:00:00,SYNTHETIC: Nelamangala Toll Plaza,649,659
2025-03-01 06:00:00,SYNTHETIC: Electronic City Toll Plaza,790,799
2025-03-01 06:00:00,SYNTHETIC: Hosur Road Toll Plaza,867,890
2025-03-01 06:00:00,SYNTHETIC: Airport Road Toll Plaza,923,924
2025-03-01 12:00:00,SYNTHETIC: Nelamangala Toll Plaza,731,740
2025-03-01 12:00:00,SYNTHETIC: Electronic City Toll Plaza,725,728
2025-03-01 12:00:00,SYNTHETIC: Hosur Road Toll Plaza,777,794
2025-03-01 12:00:00,SYNTHETIC: Airport Road Toll Plaza,877,902
2025-03-01 18:00:00,SYNTHETIC: Nelamangala Toll Plaza,636,643
2025-03-01 18:00:00,SYNTHETIC: Electronic City Toll Plaza,778,782
2025-03-01 18:00:00,SYNTHETIC: Hosur Road Toll Plaza,765,787
2025-03-01 18:00:00,SYNTHETIC: Airport Road Toll Plaza,958,974
2025-03-01 22:00:00,SYNTHETIC: Nelamangala Toll Plaza,672,685
2025-03-01 22:00:00,SYNTHETIC: Electronic City Toll Plaza,762,775
2025-03-01 22:00:00,SYNTHETIC: Hosur Road Toll Plaza,885,895
2025-03-01 22:00:00,SYNTHETIC: Airport Road Toll Plaza,896,898
2025-03-02 06:00:00,SYNTHETIC: Nelamangala Toll Plaza,646,651
2025-03-02 06:00:00,SYNTHETIC: Electronic City Toll Plaza,824,848
2025-03-02 06:00:00,SYNTHETIC: Hosur Road Toll Plaza,919,935
2025-03-02 06:00:00,SYNTHETIC: Airport Road Toll Plaza,844,859
2025-03-02 12:00:00,SYNTHETIC: Nelamangala Toll Plaza,735,742
2025-03-02 12:00:00,SYNTHETIC: Electronic City Toll Plaza,836,845
2025-03-02 12:00:00,SYNTHETIC: Hosur Road Toll Plaza,748,760
2025-03-02 12:00:00,SYNTHETIC: Airport Road Toll Plaza,906,927
2025-03-02 18:00:00,SYNTHETIC: Nelamangala Toll Plaza,621,643
2025-03-02 18:00:00,SYNTHETIC: Electronic City Toll Plaza,781,806
2025-03-02 18:00:00,SYNTHETIC: Hosur Road Toll Plaza,855,866
2025-03-02 18:00:00,SYNTHETIC: Airport Road Toll Plaza,950,959
2025-03-02 22:00:00,SYNTHETIC: Nelamangala Toll Plaza,655,675
2025-03-02 22:00:00,SYNTHETIC: Electronic City Toll Plaza,840,852
2025-03-02 22:00:00,SYNTHETIC: Hosur Road Toll Plaza,847,872
2025-03-02 22:00:00,SYNTHETIC: Airport Road Toll Plaza,880,905
2025-03-03 06:00:00,SYNTHETIC: Nelamangala Toll Plaza,510,526
2025-03-03 06:00:00,SYNTHETIC: Electronic City Toll Plaza,641,660
2025-03-03 06:00:00,SYNTHETIC: Hosur Road Toll Plaza,726,732
2025-03-03 06:00:00,SYNTHETIC: Airport Road Toll Plaza,761,785
2025-03-03 12:00:00,SYNTHETIC: Nelamangala Toll Plaza,420,434
2025-03-03 12:00:00,SYNTHETIC: Electronic City Toll Plaza,641,658
2025-03-03 12:00:00,SYNTHETIC: Hosur Road Toll Plaza,644,661
2025-03-03 12:00:00,SYNTHETIC: Airport Road Toll Plaza,766,767
2025-03-03 18:00:00,SYNTHETIC: Nelamangala Toll Plaza,482,492
2025-03-03 18:00:00,SYNTHETIC: Electronic City Toll Plaza,494,507
2025-03-03 18:00:00,SYNTHETIC: Hosur Road Toll Plaza,720,740
2025-03-03 18:00:00,SYNTHETIC: Airport Road Toll Plaza,666,681
2025-03-03 22:00:00,SYNTHETIC: Nelamangala Toll Plaza,516,530
2025-03-03 22:00:00,SYNTHETIC: Electronic City Toll Plaza,645,663
2025-03-03 22:00:00,SYNTHETIC: Hosur Road Toll Plaza,629,639
2025-03-03 22:00:00,SYNTHETIC: Airport Road Toll Plaza,801,808
2025-03-04 06:00:00,SYNTHETIC: Nelamangala Toll Plaza,546,560
2025-03-04 06:00:00,SYNTHETIC: Electronic City Toll Plaza,620,623
2025-03-04 06:00:00,SYNTHETIC: Hosur Road Toll Plaza,693,714
2025-03-04 06:00:00,SYNTHETIC: Airport Road Toll Plaza,807,815
2025-03-04 12:00:00,SYNTHETIC: Nelamangala Toll Plaza,431,442
2025-03-04 12:00:00,SYNTHETIC: Electronic City Toll Plaza,513,524
2025-03-04 12:00:00,SYNTHETIC: Hosur Road Toll Plaza,615,627
2025-03-04 12:00:00,SYNTHETIC: Airport Road Toll Plaza,698,715
2025-03-04 18:00:00,SYNTHETIC: Nelamangala Toll Plaza,474,497
2025-03-04 18:00:00,SYNTHETIC: Electronic City Toll Plaza,494,513
2025-03-04 18:00:00,SYNTHETIC: Hosur Road Toll Plaza,592,594
2025-03-04 18:00:00,SYNTHETIC: Airport Road Toll Plaza,691,695
2025-03-04 22:00:00,SYNTHETIC: Nelamangala Toll Plaza,497,502
2025-03-04 22:00:00,SYNTHETIC: Electronic City Toll Plaza,623,645
2025-03-04 22:00:00,SYNTHETIC: Hosur Road Toll Plaza,706,712
2025-03-04 22:00:00,SYNTHETIC: Airport Road Toll Plaza,772,796
2025-03-05 06:00:00,SYNTHETIC: Nelamangala Toll Plaza,416,425
2025-03-05 06:00:00,SYNTHETIC: Electronic City Toll Plaza,573,578
2025-03-05 06:00:00,SYNTHETIC: Hosur Road Toll Plaza,593,597
2025-03-05 06:00:00,SYNTHETIC: Airport Road Toll Plaza,784,803
2025-03-05 12:00:00,SYNTHETIC: Nelamangala Toll Plaza,563,566
2025-03-05 12:00:00,SYNTHETIC: Electronic City Toll Plaza,582,585
2025-03-05 12:00:00,SYNTHETIC: Hosur Road Toll Plaza,594,602
2025-03-05 12:00:00,SYNTHETIC: Airport Road Toll Plaza,735,745
2025-03-05 18:00:00,SYNTHETIC: Nelamangala Toll Plaza,441,446
2025-03-05 18:00:00,SYNTHETIC: Electronic City Toll Plaza,637,643
2025-03-05 18:00:00,SYNTHETIC: Hosur Road Toll Plaza,719,744
2025-03-05 18:00:00,SYNTHETIC: Airport Road Toll Plaza,670,677
2025-03-05 22:00:00,SYNTHETIC: Nelamangala Toll Plaza,422,430
2025-03-05 22:00:00,SYNTHETIC: Electronic City Toll Plaza,569,593
2025-03-05 22:00:00,SYNTHETIC: Hosur Road Toll Plaza,710,734
2025-03-05 22:00:00,SYNTHETIC: Airport Road Toll Plaza,788,790
2025-03-06 06:00:00,SYNTHETIC: Nelamangala Toll Plaza,473,496
2025-03-06 06:00:00,SYNTHETIC: Electronic City Toll Plaza,501,524
2025-03-06 06:00:00,SYNTHETIC: Hosur Road Toll Plaza,588,609
2025-03-06 06:00:00,SYNTHETIC: Airport Road Toll Plaza,751,755
2025-03-06 12:00:00,SYNTHETIC: Nelamangala Toll Plaza,465,473
2025-03-06 12:00:00,SYNTHETIC: Electronic City Toll Plaza,518,536
2025-03-06 12:00:00,SYNTHETIC: Hosur Road Toll Plaza,570,590
2025-03-06 12:00:00,SYNTHETIC: Airport Road Toll Plaza,703,725
2025-03-06 18:00:00,SYNTHETIC: Nelamangala Toll Plaza,438,460
2025-03-06 18:00:00,SYNTHETIC: Electronic City Toll Plaza,493,506
2025-03-06 18:00:00,SYNTHETIC: Hosur Road Toll Plaza,597,607
2025-03-06 18:00:00,SYNTHETIC: Airport Road Toll Plaza,702,716
2025-03-06 22:00:00,SYNTHETIC: Nelamangala Toll Plaza,446,450
2025-03-06 22:00:00,SYNTHETIC: Electronic City Toll Plaza,655,680
2025-03-06 22:00:00,SYNTHETIC: Hosur Road Toll Plaza,601,612
2025-03-06 22:00:00,SYNTHETIC: Airport Road Toll Plaza,733,746
2025-03-07 06:00:00,SYNTHETIC: Nelamangala Toll Plaza,586,610
2025-03-07 06:00:00,SYNTHETIC: Electronic City Toll Plaza,631,644
2025-03-07 06:00:00,SYNTHETIC: Hosur Road Toll Plaza,715,725
2025-03-07 06:00:00,SYNTHETIC: Airport Road Toll Plaza,650,665
2025-03-07 12:00:00,SYNTHETIC: Nelamangala Toll Plaza,459,464
2025-03-07 12:00:00,SYNTHETIC: Electronic City Toll Plaza,517,540
2025-03-07 12:00:00,SYNTHETIC: Hosur Road Toll Plaza,648,671
2025-03-07 12:00:00,SYNTHETIC: Airport Road Toll Plaza,758,766
2025-03-07 18:00:00,SYNTHETIC: Nelamangala Toll Plaza,588,613
2025-03-07 18:00:00,SYNTHETIC: Electronic City Toll Plaza,559,577
2025-03-07 18:00:00,SYNTHETIC: Hosur Road Toll Plaza,621,641
2025-03-07 18:00:00,SYNTHETIC: Airport Road Toll Plaza,752,773
2025-03-07 22:00:00,SYNTHETIC: Nelamangala Toll Plaza,564,582
2025-03-07 22:00:00,SYNTHETIC: Electronic City Toll Plaza,634,645
2025-03-07 22:00:00,SYNTHETIC: Hosur Road Toll Plaza,594,606
2025-03-07 22:00:00,SYNTHETIC: Airport Road Toll Plaza,770,789
2025-03-08 06:00:00,SYNTHETIC: Nelamangala Toll Plaza,620,627
2025-03-08 06:00:00,SYNTHETIC: Electronic City Toll Plaza,671,694
2025-03-08 06:00:00,SYNTHETIC: Hosur Road Toll Plaza,785,791
2025-03-08 06:00:00,SYNTHETIC: Airport Road Toll Plaza,873,879
2025-03-08 12:00:00,SYNTHETIC: Nelamangala Toll Plaza,613,622
2025-03-08 12:00:00,SYNTHETIC: Electronic City Toll Plaza,777,778
2025-03-08 12:00:00,SYNTHETIC: Hosur Road Toll Plaza,909,923
2025-03-08 12:00:00,SYNTHETIC: Airport Road Toll Plaza,877,896
2025-03-08 18:00:00,SYNTHETIC: Nelamangala Toll Plaza,614,615
2025-03-08 18:00:00,SYNTHETIC: Electronic City Toll Plaza,690,713
2025-03-08 18:00:00,SYNTHETIC: Hosur Road Toll Plaza,792,803
2025-03-08 18:00:00,SYNTHETIC: Airport Road Toll Plaza,980,1004
2025-03-08 22:00:00,SYNTHETIC: Nelamangala Toll Plaza,656,677
2025-03-08 22:00:00,SYNTHETIC: Electronic City Toll Plaza,770,774
2025-03-08 22:00:00,SYNTHETIC: Hosur Road Toll Plaza,916,918
2025-03-08 22:00:00,SYNTHETIC: Airport Road Toll Plaza,860,875
2025-03-09 06:00:00,SYNTHETIC: Nelamangala Toll Plaza,614,619
2025-03-09 06:00:00,SYNTHETIC: Electronic City Toll Plaza,671,684
2025-03-09 06:00:00,SYNTHETIC: Hosur Road Toll Plaza,865,871
2025-03-09 06:00:00,SYNTHETIC: Airport Road Toll Plaza,855,880
2025-03-09 12:00:00,SYNTHETIC: Nelamangala Toll Plaza,636,658
2025-03-09 12:00:00,SYNTHETIC: Electronic City Toll Plaza,822,824
2025-03-09 12:00:00,SYNTHETIC: Hosur Road Toll Plaza,872,876
2025-03-09 12:00:00,SYNTHETIC: Airport Road Toll Plaza,979,993
2025-03-09 18:00:00,SYNTHETIC: Nelamangala Toll Plaza,598,611
2025-03-09 18:00:00,SYNTHETIC: Electronic City Toll Plaza,822,839
2025-03-09 18:00:00,SYNTHETIC: Hosur Road Toll Plaza,760,783
2025-03-09 18:00:00,SYNTHETIC: Airport Road Toll Plaza,902,916
2025-03-09 22:00:00,SYNTHETIC: Nelamangala Toll Plaza,622,643
2025-03-09 22:00:00,SYNTHETIC: Electronic City Toll Plaza,730,740
2025-03-09 22:00:00,SYNTHETIC: Hosur Road Toll Plaza,747,748
2025-03-09 22:00:00,SYNTHETIC: Airport Road Toll Plaza,822,846
2025-03-10 06:00:00,SYNTHETIC: Nelamangala Toll Plaza,423,436
2025-03-10 06:00:00,SYNTHETIC: Electronic City Toll Plaza,543,550
2025-03-10 06:00:00,SYNTHETIC: Hosur Road Toll Plaza,675,694
2025-03-10 06:00:00,SYNTHETIC: Airport Road Toll Plaza,807,824
2025-03-10 12:00:00,SYNTHETIC: Nelamangala Toll Plaza,527,546
2025-03-10 12:00:00,SYNTHETIC: Electronic City Toll Plaza,580,605
2025-03-10 12:00:00,SYNTHETIC: Hosur Road Toll Plaza,574,598
2025-03-10 12:00:00,SYNTHETIC: Airport Road Toll Plaza,809,833
2025-03-10 18:00:00,SYNTHETIC: Nelamangala Toll Plaza,572,588
2025-03-10 18:00:00,SYNTHETIC: Electronic City Toll Plaza,537,541
2025-03-10 18:00:00,SYNTHETIC: Hosur Road Toll Plaza,586,587
2025-03-10 18:00:00,SYNTHETIC: Airport Road Toll Plaza,718,743
2025-03-10 22:00:00,SYNTHETIC: Nelamangala Toll Plaza,422,425
2025-03-10 22:00:00,SYNTHETIC: Electronic City Toll Plaza,590,598
2025-03-10 22:00:00,SYNTHETIC: Hosur Road Toll Plaza,705,708
2025-03-10 22:00:00,SYNTHETIC: Airport Road Toll Plaza,792,808
2025-03-11 06:00:00,SYNTHETIC: Nelamangala Toll Plaza,480,490
2025-03-11 06:00:00,SYNTHETIC: Electronic City Toll Plaza,524,538
2025-03-11 06:00:00,SYNTHETIC: Hosur Road Toll Plaza,726,748
2025-03-11 06:00:00,SYNTHETIC: Airport Road Toll Plaza,665,686
2025-03-11 12:00:00,SYNTHETIC: Nelamangala Toll Plaza,586,596
2025-03-11 12:00:00,SYNTHETIC: Electronic City Toll Plaza,499,508
2025-03-11 12:00:00,SYNTHETIC: Hosur Road Toll Plaza,745,765
2025-03-11 12:00:00,SYNTHETIC: Airport Road Toll Plaza,664,673
2025-03-11 18:00:00,SYNTHETIC: Nelamangala Toll Plaza,471,477
2025-03-11 18:00:00,SYNTHETIC: Electronic City Toll Plaza,545,551
2025-03-11 18:00:00,SYNTHETIC: Hosur Road Toll Plaza,660,666
2025-03-11 18:00:00,SYNTHETIC: Airport Road Toll Plaza,784,792
2025-03-11 22:00:00,SYNTHETIC: Nelamangala Toll Plaza,560,570
2025-03-11 22:00:00,SYNTHETIC: Electronic City Toll Plaza,521,533
2025-03-11 22:00:00,SYNTHETIC: Hosur Road Toll Plaza,626,651
2025-03-11 22:00:00,SYNTHETIC: Airport Road Toll Plaza,686,711
2025-03-12 06:00:00,SYNTHETIC: Nelamangala Toll Plaza,497,497
2025-03-12 06:00:00,SYNTHETIC: Electronic City Toll Plaza,640,644
2025-03-12 06:00:00,SYNTHETIC: Hosur Road Toll Plaza,674,680
2025-03-12 06:00:00,SYNTHETIC: Airport Road Toll Plaza,693,716
2025-03-12 12:00:00,SYNTHETIC: Nelamangala Toll Plaza,450,456
2025-03-12 12:00:00,SYNTHETIC: Electronic City Toll Plaza,645,664
2025-03-12 12:00:00,SYNTHETIC: Hosur Road Toll Plaza,699,703
2025-03-12 12:00:00,SYNTHETIC: Airport Road Toll Plaza,668,675
2025-03-12 18:00:00,SYNTHETIC: Nelamangala Toll Plaza,525,533
2025-03-12 18:00:00,SYNTHETIC: Electronic City Toll Plaza,575,585
2025-03-12 18:00:00,SYNTHETIC: Hosur Road Toll Plaza,677,679
2025-03-12 18:00:00,SYNTHETIC: Airport Road Toll Plaza,673,681
2025-03-12 22:00:00,SYNTHETIC: Nelamangala Toll Plaza,419,441
2025-03-12 22:00:00,SYNTHETIC: Electronic City Toll Plaza,565,569
2025-03-12 22:00:00,SYNTHETIC: Hosur Road Toll Plaza,703,720
2025-03-12 22:00:00,SYNTHETIC: Airport Road Toll Plaza,754,777
2025-03-13 06:00:00,SYNTHETIC: Nelamangala Toll Plaza,580,591
2025-03-13 06:00:00,SYNTHETIC: Electronic City Toll Plaza,605,627
2025-03-13 06:00:00,SYNTHETIC: Hosur Road Toll Plaza,747,747
2025-03-13 06:00:00,SYNTHETIC: Airport Road Toll Plaza,805,806
2025-03-13 12:00:00,SYNTHETIC: Nelamangala Toll Plaza,539,550
2025-03-13 12:00:00,SYNTHETIC: Electronic City Toll Plaza,634,652
2025-03-13 12:00:00,SYNTHETIC: Hosur Road Toll Plaza,586,611
2025-03-13 12:00:00,SYNTHETIC: Airport Road Toll Plaza,724,733
2025-03-13 18:00:00,SYNTHETIC: Nelamangala Toll Plaza,556,561
2025-03-13 18:00:00,SYNTHETIC: Electronic City Toll Plaza,494,516
2025-03-13 18:00:00,SYNTHETIC: Hosur Road Toll Plaza,685,693
2025-03-13 18:00:00,SYNTHETIC: Airport Road Toll Plaza,799,824
2025-03-13 22:00:00,SYNTHETIC: Nelamangala Toll Plaza,452,464
2025-03-13 22:00:00,SYNTHETIC: Electronic City Toll Plaza,643,665
2025-03-13 22:00:00,SYNTHETIC: Hosur Road Toll Plaza,716,735
2025-03-13 22:00:00,SYNTHETIC: Airport Road Toll Plaza,810,823
2025-03-14 06:00:00,SYNTHETIC: Nelamangala Toll Plaza,766,777
2025-03-14 06:00:00,SYNTHETIC: Electronic City Toll Plaza,854,874
2025-03-14 06:00:00,SYNTHETIC: Hosur Road Toll Plaza,848,854
2025-03-14 06:00:00,SYNTHETIC: Airport Road Toll Plaza,913,930
2025-03-14 12:00:00,SYNTHETIC: Nelamangala Toll Plaza,793,818
2025-03-14 12:00:00,SYNTHETIC: Electronic City Toll Plaza,859,862
2025-03-14 12:00:00,SYNTHETIC: Hosur Road Toll Plaza,1002,1023
2025-03-14 12:00:00,SYNTHETIC: Airport Road Toll Plaza,947,971
2025-03-14 18:00:00,SYNTHETIC: Nelamangala Toll Plaza,718,743
2025-03-14 18:00:00,SYNTHETIC: Electronic City Toll Plaza,885,895
2025-03-14 18:00:00,SYNTHETIC: Hosur Road Toll Plaza,976,986
2025-03-14 18:00:00,SYNTHETIC: Airport Road Toll Plaza,940,948
2025-03-14 22:00:00,SYNTHETIC: Nelamangala Toll Plaza,719,743
2025-03-14 22:00:00,SYNTHETIC: Electronic City Toll Plaza,818,830
2025-03-14 22:00:00,SYNTHETIC: Hosur Road Toll Plaza,968,972
2025-03-14 22:00:00,SYNTHETIC: Airport Road Toll Plaza,971,989
2025-03-15 06:00:00,SYNTHETIC: Nelamangala Toll Plaza,647,647
2025-03-15 06:00:00,SYNTHETIC: Electronic City Toll Plaza,761,777
2025-03-15 06:00:00,SYNTHETIC: Hosur Road Toll Plaza,912,929
2025-03-15 06:00:00,SYNTHETIC: Airport Road Toll Plaza,887,889
2025-03-15 12:00:00,SYNTHETIC: Nelamangala Toll Plaza,629,635
2025-03-15 12:00:00,SYNTHETIC: Electronic City Toll Plaza,711,725
2025-03-15 12:00:00,SYNTHETIC: Hosur Road Toll Plaza,799,801
2025-03-15 12:00:00,SYNTHETIC: Airport Road Toll Plaza,853,863
2025-03-15 18:00:00,SYNTHETIC: Nelamangala Toll Plaza,671,693
2025-03-15 18:00:00,SYNTHETIC: Electronic City Toll Plaza,703,709
2025-03-15 18:00:00,SYNTHETIC: Hosur Road Toll Plaza,828,840
2025-03-15 18:00:00,SYNTHETIC: Airport Road Toll Plaza,847,861
2025-03-15 22:00:00,SYNTHETIC: Nelamangala Toll Plaza,719,721
2025-03-15 22:00:00,SYNTHETIC: Electronic City Toll Plaza,778,778
2025-03-15 22:00:00,SYNTHETIC: Hosur Road Toll Plaza,792,797
2025-03-15 22:00:00,SYNTHETIC: Airport Road Toll Plaza,993,996
2025-03-16 06:00:00,SYNTHETIC: Nelamangala Toll Plaza,718,725
2025-03-16 06:00:00,SYNTHETIC: Electronic City Toll Plaza,689,705
2025-03-16 06:00:00,SYNTHETIC: Hosur Road Toll Plaza,785,802
2025-03-16 06:00:00,SYNTHETIC: Airport Road Toll Plaza,994,1004
2025-03-16 12:00:00,SYNTHETIC: Nelamangala Toll Plaza,684,684
2025-03-16 12:00:00,SYNTHETIC: Electronic City Toll Plaza,746,753
2025-03-16 12:00:00,SYNTHETIC: Hosur Road Toll Plaza,886,910
2025-03-16 12:00:00,SYNTHETIC: Airport Road Toll Plaza,935,958
2025-03-16 18:00:00,SYNTHETIC: Nelamangala Toll Plaza,585,600
2025-03-16 18:00:00,SYNTHETIC: Electronic City Toll Plaza,839,857
2025-03-16 18:00:00,SYNTHETIC: Hosur Road Toll Plaza,879,902
2025-03-16 18:00:00,SYNTHETIC: Airport Road Toll Plaza,982,995
2025-03-16 22:00:00,SYNTHETIC: Nelamangala Toll Plaza,683,704
2025-03-16 22:00:00,SYNTHETIC: Electronic City Toll Plaza,690,704
2025-03-16 22:00:00,SYNTHETIC: Hosur Road Toll Plaza,862,884
2025-03-16 22:00:00,SYNTHETIC: Airport Road Toll Plaza,835,847
2025-03-17 06:00:00,SYNTHETIC: Nelamangala Toll Plaza,570,587
2025-03-17 06:00:00,SYNTHETIC: Electronic City Toll Plaza,619,633
2025-03-17 06:00:00,SYNTHETIC: Hosur Road Toll Plaza,579,601
2025-03-17 06:00:00,SYNTHETIC: Airport Road Toll Plaza,817,831
2025-03-17 12:00:00,SYNTHETIC: Nelamangala Toll Plaza,433,444
2025-03-17 12:00:00,SYNTHETIC: Electronic City Toll Plaza,535,542
2025-03-17 12:00:00,SYNTHETIC: Hosur Road Toll Plaza,709,721
2025-03-17 12:00:00,SYNTHETIC: Airport Road Toll Plaza,764,776
2025-03-17 18:00:00,SYNTHETIC: Nelamangala Toll Plaza,532,538
2025-03-17 18:00:00,SYNTHETIC: Electronic City Toll Plaza,628,652
2025-03-17 18:00:00,SYNTHETIC: Hosur Road Toll Plaza,738,743
2025-03-17 18:00:00,SYNTHETIC: Airport Road Toll Plaza,656,675
2025-03-17 22:00:00,SYNTHETIC: Nelamangala Toll Plaza,525,533
2025-03-17 22:00:00,SYNTHETIC: Electronic City Toll Plaza,587,611
2025-03-17 22:00:00,SYNTHETIC: Hosur Road Toll Plaza,589,608
2025-03-17 22:00:00,SYNTHETIC: Airport Road Toll Plaza,666,689
2025-03-18 06:00:00,SYNTHETIC: Nelamangala Toll Plaza,557,562
2025-03-18 06:00:00,SYNTHETIC: Electronic City Toll Plaza,593,611
2025-03-18 06:00:00,SYNTHETIC: Hosur Road Toll Plaza,626,648
2025-03-18 06:00:00,SYNTHETIC: Airport Road Toll Plaza,706,716
2025-03-18 12:00:00,SYNTHETIC: Nelamangala Toll Plaza,545,564
2025-03-18 12:00:00,SYNTHETIC: Electronic City Toll Plaza,665,676
2025-03-18 12:00:00,SYNTHETIC: Hosur Road Toll Plaza,596,603
2025-03-18 12:00:00,SYNTHETIC: Airport Road Toll Plaza,779,782
2025-03-18 18:00:00,SYNTHETIC: Nelamangala Toll Plaza,553,575
2025-03-18 18:00:00,SYNTHETIC: Electronic City Toll Plaza,590,601
2025-03-18 18:00:00,SYNTHETIC: Hosur Road Toll Plaza,663,663
2025-03-18 18:00:00,SYNTHETIC: Airport Road Toll Plaza,815,830
2025-03-18 22:00:00,SYNTHETIC: Nelamangala Toll Plaza,542,550
2025-03-18 22:00:00,SYNTHETIC: Electronic City Toll Plaza,588,605
2025-03-18 22:00:00,SYNTHETIC: Hosur Road Toll Plaza,653,653
2025-03-18 22:00:00,SYNTHETIC: Airport Road Toll Plaza,806,816
2025-03-19 06:00:00,SYNTHETIC: Nelamangala Toll Plaza,499,511
2025-03-19 06:00:00,SYNTHETIC: Electronic City Toll Plaza,531,535
2025-03-19 06:00:00,SYNTHETIC: Hosur Road Toll Plaza,654,671
2025-03-19 06:00:00,SYNTHETIC: Airport Road Toll Plaza,759,772
2025-03-19 12:00:00,SYNTHETIC: Nelamangala Toll Plaza,424,434
2025-03-19 12:00:00,SYNTHETIC: Electronic City Toll Plaza,639,655
2025-03-19 12:00:00,SYNTHETIC: Hosur Road Toll Plaza,676,701
2025-03-19 12:00:00,SYNTHETIC: Airport Road Toll Plaza,765,782
2025-03-19 18:00:00,SYNTHETIC: Nelamangala Toll Plaza,523,531
2025-03-19 18:00:00,SYNTHETIC: Electronic City Toll Plaza,566,571
2025-03-19 18:00:00,SYNTHETIC: Hosur Road Toll Plaza,605,620
2025-03-19 18:00:00,SYNTHETIC: Airport Road Toll Plaza,830,840
2025-03-19 22:00:00,SYNTHETIC: Nelamangala Toll Plaza,540,550
2025-03-19 22:00:00,SYNTHETIC: Electronic City Toll Plaza,661,669
2025-03-19 22:00:00,SYNTHETIC: Hosur Road Toll Plaza,708,728
2025-03-19 22:00:00,SYNTHETIC: Airport Road Toll Plaza,736,759
2025-03-20 06:00:00,SYNTHETIC: Nelamangala Toll Plaza,442,448
2025-03-20 06:00:00,SYNTHETIC: Electronic City Toll Plaza,645,649
2025-03-20 06:00:00,SYNTHETIC: Hosur Road Toll Plaza,735,735
2025-03-20 06:00:00,SYNTHETIC: Airport Road Toll Plaza,810,819
2025-03-20 12:00:00,SYNTHETIC: Nelamangala Toll Plaza,569,571
2025-03-20 12:00:00,SYNTHETIC: Electronic City Toll Plaza,505,517
2025-03-20 12:00:00,SYNTHETIC: Hosur Road Toll Plaza,572,574
2025-03-20 12:00:00,SYNTHETIC: Airport Road Toll Plaza,783,790
2025-03-20 18:00:00,SYNTHETIC: Nelamangala Toll Plaza,516,524
2025-03-20 18:00:00,SYNTHETIC: Electronic City Toll Plaza,615,620
2025-03-20 18:00:00,SYNTHETIC: Hosur Road Toll Plaza,622,644
2025-03-20 18:00:00,SYNTHETIC: Airport Road Toll Plaza,791,805
2025-03-20 22:00:00,SYNTHETIC: Nelamangala Toll Plaza,498,498
2025-03-20 22:00:00,SYNTHETIC: Electronic City Toll Plaza,626,631
2025-03-20 22:00:00,SYNTHETIC: Hosur Road Toll Plaza,690,702
2025-03-20 22:00:00,SYNTHETIC: Airport Road Toll Plaza,782,804
2025-03-21 06:00:00,SYNTHETIC: Nelamangala Toll Plaza,476,484
2025-03-21 06:00:00,SYNTHETIC: Electronic City Toll Plaza,637,662
2025-03-21 06:00:00,SYNTHETIC: Hosur Road Toll Plaza,697,716
2025-03-21 06:00:00,SYNTHETIC: Airport Road Toll Plaza,679,684
2025-03-21 12:00:00,SYNTHETIC: Nelamangala Toll Plaza,524,543
2025-03-21 12:00:00,SYNTHETIC: Electronic City Toll Plaza,639,653
2025-03-21 12:00:00,SYNTHETIC: Hosur Road Toll Plaza,570,575
2025-03-21 12:00:00,SYNTHETIC: Airport Road Toll Plaza,796,801
2025-03-21 18:00:00,SYNTHETIC: Nelamangala Toll Plaza,522,524
2025-03-21 18:00:00,SYNTHETIC: Electronic City Toll Plaza,531,532
2025-03-21 18:00:00,SYNTHETIC: Hosur Road Toll Plaza,654,661
2025-03-21 18:00:00,SYNTHETIC: Airport Road Toll Plaza,820,839
2025-03-21 22:00:00,SYNTHETIC: Nelamangala Toll Plaza,529,553
2025-03-21 22:00:00,SYNTHETIC: Electronic City Toll Plaza,624,639
2025-03-21 22:00:00,SYNTHETIC: Hosur Road Toll Plaza,598,604
2025-03-21 22:00:00,SYNTHETIC: Airport Road Toll Plaza,775,797
2025-03-22 06:00:00,SYNTHETIC: Nelamangala Toll Plaza,592,612
2025-03-22 06:00:00,SYNTHETIC: Electronic City Toll Plaza,698,721
2025-03-22 06:00:00,SYNTHETIC: Hosur Road Toll Plaza,778,781
2025-03-22 06:00:00,SYNTHETIC: Airport Road Toll Plaza,873,878
2025-03-22 12:00:00,SYNTHETIC: Nelamangala Toll Plaza,610,631
2025-03-22 12:00:00,SYNTHETIC: Electronic City Toll Plaza,839,853
2025-03-22 12:00:00,SYNTHETIC: Hosur Road Toll Plaza,844,858
2025-03-22 12:00:00,SYNTHETIC: Airport Road Toll Plaza,989,993
2025-03-22 18:00:00,SYNTHETIC: Nelamangala Toll Plaza,593,596
2025-03-22 18:00:00,SYNTHETIC: Electronic City Toll Plaza,815,839
2025-03-22 18:00:00,SYNTHETIC: Hosur Road Toll Plaza,912,914
2025-03-22 18:00:00,SYNTHETIC: Airport Road Toll Plaza,849,852
2025-03-22 22:00:00,SYNTHETIC: Nelamangala Toll Plaza,677,689
2025-03-22 22:00:00,SYNTHETIC: Electronic City Toll Plaza,686,690
2025-03-22 22:00:00,SYNTHETIC: Hosur Road Toll Plaza,786,787
2025-03-22 22:00:00,SYNTHETIC: Airport Road Toll Plaza,850,869
2025-03-23 06:00:00,SYNTHETIC: Nelamangala Toll Plaza,619,619
2025-03-23 06:00:00,SYNTHETIC: Electronic City Toll Plaza,696,711
2025-03-23 06:00:00,SYNTHETIC: Hosur Road Toll Plaza,753,766
2025-03-23 06:00:00,SYNTHETIC: Airport Road Toll Plaza,851,862
2025-03-23 12:00:00,SYNTHETIC: Nelamangala Toll Plaza,737,742
2025-03-23 12:00:00,SYNTHETIC: Electronic City Toll Plaza,782,789
2025-03-23 12:00:00,SYNTHETIC: Hosur Road Toll Plaza,882,897
2025-03-23 12:00:00,SYNTHETIC: Airport Road Toll Plaza,891,892
2025-03-23 18:00:00,SYNTHETIC: Nelamangala Toll Plaza,622,641
2025-03-23 18:00:00,SYNTHETIC: Electronic City Toll Plaza,818,819
2025-03-23 18:00:00,SYNTHETIC: Hosur Road Toll Plaza,853,876
2025-03-23 18:00:00,SYNTHETIC: Airport Road Toll Plaza,841,854
2025-03-23 22:00:00,SYNTHETIC: Nelamangala Toll Plaza,689,707
2025-03-23 22:00:00,SYNTHETIC: Electronic City Toll Plaza,665,678
2025-03-23 22:00:00,SYNTHETIC: Hosur Road Toll Plaza,798,802
2025-03-23 22:00:00,SYNTHETIC: Airport Road Toll Plaza,852,861
2025-03-24 06:00:00,SYNTHETIC: Nelamangala Toll Plaza,545,553
2025-03-24 06:00:00,SYNTHETIC: Electronic City Toll Plaza,615,624
2025-03-24 06:00:00,SYNTHETIC: Hosur Road Toll Plaza,621,646
2025-03-24 06:00:00,SYNTHETIC: Airport Road Toll Plaza,752,757
2025-03-24 12:00:00,SYNTHETIC: Nelamangala Toll Plaza,439,461
2025-03-24 12:00:00,SYNTHETIC: Electronic City Toll Plaza,540,540
2025-03-24 12:00:00,SYNTHETIC: Hosur Road Toll Plaza,574,592
2025-03-24 12:00:00,SYNTHETIC: Airport Road Toll Plaza,761,766
2025-03-24 18:00:00,SYNTHETIC: Nelamangala Toll Plaza,499,516
2025-03-24 18:00:00,SYNTHETIC: Electronic City Toll Plaza,625,646
2025-03-24 18:00:00,SYNTHETIC: Hosur Road Toll Plaza,660,674
2025-03-24 18:00:00,SYNTHETIC: Airport Road Toll Plaza,759,781
2025-03-24 22:00:00,SYNTHETIC: Nelamangala Toll Plaza,519,538
2025-03-24 22:00:00,SYNTHETIC: Electronic City Toll Plaza,554,569
2025-03-24 22:00:00,SYNTHETIC: Hosur Road Toll Plaza,577,583
2025-03-24 22:00:00,SYNTHETIC: Airport Road Toll Plaza,680,697
2025-03-25 06:00:00,SYNTHETIC: Nelamangala Toll Plaza,507,510
2025-03-25 06:00:00,SYNTHETIC: Electronic City Toll Plaza,528,534
2025-03-25 06:00:00,SYNTHETIC: Hosur Road Toll Plaza,694,703
2025-03-25 06:00:00,SYNTHETIC: Airport Road Toll Plaza,662,677
2025-03-25 12:00:00,SYNTHETIC: Nelamangala Toll Plaza,532,550
2025-03-25 12:00:00,SYNTHETIC: Electronic City Toll Plaza,558,565
2025-03-25 12:00:00,SYNTHETIC: Hosur Road Toll Plaza,629,634
2025-03-25 12:00:00,SYNTHETIC: Airport Road Toll Plaza,732,745
2025-03-25 18:00:00,SYNTHETIC: Nelamangala Toll Plaza,456,462
2025-03-25 18:00:00,SYNTHETIC: Electronic City Toll Plaza,666,682
2025-03-25 18:00:00,SYNTHETIC: Hosur Road Toll Plaza,741,759
2025-03-25 18:00:00,SYNTHETIC: Airport Road Toll Plaza,802,811
2025-03-25 22:00:00,SYNTHETIC: Nelamangala Toll Plaza,559,577
2025-03-25 22:00:00,SYNTHETIC: Electronic City Toll Plaza,519,538
2025-03-25 22:00:00,SYNTHETIC: Hosur Road Toll Plaza,684,709
2025-03-25 22:00:00,SYNTHETIC: Airport Road Toll Plaza,653,655
2025-03-26 06:00:00,SYNTHETIC: Nelamangala Toll Plaza,581,583
2025-03-26 06:00:00,SYNTHETIC: Electronic City Toll Plaza,530,546
2025-03-26 06:00:00,SYNTHETIC: Hosur Road Toll Plaza,697,718
2025-03-26 06:00:00,SYNTHETIC: Airport Road Toll Plaza,801,809
2025-03-26 12:00:00,SYNTHETIC: Nelamangala Toll Plaza,452,471
2025-03-26 12:00:00,SYNTHETIC: Electronic City Toll Plaza,661,674
2025-03-26 12:00:00,SYNTHETIC: Hosur Road Toll Plaza,713,729
2025-03-26 12:00:00,SYNTHETIC: Airport Road Toll Plaza,688,702
2025-03-26 18:00:00,SYNTHETIC: Nelamangala Toll Plaza,510,528
2025-03-26 18:00:00,SYNTHETIC: Electronic City Toll Plaza,661,676
2025-03-26 18:00:00,SYNTHETIC: Hosur Road Toll Plaza,740,760
2025-03-26 18:00:00,SYNTHETIC: Airport Road Toll Plaza,662,670
2025-03-26 22:00:00,SYNTHETIC: Nelamangala Toll Plaza,421,439
2025-03-26 22:00:00,SYNTHETIC: Electronic City Toll Plaza,580,587
2025-03-26 22:00:00,SYNTHETIC: Hosur Road Toll Plaza,600,608
2025-03-26 22:00:00,SYNTHETIC: Airport Road Toll Plaza,672,697
2025-03-27 06:00:00,SYNTHETIC: Nelamangala Toll Plaza,563,583
2025-03-27 06:00:00,SYNTHETIC: Electronic City Toll Plaza,531,537
2025-03-27 06:00:00,SYNTHETIC: Hosur Road Toll Plaza,674,677
2025-03-27 06:00:00,SYNTHETIC: Airport Road Toll Plaza,709,715
2025-03-27 12:00:00,SYNTHETIC: Nelamangala Toll Plaza,531,554
2025-03-27 12:00:00,SYNTHETIC: Electronic City Toll Plaza,594,594
2025-03-27 12:00:00,SYNTHETIC: Hosur Road Toll Plaza,657,662
2025-03-27 12:00:00,SYNTHETIC: Airport Road Toll Plaza,713,714
2025-03-27 18:00:00,SYNTHETIC: Nelamangala Toll Plaza,475,485
2025-03-27 18:00:00,SYNTHETIC: Electronic City Toll Plaza,632,648
2025-03-27 18:00:00,SYNTHETIC: Hosur Road Toll Plaza,594,606
2025-03-27 18:00:00,SYNTHETIC: Airport Road Toll Plaza,735,759
2025-03-27 22:00:00,SYNTHETIC: Nelamangala Toll Plaza,589,589
2025-03-27 22:00:00,SYNTHETIC: Electronic City Toll Plaza,532,543
2025-03-27 22:00:00,SYNTHETIC: Hosur Road Toll Plaza,641,665
2025-03-27 22:00:00,SYNTHETIC: Airport Road Toll Plaza,727,742
2025-03-28 06:00:00,SYNTHETIC: Nelamangala Toll Plaza,428,443
2025-03-28 06:00:00,SYNTHETIC: Electronic City Toll Plaza,510,523
2025-03-28 06:00:00,SYNTHETIC: Hosur Road Toll Plaza,744,767
2025-03-28 06:00:00,SYNTHETIC: Airport Road Toll Plaza,665,672
2025-03-28 12:00:00,SYNTHETIC: Nelamangala Toll Plaza,562,579
2025-03-28 12:00:00,SYNTHETIC: Electronic City Toll Plaza,632,657
2025-03-28 12:00:00,SYNTHETIC: Hosur Road Toll Plaza,671,677
2025-03-28 12:00:00,SYNTHETIC: Airport Road Toll Plaza,757,767
2025-03-28 18:00:00,SYNTHETIC: Nelamangala Toll Plaza,473,486
2025-03-28 18:00:00,SYNTHETIC: Electronic City Toll Plaza,655,659
2025-03-28 18:00:00,SYNTHETIC: Hosur Road Toll Plaza,595,611
2025-03-28 18:00:00,SYNTHETIC: Airport Road Toll Plaza,798,806
2025-03-28 22:00:00,SYNTHETIC: Nelamangala Toll Plaza,493,504
2025-03-28 22:00:00,SYNTHETIC: Electronic City Toll Plaza,643,644
2025-03-28 22:00:00,SYNTHETIC: Hosur Road Toll Plaza,667,682
2025-03-28 22:00:00,SYNTHETIC: Airport Road Toll Plaza,651,652
2025-03-29 06:00:00,SYNTHETIC: Nelamangala Toll Plaza,606,608
2025-03-29 06:00:00,SYNTHETIC: Electronic City Toll Plaza,705,713
2025-03-29 06:00:00,SYNTHETIC: Hosur Road Toll Plaza,765,767
2025-03-29 06:00:00,SYNTHETIC: Airport Road Toll Plaza,915,931
2025-03-29 12:00:00,SYNTHETIC: Nelamangala Toll Plaza,644,661
2025-03-29 12:00:00,SYNTHETIC: Electronic City Toll Plaza,792,812
2025-03-29 12:00:00,SYNTHETIC: Hosur Road Toll Plaza,839,840
2025-03-29 12:00:00,SYNTHETIC: Airport Road Toll Plaza,821,845
2025-03-29 18:00:00,SYNTHETIC: Nelamangala Toll Plaza,717,717
2025-03-29 18:00:00,SYNTHETIC: Electronic City Toll Plaza,687,702
2025-03-29 18:00:00,SYNTHETIC: Hosur Road Toll Plaza,890,906
2025-03-29 18:00:00,SYNTHETIC: Airport Road Toll Plaza,921,936
2025-03-29 22:00:00,SYNTHETIC: Nelamangala Toll Plaza,706,723
2025-03-29 22:00:00,SYNTHETIC: Electronic City Toll Plaza,692,698
2025-03-29 22:00:00,SYNTHETIC: Hosur Road Toll Plaza,760,765
2025-03-29 22:00:00,SYNTHETIC: Airport Road Toll Plaza,967,986
2025-03-30 06:00:00,SYNTHETIC: Nelamangala Toll Plaza,623,625
2025-03-30 06:00:00,SYNTHETIC: Electronic City Toll Plaza,781,792
2025-03-30 06:00:00,SYNTHETIC: Hosur Road Toll Plaza,743,763
2025-03-30 06:00:00,SYNTHETIC: Airport Road Toll Plaza,958,959
2025-03-30 12:00:00,SYNTHETIC: Nelamangala Toll Plaza,597,616
2025-03-30 12:00:00,SYNTHETIC: Electronic City Toll Plaza,759,766
2025-03-30 12:00:00,SYNTHETIC: Hosur Road Toll Plaza,750,758
2025-03-30 12:00:00,SYNTHETIC: Airport Road Toll Plaza,904,926
2025-03-30 18:00:00,SYNTHETIC: Nelamangala Toll Plaza,742,748
2025-03-30 18:00:00,SYNTHETIC: Electronic City Toll Plaza,668,680
2025-03-30 18:00:00,SYNTHETIC: Hosur Road Toll Plaza,895,920
2025-03-30 18:00:00,SYNTHETIC: Airport Road Toll Plaza,878,888
2025-03-30 22:00:00,SYNTHETIC: Nelamangala Toll Plaza,719,735
2025-03-30 22:00:00,SYNTHETIC: Electronic City Toll Plaza,697,705
2025-03-30 22:00:00,SYNTHETIC: Hosur Road Toll Plaza,899,906
2025-03-30 22:00:00,SYNTHETIC: Airport Road Toll Plaza,904,911
2025-03-31 06:00:00,SYNTHETIC: Nelamangala Toll Plaza,436,440
2025-03-31 06:00:00,SYNTHETIC: Electronic City Toll Plaza,518,538
2025-03-31 06:00:00,SYNTHETIC: Hosur Road Toll Plaza,738,755
2025-03-31 06:00:00,SYNTHETIC: Airport Road Toll Plaza,777,777
2025-03-31 12:00:00,SYNTHETIC: Nelamangala Toll Plaza,510,515
2025-03-31 12:00:00,SYNTHETIC: Electronic City Toll Plaza,635,641
2025-03-31 12:00:00,SYNTHETIC: Hosur Road Toll Plaza,614,630
2025-03-31 12:00:00,SYNTHETIC: Airport Road Toll Plaza,781,782
2025-03-31 18:00:00,SYNTHETIC: Nelamangala Toll Plaza,557,574
2025-03-31 18:00:00,SYNTHETIC: Electronic City Toll Plaza,544,549
2025-03-31 18:00:00,SYNTHETIC: Hosur Road Toll Plaza,607,610
2025-03-31 18:00:00,SYNTHETIC: Airport Road Toll Plaza,661,664
2025-03-31 22:00:00,SYNTHETIC: Nelamangala Toll Plaza,413,418
2025-03-31 22:00:00,SYNTHETIC: Electronic City Toll Plaza,548,553
2025-03-31 22:00:00,SYNTHETIC: Hosur Road Toll Plaza,570,570
2025-03-31 22:00:00,SYNTHETIC: Airport Road Toll Plaza,666,688
