timestamp,junction,traffic_volume,congestion_level,weather,signal_status
2024-10-01 00:00:00,SYNTHETIC: Silk Board - Junction 1,156,Low,Clear,Yellow
2024-10-01 00:00:00,SYNTHETIC: Outer Ring Road - Marathahalli,247,Low,Clear,Green
2024-10-01 00:00:00,SYNTHETIC: Airport Road - Hebbal,246,Low,Clear,Yellow
2024-10-01 00:00:00,SYNTHETIC: Bannerghatta Road - Dairy Circle,394,Low,Clear,Green
2024-10-01 00:00:00,SYNTHETIC: Whitefield Road - KR Puram,398,Low,Clear,Green
2024-10-01 00:00:00,SYNTHETIC: Hosur Road - Electronic City,348,Low,Clear,Green
2024-10-01 04:00:00,SYNTHETIC: Silk Board - Junction 1,279,Low,Clear,Green
2024-10-01 04:00:00,SYNTHETIC: Outer Ring Road - Marathahalli,235,Low,Clear,Yellow
2024-10-01 04:00:00,SYNTHETIC: Airport Road - Hebbal,359,Low,Clear,Green
2024-10-01 04:00:00,SYNTHETIC: Bannerghatta Road - Dairy Circle,369,Low,Clear,Green
2024-10-01 04:00:00,SYNTHETIC: Whitefield Road - KR Puram,291,Low,Clear,Yellow
2024-10-01 04:00:00,SYNTHETIC: Hosur Road - Electronic City,365,Low,Clear,Yellow
2024-10-01 08:00:00,SYNTHETIC: Silk Board - Junction 1,437,Moderate,Clear,Green
2024-10-01 08:00:00,SYNTHETIC: Outer Ring Road - Marathahalli,440,Moderate,Clear,Red
2024-10-01 08:00:00,SYNTHETIC: Airport Road - Hebbal,506,Moderate,Clear,Green
2024-10-01 08:00:00,SYNTHETIC: Bannerghatta Road - Dairy Circle,552,Moderate,Clear,Green
2024-10-01 08:00:00,SYNTHETIC: Whitefield Road - KR Puram,578,Moderate,Clear,Green
2024-10-01 08:00:00,SYNTHETIC: Hosur Road - Electronic City,536,Moderate,Clear,Yellow
2024-10-01 12:00:00,SYNTHETIC: Silk Board - Junction 1,487,Moderate,Clear,Green
2024-10-01 12:00:00,SYNTHETIC: Outer Ring Road - Marathahalli,481,Moderate,Clear,Green
2024-10-01 12:00:00,SYNTHETIC: Airport Road - Hebbal,495,Moderate,Clear,Yellow
2024-10-01 12:00:00,SYNTHETIC: Bannerghatta Road - Dairy Circle,547,Moderate,Clear,Green
2024-10-01 12:00:00,SYNTHETIC: Whitefield Road - KR Puram,507,Moderate,Clear,Green
2024-10-01 12:00:00,SYNTHETIC: Hosur Road - Electronic City,583,Moderate,Clear,Yellow
2024-10-01 16:00:00,SYNTHETIC: Silk Board - Junction 1,370,Moderate,Clear,Red
2024-10-01 16:00:00,SYNTHETIC: Outer Ring Road - Marathahalli,410,Moderate,Clear,Green
2024-10-01 16:00:00,SYNTHETIC: Airport Road - Hebbal,536,Moderate,Clear,Green
2024-10-01 16:00:00,SYNTHETIC: Bannerghatta Road - Dairy Circle,548,Moderate,Clear,Green
2024-10-01 16:00:00,SYNTHETIC: Whitefield Road - KR Puram,580,Moderate,Clear,Green
2024-10-01 16:00:00,SYNTHETIC: Hosur Road - Electronic City,593,Moderate,Clear,Yellow
2024-10-01 20:00:00,SYNTHETIC: Silk Board - Junction 1,368,Moderate,Clear,Green
2024-10-01 20:00:00,SYNTHETIC: Outer Ring Road - Marathahalli,428,Moderate,Clear,Green
2024-10-01 20:00:00,SYNTHETIC: Airport Road - Hebbal,482,Moderate,Clear,Green
2024-10-01 20:00:00,SYNTHETIC: Bannerghatta Road - Dairy Circle,552,Moderate,Clear,Green
2024-10-01 20:00:00,SYNTHETIC: Whitefield Road - KR Puram,546,Moderate,Clear,Yellow
2024-10-01 20:00:00,SYNTHETIC: Hosur Road - Electronic City,539,Moderate,Clear,Green
2024-10-02 00:00:00,SYNTHETIC: Silk Board - Junction 1,353,Low,Heavy Rain,Yellow
2024-10-02 00:00:00,SYNTHETIC: Outer Ring Road - Marathahalli,393,Moderate,Heavy Rain,Green
2024-10-02 00:00:00,SYNTHETIC: Airport Road - Hebbal,440,Moderate,Heavy Rain,Yellow
2024-10-02 00:00:00,SYNTHETIC: Bannerghatta Road - Dairy Circle,543,Moderate,Heavy Rain,Green
2024-10-02 00:00:00,SYNTHETIC: Whitefield Road - KR Puram,568,Moderate,Heavy Rain,Green
2024-10-02 00:00:00,SYNTHETIC: Hosur Road - Electronic City,624,Moderate,Heavy Rain,Green
2024-10-02 04:00:00,SYNTHETIC: Silk Board - Junction 1,332,Low,Heavy Rain,Yellow
2024-10-02 04:00:00,SYNTHETIC: Outer Ring Road - Marathahalli,394,Moderate,Heavy Rain,Yellow
2024-10-02 04:00:00,SYNTHETIC: Airport Road - Hebbal,537,Moderate,Heavy Rain,Yellow
2024-10-02 04:00:00,SYNTHETIC: Bannerghatta Road - Dairy Circle,522,Moderate,Heavy Rain,Green
2024-10-02 04:00:00,SYNTHETIC: Whitefield Road - KR Puram,581,Moderate,Heavy Rain,Green
2024-10-02 04:00:00,SYNTHETIC: Hosur Road - Electronic City,505,Moderate,Heavy Rain,Red
2024-10-02 08:00:00,SYNTHETIC: Silk Board - Junction 1,597,High,Heavy Rain,Red
2024-10-02 08:00:00,SYNTHETIC: Outer Ring Road - Marathahalli,610,High,Heavy Rain,Green
2024-10-02 08:00:00,SYNTHETIC: Airport Road - Hebbal,627,High,Heavy Rain,Red
2024-10-02 08:00:00,SYNTHETIC: Bannerghatta Road - Dairy Circle,711,High,Heavy Rain,Yellow
2024-10-02 08:00:00,SYNTHETIC: Whitefield Road - KR Puram,799,High,Heavy Rain,Green
2024-10-02 08:00:00,SYNTHETIC: Hosur Road - Electronic City,744,High,Heavy Rain,Green
2024-10-02 12:00:00,SYNTHETIC: Silk Board - Junction 1,571,High,Heavy Rain,Green
2024-10-02 12:00:00,SYNTHETIC: Outer Ring Road - Marathahalli,700,High,Heavy Rain,Red
2024-10-02 12:00:00,SYNTHETIC: Airport Road - Hebbal,682,High,Heavy Rain,Green
2024-10-02 12:00:00,SYNTHETIC: Bannerghatta Road - Dairy Circle,663,High,Heavy Rain,Red
2024-10-02 12:00:00,SYNTHETIC: Whitefield Road - KR Puram,748,High,Heavy Rain,Green
2024-10-02 12:00:00,SYNTHETIC: Hosur Road - Electronic City,766,High,Heavy Rain,Red
2024-10-02 16:00:00,SYNTHETIC: Silk Board - Junction 1,550,Moderate,Heavy Rain,Green
2024-10-02 16:00:00,SYNTHETIC: Outer Ring Road - Marathahalli,689,High,Heavy Rain,Yellow
2024-10-02 16:00:00,SYNTHETIC: Airport Road - Hebbal,736,High,Heavy Rain,Yellow
2024-10-02 16:00:00,SYNTHETIC: Bannerghatta Road - Dairy Circle,667,High,Heavy Rain,Yellow
2024-10-02 16:00:00,SYNTHETIC: Whitefield Road - KR Puram,810,High,Heavy Rain,Green
2024-10-02 16:00:00,SYNTHETIC: Hosur Road - Electronic City,840,High,Heavy Rain,Red
2024-10-02 20:00:00,SYNTHETIC: Silk Board - Junction 1,638,High,Heavy Rain,Red
2024-10-02 20:00:00,SYNTHETIC: Outer Ring Road - Marathahalli,703,High,Heavy Rain,Yellow
2024-10-02 20:00:00,SYNTHETIC: Airport Road - Hebbal,651,High,Heavy Rain,Yellow
2024-10-02 20:00:00,SYNTHETIC: Bannerghatta Road - Dairy Circle,737,High,Heavy Rain,Red
2024-10-02 20:00:00,SYNTHETIC: Whitefield Road - KR Puram,765,High,Heavy Rain,Green
2024-10-02 20:00:00,SYNTHETIC: Hosur Road - Electronic City,837,High,Heavy Rain,Green
2024-10-03 00:00:00,SYNTHETIC: Silk Board - Junction 1,434,Moderate,Heavy Rain,Green
2024-10-03 00:00:00,SYNTHETIC: Outer Ring Road - Marathahalli,389,Moderate,Heavy Rain,Yellow
2024-10-03 00:00:00,SYNTHETIC: Airport Road - Hebbal,490,Moderate,Heavy Rain,Green
2024-10-03 00:00:00,SYNTHETIC: Bannerghatta Road - Dairy Circle,554,Moderate,Heavy Rain,Red
2024-10-03 00:00:00,SYNTHETIC: Whitefield Road - KR Puram,483,Moderate,Heavy Rain,Yellow
2024-10-03 00:00:00,SYNTHETIC: Hosur Road - Electronic City,530,Moderate,Heavy Rain,Green
2024-10-03 04:00:00,SYNTHETIC: Silk Board - Junction 1,416,Moderate,Heavy Rain,Yellow
2024-10-03 04:00:00,SYNTHETIC: Outer Ring Road - Marathahalli,392,Moderate,Heavy Rain,Green
2024-10-03 04:00:00,SYNTHETIC: Airport Road - Hebbal,448,Moderate,Heavy Rain,Green
2024-10-03 04:00:00,SYNTHETIC: Bannerghatta Road - Dairy Circle,470,Moderate,Heavy Rain,Green
2024-10-03 04:00:00,SYNTHETIC: Whitefield Road - KR Puram,541,Moderate,Heavy Rain,Green
2024-10-03 04:00:00,SYNTHETIC: Hosur Road - Electronic City,524,Moderate,Heavy Rain,Green
2024-10-03 08:00:00,SYNTHETIC: Silk Board - Junction 1,670,High,Heavy Rain,Green
2024-10-03 08:00:00,SYNTHETIC: Outer Ring Road - Marathahalli,703,High,Heavy Rain,Yellow
2024-10-03 08:00:00,SYNTHETIC: Airport Road - Hebbal,623,High,Heavy Rain,Red
2024-10-03 08:00:00,SYNTHETIC: Bannerghatta Road - Dairy Circle,695,High,Heavy Rain,Green
2024-10-03 08:00:00,SYNTHETIC: Whitefield Road - KR Puram,794,High,Heavy Rain,Green
2024-10-03 08:00:00,SYNTHETIC: Hosur Road - Electronic City,807,High,Heavy Rain,Red
2024-10-03 12:00:00,SYNTHETIC: Silk Board - Junction 1,572,High,Heavy Rain,Green
2024-10-03 12:00:00,SYNTHETIC: Outer Ring Road - Marathahalli,664,High,Heavy Rain,Green
2024-10-03 12:00:00,SYNTHETIC: Airport Road - Hebbal,716,High,Heavy Rain,Green
2024-10-03 12:00:00,SYNTHETIC: Bannerghatta Road - Dairy Circle,759,High,Heavy Rain,Green
2024-10-03 12:00:00,SYNTHETIC: Whitefield Road - KR Puram,745,High,Heavy Rain,Green
2024-10-03 12:00:00,SYNTHETIC: Hosur Road - Electronic City,719,High,Heavy Rain,Green
2024-10-03 16:00:00,SYNTHETIC: Silk Board - Junction 1,668,High,Heavy Rain,Green
2024-10-03 16:00:00,SYNTHETIC: Outer Ring Road - Marathahalli,645,High,Heavy Rain,Green
2024-10-03 16:00:00,SYNTHETIC: Airport Road - Hebbal,722,High,Heavy Rain,Green
2024-10-03 16:00:00,SYNTHETIC: Bannerghatta Road - Dairy Circle,770,High,Heavy Rain,Green
2024-10-03 16:00:00,SYNTHETIC: Whitefield Road - KR Puram,800,High,Heavy Rain,Green
2024-10-03 16:00:00,SYNTHETIC: Hosur Road - Electronic City,752,High,Heavy Rain,Green
2024-10-03 20:00:00,SYNTHETIC: Silk Board - Junction 1,547,Moderate,Heavy Rain,Yellow
2024-10-03 20:00:00,SYNTHETIC: Outer Ring Road - Marathahalli,625,High,Heavy Rain,Green
2024-10-03 20:00:00,SYNTHETIC: Airport Road - Hebbal,663,High,Heavy Rain,Green
2024-10-03 20:00:00,SYNTHETIC: Bannerghatta Road - Dairy Circle,645,High,Heavy Rain,Green
2024-10-03 20:00:00,SYNTHETIC: Whitefield Road - KR Puram,777,High,Heavy Rain,Yellow
2024-10-03 20:00:00,SYNTHETIC: Hosur Road - Electronic City,838,High,Heavy Rain,Green
2024-10-04 00:00:00,SYNTHETIC: Silk Board - Junction 1,469,Moderate,Heavy Rain,Yellow
2024-10-04 00:00:00,SYNTHETIC: Outer Ring Road - Marathahalli,500,Moderate,Heavy Rain,Green
2024-10-04 00:00:00,SYNTHETIC: Airport Road - Hebbal,476,Moderate,Heavy Rain,Red
2024-10-04 00:00:00,SYNTHETIC: Bannerghatta Road - Dairy Circle,461,Moderate,Heavy Rain,Red
2024-10-04 00:00:00,SYNTHETIC: Whitefield Road - KR Puram,504,Moderate,Heavy Rain,Green
2024-10-04 00:00:00,SYNTHETIC: Hosur Road - Electronic City,532,Moderate,Heavy Rain,Yellow
2024-10-04 04:00:00,SYNTHETIC: Silk Board - Junction 1,369,Moderate,Heavy Rain,Green
2024-10-04 04:00:00,SYNTHETIC: Outer Ring Road - Marathahalli,418,Moderate,Heavy Rain,Yellow
2024-10-04 04:00:00,SYNTHETIC: Airport Road - Hebbal,452,Moderate,Heavy Rain,Yellow
2024-10-04 04:00:00,SYNTHETIC: Bannerghatta Road - Dairy Circle,502,Moderate,Heavy Rain,Green
2024-10-04 04:00:00,SYNTHETIC: Whitefield Road - KR Puram,534,Moderate,Heavy Rain,Red
2024-10-04 04:00:00,SYNTHETIC: Hosur Road - Electronic City,518,Moderate,Heavy Rain,Green
2024-10-04 08:00:00,SYNTHETIC: Silk Board - Junction 1,638,High,Heavy Rain,Yellow
2024-10-04 08:00:00,SYNTHETIC: Outer Ring Road - Marathahalli,576,Moderate,Heavy Rain,Green
2024-10-04 08:00:00,SYNTHETIC: Airport Road - Hebbal,633,High,Heavy Rain,Green
2024-10-04 08:00:00,SYNTHETIC: Bannerghatta Road - Dairy Circle,702,High,Heavy Rain,Green
2024-10-04 08:00:00,SYNTHETIC: Whitefield Road - KR Puram,783,High,Heavy Rain,Green
2024-10-04 08:00:00,SYNTHETIC: Hosur Road - Electronic City,814,High,Heavy Rain,Green
2024-10-04 12:00:00,SYNTHETIC: Silk Board - Junction 1,558,Moderate,Heavy Rain,Green
2024-10-04 12:00:00,SYNTHETIC: Outer Ring Road - Marathahalli,603,High,Heavy Rain,Green
2024-10-04 12:00:00,SYNTHETIC: Airport Road - Hebbal,694,High,Heavy Rain,Green
2024-10-04 12:00:00,SYNTHETIC: Bannerghatta Road - Dairy Circle,672,High,Heavy Rain,Green
2024-10-04 12:00:00,SYNTHETIC: Whitefield Road - KR Puram,680,High,Heavy Rain,Green
2024-10-04 12:00:00,SYNTHETIC: Hosur Road - Electronic City,715,High,Heavy Rain,Red
2024-10-04 16:00:00,SYNTHETIC: Silk Board - Junction 1,583,High,Heavy Rain,Yellow
2024-10-04 16:00:00,SYNTHETIC: Outer Ring Road - Marathahalli,591,High,Heavy Rain,Green
2024-10-04 16:00:00,SYNTHETIC: Airport Road - Hebbal,704,High,Heavy Rain,Red
2024-10-04 16:00:00,SYNTHETIC: Bannerghatta Road - Dairy Circle,674,High,Heavy Rain,Red
2024-10-04 16:00:00,SYNTHETIC: Whitefield Road - KR Puram,730,High,Heavy Rain,Red
2024-10-04 16:00:00,SYNTHETIC: Hosur Road - Electronic City,750,High,Heavy Rain,Red
2024-10-04 20:00:00,SYNTHETIC: Silk Board - Junction 1,536,Moderate,Heavy Rain,Green
2024-10-04 20:00:00,SYNTHETIC: Outer Ring Road - Marathahalli,650,High,Heavy Rain,Yellow
2024-10-04 20:00:00,SYNTHETIC: Airport Road - Hebbal,705,High,Heavy Rain,Yellow
2024-10-04 20:00:00,SYNTHETIC: Bannerghatta Road - Dairy Circle,698,High,Heavy Rain,Green
2024-10-04 20:00:00,SYNTHETIC: Whitefield Road - KR Puram,697,High,Heavy Rain,Green
2024-10-04 20:00:00,SYNTHETIC: Hosur Road - Electronic City,714,High,Heavy Rain,Red
2024-10-05 00:00:00,SYNTHETIC: Silk Board - Junction 1,558,Moderate,Heavy Rain,Yellow
2024-10-05 00:00:00,SYNTHETIC: Outer Ring Road - Marathahalli,585,Moderate,Heavy Rain,Green
2024-10-05 00:00:00,SYNTHETIC: Airport Road - Hebbal,670,High,Heavy Rain,Green
2024-10-05 00:00:00,SYNTHETIC: Bannerghatta Road - Dairy Circle,623,Moderate,Heavy Rain,Green
2024-10-05 00:00:00,SYNTHETIC: Whitefield Road - KR Puram,721,High,Heavy Rain,Green
2024-10-05 00:00:00,SYNTHETIC: Hosur Road - Electronic City,782,High,Heavy Rain,Yellow
2024-10-05 04:00:00,SYNTHETIC: Silk Board - Junction 1,520,Moderate,Heavy Rain,Green
2024-10-05 04:00:00,SYNTHETIC: Outer Ring Road - Marathahalli,522,Moderate,Heavy Rain,Red
2024-10-05 04:00:00,SYNTHETIC: Airport Road - Hebbal,624,High,Heavy Rain,Green
2024-10-05 04:00:00,SYNTHETIC: Bannerghatta Road - Dairy Circle,606,Moderate,Heavy Rain,Yellow
2024-10-05 04:00:00,SYNTHETIC: Whitefield Road - KR Puram,686,High,Heavy Rain,Green
2024-10-05 04:00:00,SYNTHETIC: Hosur Road - Electronic City,749,High,Heavy Rain,Green
2024-10-05 08:00:00,SYNTHETIC: Silk Board - Junction 1,745,Severe,Heavy Rain,Green
2024-10-05 08:00:00,SYNTHETIC: Outer Ring Road - Marathahalli,754,High,Heavy Rain,Green
2024-10-05 08:00:00,SYNTHETIC: Airport Road - Hebbal,837,Severe,Heavy Rain,Yellow
2024-10-05 08:00:00,SYNTHETIC: Bannerghatta Road - Dairy Circle,819,High,Heavy Rain,Green
2024-10-05 08:00:00,SYNTHETIC: Whitefield Road - KR Puram,887,Severe,Heavy Rain,Green
2024-10-05 08:00:00,SYNTHETIC: Hosur Road - Electronic City,845,High,Heavy Rain,Green
2024-10-05 12:00:00,SYNTHETIC: Silk Board - Junction 1,723,Severe,Heavy Rain,Green
2024-10-05 12:00:00,SYNTHETIC: Outer Ring Road - Marathahalli,787,Severe,Heavy Rain,Green
2024-10-05 12:00:00,SYNTHETIC: Airport Road - Hebbal,853,Severe,Heavy Rain,Yellow
2024-10-05 12:00:00,SYNTHETIC: Bannerghatta Road - Dairy Circle,905,Severe,Heavy Rain,Green
2024-10-05 12:00:00,SYNTHETIC: Whitefield Road - KR Puram,853,High,Heavy Rain,Yellow
2024-10-05 12:00:00,SYNTHETIC: Hosur Road - Electronic City,917,Severe,Heavy Rain,Green
2024-10-05 16:00:00,SYNTHETIC: Silk Board - Junction 1,755,Severe,Heavy Rain,Green
2024-10-05 16:00:00,SYNTHETIC: Outer Ring Road - Marathahalli,765,Severe,Heavy Rain,Yellow
2024-10-05 16:00:00,SYNTHETIC: Airport Road - Hebbal,797,Severe,Heavy Rain,Yellow
2024-10-05 16:00:00,SYNTHETIC: Bannerghatta Road - Dairy Circle,812,High,Heavy Rain,Green
2024-10-05 16:00:00,SYNTHETIC: Whitefield Road - KR Puram,872,Severe,Heavy Rain,Red
2024-10-05 16:00:00,SYNTHETIC: Hosur Road - Electronic City,863,High,Heavy Rain,Green
2024-10-05 20:00:00,SYNTHETIC: Silk Board - Junction 1,719,High,Heavy Rain,Yellow
2024-10-05 20:00:00,SYNTHETIC: Outer Ring Road - Marathahalli,803,Severe,Heavy Rain,Green
2024-10-05 20:00:00,SYNTHETIC: Airport Road - Hebbal,802,Severe,Heavy Rain,Green
2024-10-05 20:00:00,SYNTHETIC: Bannerghatta Road - Dairy Circle,776,High,Heavy Rain,Red
2024-10-05 20:00:00,SYNTHETIC: Whitefield Road - KR Puram,837,High,Heavy Rain,Yellow
2024-10-05 20:00:00,SYNTHETIC: Hosur Road - Electronic City,901,Severe,Heavy Rain,Green
2024-10-06 00:00:00,SYNTHETIC: Silk Board - Junction 1,531,Moderate,Heavy Rain,Green
2024-10-06 00:00:00,SYNTHETIC: Outer Ring Road - Marathahalli,524,Moderate,Heavy Rain,Yellow
2024-10-06 00:00:00,SYNTHETIC: Airport Road - Hebbal,600,Moderate,Heavy Rain,Green
2024-10-06 00:00:00,SYNTHETIC: Bannerghatta Road - Dairy Circle,656,High,Heavy Rain,Red
2024-10-06 00:00:00,SYNTHETIC: Whitefield Road - KR Puram,630,Moderate,Heavy Rain,Green
2024-10-06 00:00:00,SYNTHETIC: Hosur Road - Electronic City,704,High,Heavy Rain,Green
2024-10-06 04:00:00,SYNTHETIC: Silk Board - Junction 1,509,Moderate,Heavy Rain,Yellow
2024-10-06 04:00:00,SYNTHETIC: Outer Ring Road - Marathahalli,521,Moderate,Heavy Rain,Green
2024-10-06 04:00:00,SYNTHETIC: Airport Road - Hebbal,624,High,Heavy Rain,Green
2024-10-06 04:00:00,SYNTHETIC: Bannerghatta Road - Dairy Circle,681,High,Heavy Rain,Green
2024-10-06 04:00:00,SYNTHETIC: Whitefield Road - KR Puram,717,High,Heavy Rain,Green
2024-10-06 04:00:00,SYNTHETIC: Hosur Road - Electronic City,650,Moderate,Heavy Rain,Red
2024-10-06 08:00:00,SYNTHETIC: Silk Board - Junction 1,767,Severe,Heavy Rain,Green
2024-10-06 08:00:00,SYNTHETIC: Outer Ring Road - Marathahalli,795,Severe,Heavy Rain,Green
2024-10-06 08:00:00,SYNTHETIC: Airport Road - Hebbal,839,Severe,Heavy Rain,Red
2024-10-06 08:00:00,SYNTHETIC: Bannerghatta Road - Dairy Circle,882,Severe,Heavy Rain,Green
2024-10-06 08:00:00,SYNTHETIC: Whitefield Road - KR Puram,949,Severe,Heavy Rain,Yellow
2024-10-06 08:00:00,SYNTHETIC: Hosur Road - Electronic City,901,Severe,Heavy Rain,Green
2024-10-06 12:00:00,SYNTHETIC: Silk Board - Junction 1,739,Severe,Heavy Rain,Green
2024-10-06 12:00:00,SYNTHETIC: Outer Ring Road - Marathahalli,712,High,Heavy Rain,Green
2024-10-06 12:00:00,SYNTHETIC: Airport Road - Hebbal,843,Severe,Heavy Rain,Yellow
2024-10-06 12:00:00,SYNTHETIC: Bannerghatta Road - Dairy Circle,894,Severe,Heavy Rain,Red
2024-10-06 12:00:00,SYNTHETIC: Whitefield Road - KR Puram,946,Severe,Heavy Rain,Green
2024-10-06 12:00:00,SYNTHETIC: Hosur Road - Electronic City,945,Severe,Heavy Rain,Green
2024-10-06 16:00:00,SYNTHETIC: Silk Board - Junction 1,676,High,Heavy Rain,Green
2024-10-06 16:00:00,SYNTHETIC: Outer Ring Road - Marathahalli,814,Severe,Heavy Rain,Green
2024-10-06 16:00:00,SYNTHETIC: Airport Road - Hebbal,858,Severe,Heavy Rain,Green
2024-10-06 16:00:00,SYNTHETIC: Bannerghatta Road - Dairy Circle,841,Severe,Heavy Rain,Green
2024-10-06 16:00:00,SYNTHETIC: Whitefield Road - KR Puram,864,Severe,Heavy Rain,Green
2024-10-06 16:00:00,SYNTHETIC: Hosur Road - Electronic City,931,Severe,Heavy Rain,Yellow
2024-10-06 20:00:00,SYNTHETIC: Silk Board - Junction 1,767,Severe,Heavy Rain,Green
2024-10-06 20:00:00,SYNTHETIC: Outer Ring Road - Marathahalli,812,Severe,Heavy Rain,Green
2024-10-06 20:00:00,SYNTHETIC: Airport Road - Hebbal,760,High,Heavy Rain,Green
2024-10-06 20:00:00,SYNTHETIC: Bannerghatta Road - Dairy Circle,913,Severe,Heavy Rain,Green
2024-10-06 20:00:00,SYNTHETIC: Whitefield Road - KR Puram,899,Severe,Heavy Rain,Green
2024-10-06 20:00:00,SYNTHETIC: Hosur Road - Electronic City,862,High,Heavy Rain,Yellow
2024-10-07 00:00:00,SYNTHETIC: Silk Board - Junction 1,431,Moderate,Heavy Rain,Red
2024-10-07 00:00:00,SYNTHETIC: Outer Ring Road - Marathahalli,415,Moderate,Heavy Rain,Green
2024-10-07 00:00:00,SYNTHETIC: Airport Road - Hebbal,462,Moderate,Heavy Rain,Green
2024-10-07 00:00:00,SYNTHETIC: Bannerghatta Road - Dairy Circle,512,Moderate,Heavy Rain,Red
2024-10-07 00:00:00,SYNTHETIC: Whitefield Road - KR Puram,500,Moderate,Heavy Rain,Yellow
2024-10-07 00:00:00,SYNTHETIC: Hosur Road - Electronic City,515,Moderate,Heavy Rain,Green
2024-10-07 04:00:00,SYNTHETIC: Silk Board - Junction 1,439,Moderate,Heavy Rain,Yellow
2024-10-07 04:00:00,SYNTHETIC: Outer Ring Road - Marathahalli,382,Moderate,Heavy Rain,Green
2024-10-07 04:00:00,SYNTHETIC: Airport Road - Hebbal,487,Moderate,Heavy Rain,Green
2024-10-07 04:00:00,SYNTHETIC: Bannerghatta Road - Dairy Circle,542,Moderate,Heavy Rain,Yellow
2024-10-07 04:00:00,SYNTHETIC: Whitefield Road - KR Puram,497,Moderate,Heavy Rain,Green
2024-10-07 04:00:00,SYNTHETIC: Hosur Road - Electronic City,597,Moderate,Heavy Rain,Green
2024-10-07 08:00:00,SYNTHETIC: Silk Board - Junction 1,647,High,Heavy Rain,Yellow
2024-10-07 08:00:00,SYNTHETIC: Outer Ring Road - Marathahalli,676,High,Heavy Rain,Green
2024-10-07 08:00:00,SYNTHETIC: Airport Road - Hebbal,733,High,Heavy Rain,Red
2024-10-07 08:00:00,SYNTHETIC: Bannerghatta Road - Dairy Circle,704,High,Heavy Rain,Green
2024-10-07 08:00:00,SYNTHETIC: Whitefield Road - KR Puram,807,High,Heavy Rain,Yellow
2024-10-07 08:00:00,SYNTHETIC: Hosur Road - Electronic City,824,High,Heavy Rain,Green
2024-10-07 12:00:00,SYNTHETIC: Silk Board - Junction 1,598,High,Heavy Rain,Green
2024-10-07 12:00:00,SYNTHETIC: Outer Ring Road - Marathahalli,627,High,Heavy Rain,Yellow
2024-10-07 12:00:00,SYNTHETIC: Airport Road - Hebbal,622,High,Heavy Rain,Green
2024-10-07 12:00:00,SYNTHETIC: Bannerghatta Road - Dairy Circle,750,High,Heavy Rain,Green
2024-10-07 12:00:00,SYNTHETIC: Whitefield Road - KR Puram,788,High,Heavy Rain,Green
2024-10-07 12:00:00,SYNTHETIC: Hosur Road - Electronic City,802,High,Heavy Rain,Green
2024-10-07 16:00:00,SYNTHETIC: Silk Board - Junction 1,656,High,Heavy Rain,Red
2024-10-07 16:00:00,SYNTHETIC: Outer Ring Road - Marathahalli,611,High,Heavy Rain,Green
2024-10-07 16:00:00,SYNTHETIC: Airport Road - Hebbal,690,High,Heavy Rain,Yellow
2024-10-07 16:00:00,SYNTHETIC: Bannerghatta Road - Dairy Circle,722,High,Heavy Rain,Green
2024-10-07 16:00:00,SYNTHETIC: Whitefield Road - KR Puram,740,High,Heavy Rain,Green
2024-10-07 16:00:00,SYNTHETIC: Hosur Road - Electronic City,837,High,Heavy Rain,Red
2024-10-07 20:00:00,SYNTHETIC: Silk Board - Junction 1,551,Moderate,Heavy Rain,Green
2024-10-07 20:00:00,SYNTHETIC: Outer Ring Road - Marathahalli,669,High,Heavy Rain,Green
2024-10-07 20:00:00,SYNTHETIC: Airport Road - Hebbal,661,High,Heavy Rain,Yellow
2024-10-07 20:00:00,SYNTHETIC: Bannerghatta Road - Dairy Circle,760,High,Heavy Rain,Green
2024-10-07 20:00:00,SYNTHETIC: Whitefield Road - KR Puram,674,High,Heavy Rain,Green
2024-10-07 20:00:00,SYNTHETIC: Hosur Road - Electronic City,761,High,Heavy Rain,Green
2024-10-08 00:00:00,SYNTHETIC: Silk Board - Junction 1,355,Low,Light Rain,Yellow
2024-10-08 00:00:00,SYNTHETIC: Outer Ring Road - Marathahalli,440,Moderate,Light Rain,Green
2024-10-08 00:00:00,SYNTHETIC: Airport Road - Hebbal,445,Moderate,Light Rain,Green
2024-10-08 00:00:00,SYNTHETIC: Bannerghatta Road - Dairy Circle,571,Moderate,Light Rain,Green
2024-10-08 00:00:00,SYNTHETIC: Whitefield Road - KR Puram,481,Moderate,Light Rain,Red
2024-10-08 00:00:00,SYNTHETIC: Hosur Road - Electronic City,579,Moderate,Light Rain,Yellow
2024-10-08 04:00:00,SYNTHETIC: Silk Board - Junction 1,362,Moderate,Light Rain,Green
2024-10-08 04:00:00,SYNTHETIC: Outer Ring Road - Marathahalli,490,Moderate,Light Rain,Green
2024-10-08 04:00:00,SYNTHETIC: Airport Road - Hebbal,403,Moderate,Light Rain,Green
2024-10-08 04:00:00,SYNTHETIC: Bannerghatta Road - Dairy Circle,555,Moderate,Light Rain,Green
2024-10-08 04:00:00,SYNTHETIC: Whitefield Road - KR Puram,557,Moderate,Light Rain,Green
2024-10-08 04:00:00,SYNTHETIC: Hosur Road - Electronic City,518,Moderate,Light Rain,Green
2024-10-08 08:00:00,SYNTHETIC: Silk Board - Junction 1,652,High,Light Rain,Green
2024-10-08 08:00:00,SYNTHETIC: Outer Ring Road - Marathahalli,581,Moderate,Light Rain,Green
2024-10-08 08:00:00,SYNTHETIC: Airport Road - Hebbal,618,High,Light Rain,Green
2024-10-08 08:00:00,SYNTHETIC: Bannerghatta Road - Dairy Circle,648,High,Light Rain,Green
2024-10-08 08:00:00,SYNTHETIC: Whitefield Road - KR Puram,747,High,Light Rain,Green
2024-10-08 08:00:00,SYNTHETIC: Hosur Road - Electronic City,768,High,Light Rain,Green
2024-10-08 12:00:00,SYNTHETIC: Silk Board - Junction 1,636,High,Light Rain,Green
2024-10-08 12:00:00,SYNTHETIC: Outer Ring Road - Marathahalli,622,High,Light Rain,Yellow
2024-10-08 12:00:00,SYNTHETIC: Airport Road - Hebbal,697,High,Light Rain,Green
2024-10-08 12:00:00,SYNTHETIC: Bannerghatta Road - Dairy Circle,748,High,Light Rain,Green
2024-10-08 12:00:00,SYNTHETIC: Whitefield Road - KR Puram,779,High,Light Rain,Green
2024-10-08 12:00:00,SYNTHETIC: Hosur Road - Electronic City,720,High,Light Rain,Green
2024-10-08 16:00:00,SYNTHETIC: Silk Board - Junction 1,555,Moderate,Light Rain,Red
2024-10-08 16:00:00,SYNTHETIC: Outer Ring Road - Marathahalli,618,High,Light Rain,Green
2024-10-08 16:00:00,SYNTHETIC: Airport Road - Hebbal,667,High,Light Rain,Yellow
2024-10-08 16:00:00,SYNTHETIC: Bannerghatta Road - Dairy Circle,675,High,Light Rain,Green
2024-10-08 16:00:00,SYNTHETIC: Whitefield Road - KR Puram,689,High,Light Rain,Green
2024-10-08 16:00:00,SYNTHETIC: Hosur Road - Electronic City,809,High,Light Rain,Green
2024-10-08 20:00:00,SYNTHETIC: Silk Board - Junction 1,650,High,Light Rain,Green
2024-10-08 20:00:00,SYNTHETIC: Outer Ring Road - Marathahalli,624,High,Light Rain,Green
2024-10-08 20:00:00,SYNTHETIC: Airport Road - Hebbal,672,High,Light Rain,Yellow
2024-10-08 20:00:00,SYNTHETIC: Bannerghatta Road - Dairy Circle,751,High,Light Rain,Green
2024-10-08 20:00:00,SYNTHETIC: Whitefield Road - KR Puram,729,High,Light Rain,Red
2024-10-08 20:00:00,SYNTHETIC: Hosur Road - Electronic City,755,High,Light Rain,Green
2024-10-09 00:00:00,SYNTHETIC: Silk Board - Junction 1,336,Low,Light Rain,Green
2024-10-09 00:00:00,SYNTHETIC: Outer Ring Road - Marathahalli,370,Low,Light Rain,Red
2024-10-09 00:00:00,SYNTHETIC: Airport Road - Hebbal,468,Moderate,Light Rain,Green
2024-10-09 00:00:00,SYNTHETIC: Bannerghatta Road - Dairy Circle,479,Moderate,Light Rain,Green
2024-10-09 00:00:00,SYNTHETIC: Whitefield Road - KR Puram,583,Moderate,Light Rain,Red
2024-10-09 00:00:00,SYNTHETIC: Hosur Road - Electronic City,551,Moderate,Light Rain,Red
2024-10-09 04:00:00,SYNTHETIC: Silk Board - Junction 1,441,Moderate,Light Rain,Green
2024-10-09 04:00:00,SYNTHETIC: Outer Ring Road - Marathahalli,490,Moderate,Light Rain,Red
2024-10-09 04:00:00,SYNTHETIC: Airport Road - Hebbal,520,Moderate,Light Rain,Green
2024-10-09 04:00:00,SYNTHETIC: Bannerghatta Road - Dairy Circle,520,Moderate,Light Rain,Green
2024-10-09 04:00:00,SYNTHETIC: Whitefield Road - KR Puram,496,Moderate,Light Rain,Red
2024-10-09 04:00:00,SYNTHETIC: Hosur Road - Electronic City,589,Moderate,Light Rain,Green
2024-10-09 08:00:00,SYNTHETIC: Silk Board - Junction 1,656,High,Light Rain,Green
2024-10-09 08:00:00,SYNTHETIC: Outer Ring Road - Marathahalli,667,High,Light Rain,Yellow
2024-10-09 08:00:00,SYNTHETIC: Airport Road - Hebbal,740,High,Light Rain,Green
2024-10-09 08:00:00,SYNTHETIC: Bannerghatta Road - Dairy Circle,657,High,Light Rain,Green
2024-10-09 08:00:00,SYNTHETIC: Whitefield Road - KR Puram,752,High,Light Rain,Green
2024-10-09 08:00:00,SYNTHETIC: Hosur Road - Electronic City,808,High,Light Rain,Red
2024-10-09 12:00:00,SYNTHETIC: Silk Board - Junction 1,530,Moderate,Light Rain,Yellow
2024-10-09 12:00:00,SYNTHETIC: Outer Ring Road - Marathahalli,703,High,Light Rain,Green
2024-10-09 12:00:00,SYNTHETIC: Airport Road - Hebbal,613,Moderate,Light Rain,Green
2024-10-09 12:00:00,SYNTHETIC: Bannerghatta Road - Dairy Circle,727,High,Light Rain,Green
2024-10-09 12:00:00,SYNTHETIC: Whitefield Road - KR Puram,797,High,Light Rain,Green
2024-10-09 12:00:00,SYNTHETIC: Hosur Road - Electronic City,718,High,Light Rain,Green
2024-10-09 16:00:00,SYNTHETIC: Silk Board - Junction 1,670,High,Light Rain,Green
2024-10-09 16:00:00,SYNTHETIC: Outer Ring Road - Marathahalli,638,High,Light Rain,Green
2024-10-09 16:00:00,SYNTHETIC: Airport Road - Hebbal,724,High,Light Rain,Green
2024-10-09 16:00:00,SYNTHETIC: Bannerghatta Road - Dairy Circle,696,High,Light Rain,Yellow
2024-10-09 16:00:00,SYNTHETIC: Whitefield Road - KR Puram,749,High,Light Rain,Green
2024-10-09 16:00:00,SYNTHETIC: Hosur Road - Electronic City,809,High,Light Rain,Green
2024-10-09 20:00:00,SYNTHETIC: Silk Board - Junction 1,559,Moderate,Light Rain,Green
2024-10-09 20:00:00,SYNTHETIC: Outer Ring Road - Marathahalli,595,High,Light Rain,Green
2024-10-09 20:00:00,SYNTHETIC: Airport Road - Hebbal,639,High,Light Rain,Green
2024-10-09 20:00:00,SYNTHETIC: Bannerghatta Road - Dairy Circle,709,High,Light Rain,Green
2024-10-09 20:00:00,SYNTHETIC: Whitefield Road - KR Puram,739,High,Light Rain,Green
2024-10-09 20:00:00,SYNTHETIC: Hosur Road - Electronic City,828,High,Light Rain,Red
2024-10-10 00:00:00,SYNTHETIC: Silk Board - Junction 1,412,Moderate,Heavy Rain,Red
2024-10-10 00:00:00,SYNTHETIC: Outer Ring Road - Marathahalli,426,Moderate,Heavy Rain,Green
2024-10-10 00:00:00,SYNTHETIC: Airport Road - Hebbal,459,Moderate,Heavy Rain,Red
2024-10-10 00:00:00,SYNTHETIC: Bannerghatta Road - Dairy Circle,540,Moderate,Heavy Rain,Green
2024-10-10 00:00:00,SYNTHETIC: Whitefield Road - KR Puram,591,Moderate,Heavy Rain,Yellow
2024-10-10 00:00:00,SYNTHETIC: Hosur Road - Electronic City,602,Moderate,Heavy Rain,Green
2024-10-10 04:00:00,SYNTHETIC: Silk Board - Junction 1,368,Moderate,Heavy Rain,Green
2024-10-10 04:00:00,SYNTHETIC: Outer Ring Road - Marathahalli,374,Low,Heavy Rain,Green
2024-10-10 04:00:00,SYNTHETIC: Airport Road - Hebbal,484,Moderate,Heavy Rain,Red
2024-10-10 04:00:00,SYNTHETIC: Bannerghatta Road - Dairy Circle,547,Moderate,Heavy Rain,Green
2024-10-10 04:00:00,SYNTHETIC: Whitefield Road - KR Puram,586,Moderate,Heavy Rain,Green
2024-10-10 04:00:00,SYNTHETIC: Hosur Road - Electronic City,541,Moderate,Heavy Rain,Green
2024-10-10 08:00:00,SYNTHETIC: Silk Board - Junction 1,569,High,Heavy Rain,Green
2024-10-10 08:00:00,SYNTHETIC: Outer Ring Road - Marathahalli,632,High,Heavy Rain,Green
2024-10-10 08:00:00,SYNTHETIC: Airport Road - Hebbal,701,High,Heavy Rain,Green
2024-10-10 08:00:00,SYNTHETIC: Bannerghatta Road - Dairy Circle,719,High,Heavy Rain,Red
2024-10-10 08:00:00,SYNTHETIC: Whitefield Road - KR Puram,806,High,Heavy Rain,Green
2024-10-10 08:00:00,SYNTHETIC: Hosur Road - Electronic City,786,High,Heavy Rain,Green
2024-10-10 12:00:00,SYNTHETIC: Silk Board - Junction 1,654,High,Heavy Rain,Red
2024-10-10 12:00:00,SYNTHETIC: Outer Ring Road - Marathahalli,574,Moderate,Heavy Rain,Green
2024-10-10 12:00:00,SYNTHETIC: Airport Road - Hebbal,660,High,Heavy Rain,Green
2024-10-10 12:00:00,SYNTHETIC: Bannerghatta Road - Dairy Circle,708,High,Heavy Rain,Red
2024-10-10 12:00:00,SYNTHETIC: Whitefield Road - KR Puram,693,High,Heavy Rain,Green
2024-10-10 12:00:00,SYNTHETIC: Hosur Road - Electronic City,730,High,Heavy Rain,Yellow
2024-10-10 16:00:00,SYNTHETIC: Silk Board - Junction 1,555,Moderate,Heavy Rain,Green
2024-10-10 16:00:00,SYNTHETIC: Outer Ring Road - Marathahalli,641,High,Heavy Rain,Red
2024-10-10 16:00:00,SYNTHETIC: Airport Road - Hebbal,611,Moderate,Heavy Rain,Green
2024-10-10 16:00:00,SYNTHETIC: Bannerghatta Road - Dairy Circle,649,High,Heavy Rain,Green
2024-10-10 16:00:00,SYNTHETIC: Whitefield Road - KR Puram,765,High,Heavy Rain,Green
2024-10-10 16:00:00,SYNTHETIC: Hosur Road - Electronic City,767,High,Heavy Rain,Green
2024-10-10 20:00:00,SYNTHETIC: Silk Board - Junction 1,576,High,Heavy Rain,Green
2024-10-10 20:00:00,SYNTHETIC: Outer Ring Road - Marathahalli,585,Moderate,Heavy Rain,Green
2024-10-10 20:00:00,SYNTHETIC: Airport Road - Hebbal,697,High,Heavy Rain,Green
2024-10-10 20:00:00,SYNTHETIC: Bannerghatta Road - Dairy Circle,696,High,Heavy Rain,Green
2024-10-10 20:00:00,SYNTHETIC: Whitefield Road - KR Puram,706,High,Heavy Rain,Green
2024-10-10 20:00:00,SYNTHETIC: Hosur Road - Electronic City,770,High,Heavy Rain,Green
2024-10-11 00:00:00,SYNTHETIC: Silk Board - Junction 1,630,High,Heavy Rain,Green
2024-10-11 00:00:00,SYNTHETIC: Outer Ring Road - Marathahalli,607,High,Heavy Rain,Red
2024-10-11 00:00:00,SYNTHETIC: Airport Road - Hebbal,757,High,Heavy Rain,Yellow
2024-10-11 00:00:00,SYNTHETIC: Bannerghatta Road - Dairy Circle,738,High,Heavy Rain,Yellow
2024-10-11 00:00:00,SYNTHETIC: Whitefield Road - KR Puram,758,High,Heavy Rain,Green
2024-10-11 00:00:00,SYNTHETIC: Hosur Road - Electronic City,825,High,Heavy Rain,Green
2024-10-11 04:00:00,SYNTHETIC: Silk Board - Junction 1,608,High,Heavy Rain,Green
2024-10-11 04:00:00,SYNTHETIC: Outer Ring Road - Marathahalli,630,High,Heavy Rain,Green
2024-10-11 04:00:00,SYNTHETIC: Airport Road - Hebbal,640,High,Heavy Rain,Green
2024-10-11 04:00:00,SYNTHETIC: Bannerghatta Road - Dairy Circle,777,High,Heavy Rain,Green
2024-10-11 04:00:00,SYNTHETIC: Whitefield Road - KR Puram,793,High,Heavy Rain,Yellow
2024-10-11 04:00:00,SYNTHETIC: Hosur Road - Electronic City,758,High,Heavy Rain,Red
2024-10-11 08:00:00,SYNTHETIC: Silk Board - Junction 1,843,Severe,Heavy Rain,Yellow
2024-10-11 08:00:00,SYNTHETIC: Outer Ring Road - Marathahalli,839,Severe,Heavy Rain,Green
2024-10-11 08:00:00,SYNTHETIC: Airport Road - Hebbal,968,Severe,Heavy Rain,Red
2024-10-11 08:00:00,SYNTHETIC: Bannerghatta Road - Dairy Circle,958,Severe,Heavy Rain,Green
2024-10-11 08:00:00,SYNTHETIC: Whitefield Road - KR Puram,969,Severe,Heavy Rain,Yellow
2024-10-11 08:00:00,SYNTHETIC: Hosur Road - Electronic City,1000,Severe,Heavy Rain,Red
2024-10-11 12:00:00,SYNTHETIC: Silk Board - Junction 1,883,Severe,Heavy Rain,Red
2024-10-11 12:00:00,SYNTHETIC: Outer Ring Road - Marathahalli,870,Severe,Heavy Rain,Yellow
2024-10-11 12:00:00,SYNTHETIC: Airport Road - Hebbal,916,Severe,Heavy Rain,Yellow
2024-10-11 12:00:00,SYNTHETIC: Bannerghatta Road - Dairy Circle,984,Severe,Heavy Rain,Red
2024-10-11 12:00:00,SYNTHETIC: Whitefield Road - KR Puram,936,Severe,Heavy Rain,Yellow
2024-10-11 12:00:00,SYNTHETIC: Hosur Road - Electronic City,992,Severe,Heavy Rain,Red
2024-10-11 16:00:00,SYNTHETIC: Silk Board - Junction 1,861,Severe,Heavy Rain,Red
2024-10-11 16:00:00,SYNTHETIC: Outer Ring Road - Marathahalli,888,Severe,Heavy Rain,Green
2024-10-11 16:00:00,SYNTHETIC: Airport Road - Hebbal,931,Severe,Heavy Rain,Green
2024-10-11 16:00:00,SYNTHETIC: Bannerghatta Road - Dairy Circle,1002,Severe,Heavy Rain,Green
2024-10-11 16:00:00,SYNTHETIC: Whitefield Road - KR Puram,994,Severe,Heavy Rain,Yellow
2024-10-11 16:00:00,SYNTHETIC: Hosur Road - Electronic City,1002,Severe,Heavy Rain,Green
2024-10-11 20:00:00,SYNTHETIC: Silk Board - Junction 1,855,Severe,Heavy Rain,Green
2024-10-11 20:00:00,SYNTHETIC: Outer Ring Road - Marathahalli,854,Severe,Heavy Rain,Green
2024-10-11 20:00:00,SYNTHETIC: Airport Road - Hebbal,913,Severe,Heavy Rain,Red
2024-10-11 20:00:00,SYNTHETIC: Bannerghatta Road - Dairy Circle,921,Severe,Heavy Rain,Green
2024-10-11 20:00:00,SYNTHETIC: Whitefield Road - KR Puram,1018,Severe,Heavy Rain,Red
2024-10-11 20:00:00,SYNTHETIC: Hosur Road - Electronic City,1012,Severe,Heavy Rain,Green
2024-10-12 00:00:00,SYNTHETIC: Silk Board - Junction 1,583,High,Heavy Rain,Red
2024-10-12 00:00:00,SYNTHETIC: Outer Ring Road - Marathahalli,597,High,Heavy Rain,Green
2024-10-12 00:00:00,SYNTHETIC: Airport Road - Hebbal,634,High,Heavy Rain,Green
2024-10-12 00:00:00,SYNTHETIC: Bannerghatta Road - Dairy Circle,666,High,Heavy Rain,Green
2024-10-12 00:00:00,SYNTHETIC: Whitefield Road - KR Puram,680,High,Heavy Rain,Green
2024-10-12 00:00:00,SYNTHETIC: Hosur Road - Electronic City,676,Moderate,Heavy Rain,Red
2024-10-12 04:00:00,SYNTHETIC: Silk Board - Junction 1,586,High,Heavy Rain,Green
2024-10-12 04:00:00,SYNTHETIC: Outer Ring Road - Marathahalli,559,Moderate,Heavy Rain,Green
2024-10-12 04:00:00,SYNTHETIC: Airport Road - Hebbal,545,Moderate,Heavy Rain,Green
2024-10-12 04:00:00,SYNTHETIC: Bannerghatta Road - Dairy Circle,660,High,Heavy Rain,Green
2024-10-12 04:00:00,SYNTHETIC: Whitefield Road - KR Puram,642,Moderate,Heavy Rain,Yellow
2024-10-12 04:00:00,SYNTHETIC: Hosur Road - Electronic City,697,Moderate,Heavy Rain,Green
2024-10-12 08:00:00,SYNTHETIC: Silk Board - Junction 1,723,Severe,Heavy Rain,Green
2024-10-12 08:00:00,SYNTHETIC: Outer Ring Road - Marathahalli,764,Severe,Heavy Rain,Green
2024-10-12 08:00:00,SYNTHETIC: Airport Road - Hebbal,777,High,Heavy Rain,Yellow
2024-10-12 08:00:00,SYNTHETIC: Bannerghatta Road - Dairy Circle,775,High,Heavy Rain,Green
2024-10-12 08:00:00,SYNTHETIC: Whitefield Road - KR Puram,847,High,Heavy Rain,Red
2024-10-12 08:00:00,SYNTHETIC: Hosur Road - Electronic City,983,Severe,Heavy Rain,Green
2024-10-12 12:00:00,SYNTHETIC: Silk Board - Junction 1,714,High,Heavy Rain,Green
2024-10-12 12:00:00,SYNTHETIC: Outer Ring Road - Marathahalli,711,High,Heavy Rain,Green
2024-10-12 12:00:00,SYNTHETIC: Airport Road - Hebbal,831,Severe,Heavy Rain,Yellow
2024-10-12 12:00:00,SYNTHETIC: Bannerghatta Road - Dairy Circle,835,Severe,Heavy Rain,Green
2024-10-12 12:00:00,SYNTHETIC: Whitefield Road - KR Puram,814,High,Heavy Rain,Green
2024-10-12 12:00:00,SYNTHETIC: Hosur Road - Electronic City,858,High,Heavy Rain,Green
2024-10-12 16:00:00,SYNTHETIC: Silk Board - Junction 1,777,Severe,Heavy Rain,Green
2024-10-12 16:00:00,SYNTHETIC: Outer Ring Road - Marathahalli,721,High,Heavy Rain,Green
2024-10-12 16:00:00,SYNTHETIC: Airport Road - Hebbal,832,Severe,Heavy Rain,Green
2024-10-12 16:00:00,SYNTHETIC: Bannerghatta Road - Dairy Circle,802,High,Heavy Rain,Green
2024-10-12 16:00:00,SYNTHETIC: Whitefield Road - KR Puram,866,Severe,Heavy Rain,Red
2024-10-12 16:00:00,SYNTHETIC: Hosur Road - Electronic City,856,High,Heavy Rain,Yellow
2024-10-12 20:00:00,SYNTHETIC: Silk Board - Junction 1,803,Severe,Heavy Rain,Green
2024-10-12 20:00:00,SYNTHETIC: Outer Ring Road - Marathahalli,712,High,Heavy Rain,Green
2024-10-12 20:00:00,SYNTHETIC: Airport Road - Hebbal,862,Severe,Heavy Rain,Yellow
2024-10-12 20:00:00,SYNTHETIC: Bannerghatta Road - Dairy Circle,884,Severe,Heavy Rain,Yellow
2024-10-12 20:00:00,SYNTHETIC: Whitefield Road - KR Puram,935,Severe,Heavy Rain,Yellow
2024-10-12 20:00:00,SYNTHETIC: Hosur Road - Electronic City,958,Severe,Heavy Rain,Green
2024-10-13 00:00:00,SYNTHETIC: Silk Board - Junction 1,556,Moderate,Heavy Rain,Yellow
2024-10-13 00:00:00,SYNTHETIC: Outer Ring Road - Marathahalli,607,High,Heavy Rain,Green
2024-10-13 00:00:00,SYNTHETIC: Airport Road - Hebbal,564,Moderate,Heavy Rain,Green
2024-10-13 00:00:00,SYNTHETIC: Bannerghatta Road - Dairy Circle,655,High,Heavy Rain,Yellow
2024-10-13 00:00:00,SYNTHETIC: Whitefield Road - KR Puram,705,High,Heavy Rain,Red
2024-10-13 00:00:00,SYNTHETIC: Hosur Road - Electronic City,766,High,Heavy Rain,Green
2024-10-13 04:00:00,SYNTHETIC: Silk Board - Junction 1,491,Moderate,Heavy Rain,Green
2024-10-13 04:00:00,SYNTHETIC: Outer Ring Road - Marathahalli,529,Moderate,Heavy Rain,Yellow
2024-10-13 04:00:00,SYNTHETIC: Airport Road - Hebbal,635,High,Heavy Rain,Yellow
2024-10-13 04:00:00,SYNTHETIC: Bannerghatta Road - Dairy Circle,590,Moderate,Heavy Rain,Green
2024-10-13 04:00:00,SYNTHETIC: Whitefield Road - KR Puram,694,High,Heavy Rain,Yellow
2024-10-13 04:00:00,SYNTHETIC: Hosur Road - Electronic City,750,High,Heavy Rain,Green
2024-10-13 08:00:00,SYNTHETIC: Silk Board - Junction 1,778,Severe,Heavy Rain,Red
2024-10-13 08:00:00,SYNTHETIC: Outer Ring Road - Marathahalli,718,High,Heavy Rain,Red
2024-10-13 08:00:00,SYNTHETIC: Airport Road - Hebbal,819,Severe,Heavy Rain,Green
2024-10-13 08:00:00,SYNTHETIC: Bannerghatta Road - Dairy Circle,904,Severe,Heavy Rain,Green
2024-10-13 08:00:00,SYNTHETIC: Whitefield Road - KR Puram,933,Severe,Heavy Rain,Green
2024-10-13 08:00:00,SYNTHETIC: Hosur Road - Electronic City,872,High,Heavy Rain,Green
2024-10-13 12:00:00,SYNTHETIC: Silk Board - Junction 1,764,Severe,Heavy Rain,Green
2024-10-13 12:00:00,SYNTHETIC: Outer Ring Road - Marathahalli,776,Severe,Heavy Rain,Green
2024-10-13 12:00:00,SYNTHETIC: Airport Road - Hebbal,849,Severe,Heavy Rain,Yellow
2024-10-13 12:00:00,SYNTHETIC: Bannerghatta Road - Dairy Circle,781,High,Heavy Rain,Green
2024-10-13 12:00:00,SYNTHETIC: Whitefield Road - KR Puram,878,Severe,Heavy Rain,Green
2024-10-13 12:00:00,SYNTHETIC: Hosur Road - Electronic City,914,Severe,Heavy Rain,Yellow
2024-10-13 16:00:00,SYNTHETIC: Silk Board - Junction 1,749,Severe,Heavy Rain,Red
2024-10-13 16:00:00,SYNTHETIC: Outer Ring Road - Marathahalli,794,Severe,Heavy Rain,Green
2024-10-13 16:00:00,SYNTHETIC: Airport Road - Hebbal,776,High,Heavy Rain,Green
2024-10-13 16:00:00,SYNTHETIC: Bannerghatta Road - Dairy Circle,877,Severe,Heavy Rain,Green
2024-10-13 16:00:00,SYNTHETIC: Whitefield Road - KR Puram,817,High,Heavy Rain,Green
2024-10-13 16:00:00,SYNTHETIC: Hosur Road - Electronic City,980,Severe,Heavy Rain,Green
2024-10-13 20:00:00,SYNTHETIC: Silk Board - Junction 1,777,Severe,Heavy Rain,Green
2024-10-13 20:00:00,SYNTHETIC: Outer Ring Road - Marathahalli,745,High,Heavy Rain,Green
2024-10-13 20:00:00,SYNTHETIC: Airport Road - Hebbal,823,Severe,Heavy Rain,Yellow
2024-10-13 20:00:00,SYNTHETIC: Bannerghatta Road - Dairy Circle,796,High,Heavy Rain,Red
2024-10-13 20:00:00,SYNTHETIC: Whitefield Road - KR Puram,849,High,Heavy Rain,Green
2024-10-13 20:00:00,SYNTHETIC: Hosur Road - Electronic City,857,High,Heavy Rain,Yellow
2024-10-14 00:00:00,SYNTHETIC: Silk Board - Junction 1,215,Low,Cloudy,Green
2024-10-14 00:00:00,SYNTHETIC: Outer Ring Road - Marathahalli,215,Low,Cloudy,Green
2024-10-14 00:00:00,SYNTHETIC: Airport Road - Hebbal,330,Low,Cloudy,Green
2024-10-14 00:00:00,SYNTHETIC: Bannerghatta Road - Dairy Circle,352,Low,Cloudy,Green
2024-10-14 00:00:00,SYNTHETIC: Whitefield Road - KR Puram,348,Low,Cloudy,Green
2024-10-14 00:00:00,SYNTHETIC: Hosur Road - Electronic City,415,Low,Cloudy,Green
2024-10-14 04:00:00,SYNTHETIC: Silk Board - Junction 1,160,Low,Cloudy,Green
2024-10-14 04:00:00,SYNTHETIC: Outer Ring Road - Marathahalli,302,Low,Cloudy,Red
2024-10-14 04:00:00,SYNTHETIC: Airport Road - Hebbal,300,Low,Cloudy,Green
2024-10-14 04:00:00,SYNTHETIC: Bannerghatta Road - Dairy Circle,358,Low,Cloudy,Yellow
2024-10-14 04:00:00,SYNTHETIC: Whitefield Road - KR Puram,396,Low,Cloudy,Green
2024-10-14 04:00:00,SYNTHETIC: Hosur Road - Electronic City,428,Low,Cloudy,Green
2024-10-14 08:00:00,SYNTHETIC: Silk Board - Junction 1,433,Moderate,Cloudy,Green
2024-10-14 08:00:00,SYNTHETIC: Outer Ring Road - Marathahalli,502,Moderate,Cloudy,Yellow
2024-10-14 08:00:00,SYNTHETIC: Airport Road - Hebbal,512,Moderate,Cloudy,Green
2024-10-14 08:00:00,SYNTHETIC: Bannerghatta Road - Dairy Circle,482,Moderate,Cloudy,Green
2024-10-14 08:00:00,SYNTHETIC: Whitefield Road - KR Puram,592,Moderate,Cloudy,Green
2024-10-14 08:00:00,SYNTHETIC: Hosur Road - Electronic City,626,Moderate,Cloudy,Red
2024-10-14 12:00:00,SYNTHETIC: Silk Board - Junction 1,436,Moderate,Cloudy,Green
2024-10-14 12:00:00,SYNTHETIC: Outer Ring Road - Marathahalli,428,Moderate,Cloudy,Green
2024-10-14 12:00:00,SYNTHETIC: Airport Road - Hebbal,449,Moderate,Cloudy,Green
2024-10-14 12:00:00,SYNTHETIC: Bannerghatta Road - Dairy Circle,504,Moderate,Cloudy,Red
2024-10-14 12:00:00,SYNTHETIC: Whitefield Road - KR Puram,579,Moderate,Cloudy,Green
2024-10-14 12:00:00,SYNTHETIC: Hosur Road - Electronic City,562,Moderate,Cloudy,Green
2024-10-14 16:00:00,SYNTHETIC: Silk Board - Junction 1,387,Moderate,Cloudy,Green
2024-10-14 16:00:00,SYNTHETIC: Outer Ring Road - Marathahalli,429,Moderate,Cloudy,Green
2024-10-14 16:00:00,SYNTHETIC: Airport Road - Hebbal,439,Moderate,Cloudy,Green
2024-10-14 16:00:00,SYNTHETIC: Bannerghatta Road - Dairy Circle,581,Moderate,Cloudy,Green
2024-10-14 16:00:00,SYNTHETIC: Whitefield Road - KR Puram,604,Moderate,Cloudy,Yellow
2024-10-14 16:00:00,SYNTHETIC: Hosur Road - Electronic City,607,Moderate,Cloudy,Red
2024-10-14 20:00:00,SYNTHETIC: Silk Board - Junction 1,430,Moderate,Cloudy,Green
2024-10-14 20:00:00,SYNTHETIC: Outer Ring Road - Marathahalli,402,Moderate,Cloudy,Green
2024-10-14 20:00:00,SYNTHETIC: Airport Road - Hebbal,497,Moderate,Cloudy,Yellow
2024-10-14 20:00:00,SYNTHETIC: Bannerghatta Road - Dairy Circle,469,Moderate,Cloudy,Green
2024-10-14 20:00:00,SYNTHETIC: Whitefield Road - KR Puram,508,Moderate,Cloudy,Green
2024-10-14 20:00:00,SYNTHETIC: Hosur Road - Electronic City,640,Moderate,Cloudy,Green
2024-10-15 00:00:00,SYNTHETIC: Silk Board - Junction 1,213,Low,Clear,Yellow
2024-10-15 00:00:00,SYNTHETIC: Outer Ring Road - Marathahalli,297,Low,Clear,Green
2024-10-15 00:00:00,SYNTHETIC: Airport Road - Hebbal,260,Low,Clear,Green
2024-10-15 00:00:00,SYNTHETIC: Bannerghatta Road - Dairy Circle,327,Low,Clear,Green
2024-10-15 00:00:00,SYNTHETIC: Whitefield Road - KR Puram,376,Low,Clear,Yellow
2024-10-15 00:00:00,SYNTHETIC: Hosur Road - Electronic City,338,Low,Clear,Yellow
2024-10-15 04:00:00,SYNTHETIC: Silk Board - Junction 1,235,Low,Clear,Green
2024-10-15 04:00:00,SYNTHETIC: Outer Ring Road - Marathahalli,209,Low,Clear,Green
2024-10-15 04:00:00,SYNTHETIC: Airport Road - Hebbal,318,Low,Clear,Green
2024-10-15 04:00:00,SYNTHETIC: Bannerghatta Road - Dairy Circle,293,Low,Clear,Green
2024-10-15 04:00:00,SYNTHETIC: Whitefield Road - KR Puram,326,Low,Clear,Red
2024-10-15 04:00:00,SYNTHETIC: Hosur Road - Electronic City,404,Low,Clear,Red
2024-10-15 08:00:00,SYNTHETIC: Silk Board - Junction 1,450,Moderate,Clear,Green
2024-10-15 08:00:00,SYNTHETIC: Outer Ring Road - Marathahalli,406,Moderate,Clear,Green
2024-10-15 08:00:00,SYNTHETIC: Airport Road - Hebbal,516,Moderate,Clear,Green
2024-10-15 08:00:00,SYNTHETIC: Bannerghatta Road - Dairy Circle,539,Moderate,Clear,Yellow
2024-10-15 08:00:00,SYNTHETIC: Whitefield Road - KR Puram,624,Moderate,Clear,Green
2024-10-15 08:00:00,SYNTHETIC: Hosur Road - Electronic City,633,Moderate,Clear,Green
2024-10-15 12:00:00,SYNTHETIC: Silk Board - Junction 1,354,Low,Clear,Green
2024-10-15 12:00:00,SYNTHETIC: Outer Ring Road - Marathahalli,431,Moderate,Clear,Red
2024-10-15 12:00:00,SYNTHETIC: Airport Road - Hebbal,507,Moderate,Clear,Red
2024-10-15 12:00:00,SYNTHETIC: Bannerghatta Road - Dairy Circle,579,Moderate,Clear,Green
2024-10-15 12:00:00,SYNTHETIC: Whitefield Road - KR Puram,525,Moderate,Clear,Green
2024-10-15 12:00:00,SYNTHETIC: Hosur Road - Electronic City,600,Moderate,Clear,Yellow
2024-10-15 16:00:00,SYNTHETIC: Silk Board - Junction 1,375,Moderate,Clear,Green
2024-10-15 16:00:00,SYNTHETIC: Outer Ring Road - Marathahalli,523,Moderate,Clear,Yellow
2024-10-15 16:00:00,SYNTHETIC: Airport Road - Hebbal,554,Moderate,Clear,Green
2024-10-15 16:00:00,SYNTHETIC: Bannerghatta Road - Dairy Circle,541,Moderate,Clear,Red
2024-10-15 16:00:00,SYNTHETIC: Whitefield Road - KR Puram,523,Moderate,Clear,Green
2024-10-15 16:00:00,SYNTHETIC: Hosur Road - Electronic City,564,Moderate,Clear,Green
2024-10-15 20:00:00,SYNTHETIC: Silk Board - Junction 1,392,Moderate,Clear,Yellow
2024-10-15 20:00:00,SYNTHETIC: Outer Ring Road - Marathahalli,396,Moderate,Clear,Green
2024-10-15 20:00:00,SYNTHETIC: Airport Road - Hebbal,480,Moderate,Clear,Red
2024-10-15 20:00:00,SYNTHETIC: Bannerghatta Road - Dairy Circle,527,Moderate,Clear,Yellow
2024-10-15 20:00:00,SYNTHETIC: Whitefield Road - KR Puram,604,Moderate,Clear,Green
2024-10-15 20:00:00,SYNTHETIC: Hosur Road - Electronic City,586,Moderate,Clear,Green
2024-10-16 00:00:00,SYNTHETIC: Silk Board - Junction 1,461,Moderate,Heavy Rain,Green
2024-10-16 00:00:00,SYNTHETIC: Outer Ring Road - Marathahalli,476,Moderate,Heavy Rain,Green
2024-10-16 00:00:00,SYNTHETIC: Airport Road - Hebbal,456,Moderate,Heavy Rain,Yellow
2024-10-16 00:00:00,SYNTHETIC: Bannerghatta Road - Dairy Circle,524,Moderate,Heavy Rain,Red
2024-10-16 00:00:00,SYNTHETIC: Whitefield Road - KR Puram,576,Moderate,Heavy Rain,Green
2024-10-16 00:00:00,SYNTHETIC: Hosur Road - Electronic City,633,Moderate,Heavy Rain,Green
2024-10-16 04:00:00,SYNTHETIC: Silk Board - Junction 1,428,Moderate,Heavy Rain,Red
2024-10-16 04:00:00,SYNTHETIC: Outer Ring Road - Marathahalli,460,Moderate,Heavy Rain,Green
2024-10-16 04:00:00,SYNTHETIC: Airport Road - Hebbal,481,Moderate,Heavy Rain,Red
2024-10-16 04:00:00,SYNTHETIC: Bannerghatta Road - Dairy Circle,520,Moderate,Heavy Rain,Yellow
2024-10-16 04:00:00,SYNTHETIC: Whitefield Road - KR Puram,505,Moderate,Heavy Rain,Green
2024-10-16 04:00:00,SYNTHETIC: Hosur Road - Electronic City,625,Moderate,Heavy Rain,Yellow
2024-10-16 08:00:00,SYNTHETIC: Silk Board - Junction 1,565,High,Heavy Rain,Yellow
2024-10-16 08:00:00,SYNTHETIC: Outer Ring Road - Marathahalli,685,High,Heavy Rain,Green
2024-10-16 08:00:00,SYNTHETIC: Airport Road - Hebbal,601,Moderate,Heavy Rain,Red
2024-10-16 08:00:00,SYNTHETIC: Bannerghatta Road - Dairy Circle,639,Moderate,Heavy Rain,Green
2024-10-16 08:00:00,SYNTHETIC: Whitefield Road - KR Puram,708,High,Heavy Rain,Green
2024-10-16 08:00:00,SYNTHETIC: Hosur Road - Electronic City,840,High,Heavy Rain,Green
2024-10-16 12:00:00,SYNTHETIC: Silk Board - Junction 1,603,High,Heavy Rain,Green
2024-10-16 12:00:00,SYNTHETIC: Outer Ring Road - Marathahalli,596,High,Heavy Rain,Green
2024-10-16 12:00:00,SYNTHETIC: Airport Road - Hebbal,707,High,Heavy Rain,Green
2024-10-16 12:00:00,SYNTHETIC: Bannerghatta Road - Dairy Circle,752,High,Heavy Rain,Green
2024-10-16 12:00:00,SYNTHETIC: Whitefield Road - KR Puram,797,High,Heavy Rain,Green
2024-10-16 12:00:00,SYNTHETIC: Hosur Road - Electronic City,709,High,Heavy Rain,Green
2024-10-16 16:00:00,SYNTHETIC: Silk Board - Junction 1,591,High,Heavy Rain,Yellow
2024-10-16 16:00:00,SYNTHETIC: Outer Ring Road - Marathahalli,639,High,Heavy Rain,Green
2024-10-16 16:00:00,SYNTHETIC: Airport Road - Hebbal,690,High,Heavy Rain,Green
2024-10-16 16:00:00,SYNTHETIC: Bannerghatta Road - Dairy Circle,741,High,Heavy Rain,Green
2024-10-16 16:00:00,SYNTHETIC: Whitefield Road - KR Puram,691,High,Heavy Rain,Green
2024-10-16 16:00:00,SYNTHETIC: Hosur Road - Electronic City,797,High,Heavy Rain,Green
2024-10-16 20:00:00,SYNTHETIC: Silk Board - Junction 1,664,High,Heavy Rain,Green
2024-10-16 20:00:00,SYNTHETIC: Outer Ring Road - Marathahalli,694,High,Heavy Rain,Green
2024-10-16 20:00:00,SYNTHETIC: Airport Road - Hebbal,699,High,Heavy Rain,Red
2024-10-16 20:00:00,SYNTHETIC: Bannerghatta Road - Dairy Circle,646,High,Heavy Rain,Green
2024-10-16 20:00:00,SYNTHETIC: Whitefield Road - KR Puram,765,High,Heavy Rain,Green
2024-10-16 20:00:00,SYNTHETIC: Hosur Road - Electronic City,709,High,Heavy Rain,Green
2024-10-17 00:00:00,SYNTHETIC: Silk Board - Junction 1,160,Low,Cloudy,Green
2024-10-17 00:00:00,SYNTHETIC: Outer Ring Road - Marathahalli,264,Low,Cloudy,Green
2024-10-17 00:00:00,SYNTHETIC: Airport Road - Hebbal,359,Low,Cloudy,Green
2024-10-17 00:00:00,SYNTHETIC: Bannerghatta Road - Dairy Circle,264,Low,Cloudy,Yellow
2024-10-17 00:00:00,SYNTHETIC: Whitefield Road - KR Puram,338,Low,Cloudy,Green
2024-10-17 00:00:00,SYNTHETIC: Hosur Road - Electronic City,337,Low,Cloudy,Red
2024-10-17 04:00:00,SYNTHETIC: Silk Board - Junction 1,234,Low,Cloudy,Green
2024-10-17 04:00:00,SYNTHETIC: Outer Ring Road - Marathahalli,279,Low,Cloudy,Green
2024-10-17 04:00:00,SYNTHETIC: Airport Road - Hebbal,322,Low,Cloudy,Yellow
2024-10-17 04:00:00,SYNTHETIC: Bannerghatta Road - Dairy Circle,353,Low,Cloudy,Green
2024-10-17 04:00:00,SYNTHETIC: Whitefield Road - KR Puram,337,Low,Cloudy,Green
2024-10-17 04:00:00,SYNTHETIC: Hosur Road - Electronic City,452,Moderate,Cloudy,Green
2024-10-17 08:00:00,SYNTHETIC: Silk Board - Junction 1,482,Moderate,Cloudy,Green
2024-10-17 08:00:00,SYNTHETIC: Outer Ring Road - Marathahalli,406,Moderate,Cloudy,Yellow
2024-10-17 08:00:00,SYNTHETIC: Airport Road - Hebbal,440,Moderate,Cloudy,Green
2024-10-17 08:00:00,SYNTHETIC: Bannerghatta Road - Dairy Circle,501,Moderate,Cloudy,Green
2024-10-17 08:00:00,SYNTHETIC: Whitefield Road - KR Puram,572,Moderate,Cloudy,Green
2024-10-17 08:00:00,SYNTHETIC: Hosur Road - Electronic City,608,Moderate,Cloudy,Yellow
2024-10-17 12:00:00,SYNTHETIC: Silk Board - Junction 1,428,Moderate,Cloudy,Green
2024-10-17 12:00:00,SYNTHETIC: Outer Ring Road - Marathahalli,494,Moderate,Cloudy,Green
2024-10-17 12:00:00,SYNTHETIC: Airport Road - Hebbal,533,Moderate,Cloudy,Green
2024-10-17 12:00:00,SYNTHETIC: Bannerghatta Road - Dairy Circle,465,Moderate,Cloudy,Yellow
2024-10-17 12:00:00,SYNTHETIC: Whitefield Road - KR Puram,580,Moderate,Cloudy,Green
2024-10-17 12:00:00,SYNTHETIC: Hosur Road - Electronic City,636,Moderate,Cloudy,Green
2024-10-17 16:00:00,SYNTHETIC: Silk Board - Junction 1,364,Moderate,Cloudy,Green
2024-10-17 16:00:00,SYNTHETIC: Outer Ring Road - Marathahalli,488,Moderate,Cloudy,Green
2024-10-17 16:00:00,SYNTHETIC: Airport Road - Hebbal,460,Moderate,Cloudy,Red
2024-10-17 16:00:00,SYNTHETIC: Bannerghatta Road - Dairy Circle,491,Moderate,Cloudy,Yellow
2024-10-17 16:00:00,SYNTHETIC: Whitefield Road - KR Puram,602,Moderate,Cloudy,Green
2024-10-17 16:00:00,SYNTHETIC: Hosur Road - Electronic City,542,Moderate,Cloudy,Green
2024-10-17 20:00:00,SYNTHETIC: Silk Board - Junction 1,443,Moderate,Cloudy,Green
2024-10-17 20:00:00,SYNTHETIC: Outer Ring Road - Marathahalli,393,Moderate,Cloudy,Green
2024-10-17 20:00:00,SYNTHETIC: Airport Road - Hebbal,535,Moderate,Cloudy,Red
2024-10-17 20:00:00,SYNTHETIC: Bannerghatta Road - Dairy Circle,550,Moderate,Cloudy,Green
2024-10-17 20:00:00,SYNTHETIC: Whitefield Road - KR Puram,509,Moderate,Cloudy,Green
2024-10-17 20:00:00,SYNTHETIC: Hosur Road - Electronic City,660,Moderate,Cloudy,Green
2024-10-18 00:00:00,SYNTHETIC: Silk Board - Junction 1,346,Low,Light Rain,Green
2024-10-18 00:00:00,SYNTHETIC: Outer Ring Road - Marathahalli,439,Moderate,Light Rain,Red
2024-10-18 00:00:00,SYNTHETIC: Airport Road - Hebbal,440,Moderate,Light Rain,Yellow
2024-10-18 00:00:00,SYNTHETIC: Bannerghatta Road - Dairy Circle,479,Moderate,Light Rain,Yellow
2024-10-18 00:00:00,SYNTHETIC: Whitefield Road - KR Puram,600,Moderate,Light Rain,Green
2024-10-18 00:00:00,SYNTHETIC: Hosur Road - Electronic City,556,Moderate,Light Rain,Yellow
2024-10-18 04:00:00,SYNTHETIC: Silk Board - Junction 1,390,Moderate,Light Rain,Yellow
2024-10-18 04:00:00,SYNTHETIC: Outer Ring Road - Marathahalli,371,Low,Light Rain,Green
2024-10-18 04:00:00,SYNTHETIC: Airport Road - Hebbal,494,Moderate,Light Rain,Green
2024-10-18 04:00:00,SYNTHETIC: Bannerghatta Road - Dairy Circle,468,Moderate,Light Rain,Green
2024-10-18 04:00:00,SYNTHETIC: Whitefield Road - KR Puram,492,Moderate,Light Rain,Green
2024-10-18 04:00:00,SYNTHETIC: Hosur Road - Electronic City,606,Moderate,Light Rain,Red
2024-10-18 08:00:00,SYNTHETIC: Silk Board - Junction 1,652,High,Light Rain,Green
2024-10-18 08:00:00,SYNTHETIC: Outer Ring Road - Marathahalli,669,High,Light Rain,Yellow
2024-10-18 08:00:00,SYNTHETIC: Airport Road - Hebbal,618,High,Light Rain,Green
2024-10-18 08:00:00,SYNTHETIC: Bannerghatta Road - Dairy Circle,716,High,Light Rain,Green
2024-10-18 08:00:00,SYNTHETIC: Whitefield Road - KR Puram,785,High,Light Rain,Green
2024-10-18 08:00:00,SYNTHETIC: Hosur Road - Electronic City,837,High,Light Rain,Green
2024-10-18 12:00:00,SYNTHETIC: Silk Board - Junction 1,576,High,Light Rain,Yellow
2024-10-18 12:00:00,SYNTHETIC: Outer Ring Road - Marathahalli,598,High,Light Rain,Green
2024-10-18 12:00:00,SYNTHETIC: Airport Road - Hebbal,614,Moderate,Light Rain,Yellow
2024-10-18 12:00:00,SYNTHETIC: Bannerghatta Road - Dairy Circle,767,High,Light Rain,Green
2024-10-18 12:00:00,SYNTHETIC: Whitefield Road - KR Puram,712,High,Light Rain,Green
2024-10-18 12:00:00,SYNTHETIC: Hosur Road - Electronic City,762,High,Light Rain,Green
2024-10-18 16:00:00,SYNTHETIC: Silk Board - Junction 1,662,High,Light Rain,Red
2024-10-18 16:00:00,SYNTHETIC: Outer Ring Road - Marathahalli,585,Moderate,Light Rain,Green
2024-10-18 16:00:00,SYNTHETIC: Airport Road - Hebbal,670,High,Light Rain,Green
2024-10-18 16:00:00,SYNTHETIC: Bannerghatta Road - Dairy Circle,712,High,Light Rain,Green
2024-10-18 16:00:00,SYNTHETIC: Whitefield Road - KR Puram,693,High,Light Rain,Green
2024-10-18 16:00:00,SYNTHETIC: Hosur Road - Electronic City,748,High,Light Rain,Green
2024-10-18 20:00:00,SYNTHETIC: Silk Board - Junction 1,569,High,Light Rain,Green
2024-10-18 20:00:00,SYNTHETIC: Outer Ring Road - Marathahalli,651,High,Light Rain,Yellow
2024-10-18 20:00:00,SYNTHETIC: Airport Road - Hebbal,610,Moderate,Light Rain,Yellow
2024-10-18 20:00:00,SYNTHETIC: Bannerghatta Road - Dairy Circle,642,Moderate,Light Rain,Green
2024-10-18 20:00:00,SYNTHETIC: Whitefield Road - KR Puram,737,High,Light Rain,Yellow
2024-10-18 20:00:00,SYNTHETIC: Hosur Road - Electronic City,811,High,Light Rain,Green
2024-10-19 00:00:00,SYNTHETIC: Silk Board - Junction 1,384,Moderate,Cloudy,Green
2024-10-19 00:00:00,SYNTHETIC: Outer Ring Road - Marathahalli,352,Low,Cloudy,Green
2024-10-19 00:00:00,SYNTHETIC: Airport Road - Hebbal,479,Moderate,Cloudy,Green
2024-10-19 00:00:00,SYNTHETIC: Bannerghatta Road - Dairy Circle,510,Moderate,Cloudy,Green
2024-10-19 00:00:00,SYNTHETIC: Whitefield Road - KR Puram,454,Moderate,Cloudy,Green
2024-10-19 00:00:00,SYNTHETIC: Hosur Road - Electronic City,563,Moderate,Cloudy,Red
2024-10-19 04:00:00,SYNTHETIC: Silk Board - Junction 1,397,Moderate,Cloudy,Green
2024-10-19 04:00:00,SYNTHETIC: Outer Ring Road - Marathahalli,365,Low,Cloudy,Yellow
2024-10-19 04:00:00,SYNTHETIC: Airport Road - Hebbal,440,Moderate,Cloudy,Green
2024-10-19 04:00:00,SYNTHETIC: Bannerghatta Road - Dairy Circle,435,Moderate,Cloudy,Green
2024-10-19 04:00:00,SYNTHETIC: Whitefield Road - KR Puram,561,Moderate,Cloudy,Green
2024-10-19 04:00:00,SYNTHETIC: Hosur Road - Electronic City,543,Moderate,Cloudy,Green
2024-10-19 08:00:00,SYNTHETIC: Silk Board - Junction 1,513,Moderate,Cloudy,Red
2024-10-19 08:00:00,SYNTHETIC: Outer Ring Road - Marathahalli,654,High,Cloudy,Green
2024-10-19 08:00:00,SYNTHETIC: Airport Road - Hebbal,621,High,Cloudy,Green
2024-10-19 08:00:00,SYNTHETIC: Bannerghatta Road - Dairy Circle,685,High,Cloudy,Green
2024-10-19 08:00:00,SYNTHETIC: Whitefield Road - KR Puram,702,High,Cloudy,Green
2024-10-19 08:00:00,SYNTHETIC: Hosur Road - Electronic City,785,High,Cloudy,Green
2024-10-19 12:00:00,SYNTHETIC: Silk Board - Junction 1,492,Moderate,Cloudy,Yellow
2024-10-19 12:00:00,SYNTHETIC: Outer Ring Road - Marathahalli,635,High,Cloudy,Green
2024-10-19 12:00:00,SYNTHETIC: Airport Road - Hebbal,627,High,Cloudy,Yellow
2024-10-19 12:00:00,SYNTHETIC: Bannerghatta Road - Dairy Circle,698,High,Cloudy,Green
2024-10-19 12:00:00,SYNTHETIC: Whitefield Road - KR Puram,732,High,Cloudy,Green
2024-10-19 12:00:00,SYNTHETIC: Hosur Road - Electronic City,714,High,Cloudy,Green
2024-10-19 16:00:00,SYNTHETIC: Silk Board - Junction 1,563,High,Cloudy,Green
2024-10-19 16:00:00,SYNTHETIC: Outer Ring Road - Marathahalli,654,High,Cloudy,Green
2024-10-19 16:00:00,SYNTHETIC: Airport Road - Hebbal,700,High,Cloudy,Green
2024-10-19 16:00:00,SYNTHETIC: Bannerghatta Road - Dairy Circle,625,Moderate,Cloudy,Green
2024-10-19 16:00:00,SYNTHETIC: Whitefield Road - KR Puram,654,Moderate,Cloudy,Green
2024-10-19 16:00:00,SYNTHETIC: Hosur Road - Electronic City,751,High,Cloudy,Green
2024-10-19 20:00:00,SYNTHETIC: Silk Board - Junction 1,583,High,Cloudy,Yellow
2024-10-19 20:00:00,SYNTHETIC: Outer Ring Road - Marathahalli,575,Moderate,Cloudy,Green
2024-10-19 20:00:00,SYNTHETIC: Airport Road - Hebbal,662,High,Cloudy,Green
2024-10-19 20:00:00,SYNTHETIC: Bannerghatta Road - Dairy Circle,606,Moderate,Cloudy,Green
2024-10-19 20:00:00,SYNTHETIC: Whitefield Road - KR Puram,715,High,Cloudy,Yellow
2024-10-19 20:00:00,SYNTHETIC: Hosur Road - Electronic City,797,High,Cloudy,Green
2024-10-20 00:00:00,SYNTHETIC: Silk Board - Junction 1,411,Moderate,Clear,Green
2024-10-20 00:00:00,SYNTHETIC: Outer Ring Road - Marathahalli,383,Moderate,Clear,Yellow
2024-10-20 00:00:00,SYNTHETIC: Airport Road - Hebbal,482,Moderate,Clear,Green
2024-10-20 00:00:00,SYNTHETIC: Bannerghatta Road - Dairy Circle,492,Moderate,Clear,Green
2024-10-20 00:00:00,SYNTHETIC: Whitefield Road - KR Puram,492,Moderate,Clear,Green
2024-10-20 00:00:00,SYNTHETIC: Hosur Road - Electronic City,493,Moderate,Clear,Green
2024-10-20 04:00:00,SYNTHETIC: Silk Board - Junction 1,402,Moderate,Clear,Green
2024-10-20 04:00:00,SYNTHETIC: Outer Ring Road - Marathahalli,363,Low,Clear,Green
2024-10-20 04:00:00,SYNTHETIC: Airport Road - Hebbal,412,Moderate,Clear,Green
2024-10-20 04:00:00,SYNTHETIC: Bannerghatta Road - Dairy Circle,515,Moderate,Clear,Red
2024-10-20 04:00:00,SYNTHETIC: Whitefield Road - KR Puram,445,Moderate,Clear,Yellow
2024-10-20 04:00:00,SYNTHETIC: Hosur Road - Electronic City,597,Moderate,Clear,Green
2024-10-20 08:00:00,SYNTHETIC: Silk Board - Junction 1,573,High,Clear,Red
2024-10-20 08:00:00,SYNTHETIC: Outer Ring Road - Marathahalli,647,High,Clear,Green
2024-10-20 08:00:00,SYNTHETIC: Airport Road - Hebbal,640,High,Clear,Red
2024-10-20 08:00:00,SYNTHETIC: Bannerghatta Road - Dairy Circle,712,High,Clear,Red
2024-10-20 08:00:00,SYNTHETIC: Whitefield Road - KR Puram,717,High,Clear,Green
2024-10-20 08:00:00,SYNTHETIC: Hosur Road - Electronic City,732,High,Clear,Green
2024-10-20 12:00:00,SYNTHETIC: Silk Board - Junction 1,539,Moderate,Clear,Red
2024-10-20 12:00:00,SYNTHETIC: Outer Ring Road - Marathahalli,596,High,Clear,Green
2024-10-20 12:00:00,SYNTHETIC: Airport Road - Hebbal,617,High,Clear,Red
2024-10-20 12:00:00,SYNTHETIC: Bannerghatta Road - Dairy Circle,671,High,Clear,Yellow
2024-10-20 12:00:00,SYNTHETIC: Whitefield Road - KR Puram,683,High,Clear,Yellow
2024-10-20 12:00:00,SYNTHETIC: Hosur Road - Electronic City,790,High,Clear,Green
2024-10-20 16:00:00,SYNTHETIC: Silk Board - Junction 1,579,High,Clear,Green
2024-10-20 16:00:00,SYNTHETIC: Outer Ring Road - Marathahalli,595,High,Clear,Green
2024-10-20 16:00:00,SYNTHETIC: Airport Road - Hebbal,699,High,Clear,Green
2024-10-20 16:00:00,SYNTHETIC: Bannerghatta Road - Dairy Circle,696,High,Clear,Yellow
2024-10-20 16:00:00,SYNTHETIC: Whitefield Road - KR Puram,667,Moderate,Clear,Green
2024-10-20 16:00:00,SYNTHETIC: Hosur Road - Electronic City,738,High,Clear,Red
2024-10-20 20:00:00,SYNTHETIC: Silk Board - Junction 1,510,Moderate,Clear,Green
2024-10-20 20:00:00,SYNTHETIC: Outer Ring Road - Marathahalli,638,High,Clear,Yellow
2024-10-20 20:00:00,SYNTHETIC: Airport Road - Hebbal,682,High,Clear,Green
2024-10-20 20:00:00,SYNTHETIC: Bannerghatta Road - Dairy Circle,732,High,Clear,Green
2024-10-20 20:00:00,SYNTHETIC: Whitefield Road - KR Puram,699,High,Clear,Green
2024-10-20 20:00:00,SYNTHETIC: Hosur Road - Electronic City,726,High,Clear,Green
2024-10-21 00:00:00,SYNTHETIC: Silk Board - Junction 1,286,Low,Cloudy,Yellow
2024-10-21 00:00:00,SYNTHETIC: Outer Ring Road - Marathahalli,194,Low,Cloudy,Red
2024-10-21 00:00:00,SYNTHETIC: Airport Road - Hebbal,264,Low,Cloudy,Green
2024-10-21 00:00:00,SYNTHETIC: Bannerghatta Road - Dairy Circle,300,Low,Cloudy,Red
2024-10-21 00:00:00,SYNTHETIC: Whitefield Road - KR Puram,299,Low,Cloudy,Red
2024-10-21 00:00:00,SYNTHETIC: Hosur Road - Electronic City,426,Low,Cloudy,Yellow
2024-10-21 04:00:00,SYNTHETIC: Silk Board - Junction 1,197,Low,Cloudy,Red
2024-10-21 04:00:00,SYNTHETIC: Outer Ring Road - Marathahalli,259,Low,Cloudy,Red
2024-10-21 04:00:00,SYNTHETIC: Airport Road - Hebbal,222,Low,Cloudy,Green
2024-10-21 04:00:00,SYNTHETIC: Bannerghatta Road - Dairy Circle,282,Low,Cloudy,Red
2024-10-21 04:00:00,SYNTHETIC: Whitefield Road - KR Puram,375,Low,Cloudy,Green
2024-10-21 04:00:00,SYNTHETIC: Hosur Road - Electronic City,464,Moderate,Cloudy,Green
2024-10-21 08:00:00,SYNTHETIC: Silk Board - Junction 1,384,Moderate,Cloudy,Red
2024-10-21 08:00:00,SYNTHETIC: Outer Ring Road - Marathahalli,504,Moderate,Cloudy,Green
2024-10-21 08:00:00,SYNTHETIC: Airport Road - Hebbal,448,Moderate,Cloudy,Green
2024-10-21 08:00:00,SYNTHETIC: Bannerghatta Road - Dairy Circle,572,Moderate,Cloudy,Green
2024-10-21 08:00:00,SYNTHETIC: Whitefield Road - KR Puram,537,Moderate,Cloudy,Green
2024-10-21 08:00:00,SYNTHETIC: Hosur Road - Electronic City,611,Moderate,Cloudy,Yellow
2024-10-21 12:00:00,SYNTHETIC: Silk Board - Junction 1,399,Moderate,Cloudy,Green
2024-10-21 12:00:00,SYNTHETIC: Outer Ring Road - Marathahalli,488,Moderate,Cloudy,Yellow
2024-10-21 12:00:00,SYNTHETIC: Airport Road - Hebbal,551,Moderate,Cloudy,Green
2024-10-21 12:00:00,SYNTHETIC: Bannerghatta Road - Dairy Circle,557,Moderate,Cloudy,Yellow
2024-10-21 12:00:00,SYNTHETIC: Whitefield Road - KR Puram,537,Moderate,Cloudy,Red
2024-10-21 12:00:00,SYNTHETIC: Hosur Road - Electronic City,647,Moderate,Cloudy,Green
2024-10-21 16:00:00,SYNTHETIC: Silk Board - Junction 1,413,Moderate,Cloudy,Green
2024-10-21 16:00:00,SYNTHETIC: Outer Ring Road - Marathahalli,483,Moderate,Cloudy,Green
2024-10-21 16:00:00,SYNTHETIC: Airport Road - Hebbal,488,Moderate,Cloudy,Red
2024-10-21 16:00:00,SYNTHETIC: Bannerghatta Road - Dairy Circle,532,Moderate,Cloudy,Green
2024-10-21 16:00:00,SYNTHETIC: Whitefield Road - KR Puram,492,Moderate,Cloudy,Green
2024-10-21 16:00:00,SYNTHETIC: Hosur Road - Electronic City,617,Moderate,Cloudy,Yellow
2024-10-21 20:00:00,SYNTHETIC: Silk Board - Junction 1,365,Moderate,Cloudy,Yellow
2024-10-21 20:00:00,SYNTHETIC: Outer Ring Road - Marathahalli,504,Moderate,Cloudy,Green
2024-10-21 20:00:00,SYNTHETIC: Airport Road - Hebbal,523,Moderate,Cloudy,Yellow
2024-10-21 20:00:00,SYNTHETIC: Bannerghatta Road - Dairy Circle,534,Moderate,Cloudy,Yellow
2024-10-21 20:00:00,SYNTHETIC: Whitefield Road - KR Puram,565,Moderate,Cloudy,Green
2024-10-21 20:00:00,SYNTHETIC: Hosur Road - Electronic City,581,Moderate,Cloudy,Green
2024-10-22 00:00:00,SYNTHETIC: Silk Board - Junction 1,192,Low,Cloudy,Green
2024-10-22 00:00:00,SYNTHETIC: Outer Ring Road - Marathahalli,318,Low,Cloudy,Green
2024-10-22 00:00:00,SYNTHETIC: Airport Road - Hebbal,272,Low,Cloudy,Yellow
2024-10-22 00:00:00,SYNTHETIC: Bannerghatta Road - Dairy Circle,380,Low,Cloudy,Green
2024-10-22 00:00:00,SYNTHETIC: Whitefield Road - KR Puram,420,Low,Cloudy,Green
2024-10-22 00:00:00,SYNTHETIC: Hosur Road - Electronic City,339,Low,Cloudy,Green
2024-10-22 04:00:00,SYNTHETIC: Silk Board - Junction 1,281,Low,Cloudy,Green
2024-10-22 04:00:00,SYNTHETIC: Outer Ring Road - Marathahalli,199,Low,Cloudy,Green
2024-10-22 04:00:00,SYNTHETIC: Airport Road - Hebbal,298,Low,Cloudy,Yellow
2024-10-22 04:00:00,SYNTHETIC: Bannerghatta Road - Dairy Circle,356,Low,Cloudy,Green
2024-10-22 04:00:00,SYNTHETIC: Whitefield Road - KR Puram,290,Low,Cloudy,Yellow
2024-10-22 04:00:00,SYNTHETIC: Hosur Road - Electronic City,343,Low,Cloudy,Green
2024-10-22 08:00:00,SYNTHETIC: Silk Board - Junction 1,438,Moderate,Cloudy,Yellow
2024-10-22 08:00:00,SYNTHETIC: Outer Ring Road - Marathahalli,523,Moderate,Cloudy,Red
2024-10-22 08:00:00,SYNTHETIC: Airport Road - Hebbal,437,Moderate,Cloudy,Red
2024-10-22 08:00:00,SYNTHETIC: Bannerghatta Road - Dairy Circle,575,Moderate,Cloudy,Green
2024-10-22 08:00:00,SYNTHETIC: Whitefield Road - KR Puram,594,Moderate,Cloudy,Green
2024-10-22 08:00:00,SYNTHETIC: Hosur Road - Electronic City,559,Moderate,Cloudy,Yellow
2024-10-22 12:00:00,SYNTHETIC: Silk Board - Junction 1,457,Moderate,Cloudy,Green
2024-10-22 12:00:00,SYNTHETIC: Outer Ring Road - Marathahalli,482,Moderate,Cloudy,Green
2024-10-22 12:00:00,SYNTHETIC: Airport Road - Hebbal,516,Moderate,Cloudy,Green
2024-10-22 12:00:00,SYNTHETIC: Bannerghatta Road - Dairy Circle,593,Moderate,Cloudy,Green
2024-10-22 12:00:00,SYNTHETIC: Whitefield Road - KR Puram,579,Moderate,Cloudy,Green
2024-10-22 12:00:00,SYNTHETIC: Hosur Road - Electronic City,662,Moderate,Cloudy,Green
2024-10-22 16:00:00,SYNTHETIC: Silk Board - Junction 1,382,Moderate,Cloudy,Yellow
2024-10-22 16:00:00,SYNTHETIC: Outer Ring Road - Marathahalli,442,Moderate,Cloudy,Yellow
2024-10-22 16:00:00,SYNTHETIC: Airport Road - Hebbal,425,Moderate,Cloudy,Red
2024-10-22 16:00:00,SYNTHETIC: Bannerghatta Road - Dairy Circle,573,Moderate,Cloudy,Yellow
2024-10-22 16:00:00,SYNTHETIC: Whitefield Road - KR Puram,629,Moderate,Cloudy,Green
2024-10-22 16:00:00,SYNTHETIC: Hosur Road - Electronic City,622,Moderate,Cloudy,Yellow
2024-10-22 20:00:00,SYNTHETIC: Silk Board - Junction 1,413,Moderate,Cloudy,Green
2024-10-22 20:00:00,SYNTHETIC: Outer Ring Road - Marathahalli,424,Moderate,Cloudy,Green
2024-10-22 20:00:00,SYNTHETIC: Airport Road - Hebbal,448,Moderate,Cloudy,Green
2024-10-22 20:00:00,SYNTHETIC: Bannerghatta Road - Dairy Circle,562,Moderate,Cloudy,Green
2024-10-22 20:00:00,SYNTHETIC: Whitefield Road - KR Puram,494,Moderate,Cloudy,Green
2024-10-22 20:00:00,SYNTHETIC: Hosur Road - Electronic City,542,Moderate,Cloudy,Green
2024-10-23 00:00:00,SYNTHETIC: Silk Board - Junction 1,406,Moderate,Heavy Rain,Green
2024-10-23 00:00:00,SYNTHETIC: Outer Ring Road - Marathahalli,409,Moderate,Heavy Rain,Green
2024-10-23 00:00:00,SYNTHETIC: Airport Road - Hebbal,509,Moderate,Heavy Rain,Green
2024-10-23 00:00:00,SYNTHETIC: Bannerghatta Road - Dairy Circle,447,Moderate,Heavy Rain,Red
2024-10-23 00:00:00,SYNTHETIC: Whitefield Road - KR Puram,567,Moderate,Heavy Rain,Yellow
2024-10-23 00:00:00,SYNTHETIC: Hosur Road - Electronic City,586,Moderate,Heavy Rain,Yellow
2024-10-23 04:00:00,SYNTHETIC: Silk Board - Junction 1,434,Moderate,Heavy Rain,Green
2024-10-23 04:00:00,SYNTHETIC: Outer Ring Road - Marathahalli,461,Moderate,Heavy Rain,Green
2024-10-23 04:00:00,SYNTHETIC: Airport Road - Hebbal,537,Moderate,Heavy Rain,Green
2024-10-23 04:00:00,SYNTHETIC: Bannerghatta Road - Dairy Circle,492,Moderate,Heavy Rain,Green
2024-10-23 04:00:00,SYNTHETIC: Whitefield Road - KR Puram,506,Moderate,Heavy Rain,Yellow
2024-10-23 04:00:00,SYNTHETIC: Hosur Road - Electronic City,519,Moderate,Heavy Rain,Green
2024-10-23 08:00:00,SYNTHETIC: Silk Board - Junction 1,636,High,Heavy Rain,Green
2024-10-23 08:00:00,SYNTHETIC: Outer Ring Road - Marathahalli,599,High,Heavy Rain,Green
2024-10-23 08:00:00,SYNTHETIC: Airport Road - Hebbal,665,High,Heavy Rain,Green
2024-10-23 08:00:00,SYNTHETIC: Bannerghatta Road - Dairy Circle,655,High,Heavy Rain,Red
2024-10-23 08:00:00,SYNTHETIC: Whitefield Road - KR Puram,764,High,Heavy Rain,Green
2024-10-23 08:00:00,SYNTHETIC: Hosur Road - Electronic City,753,High,Heavy Rain,Green
2024-10-23 12:00:00,SYNTHETIC: Silk Board - Junction 1,626,High,Heavy Rain,Yellow
2024-10-23 12:00:00,SYNTHETIC: Outer Ring Road - Marathahalli,575,Moderate,Heavy Rain,Red
2024-10-23 12:00:00,SYNTHETIC: Airport Road - Hebbal,648,High,Heavy Rain,Yellow
2024-10-23 12:00:00,SYNTHETIC: Bannerghatta Road - Dairy Circle,690,High,Heavy Rain,Green
2024-10-23 12:00:00,SYNTHETIC: Whitefield Road - KR Puram,755,High,Heavy Rain,Green
2024-10-23 12:00:00,SYNTHETIC: Hosur Road - Electronic City,708,High,Heavy Rain,Green
2024-10-23 16:00:00,SYNTHETIC: Silk Board - Junction 1,578,High,Heavy Rain,Red
2024-10-23 16:00:00,SYNTHETIC: Outer Ring Road - Marathahalli,595,High,Heavy Rain,Yellow
2024-10-23 16:00:00,SYNTHETIC: Airport Road - Hebbal,722,High,Heavy Rain,Red
2024-10-23 16:00:00,SYNTHETIC: Bannerghatta Road - Dairy Circle,687,High,Heavy Rain,Green
2024-10-23 16:00:00,SYNTHETIC: Whitefield Road - KR Puram,731,High,Heavy Rain,Green
2024-10-23 16:00:00,SYNTHETIC: Hosur Road - Electronic City,777,High,Heavy Rain,Green
2024-10-23 20:00:00,SYNTHETIC: Silk Board - Junction 1,666,High,Heavy Rain,Green
2024-10-23 20:00:00,SYNTHETIC: Outer Ring Road - Marathahalli,643,High,Heavy Rain,Green
2024-10-23 20:00:00,SYNTHETIC: Airport Road - Hebbal,731,High,Heavy Rain,Red
2024-10-23 20:00:00,SYNTHETIC: Bannerghatta Road - Dairy Circle,754,High,Heavy Rain,Green
2024-10-23 20:00:00,SYNTHETIC: Whitefield Road - KR Puram,790,High,Heavy Rain,Yellow
2024-10-23 20:00:00,SYNTHETIC: Hosur Road - Electronic City,786,High,Heavy Rain,Red
2024-10-24 00:00:00,SYNTHETIC: Silk Board - Junction 1,447,Moderate,Heavy Rain,Green
2024-10-24 00:00:00,SYNTHETIC: Outer Ring Road - Marathahalli,455,Moderate,Heavy Rain,Green
2024-10-24 00:00:00,SYNTHETIC: Airport Road - Hebbal,539,Moderate,Heavy Rain,Green
2024-10-24 00:00:00,SYNTHETIC: Bannerghatta Road - Dairy Circle,573,Moderate,Heavy Rain,Red
2024-10-24 00:00:00,SYNTHETIC: Whitefield Road - KR Puram,485,Moderate,Heavy Rain,Green
2024-10-24 00:00:00,SYNTHETIC: Hosur Road - Electronic City,524,Moderate,Heavy Rain,Red
2024-10-24 04:00:00,SYNTHETIC: Silk Board - Junction 1,342,Low,Heavy Rain,Yellow
2024-10-24 04:00:00,SYNTHETIC: Outer Ring Road - Marathahalli,470,Moderate,Heavy Rain,Green
2024-10-24 04:00:00,SYNTHETIC: Airport Road - Hebbal,459,Moderate,Heavy Rain,Green
2024-10-24 04:00:00,SYNTHETIC: Bannerghatta Road - Dairy Circle,473,Moderate,Heavy Rain,Green
2024-10-24 04:00:00,SYNTHETIC: Whitefield Road - KR Puram,599,Moderate,Heavy Rain,Green
2024-10-24 04:00:00,SYNTHETIC: Hosur Road - Electronic City,520,Moderate,Heavy Rain,Green
2024-10-24 08:00:00,SYNTHETIC: Silk Board - Junction 1,653,High,Heavy Rain,Yellow
2024-10-24 08:00:00,SYNTHETIC: Outer Ring Road - Marathahalli,569,Moderate,Heavy Rain,Green
2024-10-24 08:00:00,SYNTHETIC: Airport Road - Hebbal,705,High,Heavy Rain,Green
2024-10-24 08:00:00,SYNTHETIC: Bannerghatta Road - Dairy Circle,770,High,Heavy Rain,Yellow
2024-10-24 08:00:00,SYNTHETIC: Whitefield Road - KR Puram,807,High,Heavy Rain,Red
2024-10-24 08:00:00,SYNTHETIC: Hosur Road - Electronic City,709,High,Heavy Rain,Green
2024-10-24 12:00:00,SYNTHETIC: Silk Board - Junction 1,640,High,Heavy Rain,Yellow
2024-10-24 12:00:00,SYNTHETIC: Outer Ring Road - Marathahalli,610,High,Heavy Rain,Green
2024-10-24 12:00:00,SYNTHETIC: Airport Road - Hebbal,624,High,Heavy Rain,Green
2024-10-24 12:00:00,SYNTHETIC: Bannerghatta Road - Dairy Circle,696,High,Heavy Rain,Green
2024-10-24 12:00:00,SYNTHETIC: Whitefield Road - KR Puram,804,High,Heavy Rain,Green
2024-10-24 12:00:00,SYNTHETIC: Hosur Road - Electronic City,795,High,Heavy Rain,Green
2024-10-24 16:00:00,SYNTHETIC: Silk Board - Junction 1,631,High,Heavy Rain,Green
2024-10-24 16:00:00,SYNTHETIC: Outer Ring Road - Marathahalli,668,High,Heavy Rain,Green
2024-10-24 16:00:00,SYNTHETIC: Airport Road - Hebbal,662,High,Heavy Rain,Red
2024-10-24 16:00:00,SYNTHETIC: Bannerghatta Road - Dairy Circle,692,High,Heavy Rain,Green
2024-10-24 16:00:00,SYNTHETIC: Whitefield Road - KR Puram,690,High,Heavy Rain,Yellow
2024-10-24 16:00:00,SYNTHETIC: Hosur Road - Electronic City,713,High,Heavy Rain,Green
2024-10-24 20:00:00,SYNTHETIC: Silk Board - Junction 1,627,High,Heavy Rain,Green
2024-10-24 20:00:00,SYNTHETIC: Outer Ring Road - Marathahalli,686,High,Heavy Rain,Green
2024-10-24 20:00:00,SYNTHETIC: Airport Road - Hebbal,602,Moderate,Heavy Rain,Yellow
2024-10-24 20:00:00,SYNTHETIC: Bannerghatta Road - Dairy Circle,656,High,Heavy Rain,Green
2024-10-24 20:00:00,SYNTHETIC: Whitefield Road - KR Puram,781,High,Heavy Rain,Green
2024-10-24 20:00:00,SYNTHETIC: Hosur Road - Electronic City,789,High,Heavy Rain,Green
2024-10-25 00:00:00,SYNTHETIC: Silk Board - Junction 1,428,Moderate,Light Rain,Yellow
2024-10-25 00:00:00,SYNTHETIC: Outer Ring Road - Marathahalli,400,Moderate,Light Rain,Yellow
2024-10-25 00:00:00,SYNTHETIC: Airport Road - Hebbal,420,Moderate,Light Rain,Green
2024-10-25 00:00:00,SYNTHETIC: Bannerghatta Road - Dairy Circle,523,Moderate,Light Rain,Green
2024-10-25 00:00:00,SYNTHETIC: Whitefield Road - KR Puram,581,Moderate,Light Rain,Green
2024-10-25 00:00:00,SYNTHETIC: Hosur Road - Electronic City,524,Moderate,Light Rain,Green
2024-10-25 04:00:00,SYNTHETIC: Silk Board - Junction 1,431,Moderate,Light Rain,Red
2024-10-25 04:00:00,SYNTHETIC: Outer Ring Road - Marathahalli,448,Moderate,Light Rain,Green
2024-10-25 04:00:00,SYNTHETIC: Airport Road - Hebbal,469,Moderate,Light Rain,Yellow
2024-10-25 04:00:00,SYNTHETIC: Bannerghatta Road - Dairy Circle,550,Moderate,Light Rain,Green
2024-10-25 04:00:00,SYNTHETIC: Whitefield Road - KR Puram,561,Moderate,Light Rain,Green
2024-10-25 04:00:00,SYNTHETIC: Hosur Road - Electronic City,601,Moderate,Light Rain,Green
2024-10-25 08:00:00,SYNTHETIC: Silk Board - Junction 1,627,High,Light Rain,Green
2024-10-25 08:00:00,SYNTHETIC: Outer Ring Road - Marathahalli,640,High,Light Rain,Yellow
2024-10-25 08:00:00,SYNTHETIC: Airport Road - Hebbal,618,High,Light Rain,Green
2024-10-25 08:00:00,SYNTHETIC: Bannerghatta Road - Dairy Circle,674,High,Light Rain,Green
2024-10-25 08:00:00,SYNTHETIC: Whitefield Road - KR Puram,709,High,Light Rain,Yellow
2024-10-25 08:00:00,SYNTHETIC: Hosur Road - Electronic City,786,High,Light Rain,Green
2024-10-25 12:00:00,SYNTHETIC: Silk Board - Junction 1,553,Moderate,Light Rain,Green
2024-10-25 12:00:00,SYNTHETIC: Outer Ring Road - Marathahalli,643,High,Light Rain,Green
2024-10-25 12:00:00,SYNTHETIC: Airport Road - Hebbal,669,High,Light Rain,Green
2024-10-25 12:00:00,SYNTHETIC: Bannerghatta Road - Dairy Circle,657,High,Light Rain,Green
2024-10-25 12:00:00,SYNTHETIC: Whitefield Road - KR Puram,784,High,Light Rain,Green
2024-10-25 12:00:00,SYNTHETIC: Hosur Road - Electronic City,836,High,Light Rain,Green
2024-10-25 16:00:00,SYNTHETIC: Silk Board - Junction 1,536,Moderate,Light Rain,Green
2024-10-25 16:00:00,SYNTHETIC: Outer Ring Road - Marathahalli,588,High,Light Rain,Green
2024-10-25 16:00:00,SYNTHETIC: Airport Road - Hebbal,683,High,Light Rain,Red
2024-10-25 16:00:00,SYNTHETIC: Bannerghatta Road - Dairy Circle,638,Moderate,Light Rain,Green
2024-10-25 16:00:00,SYNTHETIC: Whitefield Road - KR Puram,769,High,Light Rain,Yellow
2024-10-25 16:00:00,SYNTHETIC: Hosur Road - Electronic City,767,High,Light Rain,Green
2024-10-25 20:00:00,SYNTHETIC: Silk Board - Junction 1,573,High,Light Rain,Yellow
2024-10-25 20:00:00,SYNTHETIC: Outer Ring Road - Marathahalli,608,High,Light Rain,Green
2024-10-25 20:00:00,SYNTHETIC: Airport Road - Hebbal,677,High,Light Rain,Green
2024-10-25 20:00:00,SYNTHETIC: Bannerghatta Road - Dairy Circle,672,High,Light Rain,Green
2024-10-25 20:00:00,SYNTHETIC: Whitefield Road - KR Puram,781,High,Light Rain,Green
2024-10-25 20:00:00,SYNTHETIC: Hosur Road - Electronic City,781,High,Light Rain,Green
2024-10-26 00:00:00,SYNTHETIC: Silk Board - Junction 1,391,Moderate,Cloudy,Red
2024-10-26 00:00:00,SYNTHETIC: Outer Ring Road - Marathahalli,399,Moderate,Cloudy,Yellow
2024-10-26 00:00:00,SYNTHETIC: Airport Road - Hebbal,485,Moderate,Cloudy,Red
2024-10-26 00:00:00,SYNTHETIC: Bannerghatta Road - Dairy Circle,457,Moderate,Cloudy,Green
2024-10-26 00:00:00,SYNTHETIC: Whitefield Road - KR Puram,501,Moderate,Cloudy,Yellow
2024-10-26 00:00:00,SYNTHETIC: Hosur Road - Electronic City,565,Moderate,Cloudy,Green
2024-10-26 04:00:00,SYNTHETIC: Silk Board - Junction 1,341,Low,Cloudy,Green
2024-10-26 04:00:00,SYNTHETIC: Outer Ring Road - Marathahalli,464,Moderate,Cloudy,Green
2024-10-26 04:00:00,SYNTHETIC: Airport Road - Hebbal,500,Moderate,Cloudy,Green
2024-10-26 04:00:00,SYNTHETIC: Bannerghatta Road - Dairy Circle,513,Moderate,Cloudy,Red
2024-10-26 04:00:00,SYNTHETIC: Whitefield Road - KR Puram,483,Moderate,Cloudy,Green
2024-10-26 04:00:00,SYNTHETIC: Hosur Road - Electronic City,539,Moderate,Cloudy,Yellow
2024-10-26 08:00:00,SYNTHETIC: Silk Board - Junction 1,507,Moderate,Cloudy,Yellow
2024-10-26 08:00:00,SYNTHETIC: Outer Ring Road - Marathahalli,629,High,Cloudy,Yellow
2024-10-26 08:00:00,SYNTHETIC: Airport Road - Hebbal,595,Moderate,Cloudy,Green
2024-10-26 08:00:00,SYNTHETIC: Bannerghatta Road - Dairy Circle,656,High,Cloudy,Green
2024-10-26 08:00:00,SYNTHETIC: Whitefield Road - KR Puram,669,Moderate,Cloudy,Yellow
2024-10-26 08:00:00,SYNTHETIC: Hosur Road - Electronic City,761,High,Cloudy,Green
2024-10-26 12:00:00,SYNTHETIC: Silk Board - Junction 1,612,High,Cloudy,Green
2024-10-26 12:00:00,SYNTHETIC: Outer Ring Road - Marathahalli,661,High,Cloudy,Green
2024-10-26 12:00:00,SYNTHETIC: Airport Road - Hebbal,667,High,Cloudy,Green
2024-10-26 12:00:00,SYNTHETIC: Bannerghatta Road - Dairy Circle,687,High,Cloudy,Yellow
2024-10-26 12:00:00,SYNTHETIC: Whitefield Road - KR Puram,767,High,Cloudy,Green
2024-10-26 12:00:00,SYNTHETIC: Hosur Road - Electronic City,686,Moderate,Cloudy,Green
2024-10-26 16:00:00,SYNTHETIC: Silk Board - Junction 1,553,Moderate,Cloudy,Yellow
2024-10-26 16:00:00,SYNTHETIC: Outer Ring Road - Marathahalli,615,High,Cloudy,Green
2024-10-26 16:00:00,SYNTHETIC: Airport Road - Hebbal,571,Moderate,Cloudy,Green
2024-10-26 16:00:00,SYNTHETIC: Bannerghatta Road - Dairy Circle,697,High,Cloudy,Red
2024-10-26 16:00:00,SYNTHETIC: Whitefield Road - KR Puram,714,High,Cloudy,Red
2024-10-26 16:00:00,SYNTHETIC: Hosur Road - Electronic City,775,High,Cloudy,Green
2024-10-26 20:00:00,SYNTHETIC: Silk Board - Junction 1,515,Moderate,Cloudy,Green
2024-10-26 20:00:00,SYNTHETIC: Outer Ring Road - Marathahalli,655,High,Cloudy,Yellow
2024-10-26 20:00:00,SYNTHETIC: Airport Road - Hebbal,616,High,Cloudy,Green
2024-10-26 20:00:00,SYNTHETIC: Bannerghatta Road - Dairy Circle,695,High,Cloudy,Green
2024-10-26 20:00:00,SYNTHETIC: Whitefield Road - KR Puram,758,High,Cloudy,Green
2024-10-26 20:00:00,SYNTHETIC: Hosur Road - Electronic City,671,Moderate,Cloudy,Green
2024-10-27 00:00:00,SYNTHETIC: Silk Board - Junction 1,422,Moderate,Cloudy,Green
2024-10-27 00:00:00,SYNTHETIC: Outer Ring Road - Marathahalli,365,Low,Cloudy,Green
2024-10-27 00:00:00,SYNTHETIC: Airport Road - Hebbal,469,Moderate,Cloudy,Red
2024-10-27 00:00:00,SYNTHETIC: Bannerghatta Road - Dairy Circle,454,Moderate,Cloudy,Yellow
2024-10-27 00:00:00,SYNTHETIC: Whitefield Road - KR Puram,477,Moderate,Cloudy,Green
2024-10-27 00:00:00,SYNTHETIC: Hosur Road - Electronic City,575,Moderate,Cloudy,Green
2024-10-27 04:00:00,SYNTHETIC: Silk Board - Junction 1,340,Low,Cloudy,Green
2024-10-27 04:00:00,SYNTHETIC: Outer Ring Road - Marathahalli,434,Moderate,Cloudy,Green
2024-10-27 04:00:00,SYNTHETIC: Airport Road - Hebbal,414,Moderate,Cloudy,Green
2024-10-27 04:00:00,SYNTHETIC: Bannerghatta Road - Dairy Circle,411,Low,Cloudy,Green
2024-10-27 04:00:00,SYNTHETIC: Whitefield Road - KR Puram,567,Moderate,Cloudy,Green
2024-10-27 04:00:00,SYNTHETIC: Hosur Road - Electronic City,548,Moderate,Cloudy,Green
2024-10-27 08:00:00,SYNTHETIC: Silk Board - Junction 1,519,Moderate,Cloudy,Green
2024-10-27 08:00:00,SYNTHETIC: Outer Ring Road - Marathahalli,650,High,Cloudy,Green
2024-10-27 08:00:00,SYNTHETIC: Airport Road - Hebbal,640,High,Cloudy,Green
2024-10-27 08:00:00,SYNTHETIC: Bannerghatta Road - Dairy Circle,695,High,Cloudy,Green
2024-10-27 08:00:00,SYNTHETIC: Whitefield Road - KR Puram,719,High,Cloudy,Green
2024-10-27 08:00:00,SYNTHETIC: Hosur Road - Electronic City,782,High,Cloudy,Green
2024-10-27 12:00:00,SYNTHETIC: Silk Board - Junction 1,566,High,Cloudy,Red
2024-10-27 12:00:00,SYNTHETIC: Outer Ring Road - Marathahalli,546,Moderate,Cloudy,Yellow
2024-10-27 12:00:00,SYNTHETIC: Airport Road - Hebbal,640,High,Cloudy,Green
2024-10-27 12:00:00,SYNTHETIC: Bannerghatta Road - Dairy Circle,673,High,Cloudy,Green
2024-10-27 12:00:00,SYNTHETIC: Whitefield Road - KR Puram,725,High,Cloudy,Yellow
2024-10-27 12:00:00,SYNTHETIC: Hosur Road - Electronic City,795,High,Cloudy,Green
2024-10-27 16:00:00,SYNTHETIC: Silk Board - Junction 1,525,Moderate,Cloudy,Green
2024-10-27 16:00:00,SYNTHETIC: Outer Ring Road - Marathahalli,633,High,Cloudy,Green
2024-10-27 16:00:00,SYNTHETIC: Airport Road - Hebbal,697,High,Cloudy,Yellow
2024-10-27 16:00:00,SYNTHETIC: Bannerghatta Road - Dairy Circle,639,Moderate,Cloudy,Green
2024-10-27 16:00:00,SYNTHETIC: Whitefield Road - KR Puram,755,High,Cloudy,Green
2024-10-27 16:00:00,SYNTHETIC: Hosur Road - Electronic City,712,High,Cloudy,Green
2024-10-27 20:00:00,SYNTHETIC: Silk Board - Junction 1,605,High,Cloudy,Green
2024-10-27 20:00:00,SYNTHETIC: Outer Ring Road - Marathahalli,616,High,Cloudy,Red
2024-10-27 20:00:00,SYNTHETIC: Airport Road - Hebbal,684,High,Cloudy,Green
2024-10-27 20:00:00,SYNTHETIC: Bannerghatta Road - Dairy Circle,693,High,Cloudy,Red
2024-10-27 20:00:00,SYNTHETIC: Whitefield Road - KR Puram,759,High,Cloudy,Yellow
2024-10-27 20:00:00,SYNTHETIC: Hosur Road - Electronic City,769,High,Cloudy,Yellow
2024-10-28 00:00:00,SYNTHETIC: Silk Board - Junction 1,469,Moderate,Heavy Rain,Green
2024-10-28 00:00:00,SYNTHETIC: Outer Ring Road - Marathahalli,473,Moderate,Heavy Rain,Green
2024-10-28 00:00:00,SYNTHETIC: Airport Road - Hebbal,463,Moderate,Heavy Rain,Green
2024-10-28 00:00:00,SYNTHETIC: Bannerghatta Road - Dairy Circle,443,Moderate,Heavy Rain,Green
2024-10-28 00:00:00,SYNTHETIC: Whitefield Road - KR Puram,559,Moderate,Heavy Rain,Red
2024-10-28 00:00:00,SYNTHETIC: Hosur Road - Electronic City,527,Moderate,Heavy Rain,Green
2024-10-28 04:00:00,SYNTHETIC: Silk Board - Junction 1,360,Moderate,Heavy Rain,Yellow
2024-10-28 04:00:00,SYNTHETIC: Outer Ring Road - Marathahalli,425,Moderate,Heavy Rain,Green
2024-10-28 04:00:00,SYNTHETIC: Airport Road - Hebbal,489,Moderate,Heavy Rain,Red
2024-10-28 04:00:00,SYNTHETIC: Bannerghatta Road - Dairy Circle,544,Moderate,Heavy Rain,Green
2024-10-28 04:00:00,SYNTHETIC: Whitefield Road - KR Puram,505,Moderate,Heavy Rain,Yellow
2024-10-28 04:00:00,SYNTHETIC: Hosur Road - Electronic City,557,Moderate,Heavy Rain,Yellow
2024-10-28 08:00:00,SYNTHETIC: Silk Board - Junction 1,619,High,Heavy Rain,Green
2024-10-28 08:00:00,SYNTHETIC: Outer Ring Road - Marathahalli,702,High,Heavy Rain,Green
2024-10-28 08:00:00,SYNTHETIC: Airport Road - Hebbal,674,High,Heavy Rain,Green
2024-10-28 08:00:00,SYNTHETIC: Bannerghatta Road - Dairy Circle,703,High,Heavy Rain,Red
2024-10-28 08:00:00,SYNTHETIC: Whitefield Road - KR Puram,801,High,Heavy Rain,Red
2024-10-28 08:00:00,SYNTHETIC: Hosur Road - Electronic City,729,High,Heavy Rain,Green
2024-10-28 12:00:00,SYNTHETIC: Silk Board - Junction 1,635,High,Heavy Rain,Red
2024-10-28 12:00:00,SYNTHETIC: Outer Ring Road - Marathahalli,635,High,Heavy Rain,Red
2024-10-28 12:00:00,SYNTHETIC: Airport Road - Hebbal,632,High,Heavy Rain,Yellow
2024-10-28 12:00:00,SYNTHETIC: Bannerghatta Road - Dairy Circle,668,High,Heavy Rain,Green
2024-10-28 12:00:00,SYNTHETIC: Whitefield Road - KR Puram,752,High,Heavy Rain,Yellow
2024-10-28 12:00:00,SYNTHETIC: Hosur Road - Electronic City,805,High,Heavy Rain,Green
2024-10-28 16:00:00,SYNTHETIC: Silk Board - Junction 1,598,High,Heavy Rain,Green
2024-10-28 16:00:00,SYNTHETIC: Outer Ring Road - Marathahalli,661,High,Heavy Rain,Green
2024-10-28 16:00:00,SYNTHETIC: Airport Road - Hebbal,623,High,Heavy Rain,Green
2024-10-28 16:00:00,SYNTHETIC: Bannerghatta Road - Dairy Circle,706,High,Heavy Rain,Yellow
2024-10-28 16:00:00,SYNTHETIC: Whitefield Road - KR Puram,764,High,Heavy Rain,Green
2024-10-28 16:00:00,SYNTHETIC: Hosur Road - Electronic City,829,High,Heavy Rain,Green
2024-10-28 20:00:00,SYNTHETIC: Silk Board - Junction 1,530,Moderate,Heavy Rain,Red
2024-10-28 20:00:00,SYNTHETIC: Outer Ring Road - Marathahalli,588,High,Heavy Rain,Yellow
2024-10-28 20:00:00,SYNTHETIC: Airport Road - Hebbal,717,High,Heavy Rain,Green
2024-10-28 20:00:00,SYNTHETIC: Bannerghatta Road - Dairy Circle,726,High,Heavy Rain,Red
2024-10-28 20:00:00,SYNTHETIC: Whitefield Road - KR Puram,806,High,Heavy Rain,Green
2024-10-28 20:00:00,SYNTHETIC: Hosur Road - Electronic City,814,High,Heavy Rain,Yellow
2024-10-29 00:00:00,SYNTHETIC: Silk Board - Junction 1,394,Moderate,Light Rain,Green
2024-10-29 00:00:00,SYNTHETIC: Outer Ring Road - Marathahalli,407,Moderate,Light Rain,Green
2024-10-29 00:00:00,SYNTHETIC: Airport Road - Hebbal,478,Moderate,Light Rain,Yellow
2024-10-29 00:00:00,SYNTHETIC: Bannerghatta Road - Dairy Circle,494,Moderate,Light Rain,Green
2024-10-29 00:00:00,SYNTHETIC: Whitefield Road - KR Puram,493,Moderate,Light Rain,Yellow
2024-10-29 00:00:00,SYNTHETIC: Hosur Road - Electronic City,505,Moderate,Light Rain,Green
2024-10-29 04:00:00,SYNTHETIC: Silk Board - Junction 1,349,Low,Light Rain,Green
2024-10-29 04:00:00,SYNTHETIC: Outer Ring Road - Marathahalli,422,Moderate,Light Rain,Green
2024-10-29 04:00:00,SYNTHETIC: Airport Road - Hebbal,513,Moderate,Light Rain,Green
2024-10-29 04:00:00,SYNTHETIC: Bannerghatta Road - Dairy Circle,522,Moderate,Light Rain,Yellow
2024-10-29 04:00:00,SYNTHETIC: Whitefield Road - KR Puram,578,Moderate,Light Rain,Yellow
2024-10-29 04:00:00,SYNTHETIC: Hosur Road - Electronic City,627,Moderate,Light Rain,Green
2024-10-29 08:00:00,SYNTHETIC: Silk Board - Junction 1,628,High,Light Rain,Green
2024-10-29 08:00:00,SYNTHETIC: Outer Ring Road - Marathahalli,591,High,Light Rain,Green
2024-10-29 08:00:00,SYNTHETIC: Airport Road - Hebbal,694,High,Light Rain,Red
2024-10-29 08:00:00,SYNTHETIC: Bannerghatta Road - Dairy Circle,670,High,Light Rain,Green
2024-10-29 08:00:00,SYNTHETIC: Whitefield Road - KR Puram,704,High,Light Rain,Green
2024-10-29 08:00:00,SYNTHETIC: Hosur Road - Electronic City,741,High,Light Rain,Green
2024-10-29 12:00:00,SYNTHETIC: Silk Board - Junction 1,532,Moderate,Light Rain,Green
2024-10-29 12:00:00,SYNTHETIC: Outer Ring Road - Marathahalli,607,High,Light Rain,Green
2024-10-29 12:00:00,SYNTHETIC: Airport Road - Hebbal,654,High,Light Rain,Green
2024-10-29 12:00:00,SYNTHETIC: Bannerghatta Road - Dairy Circle,673,High,Light Rain,Red
2024-10-29 12:00:00,SYNTHETIC: Whitefield Road - KR Puram,783,High,Light Rain,Red
2024-10-29 12:00:00,SYNTHETIC: Hosur Road - Electronic City,727,High,Light Rain,Red
2024-10-29 16:00:00,SYNTHETIC: Silk Board - Junction 1,565,High,Light Rain,Yellow
2024-10-29 16:00:00,SYNTHETIC: Outer Ring Road - Marathahalli,663,High,Light Rain,Green
2024-10-29 16:00:00,SYNTHETIC: Airport Road - Hebbal,709,High,Light Rain,Green
2024-10-29 16:00:00,SYNTHETIC: Bannerghatta Road - Dairy Circle,670,High,Light Rain,Green
2024-10-29 16:00:00,SYNTHETIC: Whitefield Road - KR Puram,691,High,Light Rain,Green
2024-10-29 16:00:00,SYNTHETIC: Hosur Road - Electronic City,777,High,Light Rain,Yellow
2024-10-29 20:00:00,SYNTHETIC: Silk Board - Junction 1,536,Moderate,Light Rain,Yellow
2024-10-29 20:00:00,SYNTHETIC: Outer Ring Road - Marathahalli,642,High,Light Rain,Green
2024-10-29 20:00:00,SYNTHETIC: Airport Road - Hebbal,730,High,Light Rain,Green
2024-10-29 20:00:00,SYNTHETIC: Bannerghatta Road - Dairy Circle,735,High,Light Rain,Green
2024-10-29 20:00:00,SYNTHETIC: Whitefield Road - KR Puram,683,High,Light Rain,Yellow
2024-10-29 20:00:00,SYNTHETIC: Hosur Road - Electronic City,766,High,Light Rain,Green
2024-10-30 00:00:00,SYNTHETIC: Silk Board - Junction 1,458,Moderate,Light Rain,Yellow
2024-10-30 00:00:00,SYNTHETIC: Outer Ring Road - Marathahalli,473,Moderate,Light Rain,Yellow
2024-10-30 00:00:00,SYNTHETIC: Airport Road - Hebbal,421,Moderate,Light Rain,Green
2024-10-30 00:00:00,SYNTHETIC: Bannerghatta Road - Dairy Circle,572,Moderate,Light Rain,Green
2024-10-30 00:00:00,SYNTHETIC: Whitefield Road - KR Puram,541,Moderate,Light Rain,Green
2024-10-30 00:00:00,SYNTHETIC: Hosur Road - Electronic City,525,Moderate,Light Rain,Green
2024-10-30 04:00:00,SYNTHETIC: Silk Board - Junction 1,382,Moderate,Light Rain,Red
2024-10-30 04:00:00,SYNTHETIC: Outer Ring Road - Marathahalli,404,Moderate,Light Rain,Green
2024-10-30 04:00:00,SYNTHETIC: Airport Road - Hebbal,500,Moderate,Light Rain,Green
2024-10-30 04:00:00,SYNTHETIC: Bannerghatta Road - Dairy Circle,451,Moderate,Light Rain,Green
2024-10-30 04:00:00,SYNTHETIC: Whitefield Road - KR Puram,581,Moderate,Light Rain,Yellow
2024-10-30 04:00:00,SYNTHETIC: Hosur Road - Electronic City,566,Moderate,Light Rain,Green
2024-10-30 08:00:00,SYNTHETIC: Silk Board - Junction 1,552,Moderate,Light Rain,Red
2024-10-30 08:00:00,SYNTHETIC: Outer Ring Road - Marathahalli,594,High,Light Rain,Green
2024-10-30 08:00:00,SYNTHETIC: Airport Road - Hebbal,614,Moderate,Light Rain,Green
2024-10-30 08:00:00,SYNTHETIC: Bannerghatta Road - Dairy Circle,679,High,Light Rain,Green
2024-10-30 08:00:00,SYNTHETIC: Whitefield Road - KR Puram,705,High,Light Rain,Yellow
2024-10-30 08:00:00,SYNTHETIC: Hosur Road - Electronic City,746,High,Light Rain,Green
2024-10-30 12:00:00,SYNTHETIC: Silk Board - Junction 1,618,High,Light Rain,Green
2024-10-30 12:00:00,SYNTHETIC: Outer Ring Road - Marathahalli,631,High,Light Rain,Green
2024-10-30 12:00:00,SYNTHETIC: Airport Road - Hebbal,632,High,Light Rain,Yellow
2024-10-30 12:00:00,SYNTHETIC: Bannerghatta Road - Dairy Circle,703,High,Light Rain,Yellow
2024-10-30 12:00:00,SYNTHETIC: Whitefield Road - KR Puram,700,High,Light Rain,Yellow
2024-10-30 12:00:00,SYNTHETIC: Hosur Road - Electronic City,712,High,Light Rain,Green
2024-10-30 16:00:00,SYNTHETIC: Silk Board - Junction 1,639,High,Light Rain,Green
2024-10-30 16:00:00,SYNTHETIC: Outer Ring Road - Marathahalli,581,Moderate,Light Rain,Green
2024-10-30 16:00:00,SYNTHETIC: Airport Road - Hebbal,619,High,Light Rain,Green
2024-10-30 16:00:00,SYNTHETIC: Bannerghatta Road - Dairy Circle,765,High,Light Rain,Green
2024-10-30 16:00:00,SYNTHETIC: Whitefield Road - KR Puram,797,High,Light Rain,Red
2024-10-30 16:00:00,SYNTHETIC: Hosur Road - Electronic City,747,High,Light Rain,Green
2024-10-30 20:00:00,SYNTHETIC: Silk Board - Junction 1,595,High,Light Rain,Yellow
2024-10-30 20:00:00,SYNTHETIC: Outer Ring Road - Marathahalli,594,High,Light Rain,Green
2024-10-30 20:00:00,SYNTHETIC: Airport Road - Hebbal,730,High,Light Rain,Green
2024-10-30 20:00:00,SYNTHETIC: Bannerghatta Road - Dairy Circle,638,Moderate,Light Rain,Green
2024-10-30 20:00:00,SYNTHETIC: Whitefield Road - KR Puram,790,High,Light Rain,Green
2024-10-30 20:00:00,SYNTHETIC: Hosur Road - Electronic City,743,High,Light Rain,Green
2024-10-31 00:00:00,SYNTHETIC: Silk Board - Junction 1,381,Moderate,Light Rain,Green
2024-10-31 00:00:00,SYNTHETIC: Outer Ring Road - Marathahalli,442,Moderate,Light Rain,Yellow
2024-10-31 00:00:00,SYNTHETIC: Airport Road - Hebbal,462,Moderate,Light Rain,Green
2024-10-31 00:00:00,SYNTHETIC: Bannerghatta Road - Dairy Circle,561,Moderate,Light Rain,Red
2024-10-31 00:00:00,SYNTHETIC: Whitefield Road - KR Puram,520,Moderate,Light Rain,Yellow
2024-10-31 00:00:00,SYNTHETIC: Hosur Road - Electronic City,644,Moderate,Light Rain,Yellow
2024-10-31 04:00:00,SYNTHETIC: Silk Board - Junction 1,392,Moderate,Light Rain,Green
2024-10-31 04:00:00,SYNTHETIC: Outer Ring Road - Marathahalli,469,Moderate,Light Rain,Green
2024-10-31 04:00:00,SYNTHETIC: Airport Road - Hebbal,538,Moderate,Light Rain,Green
2024-10-31 04:00:00,SYNTHETIC: Bannerghatta Road - Dairy Circle,437,Moderate,Light Rain,Red
2024-10-31 04:00:00,SYNTHETIC: Whitefield Road - KR Puram,470,Moderate,Light Rain,Yellow
2024-10-31 04:00:00,SYNTHETIC: Hosur Road - Electronic City,601,Moderate,Light Rain,Yellow
2024-10-31 08:00:00,SYNTHETIC: Silk Board - Junction 1,608,High,Light Rain,Green
2024-10-31 08:00:00,SYNTHETIC: Outer Ring Road - Marathahalli,700,High,Light Rain,Red
2024-10-31 08:00:00,SYNTHETIC: Airport Road - Hebbal,707,High,Light Rain,Green
2024-10-31 08:00:00,SYNTHETIC: Bannerghatta Road - Dairy Circle,650,High,Light Rain,Red
2024-10-31 08:00:00,SYNTHETIC: Whitefield Road - KR Puram,706,High,Light Rain,Yellow
2024-10-31 08:00:00,SYNTHETIC: Hosur Road - Electronic City,728,High,Light Rain,Green
2024-10-31 12:00:00,SYNTHETIC: Silk Board - Junction 1,589,High,Light Rain,Red
2024-10-31 12:00:00,SYNTHETIC: Outer Ring Road - Marathahalli,698,High,Light Rain,Green
2024-10-31 12:00:00,SYNTHETIC: Airport Road - Hebbal,695,High,Light Rain,Green
2024-10-31 12:00:00,SYNTHETIC: Bannerghatta Road - Dairy Circle,656,High,Light Rain,Green
2024-10-31 12:00:00,SYNTHETIC: Whitefield Road - KR Puram,799,High,Light Rain,Green
2024-10-31 12:00:00,SYNTHETIC: Hosur Road - Electronic City,805,High,Light Rain,Green
2024-10-31 16:00:00,SYNTHETIC: Silk Board - Junction 1,545,Moderate,Light Rain,Green
2024-10-31 16:00:00,SYNTHETIC: Outer Ring Road - Marathahalli,598,High,Light Rain,Green
2024-10-31 16:00:00,SYNTHETIC: Airport Road - Hebbal,666,High,Light Rain,Red
2024-10-31 16:00:00,SYNTHETIC: Bannerghatta Road - Dairy Circle,735,High,Light Rain,Yellow
2024-10-31 16:00:00,SYNTHETIC: Whitefield Road - KR Puram,753,High,Light Rain,Green
2024-10-31 16:00:00,SYNTHETIC: Hosur Road - Electronic City,774,High,Light Rain,Green
2024-10-31 20:00:00,SYNTHETIC: Silk Board - Junction 1,581,High,Light Rain,Green
2024-10-31 20:00:00,SYNTHETIC: Outer Ring Road - Marathahalli,592,High,Light Rain,Green
2024-10-31 20:00:00,SYNTHETIC: Airport Road - Hebbal,642,High,Light Rain,Green
2024-10-31 20:00:00,SYNTHETIC: Bannerghatta Road - Dairy Circle,715,High,Light Rain,Green
2024-10-31 20:00:00,SYNTHETIC: Whitefield Road - KR Puram,807,High,Light Rain,Green
2024-10-31 20:00:00,SYNTHETIC: Hosur Road - Electronic City,758,High,Light Rain,Green
2024-11-01 00:00:00,SYNTHETIC: Silk Board - Junction 1,498,Moderate,Clear,Green
2024-11-01 00:00:00,SYNTHETIC: Outer Ring Road - Marathahalli,450,Moderate,Clear,Green
2024-11-01 00:00:00,SYNTHETIC: Airport Road - Hebbal,465,Moderate,Clear,Yellow
2024-11-01 00:00:00,SYNTHETIC: Bannerghatta Road - Dairy Circle,541,Moderate,Clear,Green
2024-11-01 00:00:00,SYNTHETIC: Whitefield Road - KR Puram,622,Moderate,Clear,Green
2024-11-01 00:00:00,SYNTHETIC: Hosur Road - Electronic City,576,Moderate,Clear,Green
2024-11-01 04:00:00,SYNTHETIC: Silk Board - Junction 1,446,Moderate,Clear,Red
2024-11-01 04:00:00,SYNTHETIC: Outer Ring Road - Marathahalli,434,Moderate,Clear,Green
2024-11-01 04:00:00,SYNTHETIC: Airport Road - Hebbal,466,Moderate,Clear,Green
2024-11-01 04:00:00,SYNTHETIC: Bannerghatta Road - Dairy Circle,598,Moderate,Clear,Yellow
2024-11-01 04:00:00,SYNTHETIC: Whitefield Road - KR Puram,543,Moderate,Clear,Red
2024-11-01 04:00:00,SYNTHETIC: Hosur Road - Electronic City,639,Moderate,Clear,Green
2024-11-01 08:00:00,SYNTHETIC: Silk Board - Junction 1,698,High,Clear,Green
2024-11-01 08:00:00,SYNTHETIC: Outer Ring Road - Marathahalli,725,High,Clear,Yellow
2024-11-01 08:00:00,SYNTHETIC: Airport Road - Hebbal,751,High,Clear,Green
2024-11-01 08:00:00,SYNTHETIC: Bannerghatta Road - Dairy Circle,782,High,Clear,Yellow
2024-11-01 08:00:00,SYNTHETIC: Whitefield Road - KR Puram,764,High,Clear,Green
2024-11-01 08:00:00,SYNTHETIC: Hosur Road - Electronic City,802,High,Clear,Green
2024-11-01 12:00:00,SYNTHETIC: Silk Board - Junction 1,694,High,Clear,Red
2024-11-01 12:00:00,SYNTHETIC: Outer Ring Road - Marathahalli,623,High,Clear,Green
2024-11-01 12:00:00,SYNTHETIC: Airport Road - Hebbal,712,High,Clear,Green
2024-11-01 12:00:00,SYNTHETIC: Bannerghatta Road - Dairy Circle,812,High,Clear,Green
2024-11-01 12:00:00,SYNTHETIC: Whitefield Road - KR Puram,860,High,Clear,Green
2024-11-01 12:00:00,SYNTHETIC: Hosur Road - Electronic City,777,High,Clear,Green
2024-11-01 16:00:00,SYNTHETIC: Silk Board - Junction 1,615,High,Clear,Green
2024-11-01 16:00:00,SYNTHETIC: Outer Ring Road - Marathahalli,749,High,Clear,Green
2024-11-01 16:00:00,SYNTHETIC: Airport Road - Hebbal,789,High,Clear,Yellow
2024-11-01 16:00:00,SYNTHETIC: Bannerghatta Road - Dairy Circle,782,High,Clear,Yellow
2024-11-01 16:00:00,SYNTHETIC: Whitefield Road - KR Puram,811,High,Clear,Green
2024-11-01 16:00:00,SYNTHETIC: Hosur Road - Electronic City,879,High,Clear,Green
2024-11-01 20:00:00,SYNTHETIC: Silk Board - Junction 1,708,High,Clear,Green
2024-11-01 20:00:00,SYNTHETIC: Outer Ring Road - Marathahalli,684,High,Clear,Green
2024-11-01 20:00:00,SYNTHETIC: Airport Road - Hebbal,731,High,Clear,Green
2024-11-01 20:00:00,SYNTHETIC: Bannerghatta Road - Dairy Circle,692,High,Clear,Red
2024-11-01 20:00:00,SYNTHETIC: Whitefield Road - KR Puram,791,High,Clear,Green
2024-11-01 20:00:00,SYNTHETIC: Hosur Road - Electronic City,875,High,Clear,Green
2024-11-02 00:00:00,SYNTHETIC: Silk Board - Junction 1,416,Moderate,Cloudy,Green
2024-11-02 00:00:00,SYNTHETIC: Outer Ring Road - Marathahalli,369,Low,Cloudy,Green
2024-11-02 00:00:00,SYNTHETIC: Airport Road - Hebbal,383,Low,Cloudy,Green
2024-11-02 00:00:00,SYNTHETIC: Bannerghatta Road - Dairy Circle,451,Moderate,Cloudy,Green
2024-11-02 00:00:00,SYNTHETIC: Whitefield Road - KR Puram,552,Moderate,Cloudy,Green
2024-11-02 00:00:00,SYNTHETIC: Hosur Road - Electronic City,516,Moderate,Cloudy,Yellow
2024-11-02 04:00:00,SYNTHETIC: Silk Board - Junction 1,377,Moderate,Cloudy,Yellow
2024-11-02 04:00:00,SYNTHETIC: Outer Ring Road - Marathahalli,407,Moderate,Cloudy,Green
2024-11-02 04:00:00,SYNTHETIC: Airport Road - Hebbal,397,Moderate,Cloudy,Green
2024-11-02 04:00:00,SYNTHETIC: Bannerghatta Road - Dairy Circle,431,Moderate,Cloudy,Yellow
2024-11-02 04:00:00,SYNTHETIC: Whitefield Road - KR Puram,564,Moderate,Cloudy,Red
2024-11-02 04:00:00,SYNTHETIC: Hosur Road - Electronic City,483,Moderate,Cloudy,Green
2024-11-02 08:00:00,SYNTHETIC: Silk Board - Junction 1,591,High,Cloudy,Green
2024-11-02 08:00:00,SYNTHETIC: Outer Ring Road - Marathahalli,611,High,Cloudy,Green
2024-11-02 08:00:00,SYNTHETIC: Airport Road - Hebbal,594,Moderate,Cloudy,Red
2024-11-02 08:00:00,SYNTHETIC: Bannerghatta Road - Dairy Circle,706,High,Cloudy,Yellow
2024-11-02 08:00:00,SYNTHETIC: Whitefield Road - KR Puram,754,High,Cloudy,Green
2024-11-02 08:00:00,SYNTHETIC: Hosur Road - Electronic City,709,High,Cloudy,Yellow
2024-11-02 12:00:00,SYNTHETIC: Silk Board - Junction 1,581,High,Cloudy,Green
2024-11-02 12:00:00,SYNTHETIC: Outer Ring Road - Marathahalli,569,Moderate,Cloudy,Green
2024-11-02 12:00:00,SYNTHETIC: Airport Road - Hebbal,635,High,Cloudy,Green
2024-11-02 12:00:00,SYNTHETIC: Bannerghatta Road - Dairy Circle,595,Moderate,Cloudy,Red
2024-11-02 12:00:00,SYNTHETIC: Whitefield Road - KR Puram,730,High,Cloudy,Red
2024-11-02 12:00:00,SYNTHETIC: Hosur Road - Electronic City,673,Moderate,Cloudy,Green
2024-11-02 16:00:00,SYNTHETIC: Silk Board - Junction 1,571,High,Cloudy,Red
2024-11-02 16:00:00,SYNTHETIC: Outer Ring Road - Marathahalli,581,Moderate,Cloudy,Green
2024-11-02 16:00:00,SYNTHETIC: Airport Road - Hebbal,586,Moderate,Cloudy,Red
2024-11-02 16:00:00,SYNTHETIC: Bannerghatta Road - Dairy Circle,631,Moderate,Cloudy,Green
2024-11-02 16:00:00,SYNTHETIC: Whitefield Road - KR Puram,649,Moderate,Cloudy,Green
2024-11-02 16:00:00,SYNTHETIC: Hosur Road - Electronic City,746,High,Cloudy,Green
2024-11-02 20:00:00,SYNTHETIC: Silk Board - Junction 1,512,Moderate,Cloudy,Yellow
2024-11-02 20:00:00,SYNTHETIC: Outer Ring Road - Marathahalli,610,High,Cloudy,Green
2024-11-02 20:00:00,SYNTHETIC: Airport Road - Hebbal,627,High,Cloudy,Green
2024-11-02 20:00:00,SYNTHETIC: Bannerghatta Road - Dairy Circle,612,Moderate,Cloudy,Green
2024-11-02 20:00:00,SYNTHETIC: Whitefield Road - KR Puram,657,Moderate,Cloudy,Yellow
2024-11-02 20:00:00,SYNTHETIC: Hosur Road - Electronic City,677,Moderate,Cloudy,Green
2024-11-03 00:00:00,SYNTHETIC: Silk Board - Junction 1,376,Moderate,Clear,Green
2024-11-03 00:00:00,SYNTHETIC: Outer Ring Road - Marathahalli,448,Moderate,Clear,Yellow
2024-11-03 00:00:00,SYNTHETIC: Airport Road - Hebbal,470,Moderate,Clear,Red
2024-11-03 00:00:00,SYNTHETIC: Bannerghatta Road - Dairy Circle,437,Moderate,Clear,Green
2024-11-03 00:00:00,SYNTHETIC: Whitefield Road - KR Puram,541,Moderate,Clear,Green
2024-11-03 00:00:00,SYNTHETIC: Hosur Road - Electronic City,490,Moderate,Clear,Green
2024-11-03 04:00:00,SYNTHETIC: Silk Board - Junction 1,338,Low,Clear,Green
2024-11-03 04:00:00,SYNTHETIC: Outer Ring Road - Marathahalli,463,Moderate,Clear,Green
2024-11-03 04:00:00,SYNTHETIC: Airport Road - Hebbal,432,Moderate,Clear,Green
2024-11-03 04:00:00,SYNTHETIC: Bannerghatta Road - Dairy Circle,419,Moderate,Clear,Green
2024-11-03 04:00:00,SYNTHETIC: Whitefield Road - KR Puram,570,Moderate,Clear,Yellow
2024-11-03 04:00:00,SYNTHETIC: Hosur Road - Electronic City,504,Moderate,Clear,Green
2024-11-03 08:00:00,SYNTHETIC: Silk Board - Junction 1,490,Moderate,Clear,Green
2024-11-03 08:00:00,SYNTHETIC: Outer Ring Road - Marathahalli,600,High,Clear,Yellow
2024-11-03 08:00:00,SYNTHETIC: Airport Road - Hebbal,682,High,Clear,Green
2024-11-03 08:00:00,SYNTHETIC: Bannerghatta Road - Dairy Circle,601,Moderate,Clear,Green
2024-11-03 08:00:00,SYNTHETIC: Whitefield Road - KR Puram,704,High,Clear,Red
2024-11-03 08:00:00,SYNTHETIC: Hosur Road - Electronic City,786,High,Clear,Yellow
2024-11-03 12:00:00,SYNTHETIC: Silk Board - Junction 1,568,High,Clear,Yellow
2024-11-03 12:00:00,SYNTHETIC: Outer Ring Road - Marathahalli,645,High,Clear,Green
2024-11-03 12:00:00,SYNTHETIC: Airport Road - Hebbal,627,High,Clear,Green
2024-11-03 12:00:00,SYNTHETIC: Bannerghatta Road - Dairy Circle,734,High,Clear,Green
2024-11-03 12:00:00,SYNTHETIC: Whitefield Road - KR Puram,724,High,Clear,Red
2024-11-03 12:00:00,SYNTHETIC: Hosur Road - Electronic City,759,High,Clear,Green
2024-11-03 16:00:00,SYNTHETIC: Silk Board - Junction 1,501,Moderate,Clear,Green
2024-11-03 16:00:00,SYNTHETIC: Outer Ring Road - Marathahalli,644,High,Clear,Green
2024-11-03 16:00:00,SYNTHETIC: Airport Road - Hebbal,628,High,Clear,Green
2024-11-03 16:00:00,SYNTHETIC: Bannerghatta Road - Dairy Circle,633,Moderate,Clear,Yellow
2024-11-03 16:00:00,SYNTHETIC: Whitefield Road - KR Puram,654,Moderate,Clear,Green
2024-11-03 16:00:00,SYNTHETIC: Hosur Road - Electronic City,753,High,Clear,Yellow
2024-11-03 20:00:00,SYNTHETIC: Silk Board - Junction 1,595,High,Clear,Red
2024-11-03 20:00:00,SYNTHETIC: Outer Ring Road - Marathahalli,583,Moderate,Clear,Green
2024-11-03 20:00:00,SYNTHETIC: Airport Road - Hebbal,659,High,Clear,Yellow
2024-11-03 20:00:00,SYNTHETIC: Bannerghatta Road - Dairy Circle,702,High,Clear,Red
2024-11-03 20:00:00,SYNTHETIC: Whitefield Road - KR Puram,751,High,Clear,Green
2024-11-03 20:00:00,SYNTHETIC: Hosur Road - Electronic City,725,High,Clear,Green
2024-11-04 00:00:00,SYNTHETIC: Silk Board - Junction 1,431,Moderate,Heavy Rain,Green
2024-11-04 00:00:00,SYNTHETIC: Outer Ring Road - Marathahalli,435,Moderate,Heavy Rain,Green
2024-11-04 00:00:00,SYNTHETIC: Airport Road - Hebbal,403,Moderate,Heavy Rain,Yellow
2024-11-04 00:00:00,SYNTHETIC: Bannerghatta Road - Dairy Circle,568,Moderate,Heavy Rain,Yellow
2024-11-04 00:00:00,SYNTHETIC: Whitefield Road - KR Puram,498,Moderate,Heavy Rain,Green
2024-11-04 00:00:00,SYNTHETIC: Hosur Road - Electronic City,542,Moderate,Heavy Rain,Green
2024-11-04 04:00:00,SYNTHETIC: Silk Board - Junction 1,355,Low,Heavy Rain,Red
2024-11-04 04:00:00,SYNTHETIC: Outer Ring Road - Marathahalli,390,Moderate,Heavy Rain,Yellow
2024-11-04 04:00:00,SYNTHETIC: Airport Road - Hebbal,537,Moderate,Heavy Rain,Red
2024-11-04 04:00:00,SYNTHETIC: Bannerghatta Road - Dairy Circle,540,Moderate,Heavy Rain,Green
2024-11-04 04:00:00,SYNTHETIC: Whitefield Road - KR Puram,594,Moderate,Heavy Rain,Green
2024-11-04 04:00:00,SYNTHETIC: Hosur Road - Electronic City,626,Moderate,Heavy Rain,Green
2024-11-04 08:00:00,SYNTHETIC: Silk Board - Junction 1,600,High,Heavy Rain,Green
2024-11-04 08:00:00,SYNTHETIC: Outer Ring Road - Marathahalli,667,High,Heavy Rain,Green
2024-11-04 08:00:00,SYNTHETIC: Airport Road - Hebbal,684,High,Heavy Rain,Yellow
2024-11-04 08:00:00,SYNTHETIC: Bannerghatta Road - Dairy Circle,647,High,Heavy Rain,Yellow
2024-11-04 08:00:00,SYNTHETIC: Whitefield Road - KR Puram,738,High,Heavy Rain,Red
2024-11-04 08:00:00,SYNTHETIC: Hosur Road - Electronic City,710,High,Heavy Rain,Green
2024-11-04 12:00:00,SYNTHETIC: Silk Board - Junction 1,607,High,Heavy Rain,Green
2024-11-04 12:00:00,SYNTHETIC: Outer Ring Road - Marathahalli,690,High,Heavy Rain,Red
2024-11-04 12:00:00,SYNTHETIC: Airport Road - Hebbal,625,High,Heavy Rain,Red
2024-11-04 12:00:00,SYNTHETIC: Bannerghatta Road - Dairy Circle,693,High,Heavy Rain,Green
2024-11-04 12:00:00,SYNTHETIC: Whitefield Road - KR Puram,783,High,Heavy Rain,Yellow
2024-11-04 12:00:00,SYNTHETIC: Hosur Road - Electronic City,787,High,Heavy Rain,Green
2024-11-04 16:00:00,SYNTHETIC: Silk Board - Junction 1,636,High,Heavy Rain,Green
2024-11-04 16:00:00,SYNTHETIC: Outer Ring Road - Marathahalli,587,Moderate,Heavy Rain,Green
2024-11-04 16:00:00,SYNTHETIC: Airport Road - Hebbal,654,High,Heavy Rain,Red
2024-11-04 16:00:00,SYNTHETIC: Bannerghatta Road - Dairy Circle,739,High,Heavy Rain,Yellow
2024-11-04 16:00:00,SYNTHETIC: Whitefield Road - KR Puram,802,High,Heavy Rain,Red
2024-11-04 16:00:00,SYNTHETIC: Hosur Road - Electronic City,719,High,Heavy Rain,Green
2024-11-04 20:00:00,SYNTHETIC: Silk Board - Junction 1,570,High,Heavy Rain,Green
2024-11-04 20:00:00,SYNTHETIC: Outer Ring Road - Marathahalli,694,High,Heavy Rain,Green
2024-11-04 20:00:00,SYNTHETIC: Airport Road - Hebbal,734,High,Heavy Rain,Red
2024-11-04 20:00:00,SYNTHETIC: Bannerghatta Road - Dairy Circle,642,Moderate,Heavy Rain,Green
2024-11-04 20:00:00,SYNTHETIC: Whitefield Road - KR Puram,721,High,Heavy Rain,Yellow
2024-11-04 20:00:00,SYNTHETIC: Hosur Road - Electronic City,768,High,Heavy Rain,Green
2024-11-05 00:00:00,SYNTHETIC: Silk Board - Junction 1,204,Low,Cloudy,Red
2024-11-05 00:00:00,SYNTHETIC: Outer Ring Road - Marathahalli,242,Low,Cloudy,Yellow
2024-11-05 00:00:00,SYNTHETIC: Airport Road - Hebbal,288,Low,Cloudy,Yellow
2024-11-05 00:00:00,SYNTHETIC: Bannerghatta Road - Dairy Circle,386,Low,Cloudy,Green
2024-11-05 00:00:00,SYNTHETIC: Whitefield Road - KR Puram,292,Low,Cloudy,Green
2024-11-05 00:00:00,SYNTHETIC: Hosur Road - Electronic City,358,Low,Cloudy,Green
2024-11-05 04:00:00,SYNTHETIC: Silk Board - Junction 1,152,Low,Cloudy,Green
2024-11-05 04:00:00,SYNTHETIC: Outer Ring Road - Marathahalli,263,Low,Cloudy,Yellow
2024-11-05 04:00:00,SYNTHETIC: Airport Road - Hebbal,290,Low,Cloudy,Green
2024-11-05 04:00:00,SYNTHETIC: Bannerghatta Road - Dairy Circle,351,Low,Cloudy,Red
2024-11-05 04:00:00,SYNTHETIC: Whitefield Road - KR Puram,407,Low,Cloudy,Green
2024-11-05 04:00:00,SYNTHETIC: Hosur Road - Electronic City,444,Low,Cloudy,Green
2024-11-05 08:00:00,SYNTHETIC: Silk Board - Junction 1,483,Moderate,Cloudy,Yellow
2024-11-05 08:00:00,SYNTHETIC: Outer Ring Road - Marathahalli,486,Moderate,Cloudy,Green
2024-11-05 08:00:00,SYNTHETIC: Airport Road - Hebbal,421,Moderate,Cloudy,Green
2024-11-05 08:00:00,SYNTHETIC: Bannerghatta Road - Dairy Circle,550,Moderate,Cloudy,Green
2024-11-05 08:00:00,SYNTHETIC: Whitefield Road - KR Puram,562,Moderate,Cloudy,Green
2024-11-05 08:00:00,SYNTHETIC: Hosur Road - Electronic City,552,Moderate,Cloudy,Green
2024-11-05 12:00:00,SYNTHETIC: Silk Board - Junction 1,436,Moderate,Cloudy,Red
2024-11-05 12:00:00,SYNTHETIC: Outer Ring Road - Marathahalli,468,Moderate,Cloudy,Red
2024-11-05 12:00:00,SYNTHETIC: Airport Road - Hebbal,486,Moderate,Cloudy,Yellow
2024-11-05 12:00:00,SYNTHETIC: Bannerghatta Road - Dairy Circle,531,Moderate,Cloudy,Green
2024-11-05 12:00:00,SYNTHETIC: Whitefield Road - KR Puram,622,Moderate,Cloudy,Yellow
2024-11-05 12:00:00,SYNTHETIC: Hosur Road - Electronic City,539,Moderate,Cloudy,Yellow
2024-11-05 16:00:00,SYNTHETIC: Silk Board - Junction 1,453,Moderate,Cloudy,Yellow
2024-11-05 16:00:00,SYNTHETIC: Outer Ring Road - Marathahalli,420,Moderate,Cloudy,Yellow
2024-11-05 16:00:00,SYNTHETIC: Airport Road - Hebbal,547,Moderate,Cloudy,Red
2024-11-05 16:00:00,SYNTHETIC: Bannerghatta Road - Dairy Circle,521,Moderate,Cloudy,Red
2024-11-05 16:00:00,SYNTHETIC: Whitefield Road - KR Puram,593,Moderate,Cloudy,Green
2024-11-05 16:00:00,SYNTHETIC: Hosur Road - Electronic City,534,Moderate,Cloudy,Green
2024-11-05 20:00:00,SYNTHETIC: Silk Board - Junction 1,398,Moderate,Cloudy,Green
2024-11-05 20:00:00,SYNTHETIC: Outer Ring Road - Marathahalli,441,Moderate,Cloudy,Yellow
2024-11-05 20:00:00,SYNTHETIC: Airport Road - Hebbal,541,Moderate,Cloudy,Red
2024-11-05 20:00:00,SYNTHETIC: Bannerghatta Road - Dairy Circle,546,Moderate,Cloudy,Green
2024-11-05 20:00:00,SYNTHETIC: Whitefield Road - KR Puram,533,Moderate,Cloudy,Yellow
2024-11-05 20:00:00,SYNTHETIC: Hosur Road - Electronic City,571,Moderate,Cloudy,Green
2024-11-06 00:00:00,SYNTHETIC: Silk Board - Junction 1,247,Low,Clear,Green
2024-11-06 00:00:00,SYNTHETIC: Outer Ring Road - Marathahalli,290,Low,Clear,Green
2024-11-06 00:00:00,SYNTHETIC: Airport Road - Hebbal,258,Low,Clear,Green
2024-11-06 00:00:00,SYNTHETIC: Bannerghatta Road - Dairy Circle,306,Low,Clear,Green
2024-11-06 00:00:00,SYNTHETIC: Whitefield Road - KR Puram,407,Low,Clear,Green
2024-11-06 00:00:00,SYNTHETIC: Hosur Road - Electronic City,371,Low,Clear,Yellow
2024-11-06 04:00:00,SYNTHETIC: Silk Board - Junction 1,274,Low,Clear,Green
2024-11-06 04:00:00,SYNTHETIC: Outer Ring Road - Marathahalli,230,Low,Clear,Green
2024-11-06 04:00:00,SYNTHETIC: Airport Road - Hebbal,234,Low,Clear,Green
2024-11-06 04:00:00,SYNTHETIC: Bannerghatta Road - Dairy Circle,325,Low,Clear,Green
2024-11-06 04:00:00,SYNTHETIC: Whitefield Road - KR Puram,333,Low,Clear,Green
2024-11-06 04:00:00,SYNTHETIC: Hosur Road - Electronic City,365,Low,Clear,Green
2024-11-06 08:00:00,SYNTHETIC: Silk Board - Junction 1,372,Moderate,Clear,Green
2024-11-06 08:00:00,SYNTHETIC: Outer Ring Road - Marathahalli,496,Moderate,Clear,Green
2024-11-06 08:00:00,SYNTHETIC: Airport Road - Hebbal,523,Moderate,Clear,Green
2024-11-06 08:00:00,SYNTHETIC: Bannerghatta Road - Dairy Circle,577,Moderate,Clear,Green
2024-11-06 08:00:00,SYNTHETIC: Whitefield Road - KR Puram,499,Moderate,Clear,Green
2024-11-06 08:00:00,SYNTHETIC: Hosur Road - Electronic City,620,Moderate,Clear,Red
2024-11-06 12:00:00,SYNTHETIC: Silk Board - Junction 1,432,Moderate,Clear,Yellow
2024-11-06 12:00:00,SYNTHETIC: Outer Ring Road - Marathahalli,520,Moderate,Clear,Green
2024-11-06 12:00:00,SYNTHETIC: Airport Road - Hebbal,421,Moderate,Clear,Green
2024-11-06 12:00:00,SYNTHETIC: Bannerghatta Road - Dairy Circle,518,Moderate,Clear,Green
2024-11-06 12:00:00,SYNTHETIC: Whitefield Road - KR Puram,578,Moderate,Clear,Green
2024-11-06 12:00:00,SYNTHETIC: Hosur Road - Electronic City,551,Moderate,Clear,Green
2024-11-06 16:00:00,SYNTHETIC: Silk Board - Junction 1,428,Moderate,Clear,Green
2024-11-06 16:00:00,SYNTHETIC: Outer Ring Road - Marathahalli,396,Moderate,Clear,Green
2024-11-06 16:00:00,SYNTHETIC: Airport Road - Hebbal,494,Moderate,Clear,Green
2024-11-06 16:00:00,SYNTHETIC: Bannerghatta Road - Dairy Circle,588,Moderate,Clear,Green
2024-11-06 16:00:00,SYNTHETIC: Whitefield Road - KR Puram,576,Moderate,Clear,Green
2024-11-06 16:00:00,SYNTHETIC: Hosur Road - Electronic City,559,Moderate,Clear,Green
2024-11-06 20:00:00,SYNTHETIC: Silk Board - Junction 1,475,Moderate,Clear,Green
2024-11-06 20:00:00,SYNTHETIC: Outer Ring Road - Marathahalli,433,Moderate,Clear,Green
2024-11-06 20:00:00,SYNTHETIC: Airport Road - Hebbal,523,Moderate,Clear,Green
2024-11-06 20:00:00,SYNTHETIC: Bannerghatta Road - Dairy Circle,512,Moderate,Clear,Yellow
2024-11-06 20:00:00,SYNTHETIC: Whitefield Road - KR Puram,523,Moderate,Clear,Green
2024-11-06 20:00:00,SYNTHETIC: Hosur Road - Electronic City,530,Moderate,Clear,Green
2024-11-07 00:00:00,SYNTHETIC: Silk Board - Junction 1,227,Low,Clear,Green
2024-11-07 00:00:00,SYNTHETIC: Outer Ring Road - Marathahalli,210,Low,Clear,Yellow
2024-11-07 00:00:00,SYNTHETIC: Airport Road - Hebbal,289,Low,Clear,Green
2024-11-07 00:00:00,SYNTHETIC: Bannerghatta Road - Dairy Circle,290,Low,Clear,Green
2024-11-07 00:00:00,SYNTHETIC: Whitefield Road - KR Puram,316,Low,Clear,Green
2024-11-07 00:00:00,SYNTHETIC: Hosur Road - Electronic City,355,Low,Clear,Green
2024-11-07 04:00:00,SYNTHETIC: Silk Board - Junction 1,177,Low,Clear,Green
2024-11-07 04:00:00,SYNTHETIC: Outer Ring Road - Marathahalli,236,Low,Clear,Yellow
2024-11-07 04:00:00,SYNTHETIC: Airport Road - Hebbal,353,Low,Clear,Red
2024-11-07 04:00:00,SYNTHETIC: Bannerghatta Road - Dairy Circle,346,Low,Clear,Yellow
2024-11-07 04:00:00,SYNTHETIC: Whitefield Road - KR Puram,365,Low,Clear,Green
2024-11-07 04:00:00,SYNTHETIC: Hosur Road - Electronic City,465,Moderate,Clear,Green
2024-11-07 08:00:00,SYNTHETIC: Silk Board - Junction 1,403,Moderate,Clear,Yellow
2024-11-07 08:00:00,SYNTHETIC: Outer Ring Road - Marathahalli,508,Moderate,Clear,Green
2024-11-07 08:00:00,SYNTHETIC: Airport Road - Hebbal,420,Moderate,Clear,Green
2024-11-07 08:00:00,SYNTHETIC: Bannerghatta Road - Dairy Circle,477,Moderate,Clear,Red
2024-11-07 08:00:00,SYNTHETIC: Whitefield Road - KR Puram,616,Moderate,Clear,Green
2024-11-07 08:00:00,SYNTHETIC: Hosur Road - Electronic City,548,Moderate,Clear,Yellow
2024-11-07 12:00:00,SYNTHETIC: Silk Board - Junction 1,369,Moderate,Clear,Yellow
2024-11-07 12:00:00,SYNTHETIC: Outer Ring Road - Marathahalli,410,Moderate,Clear,Red
2024-11-07 12:00:00,SYNTHETIC: Airport Road - Hebbal,479,Moderate,Clear,Green
2024-11-07 12:00:00,SYNTHETIC: Bannerghatta Road - Dairy Circle,530,Moderate,Clear,Green
2024-11-07 12:00:00,SYNTHETIC: Whitefield Road - KR Puram,502,Moderate,Clear,Green
2024-11-07 12:00:00,SYNTHETIC: Hosur Road - Electronic City,569,Moderate,Clear,Red
2024-11-07 16:00:00,SYNTHETIC: Silk Board - Junction 1,424,Moderate,Clear,Green
2024-11-07 16:00:00,SYNTHETIC: Outer Ring Road - Marathahalli,465,Moderate,Clear,Green
2024-11-07 16:00:00,SYNTHETIC: Airport Road - Hebbal,449,Moderate,Clear,Green
2024-11-07 16:00:00,SYNTHETIC: Bannerghatta Road - Dairy Circle,466,Moderate,Clear,Green
2024-11-07 16:00:00,SYNTHETIC: Whitefield Road - KR Puram,525,Moderate,Clear,Yellow
2024-11-07 16:00:00,SYNTHETIC: Hosur Road - Electronic City,568,Moderate,Clear,Green
2024-11-07 20:00:00,SYNTHETIC: Silk Board - Junction 1,462,Moderate,Clear,Red
2024-11-07 20:00:00,SYNTHETIC: Outer Ring Road - Marathahalli,453,Moderate,Clear,Red
2024-11-07 20:00:00,SYNTHETIC: Airport Road - Hebbal,443,Moderate,Clear,Green
2024-11-07 20:00:00,SYNTHETIC: Bannerghatta Road - Dairy Circle,542,Moderate,Clear,Green
2024-11-07 20:00:00,SYNTHETIC: Whitefield Road - KR Puram,592,Moderate,Clear,Green
2024-11-07 20:00:00,SYNTHETIC: Hosur Road - Electronic City,641,Moderate,Clear,Green
2024-11-08 00:00:00,SYNTHETIC: Silk Board - Junction 1,166,Low,Clear,Green
2024-11-08 00:00:00,SYNTHETIC: Outer Ring Road - Marathahalli,265,Low,Clear,Green
2024-11-08 00:00:00,SYNTHETIC: Airport Road - Hebbal,354,Low,Clear,Yellow
2024-11-08 00:00:00,SYNTHETIC: Bannerghatta Road - Dairy Circle,312,Low,Clear,Red
2024-11-08 00:00:00,SYNTHETIC: Whitefield Road - KR Puram,376,Low,Clear,Green
2024-11-08 00:00:00,SYNTHETIC: Hosur Road - Electronic City,349,Low,Clear,Green
2024-11-08 04:00:00,SYNTHETIC: Silk Board - Junction 1,213,Low,Clear,Green
2024-11-08 04:00:00,SYNTHETIC: Outer Ring Road - Marathahalli,283,Low,Clear,Green
2024-11-08 04:00:00,SYNTHETIC: Airport Road - Hebbal,233,Low,Clear,Green
2024-11-08 04:00:00,SYNTHETIC: Bannerghatta Road - Dairy Circle,295,Low,Clear,Green
2024-11-08 04:00:00,SYNTHETIC: Whitefield Road - KR Puram,410,Low,Clear,Red
2024-11-08 04:00:00,SYNTHETIC: Hosur Road - Electronic City,367,Low,Clear,Green
2024-11-08 08:00:00,SYNTHETIC: Silk Board - Junction 1,475,Moderate,Clear,Green
2024-11-08 08:00:00,SYNTHETIC: Outer Ring Road - Marathahalli,469,Moderate,Clear,Red
2024-11-08 08:00:00,SYNTHETIC: Airport Road - Hebbal,432,Moderate,Clear,Green
2024-11-08 08:00:00,SYNTHETIC: Bannerghatta Road - Dairy Circle,595,Moderate,Clear,Green
2024-11-08 08:00:00,SYNTHETIC: Whitefield Road - KR Puram,593,Moderate,Clear,Yellow
2024-11-08 08:00:00,SYNTHETIC: Hosur Road - Electronic City,545,Moderate,Clear,Green
2024-11-08 12:00:00,SYNTHETIC: Silk Board - Junction 1,464,Moderate,Clear,Green
2024-11-08 12:00:00,SYNTHETIC: Outer Ring Road - Marathahalli,512,Moderate,Clear,Green
2024-11-08 12:00:00,SYNTHETIC: Airport Road - Hebbal,450,Moderate,Clear,Red
2024-11-08 12:00:00,SYNTHETIC: Bannerghatta Road - Dairy Circle,459,Moderate,Clear,Green
2024-11-08 12:00:00,SYNTHETIC: Whitefield Road - KR Puram,595,Moderate,Clear,Green
2024-11-08 12:00:00,SYNTHETIC: Hosur Road - Electronic City,665,Moderate,Clear,Green
2024-11-08 16:00:00,SYNTHETIC: Silk Board - Junction 1,373,Moderate,Clear,Yellow
2024-11-08 16:00:00,SYNTHETIC: Outer Ring Road - Marathahalli,462,Moderate,Clear,Red
2024-11-08 16:00:00,SYNTHETIC: Airport Road - Hebbal,472,Moderate,Clear,Yellow
2024-11-08 16:00:00,SYNTHETIC: Bannerghatta Road - Dairy Circle,571,Moderate,Clear,Red
2024-11-08 16:00:00,SYNTHETIC: Whitefield Road - KR Puram,583,Moderate,Clear,Yellow
2024-11-08 16:00:00,SYNTHETIC: Hosur Road - Electronic City,582,Moderate,Clear,Yellow
2024-11-08 20:00:00,SYNTHETIC: Silk Board - Junction 1,434,Moderate,Clear,Green
2024-11-08 20:00:00,SYNTHETIC: Outer Ring Road - Marathahalli,506,Moderate,Clear,Yellow
2024-11-08 20:00:00,SYNTHETIC: Airport Road - Hebbal,513,Moderate,Clear,Yellow
2024-11-08 20:00:00,SYNTHETIC: Bannerghatta Road - Dairy Circle,484,Moderate,Clear,Green
2024-11-08 20:00:00,SYNTHETIC: Whitefield Road - KR Puram,546,Moderate,Clear,Green
2024-11-08 20:00:00,SYNTHETIC: Hosur Road - Electronic City,615,Moderate,Clear,Yellow
2024-11-09 00:00:00,SYNTHETIC: Silk Board - Junction 1,417,Moderate,Cloudy,Green
2024-11-09 00:00:00,SYNTHETIC: Outer Ring Road - Marathahalli,337,Low,Cloudy,Green
2024-11-09 00:00:00,SYNTHETIC: Airport Road - Hebbal,470,Moderate,Cloudy,Yellow
2024-11-09 00:00:00,SYNTHETIC: Bannerghatta Road - Dairy Circle,518,Moderate,Cloudy,Red
2024-11-09 00:00:00,SYNTHETIC: Whitefield Road - KR Puram,475,Moderate,Cloudy,Yellow
2024-11-09 00:00:00,SYNTHETIC: Hosur Road - Electronic City,509,Moderate,Cloudy,Yellow
2024-11-09 04:00:00,SYNTHETIC: Silk Board - Junction 1,322,Low,Cloudy,Green
2024-11-09 04:00:00,SYNTHETIC: Outer Ring Road - Marathahalli,407,Moderate,Cloudy,Green
2024-11-09 04:00:00,SYNTHETIC: Airport Road - Hebbal,458,Moderate,Cloudy,Green
2024-11-09 04:00:00,SYNTHETIC: Bannerghatta Road - Dairy Circle,458,Moderate,Cloudy,Green
2024-11-09 04:00:00,SYNTHETIC: Whitefield Road - KR Puram,517,Moderate,Cloudy,Red
2024-11-09 04:00:00,SYNTHETIC: Hosur Road - Electronic City,580,Moderate,Cloudy,Yellow
2024-11-09 08:00:00,SYNTHETIC: Silk Board - Junction 1,525,Moderate,Cloudy,Green
2024-11-09 08:00:00,SYNTHETIC: Outer Ring Road - Marathahalli,656,High,Cloudy,Green
2024-11-09 08:00:00,SYNTHETIC: Airport Road - Hebbal,700,High,Cloudy,Red
2024-11-09 08:00:00,SYNTHETIC: Bannerghatta Road - Dairy Circle,650,High,Cloudy,Green
2024-11-09 08:00:00,SYNTHETIC: Whitefield Road - KR Puram,704,High,Cloudy,Yellow
2024-11-09 08:00:00,SYNTHETIC: Hosur Road - Electronic City,698,Moderate,Cloudy,Red
2024-11-09 12:00:00,SYNTHETIC: Silk Board - Junction 1,535,Moderate,Cloudy,Green
2024-11-09 12:00:00,SYNTHETIC: Outer Ring Road - Marathahalli,607,High,Cloudy,Yellow
2024-11-09 12:00:00,SYNTHETIC: Airport Road - Hebbal,650,High,Cloudy,Green
2024-11-09 12:00:00,SYNTHETIC: Bannerghatta Road - Dairy Circle,701,High,Cloudy,Yellow
2024-11-09 12:00:00,SYNTHETIC: Whitefield Road - KR Puram,766,High,Cloudy,Green
2024-11-09 12:00:00,SYNTHETIC: Hosur Road - Electronic City,773,High,Cloudy,Yellow
2024-11-09 16:00:00,SYNTHETIC: Silk Board - Junction 1,623,High,Cloudy,Green
2024-11-09 16:00:00,SYNTHETIC: Outer Ring Road - Marathahalli,622,High,Cloudy,Green
2024-11-09 16:00:00,SYNTHETIC: Airport Road - Hebbal,574,Moderate,Cloudy,Green
2024-11-09 16:00:00,SYNTHETIC: Bannerghatta Road - Dairy Circle,636,Moderate,Cloudy,Red
2024-11-09 16:00:00,SYNTHETIC: Whitefield Road - KR Puram,694,High,Cloudy,Green
2024-11-09 16:00:00,SYNTHETIC: Hosur Road - Electronic City,680,Moderate,Cloudy,Yellow
2024-11-09 20:00:00,SYNTHETIC: Silk Board - Junction 1,565,High,Cloudy,Green
2024-11-09 20:00:00,SYNTHETIC: Outer Ring Road - Marathahalli,663,High,Cloudy,Green
2024-11-09 20:00:00,SYNTHETIC: Airport Road - Hebbal,675,High,Cloudy,Green
2024-11-09 20:00:00,SYNTHETIC: Bannerghatta Road - Dairy Circle,652,High,Cloudy,Yellow
2024-11-09 20:00:00,SYNTHETIC: Whitefield Road - KR Puram,729,High,Cloudy,Green
2024-11-09 20:00:00,SYNTHETIC: Hosur Road - Electronic City,738,High,Cloudy,Yellow
2024-11-10 00:00:00,SYNTHETIC: Silk Board - Junction 1,386,Moderate,Clear,Green
2024-11-10 00:00:00,SYNTHETIC: Outer Ring Road - Marathahalli,396,Moderate,Clear,Green
2024-11-10 00:00:00,SYNTHETIC: Airport Road - Hebbal,393,Low,Clear,Green
2024-11-10 00:00:00,SYNTHETIC: Bannerghatta Road - Dairy Circle,460,Moderate,Clear,Green
2024-11-10 00:00:00,SYNTHETIC: Whitefield Road - KR Puram,549,Moderate,Clear,Yellow
2024-11-10 00:00:00,SYNTHETIC: Hosur Road - Electronic City,504,Moderate,Clear,Green
2024-11-10 04:00:00,SYNTHETIC: Silk Board - Junction 1,372,Moderate,Clear,Green
2024-11-10 04:00:00,SYNTHETIC: Outer Ring Road - Marathahalli,402,Moderate,Clear,Green
2024-11-10 04:00:00,SYNTHETIC: Airport Road - Hebbal,500,Moderate,Clear,Green
2024-11-10 04:00:00,SYNTHETIC: Bannerghatta Road - Dairy Circle,476,Moderate,Clear,Green
2024-11-10 04:00:00,SYNTHETIC: Whitefield Road - KR Puram,477,Moderate,Clear,Green
2024-11-10 04:00:00,SYNTHETIC: Hosur Road - Electronic City,594,Moderate,Clear,Green
2024-11-10 08:00:00,SYNTHETIC: Silk Board - Junction 1,629,High,Clear,Green
2024-11-10 08:00:00,SYNTHETIC: Outer Ring Road - Marathahalli,548,Moderate,Clear,Green
2024-11-10 08:00:00,SYNTHETIC: Airport Road - Hebbal,614,Moderate,Clear,Yellow
2024-11-10 08:00:00,SYNTHETIC: Bannerghatta Road - Dairy Circle,679,High,Clear,Green
2024-11-10 08:00:00,SYNTHETIC: Whitefield Road - KR Puram,685,High,Clear,Red
2024-11-10 08:00:00,SYNTHETIC: Hosur Road - Electronic City,800,High,Clear,Green
2024-11-10 12:00:00,SYNTHETIC: Silk Board - Junction 1,492,Moderate,Clear,Green
2024-11-10 12:00:00,SYNTHETIC: Outer Ring Road - Marathahalli,613,High,Clear,Green
2024-11-10 12:00:00,SYNTHETIC: Airport Road - Hebbal,622,High,Clear,Red
2024-11-10 12:00:00,SYNTHETIC: Bannerghatta Road - Dairy Circle,677,High,Clear,Green
2024-11-10 12:00:00,SYNTHETIC: Whitefield Road - KR Puram,659,Moderate,Clear,Green
2024-11-10 12:00:00,SYNTHETIC: Hosur Road - Electronic City,803,High,Clear,Yellow
2024-11-10 16:00:00,SYNTHETIC: Silk Board - Junction 1,496,Moderate,Clear,Red
2024-11-10 16:00:00,SYNTHETIC: Outer Ring Road - Marathahalli,620,High,Clear,Green
2024-11-10 16:00:00,SYNTHETIC: Airport Road - Hebbal,690,High,Clear,Green
2024-11-10 16:00:00,SYNTHETIC: Bannerghatta Road - Dairy Circle,606,Moderate,Clear,Green
2024-11-10 16:00:00,SYNTHETIC: Whitefield Road - KR Puram,679,High,Clear,Green
2024-11-10 16:00:00,SYNTHETIC: Hosur Road - Electronic City,686,Moderate,Clear,Red
2024-11-10 20:00:00,SYNTHETIC: Silk Board - Junction 1,532,Moderate,Clear,Red
2024-11-10 20:00:00,SYNTHETIC: Outer Ring Road - Marathahalli,662,High,Clear,Green
2024-11-10 20:00:00,SYNTHETIC: Airport Road - Hebbal,576,Moderate,Clear,Green
2024-11-10 20:00:00,SYNTHETIC: Bannerghatta Road - Dairy Circle,649,High,Clear,Red
2024-11-10 20:00:00,SYNTHETIC: Whitefield Road - KR Puram,738,High,Clear,Yellow
2024-11-10 20:00:00,SYNTHETIC: Hosur Road - Electronic City,717,High,Clear,Green
2024-11-11 00:00:00,SYNTHETIC: Silk Board - Junction 1,286,Low,Clear,Green
2024-11-11 00:00:00,SYNTHETIC: Outer Ring Road - Marathahalli,201,Low,Clear,Yellow
2024-11-11 00:00:00,SYNTHETIC: Airport Road - Hebbal,231,Low,Clear,Yellow
2024-11-11 00:00:00,SYNTHETIC: Bannerghatta Road - Dairy Circle,273,Low,Clear,Green
2024-11-11 00:00:00,SYNTHETIC: Whitefield Road - KR Puram,418,Low,Clear,Green
2024-11-11 00:00:00,SYNTHETIC: Hosur Road - Electronic City,402,Low,Clear,Green
2024-11-11 04:00:00,SYNTHETIC: Silk Board - Junction 1,222,Low,Clear,Yellow
2024-11-11 04:00:00,SYNTHETIC: Outer Ring Road - Marathahalli,297,Low,Clear,Green
2024-11-11 04:00:00,SYNTHETIC: Airport Road - Hebbal,227,Low,Clear,Green
2024-11-11 04:00:00,SYNTHETIC: Bannerghatta Road - Dairy Circle,391,Low,Clear,Green
2024-11-11 04:00:00,SYNTHETIC: Whitefield Road - KR Puram,390,Low,Clear,Yellow
2024-11-11 04:00:00,SYNTHETIC: Hosur Road - Electronic City,464,Moderate,Clear,Green
2024-11-11 08:00:00,SYNTHETIC: Silk Board - Junction 1,386,Moderate,Clear,Green
2024-11-11 08:00:00,SYNTHETIC: Outer Ring Road - Marathahalli,480,Moderate,Clear,Red
2024-11-11 08:00:00,SYNTHETIC: Airport Road - Hebbal,422,Moderate,Clear,Green
2024-11-11 08:00:00,SYNTHETIC: Bannerghatta Road - Dairy Circle,491,Moderate,Clear,Green
2024-11-11 08:00:00,SYNTHETIC: Whitefield Road - KR Puram,491,Moderate,Clear,Green
2024-11-11 08:00:00,SYNTHETIC: Hosur Road - Electronic City,625,Moderate,Clear,Green
2024-11-11 12:00:00,SYNTHETIC: Silk Board - Junction 1,371,Moderate,Clear,Green
2024-11-11 12:00:00,SYNTHETIC: Outer Ring Road - Marathahalli,473,Moderate,Clear,Green
2024-11-11 12:00:00,SYNTHETIC: Airport Road - Hebbal,551,Moderate,Clear,Green
2024-11-11 12:00:00,SYNTHETIC: Bannerghatta Road - Dairy Circle,502,Moderate,Clear,Green
2024-11-11 12:00:00,SYNTHETIC: Whitefield Road - KR Puram,554,Moderate,Clear,Green
2024-11-11 12:00:00,SYNTHETIC: Hosur Road - Electronic City,571,Moderate,Clear,Yellow
2024-11-11 16:00:00,SYNTHETIC: Silk Board - Junction 1,363,Moderate,Clear,Red
2024-11-11 16:00:00,SYNTHETIC: Outer Ring Road - Marathahalli,525,Moderate,Clear,Green
2024-11-11 16:00:00,SYNTHETIC: Airport Road - Hebbal,560,Moderate,Clear,Green
2024-11-11 16:00:00,SYNTHETIC: Bannerghatta Road - Dairy Circle,472,Moderate,Clear,Green
2024-11-11 16:00:00,SYNTHETIC: Whitefield Road - KR Puram,540,Moderate,Clear,Yellow
2024-11-11 16:00:00,SYNTHETIC: Hosur Road - Electronic City,649,Moderate,Clear,Red
2024-11-11 20:00:00,SYNTHETIC: Silk Board - Junction 1,441,Moderate,Clear,Green
2024-11-11 20:00:00,SYNTHETIC: Outer Ring Road - Marathahalli,445,Moderate,Clear,Green
2024-11-11 20:00:00,SYNTHETIC: Airport Road - Hebbal,437,Moderate,Clear,Red
2024-11-11 20:00:00,SYNTHETIC: Bannerghatta Road - Dairy Circle,536,Moderate,Clear,Green
2024-11-11 20:00:00,SYNTHETIC: Whitefield Road - KR Puram,574,Moderate,Clear,Green
2024-11-11 20:00:00,SYNTHETIC: Hosur Road - Electronic City,603,Moderate,Clear,Yellow
2024-11-12 00:00:00,SYNTHETIC: Silk Board - Junction 1,365,Moderate,Light Rain,Red
2024-11-12 00:00:00,SYNTHETIC: Outer Ring Road - Marathahalli,415,Moderate,Light Rain,Green
2024-11-12 00:00:00,SYNTHETIC: Airport Road - Hebbal,419,Moderate,Light Rain,Yellow
2024-11-12 00:00:00,SYNTHETIC: Bannerghatta Road - Dairy Circle,439,Moderate,Light Rain,Yellow
2024-11-12 00:00:00,SYNTHETIC: Whitefield Road - KR Puram,477,Moderate,Light Rain,Yellow
2024-11-12 00:00:00,SYNTHETIC: Hosur Road - Electronic City,608,Moderate,Light Rain,Yellow
2024-11-12 04:00:00,SYNTHETIC: Silk Board - Junction 1,384,Moderate,Light Rain,Red
2024-11-12 04:00:00,SYNTHETIC: Outer Ring Road - Marathahalli,431,Moderate,Light Rain,Green
2024-11-12 04:00:00,SYNTHETIC: Airport Road - Hebbal,538,Moderate,Light Rain,Green
2024-11-12 04:00:00,SYNTHETIC: Bannerghatta Road - Dairy Circle,473,Moderate,Light Rain,Green
2024-11-12 04:00:00,SYNTHETIC: Whitefield Road - KR Puram,527,Moderate,Light Rain,Red
2024-11-12 04:00:00,SYNTHETIC: Hosur Road - Electronic City,579,Moderate,Light Rain,Green
2024-11-12 08:00:00,SYNTHETIC: Silk Board - Junction 1,658,High,Light Rain,Green
2024-11-12 08:00:00,SYNTHETIC: Outer Ring Road - Marathahalli,666,High,Light Rain,Green
2024-11-12 08:00:00,SYNTHETIC: Airport Road - Hebbal,602,Moderate,Light Rain,Yellow
2024-11-12 08:00:00,SYNTHETIC: Bannerghatta Road - Dairy Circle,677,High,Light Rain,Yellow
2024-11-12 08:00:00,SYNTHETIC: Whitefield Road - KR Puram,705,High,Light Rain,Green
2024-11-12 08:00:00,SYNTHETIC: Hosur Road - Electronic City,750,High,Light Rain,Green
2024-11-12 12:00:00,SYNTHETIC: Silk Board - Junction 1,567,High,Light Rain,Yellow
2024-11-12 12:00:00,SYNTHETIC: Outer Ring Road - Marathahalli,688,High,Light Rain,Red
2024-11-12 12:00:00,SYNTHETIC: Airport Road - Hebbal,610,Moderate,Light Rain,Green
2024-11-12 12:00:00,SYNTHETIC: Bannerghatta Road - Dairy Circle,759,High,Light Rain,Green
2024-11-12 12:00:00,SYNTHETIC: Whitefield Road - KR Puram,737,High,Light Rain,Green
2024-11-12 12:00:00,SYNTHETIC: Hosur Road - Electronic City,715,High,Light Rain,Yellow
2024-11-12 16:00:00,SYNTHETIC: Silk Board - Junction 1,662,High,Light Rain,Red
2024-11-12 16:00:00,SYNTHETIC: Outer Ring Road - Marathahalli,657,High,Light Rain,Green
2024-11-12 16:00:00,SYNTHETIC: Airport Road - Hebbal,716,High,Light Rain,Red
2024-11-12 16:00:00,SYNTHETIC: Bannerghatta Road - Dairy Circle,645,High,Light Rain,Red
2024-11-12 16:00:00,SYNTHETIC: Whitefield Road - KR Puram,752,High,Light Rain,Green
2024-11-12 16:00:00,SYNTHETIC: Hosur Road - Electronic City,838,High,Light Rain,Green
2024-11-12 20:00:00,SYNTHETIC: Silk Board - Junction 1,600,High,Light Rain,Yellow
2024-11-12 20:00:00,SYNTHETIC: Outer Ring Road - Marathahalli,632,High,Light Rain,Green
2024-11-12 20:00:00,SYNTHETIC: Airport Road - Hebbal,644,High,Light Rain,Green
2024-11-12 20:00:00,SYNTHETIC: Bannerghatta Road - Dairy Circle,731,High,Light Rain,Green
2024-11-12 20:00:00,SYNTHETIC: Whitefield Road - KR Puram,689,High,Light Rain,Green
2024-11-12 20:00:00,SYNTHETIC: Hosur Road - Electronic City,801,High,Light Rain,Red
2024-11-13 00:00:00,SYNTHETIC: Silk Board - Junction 1,452,Moderate,Heavy Rain,Green
2024-11-13 00:00:00,SYNTHETIC: Outer Ring Road - Marathahalli,406,Moderate,Heavy Rain,Green
2024-11-13 00:00:00,SYNTHETIC: Airport Road - Hebbal,505,Moderate,Heavy Rain,Green
2024-11-13 00:00:00,SYNTHETIC: Bannerghatta Road - Dairy Circle,446,Moderate,Heavy Rain,Green
2024-11-13 00:00:00,SYNTHETIC: Whitefield Road - KR Puram,511,Moderate,Heavy Rain,Green
2024-11-13 00:00:00,SYNTHETIC: Hosur Road - Electronic City,636,Moderate,Heavy Rain,Green
2024-11-13 04:00:00,SYNTHETIC: Silk Board - Junction 1,367,Moderate,Heavy Rain,Green
2024-11-13 04:00:00,SYNTHETIC: Outer Ring Road - Marathahalli,431,Moderate,Heavy Rain,Red
2024-11-13 04:00:00,SYNTHETIC: Airport Road - Hebbal,532,Moderate,Heavy Rain,Red
2024-11-13 04:00:00,SYNTHETIC: Bannerghatta Road - Dairy Circle,439,Moderate,Heavy Rain,Red
2024-11-13 04:00:00,SYNTHETIC: Whitefield Road - KR Puram,542,Moderate,Heavy Rain,Red
2024-11-13 04:00:00,SYNTHETIC: Hosur Road - Electronic City,560,Moderate,Heavy Rain,Green
2024-11-13 08:00:00,SYNTHETIC: Silk Board - Junction 1,650,High,Heavy Rain,Red
2024-11-13 08:00:00,SYNTHETIC: Outer Ring Road - Marathahalli,608,High,Heavy Rain,Green
2024-11-13 08:00:00,SYNTHETIC: Airport Road - Hebbal,705,High,Heavy Rain,Green
2024-11-13 08:00:00,SYNTHETIC: Bannerghatta Road - Dairy Circle,681,High,Heavy Rain,Green
2024-11-13 08:00:00,SYNTHETIC: Whitefield Road - KR Puram,800,High,Heavy Rain,Green
2024-11-13 08:00:00,SYNTHETIC: Hosur Road - Electronic City,792,High,Heavy Rain,Red
2024-11-13 12:00:00,SYNTHETIC: Silk Board - Junction 1,547,Moderate,Heavy Rain,Green
2024-11-13 12:00:00,SYNTHETIC: Outer Ring Road - Marathahalli,663,High,Heavy Rain,Green
2024-11-13 12:00:00,SYNTHETIC: Airport Road - Hebbal,604,Moderate,Heavy Rain,Green
2024-11-13 12:00:00,SYNTHETIC: Bannerghatta Road - Dairy Circle,764,High,Heavy Rain,Yellow
2024-11-13 12:00:00,SYNTHETIC: Whitefield Road - KR Puram,708,High,Heavy Rain,Green
2024-11-13 12:00:00,SYNTHETIC: Hosur Road - Electronic City,750,High,Heavy Rain,Green
2024-11-13 16:00:00,SYNTHETIC: Silk Board - Junction 1,539,Moderate,Heavy Rain,Red
2024-11-13 16:00:00,SYNTHETIC: Outer Ring Road - Marathahalli,701,High,Heavy Rain,Green
2024-11-13 16:00:00,SYNTHETIC: Airport Road - Hebbal,630,High,Heavy Rain,Green
2024-11-13 16:00:00,SYNTHETIC: Bannerghatta Road - Dairy Circle,668,High,Heavy Rain,Red
2024-11-13 16:00:00,SYNTHETIC: Whitefield Road - KR Puram,808,High,Heavy Rain,Yellow
2024-11-13 16:00:00,SYNTHETIC: Hosur Road - Electronic City,815,High,Heavy Rain,Green
2024-11-13 20:00:00,SYNTHETIC: Silk Board - Junction 1,624,High,Heavy Rain,Red
2024-11-13 20:00:00,SYNTHETIC: Outer Ring Road - Marathahalli,700,High,Heavy Rain,Green
2024-11-13 20:00:00,SYNTHETIC: Airport Road - Hebbal,723,High,Heavy Rain,Yellow
2024-11-13 20:00:00,SYNTHETIC: Bannerghatta Road - Dairy Circle,732,High,Heavy Rain,Green
2024-11-13 20:00:00,SYNTHETIC: Whitefield Road - KR Puram,695,High,Heavy Rain,Green
2024-11-13 20:00:00,SYNTHETIC: Hosur Road - Electronic City,770,High,Heavy Rain,Green
2024-11-14 00:00:00,SYNTHETIC: Silk Board - Junction 1,400,Moderate,Light Rain,Red
2024-11-14 00:00:00,SYNTHETIC: Outer Ring Road - Marathahalli,466,Moderate,Light Rain,Yellow
2024-11-14 00:00:00,SYNTHETIC: Airport Road - Hebbal,505,Moderate,Light Rain,Green
2024-11-14 00:00:00,SYNTHETIC: Bannerghatta Road - Dairy Circle,558,Moderate,Light Rain,Green
2024-11-14 00:00:00,SYNTHETIC: Whitefield Road - KR Puram,593,Moderate,Light Rain,Green
2024-11-14 00:00:00,SYNTHETIC: Hosur Road - Electronic City,583,Moderate,Light Rain,Green
2024-11-14 04:00:00,SYNTHETIC: Silk Board - Junction 1,431,Moderate,Light Rain,Yellow
2024-11-14 04:00:00,SYNTHETIC: Outer Ring Road - Marathahalli,395,Moderate,Light Rain,Yellow
2024-11-14 04:00:00,SYNTHETIC: Airport Road - Hebbal,514,Moderate,Light Rain,Yellow
2024-11-14 04:00:00,SYNTHETIC: Bannerghatta Road - Dairy Circle,476,Moderate,Light Rain,Green
2024-11-14 04:00:00,SYNTHETIC: Whitefield Road - KR Puram,600,Moderate,Light Rain,Green
2024-11-14 04:00:00,SYNTHETIC: Hosur Road - Electronic City,591,Moderate,Light Rain,Yellow
2024-11-14 08:00:00,SYNTHETIC: Silk Board - Junction 1,543,Moderate,Light Rain,Green
2024-11-14 08:00:00,SYNTHETIC: Outer Ring Road - Marathahalli,566,Moderate,Light Rain,Yellow
2024-11-14 08:00:00,SYNTHETIC: Airport Road - Hebbal,637,High,Light Rain,Green
2024-11-14 08:00:00,SYNTHETIC: Bannerghatta Road - Dairy Circle,746,High,Light Rain,Green
2024-11-14 08:00:00,SYNTHETIC: Whitefield Road - KR Puram,737,High,Light Rain,Green
2024-11-14 08:00:00,SYNTHETIC: Hosur Road - Electronic City,725,High,Light Rain,Green
2024-11-14 12:00:00,SYNTHETIC: Silk Board - Junction 1,628,High,Light Rain,Red
2024-11-14 12:00:00,SYNTHETIC: Outer Ring Road - Marathahalli,667,High,Light Rain,Green
2024-11-14 12:00:00,SYNTHETIC: Airport Road - Hebbal,733,High,Light Rain,Green
2024-11-14 12:00:00,SYNTHETIC: Bannerghatta Road - Dairy Circle,649,High,Light Rain,Red
2024-11-14 12:00:00,SYNTHETIC: Whitefield Road - KR Puram,714,High,Light Rain,Green
2024-11-14 12:00:00,SYNTHETIC: Hosur Road - Electronic City,817,High,Light Rain,Green
2024-11-14 16:00:00,SYNTHETIC: Silk Board - Junction 1,662,High,Light Rain,Green
2024-11-14 16:00:00,SYNTHETIC: Outer Ring Road - Marathahalli,573,Moderate,Light Rain,Yellow
2024-11-14 16:00:00,SYNTHETIC: Airport Road - Hebbal,730,High,Light Rain,Green
2024-11-14 16:00:00,SYNTHETIC: Bannerghatta Road - Dairy Circle,694,High,Light Rain,Green
2024-11-14 16:00:00,SYNTHETIC: Whitefield Road - KR Puram,679,High,Light Rain,Green
2024-11-14 16:00:00,SYNTHETIC: Hosur Road - Electronic City,705,High,Light Rain,Red
2024-11-14 20:00:00,SYNTHETIC: Silk Board - Junction 1,552,Moderate,Light Rain,Red
2024-11-14 20:00:00,SYNTHETIC: Outer Ring Road - Marathahalli,667,High,Light Rain,Green
2024-11-14 20:00:00,SYNTHETIC: Airport Road - Hebbal,701,High,Light Rain,Green
2024-11-14 20:00:00,SYNTHETIC: Bannerghatta Road - Dairy Circle,686,High,Light Rain,Green
2024-11-14 20:00:00,SYNTHETIC: Whitefield Road - KR Puram,687,High,Light Rain,Red
2024-11-14 20:00:00,SYNTHETIC: Hosur Road - Electronic City,845,High,Light Rain,Green
2024-11-15 00:00:00,SYNTHETIC: Silk Board - Junction 1,453,Moderate,Heavy Rain,Yellow
2024-11-15 00:00:00,SYNTHETIC: Outer Ring Road - Marathahalli,451,Moderate,Heavy Rain,Red
2024-11-15 00:00:00,SYNTHETIC: Airport Road - Hebbal,517,Moderate,Heavy Rain,Yellow
2024-11-15 00:00:00,SYNTHETIC: Bannerghatta Road - Dairy Circle,442,Moderate,Heavy Rain,Green
2024-11-15 00:00:00,SYNTHETIC: Whitefield Road - KR Puram,536,Moderate,Heavy Rain,Green
2024-11-15 00:00:00,SYNTHETIC: Hosur Road - Electronic City,561,Moderate,Heavy Rain,Yellow
2024-11-15 04:00:00,SYNTHETIC: Silk Board - Junction 1,388,Moderate,Heavy Rain,Yellow
2024-11-15 04:00:00,SYNTHETIC: Outer Ring Road - Marathahalli,470,Moderate,Heavy Rain,Red
2024-11-15 04:00:00,SYNTHETIC: Airport Road - Hebbal,532,Moderate,Heavy Rain,Green
2024-11-15 04:00:00,SYNTHETIC: Bannerghatta Road - Dairy Circle,502,Moderate,Heavy Rain,Green
2024-11-15 04:00:00,SYNTHETIC: Whitefield Road - KR Puram,493,Moderate,Heavy Rain,Green
2024-11-15 04:00:00,SYNTHETIC: Hosur Road - Electronic City,592,Moderate,Heavy Rain,Green
2024-11-15 08:00:00,SYNTHETIC: Silk Board - Junction 1,575,High,Heavy Rain,Green
2024-11-15 08:00:00,SYNTHETIC: Outer Ring Road - Marathahalli,655,High,Heavy Rain,Green
2024-11-15 08:00:00,SYNTHETIC: Airport Road - Hebbal,668,High,Heavy Rain,Green
2024-11-15 08:00:00,SYNTHETIC: Bannerghatta Road - Dairy Circle,683,High,Heavy Rain,Green
2024-11-15 08:00:00,SYNTHETIC: Whitefield Road - KR Puram,721,High,Heavy Rain,Green
2024-11-15 08:00:00,SYNTHETIC: Hosur Road - Electronic City,766,High,Heavy Rain,Red
2024-11-15 12:00:00,SYNTHETIC: Silk Board - Junction 1,582,High,Heavy Rain,Green
2024-11-15 12:00:00,SYNTHETIC: Outer Ring Road - Marathahalli,628,High,Heavy Rain,Yellow
2024-11-15 12:00:00,SYNTHETIC: Airport Road - Hebbal,691,High,Heavy Rain,Green
2024-11-15 12:00:00,SYNTHETIC: Bannerghatta Road - Dairy Circle,662,High,Heavy Rain,Green
2024-11-15 12:00:00,SYNTHETIC: Whitefield Road - KR Puram,690,High,Heavy Rain,Yellow
2024-11-15 12:00:00,SYNTHETIC: Hosur Road - Electronic City,831,High,Heavy Rain,Green
2024-11-15 16:00:00,SYNTHETIC: Silk Board - Junction 1,668,High,Heavy Rain,Red
2024-11-15 16:00:00,SYNTHETIC: Outer Ring Road - Marathahalli,688,High,Heavy Rain,Green
2024-11-15 16:00:00,SYNTHETIC: Airport Road - Hebbal,680,High,Heavy Rain,Green
2024-11-15 16:00:00,SYNTHETIC: Bannerghatta Road - Dairy Circle,705,High,Heavy Rain,Green
2024-11-15 16:00:00,SYNTHETIC: Whitefield Road - KR Puram,800,High,Heavy Rain,Green
2024-11-15 16:00:00,SYNTHETIC: Hosur Road - Electronic City,761,High,Heavy Rain,Yellow
2024-11-15 20:00:00,SYNTHETIC: Silk Board - Junction 1,562,High,Heavy Rain,Green
2024-11-15 20:00:00,SYNTHETIC: Outer Ring Road - Marathahalli,673,High,Heavy Rain,Green
2024-11-15 20:00:00,SYNTHETIC: Airport Road - Hebbal,738,High,Heavy Rain,Green
2024-11-15 20:00:00,SYNTHETIC: Bannerghatta Road - Dairy Circle,723,High,Heavy Rain,Green
2024-11-15 20:00:00,SYNTHETIC: Whitefield Road - KR Puram,714,High,Heavy Rain,Green
2024-11-15 20:00:00,SYNTHETIC: Hosur Road - Electronic City,735,High,Heavy Rain,Yellow
2024-11-16 00:00:00,SYNTHETIC: Silk Board - Junction 1,541,Moderate,Heavy Rain,Green
2024-11-16 00:00:00,SYNTHETIC: Outer Ring Road - Marathahalli,538,Moderate,Heavy Rain,Red
2024-11-16 00:00:00,SYNTHETIC: Airport Road - Hebbal,598,Moderate,Heavy Rain,Yellow
2024-11-16 00:00:00,SYNTHETIC: Bannerghatta Road - Dairy Circle,644,High,Heavy Rain,Yellow
2024-11-16 00:00:00,SYNTHETIC: Whitefield Road - KR Puram,720,High,Heavy Rain,Red
2024-11-16 00:00:00,SYNTHETIC: Hosur Road - Electronic City,695,Moderate,Heavy Rain,Green
2024-11-16 04:00:00,SYNTHETIC: Silk Board - Junction 1,508,Moderate,Heavy Rain,Green
2024-11-16 04:00:00,SYNTHETIC: Outer Ring Road - Marathahalli,507,Moderate,Heavy Rain,Green
2024-11-16 04:00:00,SYNTHETIC: Airport Road - Hebbal,667,High,Heavy Rain,Green
2024-11-16 04:00:00,SYNTHETIC: Bannerghatta Road - Dairy Circle,707,High,Heavy Rain,Green
2024-11-16 04:00:00,SYNTHETIC: Whitefield Road - KR Puram,690,High,Heavy Rain,Yellow
2024-11-16 04:00:00,SYNTHETIC: Hosur Road - Electronic City,721,High,Heavy Rain,Green
2024-11-16 08:00:00,SYNTHETIC: Silk Board - Junction 1,682,High,Heavy Rain,Green
2024-11-16 08:00:00,SYNTHETIC: Outer Ring Road - Marathahalli,746,High,Heavy Rain,Green
2024-11-16 08:00:00,SYNTHETIC: Airport Road - Hebbal,805,Severe,Heavy Rain,Green
2024-11-16 08:00:00,SYNTHETIC: Bannerghatta Road - Dairy Circle,799,High,Heavy Rain,Green
2024-11-16 08:00:00,SYNTHETIC: Whitefield Road - KR Puram,895,Severe,Heavy Rain,Green
2024-11-16 08:00:00,SYNTHETIC: Hosur Road - Electronic City,937,Severe,Heavy Rain,Green
2024-11-16 12:00:00,SYNTHETIC: Silk Board - Junction 1,735,Severe,Heavy Rain,Green
2024-11-16 12:00:00,SYNTHETIC: Outer Ring Road - Marathahalli,810,Severe,Heavy Rain,Green
2024-11-16 12:00:00,SYNTHETIC: Airport Road - Hebbal,790,High,Heavy Rain,Green
2024-11-16 12:00:00,SYNTHETIC: Bannerghatta Road - Dairy Circle,912,Severe,Heavy Rain,Green
2024-11-16 12:00:00,SYNTHETIC: Whitefield Road - KR Puram,882,Severe,Heavy Rain,Green
2024-11-16 12:00:00,SYNTHETIC: Hosur Road - Electronic City,975,Severe,Heavy Rain,Green
2024-11-16 16:00:00,SYNTHETIC: Silk Board - Junction 1,784,Severe,Heavy Rain,Red
2024-11-16 16:00:00,SYNTHETIC: Outer Ring Road - Marathahalli,802,Severe,Heavy Rain,Green
2024-11-16 16:00:00,SYNTHETIC: Airport Road - Hebbal,858,Severe,Heavy Rain,Green
2024-11-16 16:00:00,SYNTHETIC: Bannerghatta Road - Dairy Circle,812,High,Heavy Rain,Red
2024-11-16 16:00:00,SYNTHETIC: Whitefield Road - KR Puram,896,Severe,Heavy Rain,Green
2024-11-16 16:00:00,SYNTHETIC: Hosur Road - Electronic City,948,Severe,Heavy Rain,Yellow
2024-11-16 20:00:00,SYNTHETIC: Silk Board - Junction 1,688,High,Heavy Rain,Green
2024-11-16 20:00:00,SYNTHETIC: Outer Ring Road - Marathahalli,792,Severe,Heavy Rain,Green
2024-11-16 20:00:00,SYNTHETIC: Airport Road - Hebbal,821,Severe,Heavy Rain,Yellow
2024-11-16 20:00:00,SYNTHETIC: Bannerghatta Road - Dairy Circle,843,Severe,Heavy Rain,Green
2024-11-16 20:00:00,SYNTHETIC: Whitefield Road - KR Puram,911,Severe,Heavy Rain,Green
2024-11-16 20:00:00,SYNTHETIC: Hosur Road - Electronic City,958,Severe,Heavy Rain,Yellow
2024-11-17 00:00:00,SYNTHETIC: Silk Board - Junction 1,509,Moderate,Light Rain,Green
2024-11-17 00:00:00,SYNTHETIC: Outer Ring Road - Marathahalli,604,High,Light Rain,Green
2024-11-17 00:00:00,SYNTHETIC: Airport Road - Hebbal,603,Moderate,Light Rain,Yellow
2024-11-17 00:00:00,SYNTHETIC: Bannerghatta Road - Dairy Circle,688,High,Light Rain,Green
2024-11-17 00:00:00,SYNTHETIC: Whitefield Road - KR Puram,643,Moderate,Light Rain,Green
2024-11-17 00:00:00,SYNTHETIC: Hosur Road - Electronic City,688,Moderate,Light Rain,Green
2024-11-17 04:00:00,SYNTHETIC: Silk Board - Junction 1,561,High,Light Rain,Red
2024-11-17 04:00:00,SYNTHETIC: Outer Ring Road - Marathahalli,588,High,Light Rain,Red
2024-11-17 04:00:00,SYNTHETIC: Airport Road - Hebbal,659,High,Light Rain,Red
2024-11-17 04:00:00,SYNTHETIC: Bannerghatta Road - Dairy Circle,713,High,Light Rain,Red
2024-11-17 04:00:00,SYNTHETIC: Whitefield Road - KR Puram,750,High,Light Rain,Green
2024-11-17 04:00:00,SYNTHETIC: Hosur Road - Electronic City,783,High,Light Rain,Green
2024-11-17 08:00:00,SYNTHETIC: Silk Board - Junction 1,786,Severe,Light Rain,Green
2024-11-17 08:00:00,SYNTHETIC: Outer Ring Road - Marathahalli,816,Severe,Light Rain,Green
2024-11-17 08:00:00,SYNTHETIC: Airport Road - Hebbal,876,Severe,Light Rain,Green
2024-11-17 08:00:00,SYNTHETIC: Bannerghatta Road - Dairy Circle,863,Severe,Light Rain,Green
2024-11-17 08:00:00,SYNTHETIC: Whitefield Road - KR Puram,868,Severe,Light Rain,Yellow
2024-11-17 08:00:00,SYNTHETIC: Hosur Road - Electronic City,958,Severe,Light Rain,Green
2024-11-17 12:00:00,SYNTHETIC: Silk Board - Junction 1,775,Severe,Light Rain,Green
2024-11-17 12:00:00,SYNTHETIC: Outer Ring Road - Marathahalli,782,Severe,Light Rain,Green
2024-11-17 12:00:00,SYNTHETIC: Airport Road - Hebbal,873,Severe,Light Rain,Yellow
2024-11-17 12:00:00,SYNTHETIC: Bannerghatta Road - Dairy Circle,809,High,Light Rain,Green
2024-11-17 12:00:00,SYNTHETIC: Whitefield Road - KR Puram,930,Severe,Light Rain,Green
2024-11-17 12:00:00,SYNTHETIC: Hosur Road - Electronic City,970,Severe,Light Rain,Red
2024-11-17 16:00:00,SYNTHETIC: Silk Board - Junction 1,792,Severe,Light Rain,Green
2024-11-17 16:00:00,SYNTHETIC: Outer Ring Road - Marathahalli,815,Severe,Light Rain,Yellow
2024-11-17 16:00:00,SYNTHETIC: Airport Road - Hebbal,799,Severe,Light Rain,Yellow
2024-11-17 16:00:00,SYNTHETIC: Bannerghatta Road - Dairy Circle,915,Severe,Light Rain,Green
2024-11-17 16:00:00,SYNTHETIC: Whitefield Road - KR Puram,915,Severe,Light Rain,Red
2024-11-17 16:00:00,SYNTHETIC: Hosur Road - Electronic City,956,Severe,Light Rain,Green
2024-11-17 20:00:00,SYNTHETIC: Silk Board - Junction 1,711,High,Light Rain,Yellow
2024-11-17 20:00:00,SYNTHETIC: Outer Ring Road - Marathahalli,804,Severe,Light Rain,Yellow
2024-11-17 20:00:00,SYNTHETIC: Airport Road - Hebbal,796,Severe,Light Rain,Green
2024-11-17 20:00:00,SYNTHETIC: Bannerghatta Road - Dairy Circle,883,Severe,Light Rain,Green
2024-11-17 20:00:00,SYNTHETIC: Whitefield Road - KR Puram,942,Severe,Light Rain,Yellow
2024-11-17 20:00:00,SYNTHETIC: Hosur Road - Electronic City,914,Severe,Light Rain,Green
2024-11-18 00:00:00,SYNTHETIC: Silk Board - Junction 1,209,Low,Clear,Green
2024-11-18 00:00:00,SYNTHETIC: Outer Ring Road - Marathahalli,188,Low,Clear,Green
2024-11-18 00:00:00,SYNTHETIC: Airport Road - Hebbal,307,Low,Clear,Green
2024-11-18 00:00:00,SYNTHETIC: Bannerghatta Road - Dairy Circle,382,Low,Clear,Red
2024-11-18 00:00:00,SYNTHETIC: Whitefield Road - KR Puram,408,Low,Clear,Yellow
2024-11-18 00:00:00,SYNTHETIC: Hosur Road - Electronic City,333,Low,Clear,Green
2024-11-18 04:00:00,SYNTHETIC: Silk Board - Junction 1,187,Low,Clear,Green
2024-11-18 04:00:00,SYNTHETIC: Outer Ring Road - Marathahalli,285,Low,Clear,Green
2024-11-18 04:00:00,SYNTHETIC: Airport Road - Hebbal,340,Low,Clear,Green
2024-11-18 04:00:00,SYNTHETIC: Bannerghatta Road - Dairy Circle,319,Low,Clear,Yellow
2024-11-18 04:00:00,SYNTHETIC: Whitefield Road - KR Puram,293,Low,Clear,Green
2024-11-18 04:00:00,SYNTHETIC: Hosur Road - Electronic City,388,Low,Clear,Green
2024-11-18 08:00:00,SYNTHETIC: Silk Board - Junction 1,463,Moderate,Clear,Green
2024-11-18 08:00:00,SYNTHETIC: Outer Ring Road - Marathahalli,393,Moderate,Clear,Green
2024-11-18 08:00:00,SYNTHETIC: Airport Road - Hebbal,444,Moderate,Clear,Green
2024-11-18 08:00:00,SYNTHETIC: Bannerghatta Road - Dairy Circle,508,Moderate,Clear,Green
2024-11-18 08:00:00,SYNTHETIC: Whitefield Road - KR Puram,569,Moderate,Clear,Red
2024-11-18 08:00:00,SYNTHETIC: Hosur Road - Electronic City,565,Moderate,Clear,Green
2024-11-18 12:00:00,SYNTHETIC: Silk Board - Junction 1,360,Moderate,Clear,Yellow
2024-11-18 12:00:00,SYNTHETIC: Outer Ring Road - Marathahalli,525,Moderate,Clear,Green
2024-11-18 12:00:00,SYNTHETIC: Airport Road - Hebbal,484,Moderate,Clear,Green
2024-11-18 12:00:00,SYNTHETIC: Bannerghatta Road - Dairy Circle,531,Moderate,Clear,Green
2024-11-18 12:00:00,SYNTHETIC: Whitefield Road - KR Puram,503,Moderate,Clear,Red
2024-11-18 12:00:00,SYNTHETIC: Hosur Road - Electronic City,580,Moderate,Clear,Red
2024-11-18 16:00:00,SYNTHETIC: Silk Board - Junction 1,410,Moderate,Clear,Green
2024-11-18 16:00:00,SYNTHETIC: Outer Ring Road - Marathahalli,468,Moderate,Clear,Green
2024-11-18 16:00:00,SYNTHETIC: Airport Road - Hebbal,490,Moderate,Clear,Green
2024-11-18 16:00:00,SYNTHETIC: Bannerghatta Road - Dairy Circle,556,Moderate,Clear,Yellow
2024-11-18 16:00:00,SYNTHETIC: Whitefield Road - KR Puram,492,Moderate,Clear,Red
2024-11-18 16:00:00,SYNTHETIC: Hosur Road - Electronic City,646,Moderate,Clear,Yellow
2024-11-18 20:00:00,SYNTHETIC: Silk Board - Junction 1,389,Moderate,Clear,Green
2024-11-18 20:00:00,SYNTHETIC: Outer Ring Road - Marathahalli,407,Moderate,Clear,Green
2024-11-18 20:00:00,SYNTHETIC: Airport Road - Hebbal,547,Moderate,Clear,Green
2024-11-18 20:00:00,SYNTHETIC: Bannerghatta Road - Dairy Circle,541,Moderate,Clear,Red
2024-11-18 20:00:00,SYNTHETIC: Whitefield Road - KR Puram,505,Moderate,Clear,Green
2024-11-18 20:00:00,SYNTHETIC: Hosur Road - Electronic City,564,Moderate,Clear,Yellow
2024-11-19 00:00:00,SYNTHETIC: Silk Board - Junction 1,412,Moderate,Light Rain,Yellow
2024-11-19 00:00:00,SYNTHETIC: Outer Ring Road - Marathahalli,435,Moderate,Light Rain,Red
2024-11-19 00:00:00,SYNTHETIC: Airport Road - Hebbal,441,Moderate,Light Rain,Green
2024-11-19 00:00:00,SYNTHETIC: Bannerghatta Road - Dairy Circle,474,Moderate,Light Rain,Green
2024-11-19 00:00:00,SYNTHETIC: Whitefield Road - KR Puram,537,Moderate,Light Rain,Green
2024-11-19 00:00:00,SYNTHETIC: Hosur Road - Electronic City,621,Moderate,Light Rain,Green
2024-11-19 04:00:00,SYNTHETIC: Silk Board - Junction 1,459,Moderate,Light Rain,Green
2024-11-19 04:00:00,SYNTHETIC: Outer Ring Road - Marathahalli,412,Moderate,Light Rain,Red
2024-11-19 04:00:00,SYNTHETIC: Airport Road - Hebbal,493,Moderate,Light Rain,Yellow
2024-11-19 04:00:00,SYNTHETIC: Bannerghatta Road - Dairy Circle,496,Moderate,Light Rain,Green
2024-11-19 04:00:00,SYNTHETIC: Whitefield Road - KR Puram,486,Moderate,Light Rain,Yellow
2024-11-19 04:00:00,SYNTHETIC: Hosur Road - Electronic City,642,Moderate,Light Rain,Yellow
2024-11-19 08:00:00,SYNTHETIC: Silk Board - Junction 1,578,High,Light Rain,Green
2024-11-19 08:00:00,SYNTHETIC: Outer Ring Road - Marathahalli,692,High,Light Rain,Yellow
2024-11-19 08:00:00,SYNTHETIC: Airport Road - Hebbal,639,High,Light Rain,Green
2024-11-19 08:00:00,SYNTHETIC: Bannerghatta Road - Dairy Circle,717,High,Light Rain,Green
2024-11-19 08:00:00,SYNTHETIC: Whitefield Road - KR Puram,752,High,Light Rain,Green
2024-11-19 08:00:00,SYNTHETIC: Hosur Road - Electronic City,838,High,Light Rain,Yellow
2024-11-19 12:00:00,SYNTHETIC: Silk Board - Junction 1,541,Moderate,Light Rain,Yellow
2024-11-19 12:00:00,SYNTHETIC: Outer Ring Road - Marathahalli,598,High,Light Rain,Green
2024-11-19 12:00:00,SYNTHETIC: Airport Road - Hebbal,608,Moderate,Light Rain,Green
2024-11-19 12:00:00,SYNTHETIC: Bannerghatta Road - Dairy Circle,759,High,Light Rain,Green
2024-11-19 12:00:00,SYNTHETIC: Whitefield Road - KR Puram,678,High,Light Rain,Green
2024-11-19 12:00:00,SYNTHETIC: Hosur Road - Electronic City,804,High,Light Rain,Yellow
2024-11-19 16:00:00,SYNTHETIC: Silk Board - Junction 1,664,High,Light Rain,Green
2024-11-19 16:00:00,SYNTHETIC: Outer Ring Road - Marathahalli,630,High,Light Rain,Green
2024-11-19 16:00:00,SYNTHETIC: Airport Road - Hebbal,656,High,Light Rain,Green
2024-11-19 16:00:00,SYNTHETIC: Bannerghatta Road - Dairy Circle,653,High,Light Rain,Green
2024-11-19 16:00:00,SYNTHETIC: Whitefield Road - KR Puram,723,High,Light Rain,Yellow
2024-11-19 16:00:00,SYNTHETIC: Hosur Road - Electronic City,725,High,Light Rain,Green
2024-11-19 20:00:00,SYNTHETIC: Silk Board - Junction 1,545,Moderate,Light Rain,Green
2024-11-19 20:00:00,SYNTHETIC: Outer Ring Road - Marathahalli,671,High,Light Rain,Yellow
2024-11-19 20:00:00,SYNTHETIC: Airport Road - Hebbal,614,Moderate,Light Rain,Yellow
2024-11-19 20:00:00,SYNTHETIC: Bannerghatta Road - Dairy Circle,703,High,Light Rain,Green
2024-11-19 20:00:00,SYNTHETIC: Whitefield Road - KR Puram,688,High,Light Rain,Yellow
2024-11-19 20:00:00,SYNTHETIC: Hosur Road - Electronic City,724,High,Light Rain,Red
2024-11-20 00:00:00,SYNTHETIC: Silk Board - Junction 1,459,Moderate,Heavy Rain,Green
2024-11-20 00:00:00,SYNTHETIC: Outer Ring Road - Marathahalli,405,Moderate,Heavy Rain,Green
2024-11-20 00:00:00,SYNTHETIC: Airport Road - Hebbal,513,Moderate,Heavy Rain,Red
2024-11-20 00:00:00,SYNTHETIC: Bannerghatta Road - Dairy Circle,515,Moderate,Heavy Rain,Green
2024-11-20 00:00:00,SYNTHETIC: Whitefield Road - KR Puram,553,Moderate,Heavy Rain,Yellow
2024-11-20 00:00:00,SYNTHETIC: Hosur Road - Electronic City,610,Moderate,Heavy Rain,Yellow
2024-11-20 04:00:00,SYNTHETIC: Silk Board - Junction 1,440,Moderate,Heavy Rain,Yellow
2024-11-20 04:00:00,SYNTHETIC: Outer Ring Road - Marathahalli,447,Moderate,Heavy Rain,Green
2024-11-20 04:00:00,SYNTHETIC: Airport Road - Hebbal,539,Moderate,Heavy Rain,Green
2024-11-20 04:00:00,SYNTHETIC: Bannerghatta Road - Dairy Circle,575,Moderate,Heavy Rain,Red
2024-11-20 04:00:00,SYNTHETIC: Whitefield Road - KR Puram,535,Moderate,Heavy Rain,Green
2024-11-20 04:00:00,SYNTHETIC: Hosur Road - Electronic City,620,Moderate,Heavy Rain,Green
2024-11-20 08:00:00,SYNTHETIC: Silk Board - Junction 1,631,High,Heavy Rain,Green
2024-11-20 08:00:00,SYNTHETIC: Outer Ring Road - Marathahalli,573,Moderate,Heavy Rain,Red
2024-11-20 08:00:00,SYNTHETIC: Airport Road - Hebbal,604,Moderate,Heavy Rain,Green
2024-11-20 08:00:00,SYNTHETIC: Bannerghatta Road - Dairy Circle,712,High,Heavy Rain,Green
2024-11-20 08:00:00,SYNTHETIC: Whitefield Road - KR Puram,726,High,Heavy Rain,Green
2024-11-20 08:00:00,SYNTHETIC: Hosur Road - Electronic City,785,High,Heavy Rain,Green
2024-11-20 12:00:00,SYNTHETIC: Silk Board - Junction 1,600,High,Heavy Rain,Red
2024-11-20 12:00:00,SYNTHETIC: Outer Ring Road - Marathahalli,695,High,Heavy Rain,Green
2024-11-20 12:00:00,SYNTHETIC: Airport Road - Hebbal,639,High,Heavy Rain,Green
2024-11-20 12:00:00,SYNTHETIC: Bannerghatta Road - Dairy Circle,752,High,Heavy Rain,Green
2024-11-20 12:00:00,SYNTHETIC: Whitefield Road - KR Puram,705,High,Heavy Rain,Green
2024-11-20 12:00:00,SYNTHETIC: Hosur Road - Electronic City,768,High,Heavy Rain,Green
2024-11-20 16:00:00,SYNTHETIC: Silk Board - Junction 1,606,High,Heavy Rain,Green
2024-11-20 16:00:00,SYNTHETIC: Outer Ring Road - Marathahalli,667,High,Heavy Rain,Green
2024-11-20 16:00:00,SYNTHETIC: Airport Road - Hebbal,655,High,Heavy Rain,Yellow
2024-11-20 16:00:00,SYNTHETIC: Bannerghatta Road - Dairy Circle,718,High,Heavy Rain,Yellow
2024-11-20 16:00:00,SYNTHETIC: Whitefield Road - KR Puram,714,High,Heavy Rain,Green
2024-11-20 16:00:00,SYNTHETIC: Hosur Road - Electronic City,729,High,Heavy Rain,Green
2024-11-20 20:00:00,SYNTHETIC: Silk Board - Junction 1,606,High,Heavy Rain,Green
2024-11-20 20:00:00,SYNTHETIC: Outer Ring Road - Marathahalli,662,High,Heavy Rain,Green
2024-11-20 20:00:00,SYNTHETIC: Airport Road - Hebbal,614,Moderate,Heavy Rain,Red
2024-11-20 20:00:00,SYNTHETIC: Bannerghatta Road - Dairy Circle,720,High,Heavy Rain,Green
2024-11-20 20:00:00,SYNTHETIC: Whitefield Road - KR Puram,781,High,Heavy Rain,Green
2024-11-20 20:00:00,SYNTHETIC: Hosur Road - Electronic City,735,High,Heavy Rain,Red
2024-11-21 00:00:00,SYNTHETIC: Silk Board - Junction 1,430,Moderate,Light Rain,Green
2024-11-21 00:00:00,SYNTHETIC: Outer Ring Road - Marathahalli,451,Moderate,Light Rain,Green
2024-11-21 00:00:00,SYNTHETIC: Airport Road - Hebbal,412,Moderate,Light Rain,Green
2024-11-21 00:00:00,SYNTHETIC: Bannerghatta Road - Dairy Circle,502,Moderate,Light Rain,Green
2024-11-21 00:00:00,SYNTHETIC: Whitefield Road - KR Puram,598,Moderate,Light Rain,Green
2024-11-21 00:00:00,SYNTHETIC: Hosur Road - Electronic City,538,Moderate,Light Rain,Yellow
2024-11-21 04:00:00,SYNTHETIC: Silk Board - Junction 1,453,Moderate,Light Rain,Green
2024-11-21 04:00:00,SYNTHETIC: Outer Ring Road - Marathahalli,489,Moderate,Light Rain,Green
2024-11-21 04:00:00,SYNTHETIC: Airport Road - Hebbal,450,Moderate,Light Rain,Green
2024-11-21 04:00:00,SYNTHETIC: Bannerghatta Road - Dairy Circle,569,Moderate,Light Rain,Green
2024-11-21 04:00:00,SYNTHETIC: Whitefield Road - KR Puram,488,Moderate,Light Rain,Green
2024-11-21 04:00:00,SYNTHETIC: Hosur Road - Electronic City,615,Moderate,Light Rain,Green
2024-11-21 08:00:00,SYNTHETIC: Silk Board - Junction 1,552,Moderate,Light Rain,Green
2024-11-21 08:00:00,SYNTHETIC: Outer Ring Road - Marathahalli,670,High,Light Rain,Green
2024-11-21 08:00:00,SYNTHETIC: Airport Road - Hebbal,689,High,Light Rain,Green
2024-11-21 08:00:00,SYNTHETIC: Bannerghatta Road - Dairy Circle,723,High,Light Rain,Green
2024-11-21 08:00:00,SYNTHETIC: Whitefield Road - KR Puram,676,High,Light Rain,Yellow
2024-11-21 08:00:00,SYNTHETIC: Hosur Road - Electronic City,748,High,Light Rain,Red
2024-11-21 12:00:00,SYNTHETIC: Silk Board - Junction 1,643,High,Light Rain,Green
2024-11-21 12:00:00,SYNTHETIC: Outer Ring Road - Marathahalli,677,High,Light Rain,Green
2024-11-21 12:00:00,SYNTHETIC: Airport Road - Hebbal,659,High,Light Rain,Green
2024-11-21 12:00:00,SYNTHETIC: Bannerghatta Road - Dairy Circle,730,High,Light Rain,Green
2024-11-21 12:00:00,SYNTHETIC: Whitefield Road - KR Puram,691,High,Light Rain,Green
2024-11-21 12:00:00,SYNTHETIC: Hosur Road - Electronic City,718,High,Light Rain,Green
2024-11-21 16:00:00,SYNTHETIC: Silk Board - Junction 1,567,High,Light Rain,Red
2024-11-21 16:00:00,SYNTHETIC: Outer Ring Road - Marathahalli,638,High,Light Rain,Green
2024-11-21 16:00:00,SYNTHETIC: Airport Road - Hebbal,628,High,Light Rain,Green
2024-11-21 16:00:00,SYNTHETIC: Bannerghatta Road - Dairy Circle,755,High,Light Rain,Green
2024-11-21 16:00:00,SYNTHETIC: Whitefield Road - KR Puram,723,High,Light Rain,Yellow
2024-11-21 16:00:00,SYNTHETIC: Hosur Road - Electronic City,759,High,Light Rain,Green
2024-11-21 20:00:00,SYNTHETIC: Silk Board - Junction 1,663,High,Light Rain,Yellow
2024-11-21 20:00:00,SYNTHETIC: Outer Ring Road - Marathahalli,705,High,Light Rain,Green
2024-11-21 20:00:00,SYNTHETIC: Airport Road - Hebbal,636,High,Light Rain,Yellow
2024-11-21 20:00:00,SYNTHETIC: Bannerghatta Road - Dairy Circle,639,Moderate,Light Rain,Green
2024-11-21 20:00:00,SYNTHETIC: Whitefield Road - KR Puram,804,High,Light Rain,Green
2024-11-21 20:00:00,SYNTHETIC: Hosur Road - Electronic City,748,High,Light Rain,Green
2024-11-22 00:00:00,SYNTHETIC: Silk Board - Junction 1,335,Low,Heavy Rain,Green
2024-11-22 00:00:00,SYNTHETIC: Outer Ring Road - Marathahalli,500,Moderate,Heavy Rain,Green
2024-11-22 00:00:00,SYNTHETIC: Airport Road - Hebbal,525,Moderate,Heavy Rain,Green
2024-11-22 00:00:00,SYNTHETIC: Bannerghatta Road - Dairy Circle,475,Moderate,Heavy Rain,Green
2024-11-22 00:00:00,SYNTHETIC: Whitefield Road - KR Puram,560,Moderate,Heavy Rain,Green
2024-11-22 00:00:00,SYNTHETIC: Hosur Road - Electronic City,582,Moderate,Heavy Rain,Green
2024-11-22 04:00:00,SYNTHETIC: Silk Board - Junction 1,458,Moderate,Heavy Rain,Green
2024-11-22 04:00:00,SYNTHETIC: Outer Ring Road - Marathahalli,380,Moderate,Heavy Rain,Green
2024-11-22 04:00:00,SYNTHETIC: Airport Road - Hebbal,499,Moderate,Heavy Rain,Red
2024-11-22 04:00:00,SYNTHETIC: Bannerghatta Road - Dairy Circle,442,Moderate,Heavy Rain,Red
2024-11-22 04:00:00,SYNTHETIC: Whitefield Road - KR Puram,541,Moderate,Heavy Rain,Green
2024-11-22 04:00:00,SYNTHETIC: Hosur Road - Electronic City,592,Moderate,Heavy Rain,Red
2024-11-22 08:00:00,SYNTHETIC: Silk Board - Junction 1,565,High,Heavy Rain,Green
2024-11-22 08:00:00,SYNTHETIC: Outer Ring Road - Marathahalli,662,High,Heavy Rain,Green
2024-11-22 08:00:00,SYNTHETIC: Airport Road - Hebbal,658,High,Heavy Rain,Green
2024-11-22 08:00:00,SYNTHETIC: Bannerghatta Road - Dairy Circle,674,High,Heavy Rain,Green
2024-11-22 08:00:00,SYNTHETIC: Whitefield Road - KR Puram,749,High,Heavy Rain,Red
2024-11-22 08:00:00,SYNTHETIC: Hosur Road - Electronic City,789,High,Heavy Rain,Green
2024-11-22 12:00:00,SYNTHETIC: Silk Board - Junction 1,563,High,Heavy Rain,Green
2024-11-22 12:00:00,SYNTHETIC: Outer Ring Road - Marathahalli,600,High,Heavy Rain,Green
2024-11-22 12:00:00,SYNTHETIC: Airport Road - Hebbal,651,High,Heavy Rain,Red
2024-11-22 12:00:00,SYNTHETIC: Bannerghatta Road - Dairy Circle,714,High,Heavy Rain,Yellow
2024-11-22 12:00:00,SYNTHETIC: Whitefield Road - KR Puram,804,High,Heavy Rain,Red
2024-11-22 12:00:00,SYNTHETIC: Hosur Road - Electronic City,815,High,Heavy Rain,Red
2024-11-22 16:00:00,SYNTHETIC: Silk Board - Junction 1,567,High,Heavy Rain,Yellow
2024-11-22 16:00:00,SYNTHETIC: Outer Ring Road - Marathahalli,605,High,Heavy Rain,Green
2024-11-22 16:00:00,SYNTHETIC: Airport Road - Hebbal,736,High,Heavy Rain,Red
2024-11-22 16:00:00,SYNTHETIC: Bannerghatta Road - Dairy Circle,665,High,Heavy Rain,Green
2024-11-22 16:00:00,SYNTHETIC: Whitefield Road - KR Puram,707,High,Heavy Rain,Yellow
2024-11-22 16:00:00,SYNTHETIC: Hosur Road - Electronic City,786,High,Heavy Rain,Red
2024-11-22 20:00:00,SYNTHETIC: Silk Board - Junction 1,635,High,Heavy Rain,Red
2024-11-22 20:00:00,SYNTHETIC: Outer Ring Road - Marathahalli,642,High,Heavy Rain,Green
2024-11-22 20:00:00,SYNTHETIC: Airport Road - Hebbal,670,High,Heavy Rain,Green
2024-11-22 20:00:00,SYNTHETIC: Bannerghatta Road - Dairy Circle,683,High,Heavy Rain,Green
2024-11-22 20:00:00,SYNTHETIC: Whitefield Road - KR Puram,717,High,Heavy Rain,Green
2024-11-22 20:00:00,SYNTHETIC: Hosur Road - Electronic City,773,High,Heavy Rain,Green
2024-11-23 00:00:00,SYNTHETIC: Silk Board - Junction 1,342,Low,Cloudy,Green
2024-11-23 00:00:00,SYNTHETIC: Outer Ring Road - Marathahalli,437,Moderate,Cloudy,Red
2024-11-23 00:00:00,SYNTHETIC: Airport Road - Hebbal,485,Moderate,Cloudy,Yellow
2024-11-23 00:00:00,SYNTHETIC: Bannerghatta Road - Dairy Circle,512,Moderate,Cloudy,Red
2024-11-23 00:00:00,SYNTHETIC: Whitefield Road - KR Puram,539,Moderate,Cloudy,Green
2024-11-23 00:00:00,SYNTHETIC: Hosur Road - Electronic City,475,Moderate,Cloudy,Green
2024-11-23 04:00:00,SYNTHETIC: Silk Board - Junction 1,387,Moderate,Cloudy,Yellow
2024-11-23 04:00:00,SYNTHETIC: Outer Ring Road - Marathahalli,425,Moderate,Cloudy,Green
2024-11-23 04:00:00,SYNTHETIC: Airport Road - Hebbal,497,Moderate,Cloudy,Green
2024-11-23 04:00:00,SYNTHETIC: Bannerghatta Road - Dairy Circle,404,Low,Cloudy,Green
2024-11-23 04:00:00,SYNTHETIC: Whitefield Road - KR Puram,545,Moderate,Cloudy,Green
2024-11-23 04:00:00,SYNTHETIC: Hosur Road - Electronic City,475,Moderate,Cloudy,Red
2024-11-23 08:00:00,SYNTHETIC: Silk Board - Junction 1,552,Moderate,Cloudy,Green
2024-11-23 08:00:00,SYNTHETIC: Outer Ring Road - Marathahalli,626,High,Cloudy,Red
2024-11-23 08:00:00,SYNTHETIC: Airport Road - Hebbal,570,Moderate,Cloudy,Green
2024-11-23 08:00:00,SYNTHETIC: Bannerghatta Road - Dairy Circle,727,High,Cloudy,Yellow
2024-11-23 08:00:00,SYNTHETIC: Whitefield Road - KR Puram,642,Moderate,Cloudy,Green
2024-11-23 08:00:00,SYNTHETIC: Hosur Road - Electronic City,777,High,Cloudy,Green
2024-11-23 12:00:00,SYNTHETIC: Silk Board - Junction 1,567,High,Cloudy,Yellow
2024-11-23 12:00:00,SYNTHETIC: Outer Ring Road - Marathahalli,598,High,Cloudy,Green
2024-11-23 12:00:00,SYNTHETIC: Airport Road - Hebbal,668,High,Cloudy,Green
2024-11-23 12:00:00,SYNTHETIC: Bannerghatta Road - Dairy Circle,608,Moderate,Cloudy,Yellow
2024-11-23 12:00:00,SYNTHETIC: Whitefield Road - KR Puram,666,Moderate,Cloudy,Green
2024-11-23 12:00:00,SYNTHETIC: Hosur Road - Electronic City,780,High,Cloudy,Green
2024-11-23 16:00:00,SYNTHETIC: Silk Board - Junction 1,618,High,Cloudy,Green
2024-11-23 16:00:00,SYNTHETIC: Outer Ring Road - Marathahalli,664,High,Cloudy,Green
2024-11-23 16:00:00,SYNTHETIC: Airport Road - Hebbal,665,High,Cloudy,Green
2024-11-23 16:00:00,SYNTHETIC: Bannerghatta Road - Dairy Circle,601,Moderate,Cloudy,Green
2024-11-23 16:00:00,SYNTHETIC: Whitefield Road - KR Puram,681,High,Cloudy,Red
2024-11-23 16:00:00,SYNTHETIC: Hosur Road - Electronic City,688,Moderate,Cloudy,Green
2024-11-23 20:00:00,SYNTHETIC: Silk Board - Junction 1,531,Moderate,Cloudy,Yellow
2024-11-23 20:00:00,SYNTHETIC: Outer Ring Road - Marathahalli,556,Moderate,Cloudy,Green
2024-11-23 20:00:00,SYNTHETIC: Airport Road - Hebbal,675,High,Cloudy,Green
2024-11-23 20:00:00,SYNTHETIC: Bannerghatta Road - Dairy Circle,616,Moderate,Cloudy,Green
2024-11-23 20:00:00,SYNTHETIC: Whitefield Road - KR Puram,728,High,Cloudy,Yellow
2024-11-23 20:00:00,SYNTHETIC: Hosur Road - Electronic City,795,High,Cloudy,Green
2024-11-24 00:00:00,SYNTHETIC: Silk Board - Junction 1,609,High,Heavy Rain,Yellow
2024-11-24 00:00:00,SYNTHETIC: Outer Ring Road - Marathahalli,631,High,Heavy Rain,Green
2024-11-24 00:00:00,SYNTHETIC: Airport Road - Hebbal,661,High,Heavy Rain,Green
2024-11-24 00:00:00,SYNTHETIC: Bannerghatta Road - Dairy Circle,688,High,Heavy Rain,Green
2024-11-24 00:00:00,SYNTHETIC: Whitefield Road - KR Puram,611,Moderate,Heavy Rain,Green
2024-11-24 00:00:00,SYNTHETIC: Hosur Road - Electronic City,785,High,Heavy Rain,Green
2024-11-24 04:00:00,SYNTHETIC: Silk Board - Junction 1,523,Moderate,Heavy Rain,Green
2024-11-24 04:00:00,SYNTHETIC: Outer Ring Road - Marathahalli,542,Moderate,Heavy Rain,Green
2024-11-24 04:00:00,SYNTHETIC: Airport Road - Hebbal,629,High,Heavy Rain,Green
2024-11-24 04:00:00,SYNTHETIC: Bannerghatta Road - Dairy Circle,583,Moderate,Heavy Rain,Yellow
2024-11-24 04:00:00,SYNTHETIC: Whitefield Road - KR Puram,686,High,Heavy Rain,Green
2024-11-24 04:00:00,SYNTHETIC: Hosur Road - Electronic City,667,Moderate,Heavy Rain,Green
2024-11-24 08:00:00,SYNTHETIC: Silk Board - Junction 1,776,Severe,Heavy Rain,Red
2024-11-24 08:00:00,SYNTHETIC: Outer Ring Road - Marathahalli,746,High,Heavy Rain,Yellow
2024-11-24 08:00:00,SYNTHETIC: Airport Road - Hebbal,785,High,Heavy Rain,Red
2024-11-24 08:00:00,SYNTHETIC: Bannerghatta Road - Dairy Circle,867,Severe,Heavy Rain,Red
2024-11-24 08:00:00,SYNTHETIC: Whitefield Road - KR Puram,833,High,Heavy Rain,Yellow
2024-11-24 08:00:00,SYNTHETIC: Hosur Road - Electronic City,927,Severe,Heavy Rain,Green
2024-11-24 12:00:00,SYNTHETIC: Silk Board - Junction 1,767,Severe,Heavy Rain,Yellow
2024-11-24 12:00:00,SYNTHETIC: Outer Ring Road - Marathahalli,814,Severe,Heavy Rain,Yellow
2024-11-24 12:00:00,SYNTHETIC: Airport Road - Hebbal,756,High,Heavy Rain,Green
2024-11-24 12:00:00,SYNTHETIC: Bannerghatta Road - Dairy Circle,809,High,Heavy Rain,Green
2024-11-24 12:00:00,SYNTHETIC: Whitefield Road - KR Puram,880,Severe,Heavy Rain,Green
2024-11-24 12:00:00,SYNTHETIC: Hosur Road - Electronic City,950,Severe,Heavy Rain,Green
2024-11-24 16:00:00,SYNTHETIC: Silk Board - Junction 1,723,Severe,Heavy Rain,Green
2024-11-24 16:00:00,SYNTHETIC: Outer Ring Road - Marathahalli,732,High,Heavy Rain,Green
2024-11-24 16:00:00,SYNTHETIC: Airport Road - Hebbal,875,Severe,Heavy Rain,Red
2024-11-24 16:00:00,SYNTHETIC: Bannerghatta Road - Dairy Circle,898,Severe,Heavy Rain,Yellow
2024-11-24 16:00:00,SYNTHETIC: Whitefield Road - KR Puram,883,Severe,Heavy Rain,Green
2024-11-24 16:00:00,SYNTHETIC: Hosur Road - Electronic City,926,Severe,Heavy Rain,Green
2024-11-24 20:00:00,SYNTHETIC: Silk Board - Junction 1,760,Severe,Heavy Rain,Red
2024-11-24 20:00:00,SYNTHETIC: Outer Ring Road - Marathahalli,832,Severe,Heavy Rain,Green
2024-11-24 20:00:00,SYNTHETIC: Airport Road - Hebbal,867,Severe,Heavy Rain,Green
2024-11-24 20:00:00,SYNTHETIC: Bannerghatta Road - Dairy Circle,821,High,Heavy Rain,Red
2024-11-24 20:00:00,SYNTHETIC: Whitefield Road - KR Puram,869,Severe,Heavy Rain,Yellow
2024-11-24 20:00:00,SYNTHETIC: Hosur Road - Electronic City,894,High,Heavy Rain,Green
2024-11-25 00:00:00,SYNTHETIC: Silk Board - Junction 1,417,Moderate,Light Rain,Green
2024-11-25 00:00:00,SYNTHETIC: Outer Ring Road - Marathahalli,372,Low,Light Rain,Yellow
2024-11-25 00:00:00,SYNTHETIC: Airport Road - Hebbal,449,Moderate,Light Rain,Green
2024-11-25 00:00:00,SYNTHETIC: Bannerghatta Road - Dairy Circle,521,Moderate,Light Rain,Red
2024-11-25 00:00:00,SYNTHETIC: Whitefield Road - KR Puram,592,Moderate,Light Rain,Red
2024-11-25 00:00:00,SYNTHETIC: Hosur Road - Electronic City,514,Moderate,Light Rain,Green
2024-11-25 04:00:00,SYNTHETIC: Silk Board - Junction 1,453,Moderate,Light Rain,Green
2024-11-25 04:00:00,SYNTHETIC: Outer Ring Road - Marathahalli,482,Moderate,Light Rain,Red
2024-11-25 04:00:00,SYNTHETIC: Airport Road - Hebbal,537,Moderate,Light Rain,Red
2024-11-25 04:00:00,SYNTHETIC: Bannerghatta Road - Dairy Circle,553,Moderate,Light Rain,Yellow
2024-11-25 04:00:00,SYNTHETIC: Whitefield Road - KR Puram,575,Moderate,Light Rain,Red
2024-11-25 04:00:00,SYNTHETIC: Hosur Road - Electronic City,519,Moderate,Light Rain,Yellow
2024-11-25 08:00:00,SYNTHETIC: Silk Board - Junction 1,606,High,Light Rain,Green
2024-11-25 08:00:00,SYNTHETIC: Outer Ring Road - Marathahalli,645,High,Light Rain,Green
2024-11-25 08:00:00,SYNTHETIC: Airport Road - Hebbal,604,Moderate,Light Rain,Green
2024-11-25 08:00:00,SYNTHETIC: Bannerghatta Road - Dairy Circle,719,High,Light Rain,Yellow
2024-11-25 08:00:00,SYNTHETIC: Whitefield Road - KR Puram,760,High,Light Rain,Green
2024-11-25 08:00:00,SYNTHETIC: Hosur Road - Electronic City,743,High,Light Rain,Green
2024-11-25 12:00:00,SYNTHETIC: Silk Board - Junction 1,537,Moderate,Light Rain,Green
2024-11-25 12:00:00,SYNTHETIC: Outer Ring Road - Marathahalli,661,High,Light Rain,Green
2024-11-25 12:00:00,SYNTHETIC: Airport Road - Hebbal,642,High,Light Rain,Green
2024-11-25 12:00:00,SYNTHETIC: Bannerghatta Road - Dairy Circle,734,High,Light Rain,Green
2024-11-25 12:00:00,SYNTHETIC: Whitefield Road - KR Puram,699,High,Light Rain,Red
2024-11-25 12:00:00,SYNTHETIC: Hosur Road - Electronic City,783,High,Light Rain,Yellow
2024-11-25 16:00:00,SYNTHETIC: Silk Board - Junction 1,610,High,Light Rain,Yellow
2024-11-25 16:00:00,SYNTHETIC: Outer Ring Road - Marathahalli,634,High,Light Rain,Green
2024-11-25 16:00:00,SYNTHETIC: Airport Road - Hebbal,727,High,Light Rain,Red
2024-11-25 16:00:00,SYNTHETIC: Bannerghatta Road - Dairy Circle,730,High,Light Rain,Green
2024-11-25 16:00:00,SYNTHETIC: Whitefield Road - KR Puram,747,High,Light Rain,Green
2024-11-25 16:00:00,SYNTHETIC: Hosur Road - Electronic City,782,High,Light Rain,Green
2024-11-25 20:00:00,SYNTHETIC: Silk Board - Junction 1,625,High,Light Rain,Yellow
2024-11-25 20:00:00,SYNTHETIC: Outer Ring Road - Marathahalli,616,High,Light Rain,Red
2024-11-25 20:00:00,SYNTHETIC: Airport Road - Hebbal,713,High,Light Rain,Green
2024-11-25 20:00:00,SYNTHETIC: Bannerghatta Road - Dairy Circle,758,High,Light Rain,Red
2024-11-25 20:00:00,SYNTHETIC: Whitefield Road - KR Puram,709,High,Light Rain,Green
2024-11-25 20:00:00,SYNTHETIC: Hosur Road - Electronic City,828,High,Light Rain,Yellow
2024-11-26 00:00:00,SYNTHETIC: Silk Board - Junction 1,383,Moderate,Light Rain,Green
2024-11-26 00:00:00,SYNTHETIC: Outer Ring Road - Marathahalli,414,Moderate,Light Rain,Green
2024-11-26 00:00:00,SYNTHETIC: Airport Road - Hebbal,536,Moderate,Light Rain,Green
2024-11-26 00:00:00,SYNTHETIC: Bannerghatta Road - Dairy Circle,547,Moderate,Light Rain,Yellow
2024-11-26 00:00:00,SYNTHETIC: Whitefield Road - KR Puram,539,Moderate,Light Rain,Green
2024-11-26 00:00:00,SYNTHETIC: Hosur Road - Electronic City,575,Moderate,Light Rain,Green
2024-11-26 04:00:00,SYNTHETIC: Silk Board - Junction 1,461,Moderate,Light Rain,Green
2024-11-26 04:00:00,SYNTHETIC: Outer Ring Road - Marathahalli,503,Moderate,Light Rain,Green
2024-11-26 04:00:00,SYNTHETIC: Airport Road - Hebbal,481,Moderate,Light Rain,Green
2024-11-26 04:00:00,SYNTHETIC: Bannerghatta Road - Dairy Circle,507,Moderate,Light Rain,Green
2024-11-26 04:00:00,SYNTHETIC: Whitefield Road - KR Puram,513,Moderate,Light Rain,Green
2024-11-26 04:00:00,SYNTHETIC: Hosur Road - Electronic City,591,Moderate,Light Rain,Green
2024-11-26 08:00:00,SYNTHETIC: Silk Board - Junction 1,542,Moderate,Light Rain,Green
2024-11-26 08:00:00,SYNTHETIC: Outer Ring Road - Marathahalli,685,High,Light Rain,Red
2024-11-26 08:00:00,SYNTHETIC: Airport Road - Hebbal,612,Moderate,Light Rain,Green
2024-11-26 08:00:00,SYNTHETIC: Bannerghatta Road - Dairy Circle,648,High,Light Rain,Green
2024-11-26 08:00:00,SYNTHETIC: Whitefield Road - KR Puram,770,High,Light Rain,Green
2024-11-26 08:00:00,SYNTHETIC: Hosur Road - Electronic City,819,High,Light Rain,Green
2024-11-26 12:00:00,SYNTHETIC: Silk Board - Junction 1,609,High,Light Rain,Green
2024-11-26 12:00:00,SYNTHETIC: Outer Ring Road - Marathahalli,615,High,Light Rain,Yellow
2024-11-26 12:00:00,SYNTHETIC: Airport Road - Hebbal,736,High,Light Rain,Green
2024-11-26 12:00:00,SYNTHETIC: Bannerghatta Road - Dairy Circle,754,High,Light Rain,Green
2024-11-26 12:00:00,SYNTHETIC: Whitefield Road - KR Puram,693,High,Light Rain,Yellow
2024-11-26 12:00:00,SYNTHETIC: Hosur Road - Electronic City,824,High,Light Rain,Green
2024-11-26 16:00:00,SYNTHETIC: Silk Board - Junction 1,609,High,Light Rain,Yellow
2024-11-26 16:00:00,SYNTHETIC: Outer Ring Road - Marathahalli,684,High,Light Rain,Green
2024-11-26 16:00:00,SYNTHETIC: Airport Road - Hebbal,657,High,Light Rain,Green
2024-11-26 16:00:00,SYNTHETIC: Bannerghatta Road - Dairy Circle,701,High,Light Rain,Red
2024-11-26 16:00:00,SYNTHETIC: Whitefield Road - KR Puram,770,High,Light Rain,Green
2024-11-26 16:00:00,SYNTHETIC: Hosur Road - Electronic City,789,High,Light Rain,Yellow
2024-11-26 20:00:00,SYNTHETIC: Silk Board - Junction 1,613,High,Light Rain,Green
2024-11-26 20:00:00,SYNTHETIC: Outer Ring Road - Marathahalli,572,Moderate,Light Rain,Green
2024-11-26 20:00:00,SYNTHETIC: Airport Road - Hebbal,628,High,Light Rain,Green
2024-11-26 20:00:00,SYNTHETIC: Bannerghatta Road - Dairy Circle,753,High,Light Rain,Yellow
2024-11-26 20:00:00,SYNTHETIC: Whitefield Road - KR Puram,742,High,Light Rain,Yellow
2024-11-26 20:00:00,SYNTHETIC: Hosur Road - Electronic City,737,High,Light Rain,Green
2024-11-27 00:00:00,SYNTHETIC: Silk Board - Junction 1,194,Low,Cloudy,Yellow
2024-11-27 00:00:00,SYNTHETIC: Outer Ring Road - Marathahalli,204,Low,Cloudy,Yellow
2024-11-27 00:00:00,SYNTHETIC: Airport Road - Hebbal,344,Low,Cloudy,Green
2024-11-27 00:00:00,SYNTHETIC: Bannerghatta Road - Dairy Circle,373,Low,Cloudy,Green
2024-11-27 00:00:00,SYNTHETIC: Whitefield Road - KR Puram,314,Low,Cloudy,Yellow
2024-11-27 00:00:00,SYNTHETIC: Hosur Road - Electronic City,370,Low,Cloudy,Green
2024-11-27 04:00:00,SYNTHETIC: Silk Board - Junction 1,253,Low,Cloudy,Green
2024-11-27 04:00:00,SYNTHETIC: Outer Ring Road - Marathahalli,212,Low,Cloudy,Yellow
2024-11-27 04:00:00,SYNTHETIC: Airport Road - Hebbal,317,Low,Cloudy,Green
2024-11-27 04:00:00,SYNTHETIC: Bannerghatta Road - Dairy Circle,270,Low,Cloudy,Green
2024-11-27 04:00:00,SYNTHETIC: Whitefield Road - KR Puram,325,Low,Cloudy,Red
2024-11-27 04:00:00,SYNTHETIC: Hosur Road - Electronic City,325,Low,Cloudy,Yellow
2024-11-27 08:00:00,SYNTHETIC: Silk Board - Junction 1,388,Moderate,Cloudy,Green
2024-11-27 08:00:00,SYNTHETIC: Outer Ring Road - Marathahalli,459,Moderate,Cloudy,Green
2024-11-27 08:00:00,SYNTHETIC: Airport Road - Hebbal,534,Moderate,Cloudy,Green
2024-11-27 08:00:00,SYNTHETIC: Bannerghatta Road - Dairy Circle,536,Moderate,Cloudy,Green
2024-11-27 08:00:00,SYNTHETIC: Whitefield Road - KR Puram,567,Moderate,Cloudy,Red
2024-11-27 08:00:00,SYNTHETIC: Hosur Road - Electronic City,636,Moderate,Cloudy,Yellow
2024-11-27 12:00:00,SYNTHETIC: Silk Board - Junction 1,438,Moderate,Cloudy,Red
2024-11-27 12:00:00,SYNTHETIC: Outer Ring Road - Marathahalli,387,Moderate,Cloudy,Green
2024-11-27 12:00:00,SYNTHETIC: Airport Road - Hebbal,550,Moderate,Cloudy,Green
2024-11-27 12:00:00,SYNTHETIC: Bannerghatta Road - Dairy Circle,487,Moderate,Cloudy,Red
2024-11-27 12:00:00,SYNTHETIC: Whitefield Road - KR Puram,505,Moderate,Cloudy,Green
2024-11-27 12:00:00,SYNTHETIC: Hosur Road - Electronic City,665,Moderate,Cloudy,Red
2024-11-27 16:00:00,SYNTHETIC: Silk Board - Junction 1,350,Low,Cloudy,Yellow
2024-11-27 16:00:00,SYNTHETIC: Outer Ring Road - Marathahalli,476,Moderate,Cloudy,Green
2024-11-27 16:00:00,SYNTHETIC: Airport Road - Hebbal,492,Moderate,Cloudy,Red
2024-11-27 16:00:00,SYNTHETIC: Bannerghatta Road - Dairy Circle,515,Moderate,Cloudy,Green
2024-11-27 16:00:00,SYNTHETIC: Whitefield Road - KR Puram,590,Moderate,Cloudy,Green
2024-11-27 16:00:00,SYNTHETIC: Hosur Road - Electronic City,622,Moderate,Cloudy,Green
2024-11-27 20:00:00,SYNTHETIC: Silk Board - Junction 1,461,Moderate,Cloudy,Green
2024-11-27 20:00:00,SYNTHETIC: Outer Ring Road - Marathahalli,429,Moderate,Cloudy,Green
2024-11-27 20:00:00,SYNTHETIC: Airport Road - Hebbal,468,Moderate,Cloudy,Green
2024-11-27 20:00:00,SYNTHETIC: Bannerghatta Road - Dairy Circle,547,Moderate,Cloudy,Yellow
2024-11-27 20:00:00,SYNTHETIC: Whitefield Road - KR Puram,529,Moderate,Cloudy,Green
2024-11-27 20:00:00,SYNTHETIC: Hosur Road - Electronic City,557,Moderate,Cloudy,Green
2024-11-28 00:00:00,SYNTHETIC: Silk Board - Junction 1,390,Moderate,Heavy Rain,Yellow
2024-11-28 00:00:00,SYNTHETIC: Outer Ring Road - Marathahalli,433,Moderate,Heavy Rain,Green
2024-11-28 00:00:00,SYNTHETIC: Airport Road - Hebbal,539,Moderate,Heavy Rain,Green
2024-11-28 00:00:00,SYNTHETIC: Bannerghatta Road - Dairy Circle,443,Moderate,Heavy Rain,Red
2024-11-28 00:00:00,SYNTHETIC: Whitefield Road - KR Puram,593,Moderate,Heavy Rain,Yellow
2024-11-28 00:00:00,SYNTHETIC: Hosur Road - Electronic City,533,Moderate,Heavy Rain,Green
2024-11-28 04:00:00,SYNTHETIC: Silk Board - Junction 1,350,Low,Heavy Rain,Green
2024-11-28 04:00:00,SYNTHETIC: Outer Ring Road - Marathahalli,499,Moderate,Heavy Rain,Red
2024-11-28 04:00:00,SYNTHETIC: Airport Road - Hebbal,471,Moderate,Heavy Rain,Green
2024-11-28 04:00:00,SYNTHETIC: Bannerghatta Road - Dairy Circle,455,Moderate,Heavy Rain,Green
2024-11-28 04:00:00,SYNTHETIC: Whitefield Road - KR Puram,492,Moderate,Heavy Rain,Green
2024-11-28 04:00:00,SYNTHETIC: Hosur Road - Electronic City,524,Moderate,Heavy Rain,Yellow
2024-11-28 08:00:00,SYNTHETIC: Silk Board - Junction 1,668,High,Heavy Rain,Yellow
2024-11-28 08:00:00,SYNTHETIC: Outer Ring Road - Marathahalli,644,High,Heavy Rain,Green
2024-11-28 08:00:00,SYNTHETIC: Airport Road - Hebbal,687,High,Heavy Rain,Green
2024-11-28 08:00:00,SYNTHETIC: Bannerghatta Road - Dairy Circle,637,Moderate,Heavy Rain,Green
2024-11-28 08:00:00,SYNTHETIC: Whitefield Road - KR Puram,801,High,Heavy Rain,Red
2024-11-28 08:00:00,SYNTHETIC: Hosur Road - Electronic City,789,High,Heavy Rain,Green
2024-11-28 12:00:00,SYNTHETIC: Silk Board - Junction 1,605,High,Heavy Rain,Green
2024-11-28 12:00:00,SYNTHETIC: Outer Ring Road - Marathahalli,574,Moderate,Heavy Rain,Yellow
2024-11-28 12:00:00,SYNTHETIC: Airport Road - Hebbal,677,High,Heavy Rain,Yellow
2024-11-28 12:00:00,SYNTHETIC: Bannerghatta Road - Dairy Circle,701,High,Heavy Rain,Green
2024-11-28 12:00:00,SYNTHETIC: Whitefield Road - KR Puram,791,High,Heavy Rain,Green
2024-11-28 12:00:00,SYNTHETIC: Hosur Road - Electronic City,718,High,Heavy Rain,Yellow
2024-11-28 16:00:00,SYNTHETIC: Silk Board - Junction 1,604,High,Heavy Rain,Yellow
2024-11-28 16:00:00,SYNTHETIC: Outer Ring Road - Marathahalli,571,Moderate,Heavy Rain,Green
2024-11-28 16:00:00,SYNTHETIC: Airport Road - Hebbal,621,High,Heavy Rain,Green
2024-11-28 16:00:00,SYNTHETIC: Bannerghatta Road - Dairy Circle,654,High,Heavy Rain,Red
2024-11-28 16:00:00,SYNTHETIC: Whitefield Road - KR Puram,741,High,Heavy Rain,Green
2024-11-28 16:00:00,SYNTHETIC: Hosur Road - Electronic City,776,High,Heavy Rain,Green
2024-11-28 20:00:00,SYNTHETIC: Silk Board - Junction 1,595,High,Heavy Rain,Green
2024-11-28 20:00:00,SYNTHETIC: Outer Ring Road - Marathahalli,593,High,Heavy Rain,Green
2024-11-28 20:00:00,SYNTHETIC: Airport Road - Hebbal,638,High,Heavy Rain,Yellow
2024-11-28 20:00:00,SYNTHETIC: Bannerghatta Road - Dairy Circle,729,High,Heavy Rain,Yellow
2024-11-28 20:00:00,SYNTHETIC: Whitefield Road - KR Puram,736,High,Heavy Rain,Yellow
2024-11-28 20:00:00,SYNTHETIC: Hosur Road - Electronic City,765,High,Heavy Rain,Green
2024-11-29 00:00:00,SYNTHETIC: Silk Board - Junction 1,429,Moderate,Heavy Rain,Green
2024-11-29 00:00:00,SYNTHETIC: Outer Ring Road - Marathahalli,402,Moderate,Heavy Rain,Green
2024-11-29 00:00:00,SYNTHETIC: Airport Road - Hebbal,511,Moderate,Heavy Rain,Green
2024-11-29 00:00:00,SYNTHETIC: Bannerghatta Road - Dairy Circle,549,Moderate,Heavy Rain,Green
2024-11-29 00:00:00,SYNTHETIC: Whitefield Road - KR Puram,550,Moderate,Heavy Rain,Red
2024-11-29 00:00:00,SYNTHETIC: Hosur Road - Electronic City,515,Moderate,Heavy Rain,Green
2024-11-29 04:00:00,SYNTHETIC: Silk Board - Junction 1,466,Moderate,Heavy Rain,Green
2024-11-29 04:00:00,SYNTHETIC: Outer Ring Road - Marathahalli,475,Moderate,Heavy Rain,Green
2024-11-29 04:00:00,SYNTHETIC: Airport Road - Hebbal,469,Moderate,Heavy Rain,Green
2024-11-29 04:00:00,SYNTHETIC: Bannerghatta Road - Dairy Circle,503,Moderate,Heavy Rain,Yellow
2024-11-29 04:00:00,SYNTHETIC: Whitefield Road - KR Puram,535,Moderate,Heavy Rain,Yellow
2024-11-29 04:00:00,SYNTHETIC: Hosur Road - Electronic City,605,Moderate,Heavy Rain,Green
2024-11-29 08:00:00,SYNTHETIC: Silk Board - Junction 1,591,High,Heavy Rain,Yellow
2024-11-29 08:00:00,SYNTHETIC: Outer Ring Road - Marathahalli,614,High,Heavy Rain,Green
2024-11-29 08:00:00,SYNTHETIC: Airport Road - Hebbal,646,High,Heavy Rain,Green
2024-11-29 08:00:00,SYNTHETIC: Bannerghatta Road - Dairy Circle,637,Moderate,Heavy Rain,Yellow
2024-11-29 08:00:00,SYNTHETIC: Whitefield Road - KR Puram,687,High,Heavy Rain,Green
2024-11-29 08:00:00,SYNTHETIC: Hosur Road - Electronic City,730,High,Heavy Rain,Green
2024-11-29 12:00:00,SYNTHETIC: Silk Board - Junction 1,644,High,Heavy Rain,Green
2024-11-29 12:00:00,SYNTHETIC: Outer Ring Road - Marathahalli,637,High,Heavy Rain,Green
2024-11-29 12:00:00,SYNTHETIC: Airport Road - Hebbal,608,Moderate,Heavy Rain,Green
2024-11-29 12:00:00,SYNTHETIC: Bannerghatta Road - Dairy Circle,658,High,Heavy Rain,Green
2024-11-29 12:00:00,SYNTHETIC: Whitefield Road - KR Puram,725,High,Heavy Rain,Red
2024-11-29 12:00:00,SYNTHETIC: Hosur Road - Electronic City,736,High,Heavy Rain,Yellow
2024-11-29 16:00:00,SYNTHETIC: Silk Board - Junction 1,560,High,Heavy Rain,Green
2024-11-29 16:00:00,SYNTHETIC: Outer Ring Road - Marathahalli,598,High,Heavy Rain,Green
2024-11-29 16:00:00,SYNTHETIC: Airport Road - Hebbal,647,High,Heavy Rain,Red
2024-11-29 16:00:00,SYNTHETIC: Bannerghatta Road - Dairy Circle,682,High,Heavy Rain,Green
2024-11-29 16:00:00,SYNTHETIC: Whitefield Road - KR Puram,789,High,Heavy Rain,Yellow
2024-11-29 16:00:00,SYNTHETIC: Hosur Road - Electronic City,724,High,Heavy Rain,Green
2024-11-29 20:00:00,SYNTHETIC: Silk Board - Junction 1,600,High,Heavy Rain,Yellow
2024-11-29 20:00:00,SYNTHETIC: Outer Ring Road - Marathahalli,647,High,Heavy Rain,Green
2024-11-29 20:00:00,SYNTHETIC: Airport Road - Hebbal,618,High,Heavy Rain,Green
2024-11-29 20:00:00,SYNTHETIC: Bannerghatta Road - Dairy Circle,650,High,Heavy Rain,Green
2024-11-29 20:00:00,SYNTHETIC: Whitefield Road - KR Puram,755,High,Heavy Rain,Red
2024-11-29 20:00:00,SYNTHETIC: Hosur Road - Electronic City,771,High,Heavy Rain,Red
2024-11-30 00:00:00,SYNTHETIC: Silk Board - Junction 1,299,Low,Clear,Yellow
2024-11-30 00:00:00,SYNTHETIC: Outer Ring Road - Marathahalli,393,Moderate,Clear,Green
2024-11-30 00:00:00,SYNTHETIC: Airport Road - Hebbal,444,Moderate,Clear,Red
2024-11-30 00:00:00,SYNTHETIC: Bannerghatta Road - Dairy Circle,395,Low,Clear,Green
2024-11-30 00:00:00,SYNTHETIC: Whitefield Road - KR Puram,555,Moderate,Clear,Green
2024-11-30 00:00:00,SYNTHETIC: Hosur Road - Electronic City,568,Moderate,Clear,Yellow
2024-11-30 04:00:00,SYNTHETIC: Silk Board - Junction 1,307,Low,Clear,Green
2024-11-30 04:00:00,SYNTHETIC: Outer Ring Road - Marathahalli,325,Low,Clear,Green
2024-11-30 04:00:00,SYNTHETIC: Airport Road - Hebbal,483,Moderate,Clear,Green
2024-11-30 04:00:00,SYNTHETIC: Bannerghatta Road - Dairy Circle,532,Moderate,Clear,Red
2024-11-30 04:00:00,SYNTHETIC: Whitefield Road - KR Puram,521,Moderate,Clear,Green
2024-11-30 04:00:00,SYNTHETIC: Hosur Road - Electronic City,542,Moderate,Clear,Green
2024-11-30 08:00:00,SYNTHETIC: Silk Board - Junction 1,513,Moderate,Clear,Green
2024-11-30 08:00:00,SYNTHETIC: Outer Ring Road - Marathahalli,612,High,Clear,Green
2024-11-30 08:00:00,SYNTHETIC: Airport Road - Hebbal,677,High,Clear,Yellow
2024-11-30 08:00:00,SYNTHETIC: Bannerghatta Road - Dairy Circle,669,High,Clear,Green
2024-11-30 08:00:00,SYNTHETIC: Whitefield Road - KR Puram,675,High,Clear,Green
2024-11-30 08:00:00,SYNTHETIC: Hosur Road - Electronic City,763,High,Clear,Yellow
2024-11-30 12:00:00,SYNTHETIC: Silk Board - Junction 1,566,High,Clear,Yellow
2024-11-30 12:00:00,SYNTHETIC: Outer Ring Road - Marathahalli,552,Moderate,Clear,Green
2024-11-30 12:00:00,SYNTHETIC: Airport Road - Hebbal,651,High,Clear,Green
2024-11-30 12:00:00,SYNTHETIC: Bannerghatta Road - Dairy Circle,707,High,Clear,Yellow
2024-11-30 12:00:00,SYNTHETIC: Whitefield Road - KR Puram,665,Moderate,Clear,Green
2024-11-30 12:00:00,SYNTHETIC: Hosur Road - Electronic City,671,Moderate,Clear,Yellow
2024-11-30 16:00:00,SYNTHETIC: Silk Board - Junction 1,551,Moderate,Clear,Green
2024-11-30 16:00:00,SYNTHETIC: Outer Ring Road - Marathahalli,541,Moderate,Clear,Yellow
2024-11-30 16:00:00,SYNTHETIC: Airport Road - Hebbal,638,High,Clear,Green
2024-11-30 16:00:00,SYNTHETIC: Bannerghatta Road - Dairy Circle,710,High,Clear,Red
2024-11-30 16:00:00,SYNTHETIC: Whitefield Road - KR Puram,634,Moderate,Clear,Green
2024-11-30 16:00:00,SYNTHETIC: Hosur Road - Electronic City,679,Moderate,Clear,Green
2024-11-30 20:00:00,SYNTHETIC: Silk Board - Junction 1,500,Moderate,Clear,Green
2024-11-30 20:00:00,SYNTHETIC: Outer Ring Road - Marathahalli,579,Moderate,Clear,Yellow
2024-11-30 20:00:00,SYNTHETIC: Airport Road - Hebbal,693,High,Clear,Green
2024-11-30 20:00:00,SYNTHETIC: Bannerghatta Road - Dairy Circle,732,High,Clear,Green
2024-11-30 20:00:00,SYNTHETIC: Whitefield Road - KR Puram,689,High,Clear,Red
2024-11-30 20:00:00,SYNTHETIC: Hosur Road - Electronic City,674,Moderate,Clear,Yellow
2024-12-01 00:00:00,SYNTHETIC: Silk Board - Junction 1,572,High,Light Rain,Green
2024-12-01 00:00:00,SYNTHETIC: Outer Ring Road - Marathahalli,644,High,Light Rain,Green
2024-12-01 00:00:00,SYNTHETIC: Airport Road - Hebbal,594,Moderate,Light Rain,Yellow
2024-12-01 00:00:00,SYNTHETIC: Bannerghatta Road - Dairy Circle,619,Moderate,Light Rain,Green
2024-12-01 00:00:00,SYNTHETIC: Whitefield Road - KR Puram,640,Moderate,Light Rain,Green
2024-12-01 00:00:00,SYNTHETIC: Hosur Road - Electronic City,751,High,Light Rain,Green
2024-12-01 04:00:00,SYNTHETIC: Silk Board - Junction 1,564,High,Light Rain,Green
2024-12-01 04:00:00,SYNTHETIC: Outer Ring Road - Marathahalli,617,High,Light Rain,Green
2024-12-01 04:00:00,SYNTHETIC: Airport Road - Hebbal,550,Moderate,Light Rain,Green
2024-12-01 04:00:00,SYNTHETIC: Bannerghatta Road - Dairy Circle,671,High,Light Rain,Yellow
2024-12-01 04:00:00,SYNTHETIC: Whitefield Road - KR Puram,614,Moderate,Light Rain,Red
2024-12-01 04:00:00,SYNTHETIC: Hosur Road - Electronic City,665,Moderate,Light Rain,Green
2024-12-01 08:00:00,SYNTHETIC: Silk Board - Junction 1,715,High,Light Rain,Red
2024-12-01 08:00:00,SYNTHETIC: Outer Ring Road - Marathahalli,777,Severe,Light Rain,Green
2024-12-01 08:00:00,SYNTHETIC: Airport Road - Hebbal,861,Severe,Light Rain,Yellow
2024-12-01 08:00:00,SYNTHETIC: Bannerghatta Road - Dairy Circle,827,High,Light Rain,Green
2024-12-01 08:00:00,SYNTHETIC: Whitefield Road - KR Puram,879,Severe,Light Rain,Green
2024-12-01 08:00:00,SYNTHETIC: Hosur Road - Electronic City,950,Severe,Light Rain,Green
2024-12-01 12:00:00,SYNTHETIC: Silk Board - Junction 1,714,High,Light Rain,Green
2024-12-01 12:00:00,SYNTHETIC: Outer Ring Road - Marathahalli,714,High,Light Rain,Green
2024-12-01 12:00:00,SYNTHETIC: Airport Road - Hebbal,867,Severe,Light Rain,Green
2024-12-01 12:00:00,SYNTHETIC: Bannerghatta Road - Dairy Circle,797,High,Light Rain,Green
2024-12-01 12:00:00,SYNTHETIC: Whitefield Road - KR Puram,887,Severe,Light Rain,Green
2024-12-01 12:00:00,SYNTHETIC: Hosur Road - Electronic City,846,High,Light Rain,Green
2024-12-01 16:00:00,SYNTHETIC: Silk Board - Junction 1,719,High,Light Rain,Green
2024-12-01 16:00:00,SYNTHETIC: Outer Ring Road - Marathahalli,840,Severe,Light Rain,Red
2024-12-01 16:00:00,SYNTHETIC: Airport Road - Hebbal,832,Severe,Light Rain,Red
2024-12-01 16:00:00,SYNTHETIC: Bannerghatta Road - Dairy Circle,913,Severe,Light Rain,Green
2024-12-01 16:00:00,SYNTHETIC: Whitefield Road - KR Puram,928,Severe,Light Rain,Yellow
2024-12-01 16:00:00,SYNTHETIC: Hosur Road - Electronic City,898,High,Light Rain,Green
2024-12-01 20:00:00,SYNTHETIC: Silk Board - Junction 1,719,High,Light Rain,Green
2024-12-01 20:00:00,SYNTHETIC: Outer Ring Road - Marathahalli,743,High,Light Rain,Yellow
2024-12-01 20:00:00,SYNTHETIC: Airport Road - Hebbal,861,Severe,Light Rain,Green
2024-12-01 20:00:00,SYNTHETIC: Bannerghatta Road - Dairy Circle,815,High,Light Rain,Yellow
2024-12-01 20:00:00,SYNTHETIC: Whitefield Road - KR Puram,821,High,Light Rain,Green
2024-12-01 20:00:00,SYNTHETIC: Hosur Road - Electronic City,938,Severe,Light Rain,Green
2024-12-02 00:00:00,SYNTHETIC: Silk Board - Junction 1,255,Low,Cloudy,Red
2024-12-02 00:00:00,SYNTHETIC: Outer Ring Road - Marathahalli,281,Low,Cloudy,Red
2024-12-02 00:00:00,SYNTHETIC: Airport Road - Hebbal,238,Low,Cloudy,Green
2024-12-02 00:00:00,SYNTHETIC: Bannerghatta Road - Dairy Circle,379,Low,Cloudy,Green
2024-12-02 00:00:00,SYNTHETIC: Whitefield Road - KR Puram,401,Low,Cloudy,Green
2024-12-02 00:00:00,SYNTHETIC: Hosur Road - Electronic City,441,Low,Cloudy,Green
2024-12-02 04:00:00,SYNTHETIC: Silk Board - Junction 1,245,Low,Cloudy,Green
2024-12-02 04:00:00,SYNTHETIC: Outer Ring Road - Marathahalli,234,Low,Cloudy,Green
2024-12-02 04:00:00,SYNTHETIC: Airport Road - Hebbal,289,Low,Cloudy,Green
2024-12-02 04:00:00,SYNTHETIC: Bannerghatta Road - Dairy Circle,287,Low,Cloudy,Green
2024-12-02 04:00:00,SYNTHETIC: Whitefield Road - KR Puram,305,Low,Cloudy,Green
2024-12-02 04:00:00,SYNTHETIC: Hosur Road - Electronic City,353,Low,Cloudy,Red
2024-12-02 08:00:00,SYNTHETIC: Silk Board - Junction 1,467,Moderate,Cloudy,Green
2024-12-02 08:00:00,SYNTHETIC: Outer Ring Road - Marathahalli,472,Moderate,Cloudy,Green
2024-12-02 08:00:00,SYNTHETIC: Airport Road - Hebbal,495,Moderate,Cloudy,Green
2024-12-02 08:00:00,SYNTHETIC: Bannerghatta Road - Dairy Circle,498,Moderate,Cloudy,Green
2024-12-02 08:00:00,SYNTHETIC: Whitefield Road - KR Puram,548,Moderate,Cloudy,Green
2024-12-02 08:00:00,SYNTHETIC: Hosur Road - Electronic City,658,Moderate,Cloudy,Green
2024-12-02 12:00:00,SYNTHETIC: Silk Board - Junction 1,405,Moderate,Cloudy,Green
2024-12-02 12:00:00,SYNTHETIC: Outer Ring Road - Marathahalli,503,Moderate,Cloudy,Green
2024-12-02 12:00:00,SYNTHETIC: Airport Road - Hebbal,529,Moderate,Cloudy,Yellow
2024-12-02 12:00:00,SYNTHETIC: Bannerghatta Road - Dairy Circle,518,Moderate,Cloudy,Green
2024-12-02 12:00:00,SYNTHETIC: Whitefield Road - KR Puram,601,Moderate,Cloudy,Green
2024-12-02 12:00:00,SYNTHETIC: Hosur Road - Electronic City,563,Moderate,Cloudy,Red
2024-12-02 16:00:00,SYNTHETIC: Silk Board - Junction 1,351,Low,Cloudy,Green
2024-12-02 16:00:00,SYNTHETIC: Outer Ring Road - Marathahalli,396,Moderate,Cloudy,Green
2024-12-02 16:00:00,SYNTHETIC: Airport Road - Hebbal,540,Moderate,Cloudy,Yellow
2024-12-02 16:00:00,SYNTHETIC: Bannerghatta Road - Dairy Circle,584,Moderate,Cloudy,Green
2024-12-02 16:00:00,SYNTHETIC: Whitefield Road - KR Puram,625,Moderate,Cloudy,Green
2024-12-02 16:00:00,SYNTHETIC: Hosur Road - Electronic City,550,Moderate,Cloudy,Green
2024-12-02 20:00:00,SYNTHETIC: Silk Board - Junction 1,411,Moderate,Cloudy,Green
2024-12-02 20:00:00,SYNTHETIC: Outer Ring Road - Marathahalli,388,Moderate,Cloudy,Yellow
2024-12-02 20:00:00,SYNTHETIC: Airport Road - Hebbal,524,Moderate,Cloudy,Red
2024-12-02 20:00:00,SYNTHETIC: Bannerghatta Road - Dairy Circle,488,Moderate,Cloudy,Green
2024-12-02 20:00:00,SYNTHETIC: Whitefield Road - KR Puram,551,Moderate,Cloudy,Green
2024-12-02 20:00:00,SYNTHETIC: Hosur Road - Electronic City,548,Moderate,Cloudy,Green
2024-12-03 00:00:00,SYNTHETIC: Silk Board - Junction 1,170,Low,Cloudy,Green
2024-12-03 00:00:00,SYNTHETIC: Outer Ring Road - Marathahalli,270,Low,Cloudy,Yellow
2024-12-03 00:00:00,SYNTHETIC: Airport Road - Hebbal,234,Low,Cloudy,Green
2024-12-03 00:00:00,SYNTHETIC: Bannerghatta Road - Dairy Circle,348,Low,Cloudy,Red
2024-12-03 00:00:00,SYNTHETIC: Whitefield Road - KR Puram,318,Low,Cloudy,Green
2024-12-03 00:00:00,SYNTHETIC: Hosur Road - Electronic City,444,Low,Cloudy,Green
2024-12-03 04:00:00,SYNTHETIC: Silk Board - Junction 1,243,Low,Cloudy,Green
2024-12-03 04:00:00,SYNTHETIC: Outer Ring Road - Marathahalli,202,Low,Cloudy,Green
2024-12-03 04:00:00,SYNTHETIC: Airport Road - Hebbal,272,Low,Cloudy,Green
2024-12-03 04:00:00,SYNTHETIC: Bannerghatta Road - Dairy Circle,340,Low,Cloudy,Green
2024-12-03 04:00:00,SYNTHETIC: Whitefield Road - KR Puram,319,Low,Cloudy,Green
2024-12-03 04:00:00,SYNTHETIC: Hosur Road - Electronic City,378,Low,Cloudy,Yellow
2024-12-03 08:00:00,SYNTHETIC: Silk Board - Junction 1,407,Moderate,Cloudy,Green
2024-12-03 08:00:00,SYNTHETIC: Outer Ring Road - Marathahalli,453,Moderate,Cloudy,Green
2024-12-03 08:00:00,SYNTHETIC: Airport Road - Hebbal,528,Moderate,Cloudy,Green
2024-12-03 08:00:00,SYNTHETIC: Bannerghatta Road - Dairy Circle,471,Moderate,Cloudy,Green
2024-12-03 08:00:00,SYNTHETIC: Whitefield Road - KR Puram,605,Moderate,Cloudy,Green
2024-12-03 08:00:00,SYNTHETIC: Hosur Road - Electronic City,659,Moderate,Cloudy,Yellow
2024-12-03 12:00:00,SYNTHETIC: Silk Board - Junction 1,470,Moderate,Cloudy,Yellow
2024-12-03 12:00:00,SYNTHETIC: Outer Ring Road - Marathahalli,521,Moderate,Cloudy,Red
2024-12-03 12:00:00,SYNTHETIC: Airport Road - Hebbal,535,Moderate,Cloudy,Green
2024-12-03 12:00:00,SYNTHETIC: Bannerghatta Road - Dairy Circle,471,Moderate,Cloudy,Green
2024-12-03 12:00:00,SYNTHETIC: Whitefield Road - KR Puram,607,Moderate,Cloudy,Green
2024-12-03 12:00:00,SYNTHETIC: Hosur Road - Electronic City,625,Moderate,Cloudy,Red
2024-12-03 16:00:00,SYNTHETIC: Silk Board - Junction 1,423,Moderate,Cloudy,Red
2024-12-03 16:00:00,SYNTHETIC: Outer Ring Road - Marathahalli,404,Moderate,Cloudy,Green
2024-12-03 16:00:00,SYNTHETIC: Airport Road - Hebbal,490,Moderate,Cloudy,Green
2024-12-03 16:00:00,SYNTHETIC: Bannerghatta Road - Dairy Circle,492,Moderate,Cloudy,Green
2024-12-03 16:00:00,SYNTHETIC: Whitefield Road - KR Puram,542,Moderate,Cloudy,Green
2024-12-03 16:00:00,SYNTHETIC: Hosur Road - Electronic City,530,Moderate,Cloudy,Green
2024-12-03 20:00:00,SYNTHETIC: Silk Board - Junction 1,488,Moderate,Cloudy,Red
2024-12-03 20:00:00,SYNTHETIC: Outer Ring Road - Marathahalli,506,Moderate,Cloudy,Green
2024-12-03 20:00:00,SYNTHETIC: Airport Road - Hebbal,533,Moderate,Cloudy,Yellow
2024-12-03 20:00:00,SYNTHETIC: Bannerghatta Road - Dairy Circle,460,Moderate,Cloudy,Green
2024-12-03 20:00:00,SYNTHETIC: Whitefield Road - KR Puram,506,Moderate,Cloudy,Green
2024-12-03 20:00:00,SYNTHETIC: Hosur Road - Electronic City,584,Moderate,Cloudy,Yellow
2024-12-04 00:00:00,SYNTHETIC: Silk Board - Junction 1,372,Moderate,Heavy Rain,Green
2024-12-04 00:00:00,SYNTHETIC: Outer Ring Road - Marathahalli,406,Moderate,Heavy Rain,Yellow
2024-12-04 00:00:00,SYNTHETIC: Airport Road - Hebbal,473,Moderate,Heavy Rain,Green
2024-12-04 00:00:00,SYNTHETIC: Bannerghatta Road - Dairy Circle,479,Moderate,Heavy Rain,Yellow
2024-12-04 00:00:00,SYNTHETIC: Whitefield Road - KR Puram,509,Moderate,Heavy Rain,Green
2024-12-04 00:00:00,SYNTHETIC: Hosur Road - Electronic City,534,Moderate,Heavy Rain,Green
2024-12-04 04:00:00,SYNTHETIC: Silk Board - Junction 1,411,Moderate,Heavy Rain,Green
2024-12-04 04:00:00,SYNTHETIC: Outer Ring Road - Marathahalli,477,Moderate,Heavy Rain,Green
2024-12-04 04:00:00,SYNTHETIC: Airport Road - Hebbal,447,Moderate,Heavy Rain,Green
2024-12-04 04:00:00,SYNTHETIC: Bannerghatta Road - Dairy Circle,443,Moderate,Heavy Rain,Yellow
2024-12-04 04:00:00,SYNTHETIC: Whitefield Road - KR Puram,558,Moderate,Heavy Rain,Green
2024-12-04 04:00:00,SYNTHETIC: Hosur Road - Electronic City,619,Moderate,Heavy Rain,Green
2024-12-04 08:00:00,SYNTHETIC: Silk Board - Junction 1,571,High,Heavy Rain,Green
2024-12-04 08:00:00,SYNTHETIC: Outer Ring Road - Marathahalli,596,High,Heavy Rain,Red
2024-12-04 08:00:00,SYNTHETIC: Airport Road - Hebbal,703,High,Heavy Rain,Red
2024-12-04 08:00:00,SYNTHETIC: Bannerghatta Road - Dairy Circle,672,High,Heavy Rain,Red
2024-12-04 08:00:00,SYNTHETIC: Whitefield Road - KR Puram,751,High,Heavy Rain,Green
2024-12-04 08:00:00,SYNTHETIC: Hosur Road - Electronic City,844,High,Heavy Rain,Red
2024-12-04 12:00:00,SYNTHETIC: Silk Board - Junction 1,614,High,Heavy Rain,Green
2024-12-04 12:00:00,SYNTHETIC: Outer Ring Road - Marathahalli,640,High,Heavy Rain,Green
2024-12-04 12:00:00,SYNTHETIC: Airport Road - Hebbal,674,High,Heavy Rain,Red
2024-12-04 12:00:00,SYNTHETIC: Bannerghatta Road - Dairy Circle,672,High,Heavy Rain,Yellow
2024-12-04 12:00:00,SYNTHETIC: Whitefield Road - KR Puram,783,High,Heavy Rain,Green
2024-12-04 12:00:00,SYNTHETIC: Hosur Road - Electronic City,733,High,Heavy Rain,Yellow
2024-12-04 16:00:00,SYNTHETIC: Silk Board - Junction 1,540,Moderate,Heavy Rain,Green
2024-12-04 16:00:00,SYNTHETIC: Outer Ring Road - Marathahalli,594,High,Heavy Rain,Green
2024-12-04 16:00:00,SYNTHETIC: Airport Road - Hebbal,702,High,Heavy Rain,Green
2024-12-04 16:00:00,SYNTHETIC: Bannerghatta Road - Dairy Circle,691,High,Heavy Rain,Green
2024-12-04 16:00:00,SYNTHETIC: Whitefield Road - KR Puram,693,High,Heavy Rain,Green
2024-12-04 16:00:00,SYNTHETIC: Hosur Road - Electronic City,754,High,Heavy Rain,Green
2024-12-04 20:00:00,SYNTHETIC: Silk Board - Junction 1,586,High,Heavy Rain,Yellow
2024-12-04 20:00:00,SYNTHETIC: Outer Ring Road - Marathahalli,636,High,Heavy Rain,Green
2024-12-04 20:00:00,SYNTHETIC: Airport Road - Hebbal,621,High,Heavy Rain,Green
2024-12-04 20:00:00,SYNTHETIC: Bannerghatta Road - Dairy Circle,749,High,Heavy Rain,Yellow
2024-12-04 20:00:00,SYNTHETIC: Whitefield Road - KR Puram,692,High,Heavy Rain,Red
2024-12-04 20:00:00,SYNTHETIC: Hosur Road - Electronic City,805,High,Heavy Rain,Green
2024-12-05 00:00:00,SYNTHETIC: Silk Board - Junction 1,436,Moderate,Heavy Rain,Green
2024-12-05 00:00:00,SYNTHETIC: Outer Ring Road - Marathahalli,387,Moderate,Heavy Rain,Green
2024-12-05 00:00:00,SYNTHETIC: Airport Road - Hebbal,477,Moderate,Heavy Rain,Green
2024-12-05 00:00:00,SYNTHETIC: Bannerghatta Road - Dairy Circle,569,Moderate,Heavy Rain,Red
2024-12-05 00:00:00,SYNTHETIC: Whitefield Road - KR Puram,486,Moderate,Heavy Rain,Red
2024-12-05 00:00:00,SYNTHETIC: Hosur Road - Electronic City,601,Moderate,Heavy Rain,Green
2024-12-05 04:00:00,SYNTHETIC: Silk Board - Junction 1,434,Moderate,Heavy Rain,Green
2024-12-05 04:00:00,SYNTHETIC: Outer Ring Road - Marathahalli,434,Moderate,Heavy Rain,Green
2024-12-05 04:00:00,SYNTHETIC: Airport Road - Hebbal,518,Moderate,Heavy Rain,Yellow
2024-12-05 04:00:00,SYNTHETIC: Bannerghatta Road - Dairy Circle,470,Moderate,Heavy Rain,Green
2024-12-05 04:00:00,SYNTHETIC: Whitefield Road - KR Puram,567,Moderate,Heavy Rain,Green
2024-12-05 04:00:00,SYNTHETIC: Hosur Road - Electronic City,630,Moderate,Heavy Rain,Green
2024-12-05 08:00:00,SYNTHETIC: Silk Board - Junction 1,607,High,Heavy Rain,Yellow
2024-12-05 08:00:00,SYNTHETIC: Outer Ring Road - Marathahalli,642,High,Heavy Rain,Green
2024-12-05 08:00:00,SYNTHETIC: Airport Road - Hebbal,718,High,Heavy Rain,Green
2024-12-05 08:00:00,SYNTHETIC: Bannerghatta Road - Dairy Circle,635,Moderate,Heavy Rain,Green
2024-12-05 08:00:00,SYNTHETIC: Whitefield Road - KR Puram,746,High,Heavy Rain,Red
2024-12-05 08:00:00,SYNTHETIC: Hosur Road - Electronic City,825,High,Heavy Rain,Green
2024-12-05 12:00:00,SYNTHETIC: Silk Board - Junction 1,603,High,Heavy Rain,Green
2024-12-05 12:00:00,SYNTHETIC: Outer Ring Road - Marathahalli,690,High,Heavy Rain,Red
2024-12-05 12:00:00,SYNTHETIC: Airport Road - Hebbal,662,High,Heavy Rain,Green
2024-12-05 12:00:00,SYNTHETIC: Bannerghatta Road - Dairy Circle,705,High,Heavy Rain,Green
2024-12-05 12:00:00,SYNTHETIC: Whitefield Road - KR Puram,687,High,Heavy Rain,Green
2024-12-05 12:00:00,SYNTHETIC: Hosur Road - Electronic City,797,High,Heavy Rain,Green
2024-12-05 16:00:00,SYNTHETIC: Silk Board - Junction 1,641,High,Heavy Rain,Red
2024-12-05 16:00:00,SYNTHETIC: Outer Ring Road - Marathahalli,686,High,Heavy Rain,Red
2024-12-05 16:00:00,SYNTHETIC: Airport Road - Hebbal,630,High,Heavy Rain,Green
2024-12-05 16:00:00,SYNTHETIC: Bannerghatta Road - Dairy Circle,639,Moderate,Heavy Rain,Yellow
2024-12-05 16:00:00,SYNTHETIC: Whitefield Road - KR Puram,711,High,Heavy Rain,Green
2024-12-05 16:00:00,SYNTHETIC: Hosur Road - Electronic City,742,High,Heavy Rain,Green
2024-12-05 20:00:00,SYNTHETIC: Silk Board - Junction 1,564,High,Heavy Rain,Green
2024-12-05 20:00:00,SYNTHETIC: Outer Ring Road - Marathahalli,578,Moderate,Heavy Rain,Green
2024-12-05 20:00:00,SYNTHETIC: Airport Road - Hebbal,707,High,Heavy Rain,Green
2024-12-05 20:00:00,SYNTHETIC: Bannerghatta Road - Dairy Circle,726,High,Heavy Rain,Green
2024-12-05 20:00:00,SYNTHETIC: Whitefield Road - KR Puram,744,High,Heavy Rain,Green
2024-12-05 20:00:00,SYNTHETIC: Hosur Road - Electronic City,724,High,Heavy Rain,Green
2024-12-06 00:00:00,SYNTHETIC: Silk Board - Junction 1,278,Low,Cloudy,Green
2024-12-06 00:00:00,SYNTHETIC: Outer Ring Road - Marathahalli,233,Low,Cloudy,Yellow
2024-12-06 00:00:00,SYNTHETIC: Airport Road - Hebbal,354,Low,Cloudy,Yellow
2024-12-06 00:00:00,SYNTHETIC: Bannerghatta Road - Dairy Circle,284,Low,Cloudy,Green
2024-12-06 00:00:00,SYNTHETIC: Whitefield Road - KR Puram,309,Low,Cloudy,Green
2024-12-06 00:00:00,SYNTHETIC: Hosur Road - Electronic City,358,Low,Cloudy,Red
2024-12-06 04:00:00,SYNTHETIC: Silk Board - Junction 1,272,Low,Cloudy,Green
2024-12-06 04:00:00,SYNTHETIC: Outer Ring Road - Marathahalli,277,Low,Cloudy,Green
2024-12-06 04:00:00,SYNTHETIC: Airport Road - Hebbal,333,Low,Cloudy,Red
2024-12-06 04:00:00,SYNTHETIC: Bannerghatta Road - Dairy Circle,388,Low,Cloudy,Yellow
2024-12-06 04:00:00,SYNTHETIC: Whitefield Road - KR Puram,377,Low,Cloudy,Green
2024-12-06 04:00:00,SYNTHETIC: Hosur Road - Electronic City,402,Low,Cloudy,Green
2024-12-06 08:00:00,SYNTHETIC: Silk Board - Junction 1,380,Moderate,Cloudy,Green
2024-12-06 08:00:00,SYNTHETIC: Outer Ring Road - Marathahalli,421,Moderate,Cloudy,Yellow
2024-12-06 08:00:00,SYNTHETIC: Airport Road - Hebbal,498,Moderate,Cloudy,Green
2024-12-06 08:00:00,SYNTHETIC: Bannerghatta Road - Dairy Circle,488,Moderate,Cloudy,Red
2024-12-06 08:00:00,SYNTHETIC: Whitefield Road - KR Puram,598,Moderate,Cloudy,Yellow
2024-12-06 08:00:00,SYNTHETIC: Hosur Road - Electronic City,553,Moderate,Cloudy,Green
2024-12-06 12:00:00,SYNTHETIC: Silk Board - Junction 1,473,Moderate,Cloudy,Yellow
2024-12-06 12:00:00,SYNTHETIC: Outer Ring Road - Marathahalli,395,Moderate,Cloudy,Green
2024-12-06 12:00:00,SYNTHETIC: Airport Road - Hebbal,428,Moderate,Cloudy,Yellow
2024-12-06 12:00:00,SYNTHETIC: Bannerghatta Road - Dairy Circle,586,Moderate,Cloudy,Green
2024-12-06 12:00:00,SYNTHETIC: Whitefield Road - KR Puram,610,Moderate,Cloudy,Green
2024-12-06 12:00:00,SYNTHETIC: Hosur Road - Electronic City,589,Moderate,Cloudy,Green
2024-12-06 16:00:00,SYNTHETIC: Silk Board - Junction 1,427,Moderate,Cloudy,Yellow
2024-12-06 16:00:00,SYNTHETIC: Outer Ring Road - Marathahalli,409,Moderate,Cloudy,Yellow
2024-12-06 16:00:00,SYNTHETIC: Airport Road - Hebbal,472,Moderate,Cloudy,Green
2024-12-06 16:00:00,SYNTHETIC: Bannerghatta Road - Dairy Circle,506,Moderate,Cloudy,Green
2024-12-06 16:00:00,SYNTHETIC: Whitefield Road - KR Puram,579,Moderate,Cloudy,Green
2024-12-06 16:00:00,SYNTHETIC: Hosur Road - Electronic City,562,Moderate,Cloudy,Yellow
2024-12-06 20:00:00,SYNTHETIC: Silk Board - Junction 1,421,Moderate,Cloudy,Red
2024-12-06 20:00:00,SYNTHETIC: Outer Ring Road - Marathahalli,474,Moderate,Cloudy,Green
2024-12-06 20:00:00,SYNTHETIC: Airport Road - Hebbal,548,Moderate,Cloudy,Yellow
2024-12-06 20:00:00,SYNTHETIC: Bannerghatta Road - Dairy Circle,516,Moderate,Cloudy,Green
2024-12-06 20:00:00,SYNTHETIC: Whitefield Road - KR Puram,507,Moderate,Cloudy,Green
2024-12-06 20:00:00,SYNTHETIC: Hosur Road - Electronic City,528,Moderate,Cloudy,Green
2024-12-07 00:00:00,SYNTHETIC: Silk Board - Junction 1,416,Moderate,Cloudy,Yellow
2024-12-07 00:00:00,SYNTHETIC: Outer Ring Road - Marathahalli,398,Moderate,Cloudy,Green
2024-12-07 00:00:00,SYNTHETIC: Airport Road - Hebbal,370,Low,Cloudy,Green
2024-12-07 00:00:00,SYNTHETIC: Bannerghatta Road - Dairy Circle,521,Moderate,Cloudy,Green
2024-12-07 00:00:00,SYNTHETIC: Whitefield Road - KR Puram,502,Moderate,Cloudy,Green
2024-12-07 00:00:00,SYNTHETIC: Hosur Road - Electronic City,544,Moderate,Cloudy,Yellow
2024-12-07 04:00:00,SYNTHETIC: Silk Board - Junction 1,403,Moderate,Cloudy,Green
2024-12-07 04:00:00,SYNTHETIC: Outer Ring Road - Marathahalli,429,Moderate,Cloudy,Green
2024-12-07 04:00:00,SYNTHETIC: Airport Road - Hebbal,469,Moderate,Cloudy,Green
2024-12-07 04:00:00,SYNTHETIC: Bannerghatta Road - Dairy Circle,412,Low,Cloudy,Red
2024-12-07 04:00:00,SYNTHETIC: Whitefield Road - KR Puram,551,Moderate,Cloudy,Red
2024-12-07 04:00:00,SYNTHETIC: Hosur Road - Electronic City,559,Moderate,Cloudy,Green
2024-12-07 08:00:00,SYNTHETIC: Silk Board - Junction 1,615,High,Cloudy,Yellow
2024-12-07 08:00:00,SYNTHETIC: Outer Ring Road - Marathahalli,626,High,Cloudy,Green
2024-12-07 08:00:00,SYNTHETIC: Airport Road - Hebbal,581,Moderate,Cloudy,Green
2024-12-07 08:00:00,SYNTHETIC: Bannerghatta Road - Dairy Circle,696,High,Cloudy,Green
2024-12-07 08:00:00,SYNTHETIC: Whitefield Road - KR Puram,656,Moderate,Cloudy,Yellow
2024-12-07 08:00:00,SYNTHETIC: Hosur Road - Electronic City,708,High,Cloudy,Green
2024-12-07 12:00:00,SYNTHETIC: Silk Board - Junction 1,540,Moderate,Cloudy,Green
2024-12-07 12:00:00,SYNTHETIC: Outer Ring Road - Marathahalli,628,High,Cloudy,Green
2024-12-07 12:00:00,SYNTHETIC: Airport Road - Hebbal,668,High,Cloudy,Yellow
2024-12-07 12:00:00,SYNTHETIC: Bannerghatta Road - Dairy Circle,666,High,Cloudy,Yellow
2024-12-07 12:00:00,SYNTHETIC: Whitefield Road - KR Puram,699,High,Cloudy,Yellow
2024-12-07 12:00:00,SYNTHETIC: Hosur Road - Electronic City,767,High,Cloudy,Green
2024-12-07 16:00:00,SYNTHETIC: Silk Board - Junction 1,593,High,Cloudy,Red
2024-12-07 16:00:00,SYNTHETIC: Outer Ring Road - Marathahalli,655,High,Cloudy,Green
2024-12-07 16:00:00,SYNTHETIC: Airport Road - Hebbal,676,High,Cloudy,Green
2024-12-07 16:00:00,SYNTHETIC: Bannerghatta Road - Dairy Circle,659,High,Cloudy,Green
2024-12-07 16:00:00,SYNTHETIC: Whitefield Road - KR Puram,689,High,Cloudy,Green
2024-12-07 16:00:00,SYNTHETIC: Hosur Road - Electronic City,699,Moderate,Cloudy,Green
2024-12-07 20:00:00,SYNTHETIC: Silk Board - Junction 1,503,Moderate,Cloudy,Yellow
2024-12-07 20:00:00,SYNTHETIC: Outer Ring Road - Marathahalli,652,High,Cloudy,Yellow
2024-12-07 20:00:00,SYNTHETIC: Airport Road - Hebbal,605,Moderate,Cloudy,Green
2024-12-07 20:00:00,SYNTHETIC: Bannerghatta Road - Dairy Circle,678,High,Cloudy,Green
2024-12-07 20:00:00,SYNTHETIC: Whitefield Road - KR Puram,654,Moderate,Cloudy,Yellow
2024-12-07 20:00:00,SYNTHETIC: Hosur Road - Electronic City,798,High,Cloudy,Yellow
2024-12-08 00:00:00,SYNTHETIC: Silk Board - Junction 1,504,Moderate,Heavy Rain,Green
2024-12-08 00:00:00,SYNTHETIC: Outer Ring Road - Marathahalli,604,High,Heavy Rain,Green
2024-12-08 00:00:00,SYNTHETIC: Airport Road - Hebbal,568,Moderate,Heavy Rain,Green
2024-12-08 00:00:00,SYNTHETIC: Bannerghatta Road - Dairy Circle,700,High,Heavy Rain,Yellow
2024-12-08 00:00:00,SYNTHETIC: Whitefield Road - KR Puram,748,High,Heavy Rain,Green
2024-12-08 00:00:00,SYNTHETIC: Hosur Road - Electronic City,766,High,Heavy Rain,Green
2024-12-08 04:00:00,SYNTHETIC: Silk Board - Junction 1,510,Moderate,Heavy Rain,Green
2024-12-08 04:00:00,SYNTHETIC: Outer Ring Road - Marathahalli,605,High,Heavy Rain,Green
2024-12-08 04:00:00,SYNTHETIC: Airport Road - Hebbal,636,High,Heavy Rain,Green
2024-12-08 04:00:00,SYNTHETIC: Bannerghatta Road - Dairy Circle,665,High,Heavy Rain,Yellow
2024-12-08 04:00:00,SYNTHETIC: Whitefield Road - KR Puram,682,High,Heavy Rain,Green
2024-12-08 04:00:00,SYNTHETIC: Hosur Road - Electronic City,652,Moderate,Heavy Rain,Green
2024-12-08 08:00:00,SYNTHETIC: Silk Board - Junction 1,702,High,Heavy Rain,Yellow
2024-12-08 08:00:00,SYNTHETIC: Outer Ring Road - Marathahalli,794,Severe,Heavy Rain,Yellow
2024-12-08 08:00:00,SYNTHETIC: Airport Road - Hebbal,746,High,Heavy Rain,Yellow
2024-12-08 08:00:00,SYNTHETIC: Bannerghatta Road - Dairy Circle,862,Severe,Heavy Rain,Green
2024-12-08 08:00:00,SYNTHETIC: Whitefield Road - KR Puram,919,Severe,Heavy Rain,Green
2024-12-08 08:00:00,SYNTHETIC: Hosur Road - Electronic City,936,Severe,Heavy Rain,Green
2024-12-08 12:00:00,SYNTHETIC: Silk Board - Junction 1,684,High,Heavy Rain,Yellow
2024-12-08 12:00:00,SYNTHETIC: Outer Ring Road - Marathahalli,768,Severe,Heavy Rain,Green
2024-12-08 12:00:00,SYNTHETIC: Airport Road - Hebbal,819,Severe,Heavy Rain,Green
2024-12-08 12:00:00,SYNTHETIC: Bannerghatta Road - Dairy Circle,791,High,Heavy Rain,Red
2024-12-08 12:00:00,SYNTHETIC: Whitefield Road - KR Puram,839,High,Heavy Rain,Green
2024-12-08 12:00:00,SYNTHETIC: Hosur Road - Electronic City,850,High,Heavy Rain,Green
2024-12-08 16:00:00,SYNTHETIC: Silk Board - Junction 1,679,High,Heavy Rain,Green
2024-12-08 16:00:00,SYNTHETIC: Outer Ring Road - Marathahalli,813,Severe,Heavy Rain,Green
2024-12-08 16:00:00,SYNTHETIC: Airport Road - Hebbal,847,Severe,Heavy Rain,Green
2024-12-08 16:00:00,SYNTHETIC: Bannerghatta Road - Dairy Circle,895,Severe,Heavy Rain,Green
2024-12-08 16:00:00,SYNTHETIC: Whitefield Road - KR Puram,891,Severe,Heavy Rain,Green
2024-12-08 16:00:00,SYNTHETIC: Hosur Road - Electronic City,944,Severe,Heavy Rain,Green
2024-12-08 20:00:00,SYNTHETIC: Silk Board - Junction 1,695,High,Heavy Rain,Yellow
2024-12-08 20:00:00,SYNTHETIC: Outer Ring Road - Marathahalli,730,High,Heavy Rain,Yellow
2024-12-08 20:00:00,SYNTHETIC: Airport Road - Hebbal,792,Severe,Heavy Rain,Green
2024-12-08 20:00:00,SYNTHETIC: Bannerghatta Road - Dairy Circle,903,Severe,Heavy Rain,Yellow
2024-12-08 20:00:00,SYNTHETIC: Whitefield Road - KR Puram,896,Severe,Heavy Rain,Green
2024-12-08 20:00:00,SYNTHETIC: Hosur Road - Electronic City,921,Severe,Heavy Rain,Green
2024-12-09 00:00:00,SYNTHETIC: Silk Board - Junction 1,227,Low,Clear,Green
2024-12-09 00:00:00,SYNTHETIC: Outer Ring Road - Marathahalli,261,Low,Clear,Green
2024-12-09 00:00:00,SYNTHETIC: Airport Road - Hebbal,358,Low,Clear,Green
2024-12-09 00:00:00,SYNTHETIC: Bannerghatta Road - Dairy Circle,361,Low,Clear,Green
2024-12-09 00:00:00,SYNTHETIC: Whitefield Road - KR Puram,421,Low,Clear,Green
2024-12-09 00:00:00,SYNTHETIC: Hosur Road - Electronic City,465,Moderate,Clear,Green
2024-12-09 04:00:00,SYNTHETIC: Silk Board - Junction 1,154,Low,Clear,Green
2024-12-09 04:00:00,SYNTHETIC: Outer Ring Road - Marathahalli,317,Low,Clear,Red
2024-12-09 04:00:00,SYNTHETIC: Airport Road - Hebbal,347,Low,Clear,Green
2024-12-09 04:00:00,SYNTHETIC: Bannerghatta Road - Dairy Circle,374,Low,Clear,Green
2024-12-09 04:00:00,SYNTHETIC: Whitefield Road - KR Puram,426,Low,Clear,Yellow
2024-12-09 04:00:00,SYNTHETIC: Hosur Road - Electronic City,436,Low,Clear,Red
2024-12-09 08:00:00,SYNTHETIC: Silk Board - Junction 1,365,Moderate,Clear,Green
2024-12-09 08:00:00,SYNTHETIC: Outer Ring Road - Marathahalli,478,Moderate,Clear,Green
2024-12-09 08:00:00,SYNTHETIC: Airport Road - Hebbal,481,Moderate,Clear,Green
2024-12-09 08:00:00,SYNTHETIC: Bannerghatta Road - Dairy Circle,531,Moderate,Clear,Yellow
2024-12-09 08:00:00,SYNTHETIC: Whitefield Road - KR Puram,595,Moderate,Clear,Green
2024-12-09 08:00:00,SYNTHETIC: Hosur Road - Electronic City,541,Moderate,Clear,Green
2024-12-09 12:00:00,SYNTHETIC: Silk Board - Junction 1,455,Moderate,Clear,Green
2024-12-09 12:00:00,SYNTHETIC: Outer Ring Road - Marathahalli,458,Moderate,Clear,Green
2024-12-09 12:00:00,SYNTHETIC: Airport Road - Hebbal,485,Moderate,Clear,Yellow
2024-12-09 12:00:00,SYNTHETIC: Bannerghatta Road - Dairy Circle,515,Moderate,Clear,Green
2024-12-09 12:00:00,SYNTHETIC: Whitefield Road - KR Puram,519,Moderate,Clear,Green
2024-12-09 12:00:00,SYNTHETIC: Hosur Road - Electronic City,532,Moderate,Clear,Green
2024-12-09 16:00:00,SYNTHETIC: Silk Board - Junction 1,429,Moderate,Clear,Green
2024-12-09 16:00:00,SYNTHETIC: Outer Ring Road - Marathahalli,496,Moderate,Clear,Green
2024-12-09 16:00:00,SYNTHETIC: Airport Road - Hebbal,429,Moderate,Clear,Green
2024-12-09 16:00:00,SYNTHETIC: Bannerghatta Road - Dairy Circle,524,Moderate,Clear,Green
2024-12-09 16:00:00,SYNTHETIC: Whitefield Road - KR Puram,556,Moderate,Clear,Yellow
2024-12-09 16:00:00,SYNTHETIC: Hosur Road - Electronic City,596,Moderate,Clear,Yellow
2024-12-09 20:00:00,SYNTHETIC: Silk Board - Junction 1,395,Moderate,Clear,Green
2024-12-09 20:00:00,SYNTHETIC: Outer Ring Road - Marathahalli,395,Moderate,Clear,Red
2024-12-09 20:00:00,SYNTHETIC: Airport Road - Hebbal,544,Moderate,Clear,Yellow
2024-12-09 20:00:00,SYNTHETIC: Bannerghatta Road - Dairy Circle,469,Moderate,Clear,Red
2024-12-09 20:00:00,SYNTHETIC: Whitefield Road - KR Puram,511,Moderate,Clear,Green
2024-12-09 20:00:00,SYNTHETIC: Hosur Road - Electronic City,601,Moderate,Clear,Red
2024-12-10 00:00:00,SYNTHETIC: Silk Board - Junction 1,186,Low,Cloudy,Green
2024-12-10 00:00:00,SYNTHETIC: Outer Ring Road - Marathahalli,239,Low,Cloudy,Red
2024-12-10 00:00:00,SYNTHETIC: Airport Road - Hebbal,332,Low,Cloudy,Green
2024-12-10 00:00:00,SYNTHETIC: Bannerghatta Road - Dairy Circle,269,Low,Cloudy,Green
2024-12-10 00:00:00,SYNTHETIC: Whitefield Road - KR Puram,385,Low,Cloudy,Yellow
2024-12-10 00:00:00,SYNTHETIC: Hosur Road - Electronic City,353,Low,Cloudy,Green
2024-12-10 04:00:00,SYNTHETIC: Silk Board - Junction 1,258,Low,Cloudy,Green
2024-12-10 04:00:00,SYNTHETIC: Outer Ring Road - Marathahalli,248,Low,Cloudy,Red
2024-12-10 04:00:00,SYNTHETIC: Airport Road - Hebbal,257,Low,Cloudy,Green
2024-12-10 04:00:00,SYNTHETIC: Bannerghatta Road - Dairy Circle,349,Low,Cloudy,Yellow
2024-12-10 04:00:00,SYNTHETIC: Whitefield Road - KR Puram,295,Low,Cloudy,Green
2024-12-10 04:00:00,SYNTHETIC: Hosur Road - Electronic City,333,Low,Cloudy,Yellow
2024-12-10 08:00:00,SYNTHETIC: Silk Board - Junction 1,363,Moderate,Cloudy,Yellow
2024-12-10 08:00:00,SYNTHETIC: Outer Ring Road - Marathahalli,446,Moderate,Cloudy,Green
2024-12-10 08:00:00,SYNTHETIC: Airport Road - Hebbal,518,Moderate,Cloudy,Green
2024-12-10 08:00:00,SYNTHETIC: Bannerghatta Road - Dairy Circle,547,Moderate,Cloudy,Red
2024-12-10 08:00:00,SYNTHETIC: Whitefield Road - KR Puram,521,Moderate,Cloudy,Green
2024-12-10 08:00:00,SYNTHETIC: Hosur Road - Electronic City,585,Moderate,Cloudy,Red
2024-12-10 12:00:00,SYNTHETIC: Silk Board - Junction 1,449,Moderate,Cloudy,Green
2024-12-10 12:00:00,SYNTHETIC: Outer Ring Road - Marathahalli,485,Moderate,Cloudy,Red
2024-12-10 12:00:00,SYNTHETIC: Airport Road - Hebbal,485,Moderate,Cloudy,Green
2024-12-10 12:00:00,SYNTHETIC: Bannerghatta Road - Dairy Circle,515,Moderate,Cloudy,Green
2024-12-10 12:00:00,SYNTHETIC: Whitefield Road - KR Puram,531,Moderate,Cloudy,Red
2024-12-10 12:00:00,SYNTHETIC: Hosur Road - Electronic City,606,Moderate,Cloudy,Red
2024-12-10 16:00:00,SYNTHETIC: Silk Board - Junction 1,454,Moderate,Cloudy,Yellow
2024-12-10 16:00:00,SYNTHETIC: Outer Ring Road - Marathahalli,455,Moderate,Cloudy,Red
2024-12-10 16:00:00,SYNTHETIC: Airport Road - Hebbal,545,Moderate,Cloudy,Green
2024-12-10 16:00:00,SYNTHETIC: Bannerghatta Road - Dairy Circle,560,Moderate,Cloudy,Red
2024-12-10 16:00:00,SYNTHETIC: Whitefield Road - KR Puram,575,Moderate,Cloudy,Yellow
2024-12-10 16:00:00,SYNTHETIC: Hosur Road - Electronic City,550,Moderate,Cloudy,Yellow
2024-12-10 20:00:00,SYNTHETIC: Silk Board - Junction 1,416,Moderate,Cloudy,Green
2024-12-10 20:00:00,SYNTHETIC: Outer Ring Road - Marathahalli,475,Moderate,Cloudy,Green
2024-12-10 20:00:00,SYNTHETIC: Airport Road - Hebbal,560,Moderate,Cloudy,Yellow
2024-12-10 20:00:00,SYNTHETIC: Bannerghatta Road - Dairy Circle,571,Moderate,Cloudy,Yellow
2024-12-10 20:00:00,SYNTHETIC: Whitefield Road - KR Puram,503,Moderate,Cloudy,Green
2024-12-10 20:00:00,SYNTHETIC: Hosur Road - Electronic City,572,Moderate,Cloudy,Green
2024-12-11 00:00:00,SYNTHETIC: Silk Board - Junction 1,256,Low,Clear,Green
2024-12-11 00:00:00,SYNTHETIC: Outer Ring Road - Marathahalli,285,Low,Clear,Red
2024-12-11 00:00:00,SYNTHETIC: Airport Road - Hebbal,277,Low,Clear,Green
2024-12-11 00:00:00,SYNTHETIC: Bannerghatta Road - Dairy Circle,260,Low,Clear,Red
2024-12-11 00:00:00,SYNTHETIC: Whitefield Road - KR Puram,348,Low,Clear,Red
2024-12-11 00:00:00,SYNTHETIC: Hosur Road - Electronic City,443,Low,Clear,Green
2024-12-11 04:00:00,SYNTHETIC: Silk Board - Junction 1,193,Low,Clear,Green
2024-12-11 04:00:00,SYNTHETIC: Outer Ring Road - Marathahalli,294,Low,Clear,Green
2024-12-11 04:00:00,SYNTHETIC: Airport Road - Hebbal,258,Low,Clear,Green
2024-12-11 04:00:00,SYNTHETIC: Bannerghatta Road - Dairy Circle,349,Low,Clear,Green
2024-12-11 04:00:00,SYNTHETIC: Whitefield Road - KR Puram,320,Low,Clear,Green
2024-12-11 04:00:00,SYNTHETIC: Hosur Road - Electronic City,459,Moderate,Clear,Green
2024-12-11 08:00:00,SYNTHETIC: Silk Board - Junction 1,466,Moderate,Clear,Yellow
2024-12-11 08:00:00,SYNTHETIC: Outer Ring Road - Marathahalli,511,Moderate,Clear,Green
2024-12-11 08:00:00,SYNTHETIC: Airport Road - Hebbal,472,Moderate,Clear,Green
2024-12-11 08:00:00,SYNTHETIC: Bannerghatta Road - Dairy Circle,523,Moderate,Clear,Green
2024-12-11 08:00:00,SYNTHETIC: Whitefield Road - KR Puram,616,Moderate,Clear,Green
2024-12-11 08:00:00,SYNTHETIC: Hosur Road - Electronic City,635,Moderate,Clear,Red
2024-12-11 12:00:00,SYNTHETIC: Silk Board - Junction 1,405,Moderate,Clear,Red
2024-12-11 12:00:00,SYNTHETIC: Outer Ring Road - Marathahalli,457,Moderate,Clear,Yellow
2024-12-11 12:00:00,SYNTHETIC: Airport Road - Hebbal,468,Moderate,Clear,Green
2024-12-11 12:00:00,SYNTHETIC: Bannerghatta Road - Dairy Circle,559,Moderate,Clear,Yellow
2024-12-11 12:00:00,SYNTHETIC: Whitefield Road - KR Puram,497,Moderate,Clear,Green
2024-12-11 12:00:00,SYNTHETIC: Hosur Road - Electronic City,592,Moderate,Clear,Green
2024-12-11 16:00:00,SYNTHETIC: Silk Board - Junction 1,465,Moderate,Clear,Red
2024-12-11 16:00:00,SYNTHETIC: Outer Ring Road - Marathahalli,479,Moderate,Clear,Green
2024-12-11 16:00:00,SYNTHETIC: Airport Road - Hebbal,537,Moderate,Clear,Green
2024-12-11 16:00:00,SYNTHETIC: Bannerghatta Road - Dairy Circle,575,Moderate,Clear,Green
2024-12-11 16:00:00,SYNTHETIC: Whitefield Road - KR Puram,572,Moderate,Clear,Red
2024-12-11 16:00:00,SYNTHETIC: Hosur Road - Electronic City,626,Moderate,Clear,Yellow
2024-12-11 20:00:00,SYNTHETIC: Silk Board - Junction 1,448,Moderate,Clear,Yellow
2024-12-11 20:00:00,SYNTHETIC: Outer Ring Road - Marathahalli,450,Moderate,Clear,Green
2024-12-11 20:00:00,SYNTHETIC: Airport Road - Hebbal,435,Moderate,Clear,Green
2024-12-11 20:00:00,SYNTHETIC: Bannerghatta Road - Dairy Circle,515,Moderate,Clear,Green
2024-12-11 20:00:00,SYNTHETIC: Whitefield Road - KR Puram,580,Moderate,Clear,Red
2024-12-11 20:00:00,SYNTHETIC: Hosur Road - Electronic City,536,Moderate,Clear,Green
2024-12-12 00:00:00,SYNTHETIC: Silk Board - Junction 1,440,Moderate,Light Rain,Green
2024-12-12 00:00:00,SYNTHETIC: Outer Ring Road - Marathahalli,432,Moderate,Light Rain,Green
2024-12-12 00:00:00,SYNTHETIC: Airport Road - Hebbal,467,Moderate,Light Rain,Green
2024-12-12 00:00:00,SYNTHETIC: Bannerghatta Road - Dairy Circle,546,Moderate,Light Rain,Red
2024-12-12 00:00:00,SYNTHETIC: Whitefield Road - KR Puram,550,Moderate,Light Rain,Yellow
2024-12-12 00:00:00,SYNTHETIC: Hosur Road - Electronic City,630,Moderate,Light Rain,Yellow
2024-12-12 04:00:00,SYNTHETIC: Silk Board - Junction 1,368,Moderate,Light Rain,Green
2024-12-12 04:00:00,SYNTHETIC: Outer Ring Road - Marathahalli,477,Moderate,Light Rain,Green
2024-12-12 04:00:00,SYNTHETIC: Airport Road - Hebbal,438,Moderate,Light Rain,Green
2024-12-12 04:00:00,SYNTHETIC: Bannerghatta Road - Dairy Circle,481,Moderate,Light Rain,Green
2024-12-12 04:00:00,SYNTHETIC: Whitefield Road - KR Puram,536,Moderate,Light Rain,Green
2024-12-12 04:00:00,SYNTHETIC: Hosur Road - Electronic City,624,Moderate,Light Rain,Green
2024-12-12 08:00:00,SYNTHETIC: Silk Board - Junction 1,656,High,Light Rain,Green
2024-12-12 08:00:00,SYNTHETIC: Outer Ring Road - Marathahalli,656,High,Light Rain,Red
2024-12-12 08:00:00,SYNTHETIC: Airport Road - Hebbal,724,High,Light Rain,Green
2024-12-12 08:00:00,SYNTHETIC: Bannerghatta Road - Dairy Circle,663,High,Light Rain,Yellow
2024-12-12 08:00:00,SYNTHETIC: Whitefield Road - KR Puram,707,High,Light Rain,Green
2024-12-12 08:00:00,SYNTHETIC: Hosur Road - Electronic City,728,High,Light Rain,Green
2024-12-12 12:00:00,SYNTHETIC: Silk Board - Junction 1,602,High,Light Rain,Green
2024-12-12 12:00:00,SYNTHETIC: Outer Ring Road - Marathahalli,608,High,Light Rain,Yellow
2024-12-12 12:00:00,SYNTHETIC: Airport Road - Hebbal,669,High,Light Rain,Green
2024-12-12 12:00:00,SYNTHETIC: Bannerghatta Road - Dairy Circle,689,High,Light Rain,Green
2024-12-12 12:00:00,SYNTHETIC: Whitefield Road - KR Puram,671,Moderate,Light Rain,Green
2024-12-12 12:00:00,SYNTHETIC: Hosur Road - Electronic City,751,High,Light Rain,Green
2024-12-12 16:00:00,SYNTHETIC: Silk Board - Junction 1,549,Moderate,Light Rain,Green
2024-12-12 16:00:00,SYNTHETIC: Outer Ring Road - Marathahalli,692,High,Light Rain,Yellow
2024-12-12 16:00:00,SYNTHETIC: Airport Road - Hebbal,684,High,Light Rain,Green
2024-12-12 16:00:00,SYNTHETIC: Bannerghatta Road - Dairy Circle,666,High,Light Rain,Green
2024-12-12 16:00:00,SYNTHETIC: Whitefield Road - KR Puram,697,High,Light Rain,Yellow
2024-12-12 16:00:00,SYNTHETIC: Hosur Road - Electronic City,744,High,Light Rain,Green
2024-12-12 20:00:00,SYNTHETIC: Silk Board - Junction 1,647,High,Light Rain,Yellow
2024-12-12 20:00:00,SYNTHETIC: Outer Ring Road - Marathahalli,687,High,Light Rain,Green
2024-12-12 20:00:00,SYNTHETIC: Airport Road - Hebbal,668,High,Light Rain,Green
2024-12-12 20:00:00,SYNTHETIC: Bannerghatta Road - Dairy Circle,636,Moderate,Light Rain,Green
2024-12-12 20:00:00,SYNTHETIC: Whitefield Road - KR Puram,681,High,Light Rain,Yellow
2024-12-12 20:00:00,SYNTHETIC: Hosur Road - Electronic City,820,High,Light Rain,Green
2024-12-13 00:00:00,SYNTHETIC: Silk Board - Junction 1,226,Low,Clear,Green
2024-12-13 00:00:00,SYNTHETIC: Outer Ring Road - Marathahalli,295,Low,Clear,Yellow
2024-12-13 00:00:00,SYNTHETIC: Airport Road - Hebbal,299,Low,Clear,Red
2024-12-13 00:00:00,SYNTHETIC: Bannerghatta Road - Dairy Circle,288,Low,Clear,Green
2024-12-13 00:00:00,SYNTHETIC: Whitefield Road - KR Puram,314,Low,Clear,Yellow
2024-12-13 00:00:00,SYNTHETIC: Hosur Road - Electronic City,456,Moderate,Clear,Green
2024-12-13 04:00:00,SYNTHETIC: Silk Board - Junction 1,264,Low,Clear,Red
2024-12-13 04:00:00,SYNTHETIC: Outer Ring Road - Marathahalli,306,Low,Clear,Green
2024-12-13 04:00:00,SYNTHETIC: Airport Road - Hebbal,328,Low,Clear,Green
2024-12-13 04:00:00,SYNTHETIC: Bannerghatta Road - Dairy Circle,363,Low,Clear,Yellow
2024-12-13 04:00:00,SYNTHETIC: Whitefield Road - KR Puram,337,Low,Clear,Green
2024-12-13 04:00:00,SYNTHETIC: Hosur Road - Electronic City,434,Low,Clear,Green
2024-12-13 08:00:00,SYNTHETIC: Silk Board - Junction 1,481,Moderate,Clear,Green
2024-12-13 08:00:00,SYNTHETIC: Outer Ring Road - Marathahalli,503,Moderate,Clear,Yellow
2024-12-13 08:00:00,SYNTHETIC: Airport Road - Hebbal,459,Moderate,Clear,Red
2024-12-13 08:00:00,SYNTHETIC: Bannerghatta Road - Dairy Circle,589,Moderate,Clear,Green
2024-12-13 08:00:00,SYNTHETIC: Whitefield Road - KR Puram,624,Moderate,Clear,Green
2024-12-13 08:00:00,SYNTHETIC: Hosur Road - Electronic City,644,Moderate,Clear,Green
2024-12-13 12:00:00,SYNTHETIC: Silk Board - Junction 1,472,Moderate,Clear,Green
2024-12-13 12:00:00,SYNTHETIC: Outer Ring Road - Marathahalli,417,Moderate,Clear,Yellow
2024-12-13 12:00:00,SYNTHETIC: Airport Road - Hebbal,496,Moderate,Clear,Yellow
2024-12-13 12:00:00,SYNTHETIC: Bannerghatta Road - Dairy Circle,588,Moderate,Clear,Green
2024-12-13 12:00:00,SYNTHETIC: Whitefield Road - KR Puram,502,Moderate,Clear,Green
2024-12-13 12:00:00,SYNTHETIC: Hosur Road - Electronic City,536,Moderate,Clear,Green
2024-12-13 16:00:00,SYNTHETIC: Silk Board - Junction 1,480,Moderate,Clear,Green
2024-12-13 16:00:00,SYNTHETIC: Outer Ring Road - Marathahalli,409,Moderate,Clear,Green
2024-12-13 16:00:00,SYNTHETIC: Airport Road - Hebbal,484,Moderate,Clear,Green
2024-12-13 16:00:00,SYNTHETIC: Bannerghatta Road - Dairy Circle,475,Moderate,Clear,Yellow
2024-12-13 16:00:00,SYNTHETIC: Whitefield Road - KR Puram,494,Moderate,Clear,Green
2024-12-13 16:00:00,SYNTHETIC: Hosur Road - Electronic City,643,Moderate,Clear,Green
2024-12-13 20:00:00,SYNTHETIC: Silk Board - Junction 1,396,Moderate,Clear,Yellow
2024-12-13 20:00:00,SYNTHETIC: Outer Ring Road - Marathahalli,396,Moderate,Clear,Green
2024-12-13 20:00:00,SYNTHETIC: Airport Road - Hebbal,496,Moderate,Clear,Green
2024-12-13 20:00:00,SYNTHETIC: Bannerghatta Road - Dairy Circle,571,Moderate,Clear,Yellow
2024-12-13 20:00:00,SYNTHETIC: Whitefield Road - KR Puram,605,Moderate,Clear,Green
2024-12-13 20:00:00,SYNTHETIC: Hosur Road - Electronic City,592,Moderate,Clear,Green
2024-12-14 00:00:00,SYNTHETIC: Silk Board - Junction 1,547,Moderate,Heavy Rain,Green
2024-12-14 00:00:00,SYNTHETIC: Outer Ring Road - Marathahalli,539,Moderate,Heavy Rain,Green
2024-12-14 00:00:00,SYNTHETIC: Airport Road - Hebbal,568,Moderate,Heavy Rain,Yellow
2024-12-14 00:00:00,SYNTHETIC: Bannerghatta Road - Dairy Circle,623,Moderate,Heavy Rain,Red
2024-12-14 00:00:00,SYNTHETIC: Whitefield Road - KR Puram,663,Moderate,Heavy Rain,Green
2024-12-14 00:00:00,SYNTHETIC: Hosur Road - Electronic City,682,Moderate,Heavy Rain,Green
2024-12-14 04:00:00,SYNTHETIC: Silk Board - Junction 1,581,High,Heavy Rain,Yellow
2024-12-14 04:00:00,SYNTHETIC: Outer Ring Road - Marathahalli,642,High,Heavy Rain,Green
2024-12-14 04:00:00,SYNTHETIC: Airport Road - Hebbal,617,High,Heavy Rain,Yellow
2024-12-14 04:00:00,SYNTHETIC: Bannerghatta Road - Dairy Circle,612,Moderate,Heavy Rain,Green
2024-12-14 04:00:00,SYNTHETIC: Whitefield Road - KR Puram,615,Moderate,Heavy Rain,Green
2024-12-14 04:00:00,SYNTHETIC: Hosur Road - Electronic City,684,Moderate,Heavy Rain,Yellow
2024-12-14 08:00:00,SYNTHETIC: Silk Board - Junction 1,783,Severe,Heavy Rain,Red
2024-12-14 08:00:00,SYNTHETIC: Outer Ring Road - Marathahalli,825,Severe,Heavy Rain,Green
2024-12-14 08:00:00,SYNTHETIC: Airport Road - Hebbal,855,Severe,Heavy Rain,Green
2024-12-14 08:00:00,SYNTHETIC: Bannerghatta Road - Dairy Circle,826,High,Heavy Rain,Green
2024-12-14 08:00:00,SYNTHETIC: Whitefield Road - KR Puram,910,Severe,Heavy Rain,Green
2024-12-14 08:00:00,SYNTHETIC: Hosur Road - Electronic City,847,High,Heavy Rain,Green
2024-12-14 12:00:00,SYNTHETIC: Silk Board - Junction 1,780,Severe,Heavy Rain,Red
2024-12-14 12:00:00,SYNTHETIC: Outer Ring Road - Marathahalli,831,Severe,Heavy Rain,Yellow
2024-12-14 12:00:00,SYNTHETIC: Airport Road - Hebbal,814,Severe,Heavy Rain,Green
2024-12-14 12:00:00,SYNTHETIC: Bannerghatta Road - Dairy Circle,877,Severe,Heavy Rain,Green
2024-12-14 12:00:00,SYNTHETIC: Whitefield Road - KR Puram,934,Severe,Heavy Rain,Green
2024-12-14 12:00:00,SYNTHETIC: Hosur Road - Electronic City,860,High,Heavy Rain,Green
2024-12-14 16:00:00,SYNTHETIC: Silk Board - Junction 1,778,Severe,Heavy Rain,Green
2024-12-14 16:00:00,SYNTHETIC: Outer Ring Road - Marathahalli,721,High,Heavy Rain,Green
2024-12-14 16:00:00,SYNTHETIC: Airport Road - Hebbal,846,Severe,Heavy Rain,Red
2024-12-14 16:00:00,SYNTHETIC: Bannerghatta Road - Dairy Circle,804,High,Heavy Rain,Green
2024-12-14 16:00:00,SYNTHETIC: Whitefield Road - KR Puram,898,Severe,Heavy Rain,Green
2024-12-14 16:00:00,SYNTHETIC: Hosur Road - Electronic City,956,Severe,Heavy Rain,Green
2024-12-14 20:00:00,SYNTHETIC: Silk Board - Junction 1,743,Severe,Heavy Rain,Yellow
2024-12-14 20:00:00,SYNTHETIC: Outer Ring Road - Marathahalli,825,Severe,Heavy Rain,Green
2024-12-14 20:00:00,SYNTHETIC: Airport Road - Hebbal,799,Severe,Heavy Rain,Green
2024-12-14 20:00:00,SYNTHETIC: Bannerghatta Road - Dairy Circle,861,Severe,Heavy Rain,Red
2024-12-14 20:00:00,SYNTHETIC: Whitefield Road - KR Puram,929,Severe,Heavy Rain,Green
2024-12-14 20:00:00,SYNTHETIC: Hosur Road - Electronic City,920,Severe,Heavy Rain,Yellow
2024-12-15 00:00:00,SYNTHETIC: Silk Board - Junction 1,536,Moderate,Light Rain,Green
2024-12-15 00:00:00,SYNTHETIC: Outer Ring Road - Marathahalli,545,Moderate,Light Rain,Green
2024-12-15 00:00:00,SYNTHETIC: Airport Road - Hebbal,668,High,Light Rain,Green
2024-12-15 00:00:00,SYNTHETIC: Bannerghatta Road - Dairy Circle,591,Moderate,Light Rain,Green
2024-12-15 00:00:00,SYNTHETIC: Whitefield Road - KR Puram,639,Moderate,Light Rain,Green
2024-12-15 00:00:00,SYNTHETIC: Hosur Road - Electronic City,675,Moderate,Light Rain,Green
2024-12-15 04:00:00,SYNTHETIC: Silk Board - Junction 1,594,High,Light Rain,Green
2024-12-15 04:00:00,SYNTHETIC: Outer Ring Road - Marathahalli,592,High,Light Rain,Yellow
2024-12-15 04:00:00,SYNTHETIC: Airport Road - Hebbal,551,Moderate,Light Rain,Yellow
2024-12-15 04:00:00,SYNTHETIC: Bannerghatta Road - Dairy Circle,643,Moderate,Light Rain,Red
2024-12-15 04:00:00,SYNTHETIC: Whitefield Road - KR Puram,741,High,Light Rain,Green
2024-12-15 04:00:00,SYNTHETIC: Hosur Road - Electronic City,671,Moderate,Light Rain,Yellow
2024-12-15 08:00:00,SYNTHETIC: Silk Board - Junction 1,782,Severe,Light Rain,Yellow
2024-12-15 08:00:00,SYNTHETIC: Outer Ring Road - Marathahalli,733,High,Light Rain,Red
2024-12-15 08:00:00,SYNTHETIC: Airport Road - Hebbal,766,High,Light Rain,Yellow
2024-12-15 08:00:00,SYNTHETIC: Bannerghatta Road - Dairy Circle,785,High,Light Rain,Green
2024-12-15 08:00:00,SYNTHETIC: Whitefield Road - KR Puram,852,High,Light Rain,Green
2024-12-15 08:00:00,SYNTHETIC: Hosur Road - Electronic City,897,High,Light Rain,Red
2024-12-15 12:00:00,SYNTHETIC: Silk Board - Junction 1,710,High,Light Rain,Yellow
2024-12-15 12:00:00,SYNTHETIC: Outer Ring Road - Marathahalli,818,Severe,Light Rain,Yellow
2024-12-15 12:00:00,SYNTHETIC: Airport Road - Hebbal,867,Severe,Light Rain,Yellow
2024-12-15 12:00:00,SYNTHETIC: Bannerghatta Road - Dairy Circle,800,High,Light Rain,Green
2024-12-15 12:00:00,SYNTHETIC: Whitefield Road - KR Puram,903,Severe,Light Rain,Green
2024-12-15 12:00:00,SYNTHETIC: Hosur Road - Electronic City,880,High,Light Rain,Green
2024-12-15 16:00:00,SYNTHETIC: Silk Board - Junction 1,721,Severe,Light Rain,Green
2024-12-15 16:00:00,SYNTHETIC: Outer Ring Road - Marathahalli,811,Severe,Light Rain,Yellow
2024-12-15 16:00:00,SYNTHETIC: Airport Road - Hebbal,741,High,Light Rain,Green
2024-12-15 16:00:00,SYNTHETIC: Bannerghatta Road - Dairy Circle,896,Severe,Light Rain,Green
2024-12-15 16:00:00,SYNTHETIC: Whitefield Road - KR Puram,939,Severe,Light Rain,Green
2024-12-15 16:00:00,SYNTHETIC: Hosur Road - Electronic City,913,Severe,Light Rain,Green
2024-12-15 20:00:00,SYNTHETIC: Silk Board - Junction 1,776,Severe,Light Rain,Green
2024-12-15 20:00:00,SYNTHETIC: Outer Ring Road - Marathahalli,767,Severe,Light Rain,Green
2024-12-15 20:00:00,SYNTHETIC: Airport Road - Hebbal,875,Severe,Light Rain,Green
2024-12-15 20:00:00,SYNTHETIC: Bannerghatta Road - Dairy Circle,833,Severe,Light Rain,Green
2024-12-15 20:00:00,SYNTHETIC: Whitefield Road - KR Puram,919,Severe,Light Rain,Green
2024-12-15 20:00:00,SYNTHETIC: Hosur Road - Electronic City,949,Severe,Light Rain,Red
2024-12-16 00:00:00,SYNTHETIC: Silk Board - Junction 1,407,Moderate,Heavy Rain,Yellow
2024-12-16 00:00:00,SYNTHETIC: Outer Ring Road - Marathahalli,445,Moderate,Heavy Rain,Red
2024-12-16 00:00:00,SYNTHETIC: Airport Road - Hebbal,402,Moderate,Heavy Rain,Yellow
2024-12-16 00:00:00,SYNTHETIC: Bannerghatta Road - Dairy Circle,570,Moderate,Heavy Rain,Green
2024-12-16 00:00:00,SYNTHETIC: Whitefield Road - KR Puram,507,Moderate,Heavy Rain,Yellow
2024-12-16 00:00:00,SYNTHETIC: Hosur Road - Electronic City,619,Moderate,Heavy Rain,Green
2024-12-16 04:00:00,SYNTHETIC: Silk Board - Junction 1,469,Moderate,Heavy Rain,Green
2024-12-16 04:00:00,SYNTHETIC: Outer Ring Road - Marathahalli,478,Moderate,Heavy Rain,Yellow
2024-12-16 04:00:00,SYNTHETIC: Airport Road - Hebbal,503,Moderate,Heavy Rain,Yellow
2024-12-16 04:00:00,SYNTHETIC: Bannerghatta Road - Dairy Circle,512,Moderate,Heavy Rain,Green
2024-12-16 04:00:00,SYNTHETIC: Whitefield Road - KR Puram,607,Moderate,Heavy Rain,Green
2024-12-16 04:00:00,SYNTHETIC: Hosur Road - Electronic City,537,Moderate,Heavy Rain,Green
2024-12-16 08:00:00,SYNTHETIC: Silk Board - Junction 1,668,High,Heavy Rain,Green
2024-12-16 08:00:00,SYNTHETIC: Outer Ring Road - Marathahalli,588,High,Heavy Rain,Green
2024-12-16 08:00:00,SYNTHETIC: Airport Road - Hebbal,679,High,Heavy Rain,Green
2024-12-16 08:00:00,SYNTHETIC: Bannerghatta Road - Dairy Circle,675,High,Heavy Rain,Green
2024-12-16 08:00:00,SYNTHETIC: Whitefield Road - KR Puram,808,High,Heavy Rain,Green
2024-12-16 08:00:00,SYNTHETIC: Hosur Road - Electronic City,766,High,Heavy Rain,Yellow
2024-12-16 12:00:00,SYNTHETIC: Silk Board - Junction 1,607,High,Heavy Rain,Yellow
2024-12-16 12:00:00,SYNTHETIC: Outer Ring Road - Marathahalli,694,High,Heavy Rain,Green
2024-12-16 12:00:00,SYNTHETIC: Airport Road - Hebbal,615,Moderate,Heavy Rain,Yellow
2024-12-16 12:00:00,SYNTHETIC: Bannerghatta Road - Dairy Circle,701,High,Heavy Rain,Green
2024-12-16 12:00:00,SYNTHETIC: Whitefield Road - KR Puram,760,High,Heavy Rain,Green
2024-12-16 12:00:00,SYNTHETIC: Hosur Road - Electronic City,736,High,Heavy Rain,Green
2024-12-16 16:00:00,SYNTHETIC: Silk Board - Junction 1,531,Moderate,Heavy Rain,Green
2024-12-16 16:00:00,SYNTHETIC: Outer Ring Road - Marathahalli,625,High,Heavy Rain,Yellow
2024-12-16 16:00:00,SYNTHETIC: Airport Road - Hebbal,736,High,Heavy Rain,Yellow
2024-12-16 16:00:00,SYNTHETIC: Bannerghatta Road - Dairy Circle,694,High,Heavy Rain,Green
2024-12-16 16:00:00,SYNTHETIC: Whitefield Road - KR Puram,742,High,Heavy Rain,Yellow
2024-12-16 16:00:00,SYNTHETIC: Hosur Road - Electronic City,740,High,Heavy Rain,Yellow
2024-12-16 20:00:00,SYNTHETIC: Silk Board - Junction 1,663,High,Heavy Rain,Yellow
2024-12-16 20:00:00,SYNTHETIC: Outer Ring Road - Marathahalli,591,High,Heavy Rain,Green
2024-12-16 20:00:00,SYNTHETIC: Airport Road - Hebbal,649,High,Heavy Rain,Yellow
2024-12-16 20:00:00,SYNTHETIC: Bannerghatta Road - Dairy Circle,727,High,Heavy Rain,Green
2024-12-16 20:00:00,SYNTHETIC: Whitefield Road - KR Puram,707,High,Heavy Rain,Yellow
2024-12-16 20:00:00,SYNTHETIC: Hosur Road - Electronic City,810,High,Heavy Rain,Green
2024-12-17 00:00:00,SYNTHETIC: Silk Board - Junction 1,204,Low,Clear,Green
2024-12-17 00:00:00,SYNTHETIC: Outer Ring Road - Marathahalli,193,Low,Clear,Yellow
2024-12-17 00:00:00,SYNTHETIC: Airport Road - Hebbal,314,Low,Clear,Red
2024-12-17 00:00:00,SYNTHETIC: Bannerghatta Road - Dairy Circle,285,Low,Clear,Green
2024-12-17 00:00:00,SYNTHETIC: Whitefield Road - KR Puram,394,Low,Clear,Green
2024-12-17 00:00:00,SYNTHETIC: Hosur Road - Electronic City,419,Low,Clear,Green
2024-12-17 04:00:00,SYNTHETIC: Silk Board - Junction 1,160,Low,Clear,Green
2024-12-17 04:00:00,SYNTHETIC: Outer Ring Road - Marathahalli,215,Low,Clear,Green
2024-12-17 04:00:00,SYNTHETIC: Airport Road - Hebbal,315,Low,Clear,Green
2024-12-17 04:00:00,SYNTHETIC: Bannerghatta Road - Dairy Circle,379,Low,Clear,Green
2024-12-17 04:00:00,SYNTHETIC: Whitefield Road - KR Puram,326,Low,Clear,Green
2024-12-17 04:00:00,SYNTHETIC: Hosur Road - Electronic City,432,Low,Clear,Green
2024-12-17 08:00:00,SYNTHETIC: Silk Board - Junction 1,428,Moderate,Clear,Red
2024-12-17 08:00:00,SYNTHETIC: Outer Ring Road - Marathahalli,440,Moderate,Clear,Green
2024-12-17 08:00:00,SYNTHETIC: Airport Road - Hebbal,545,Moderate,Clear,Green
2024-12-17 08:00:00,SYNTHETIC: Bannerghatta Road - Dairy Circle,595,Moderate,Clear,Green
2024-12-17 08:00:00,SYNTHETIC: Whitefield Road - KR Puram,501,Moderate,Clear,Green
2024-12-17 08:00:00,SYNTHETIC: Hosur Road - Electronic City,604,Moderate,Clear,Green
2024-12-17 12:00:00,SYNTHETIC: Silk Board - Junction 1,436,Moderate,Clear,Yellow
2024-12-17 12:00:00,SYNTHETIC: Outer Ring Road - Marathahalli,506,Moderate,Clear,Yellow
2024-12-17 12:00:00,SYNTHETIC: Airport Road - Hebbal,453,Moderate,Clear,Yellow
2024-12-17 12:00:00,SYNTHETIC: Bannerghatta Road - Dairy Circle,584,Moderate,Clear,Green
2024-12-17 12:00:00,SYNTHETIC: Whitefield Road - KR Puram,605,Moderate,Clear,Yellow
2024-12-17 12:00:00,SYNTHETIC: Hosur Road - Electronic City,563,Moderate,Clear,Red
2024-12-17 16:00:00,SYNTHETIC: Silk Board - Junction 1,433,Moderate,Clear,Green
2024-12-17 16:00:00,SYNTHETIC: Outer Ring Road - Marathahalli,489,Moderate,Clear,Green
2024-12-17 16:00:00,SYNTHETIC: Airport Road - Hebbal,521,Moderate,Clear,Green
2024-12-17 16:00:00,SYNTHETIC: Bannerghatta Road - Dairy Circle,466,Moderate,Clear,Red
2024-12-17 16:00:00,SYNTHETIC: Whitefield Road - KR Puram,603,Moderate,Clear,Yellow
2024-12-17 16:00:00,SYNTHETIC: Hosur Road - Electronic City,547,Moderate,Clear,Red
2024-12-17 20:00:00,SYNTHETIC: Silk Board - Junction 1,356,Low,Clear,Green
2024-12-17 20:00:00,SYNTHETIC: Outer Ring Road - Marathahalli,464,Moderate,Clear,Green
2024-12-17 20:00:00,SYNTHETIC: Airport Road - Hebbal,451,Moderate,Clear,Green
2024-12-17 20:00:00,SYNTHETIC: Bannerghatta Road - Dairy Circle,476,Moderate,Clear,Green
2024-12-17 20:00:00,SYNTHETIC: Whitefield Road - KR Puram,628,Moderate,Clear,Green
2024-12-17 20:00:00,SYNTHETIC: Hosur Road - Electronic City,538,Moderate,Clear,Red
2024-12-18 00:00:00,SYNTHETIC: Silk Board - Junction 1,427,Moderate,Light Rain,Green
2024-12-18 00:00:00,SYNTHETIC: Outer Ring Road - Marathahalli,394,Moderate,Light Rain,Red
2024-12-18 00:00:00,SYNTHETIC: Airport Road - Hebbal,538,Moderate,Light Rain,Green
2024-12-18 00:00:00,SYNTHETIC: Bannerghatta Road - Dairy Circle,471,Moderate,Light Rain,Green
2024-12-18 00:00:00,SYNTHETIC: Whitefield Road - KR Puram,492,Moderate,Light Rain,Green
2024-12-18 00:00:00,SYNTHETIC: Hosur Road - Electronic City,609,Moderate,Light Rain,Yellow
2024-12-18 04:00:00,SYNTHETIC: Silk Board - Junction 1,345,Low,Light Rain,Green
2024-12-18 04:00:00,SYNTHETIC: Outer Ring Road - Marathahalli,448,Moderate,Light Rain,Green
2024-12-18 04:00:00,SYNTHETIC: Airport Road - Hebbal,414,Moderate,Light Rain,Green
2024-12-18 04:00:00,SYNTHETIC: Bannerghatta Road - Dairy Circle,460,Moderate,Light Rain,Green
2024-12-18 04:00:00,SYNTHETIC: Whitefield Road - KR Puram,575,Moderate,Light Rain,Red
2024-12-18 04:00:00,SYNTHETIC: Hosur Road - Electronic City,571,Moderate,Light Rain,Green
2024-12-18 08:00:00,SYNTHETIC: Silk Board - Junction 1,560,High,Light Rain,Green
2024-12-18 08:00:00,SYNTHETIC: Outer Ring Road - Marathahalli,626,High,Light Rain,Yellow
2024-12-18 08:00:00,SYNTHETIC: Airport Road - Hebbal,660,High,Light Rain,Green
2024-12-18 08:00:00,SYNTHETIC: Bannerghatta Road - Dairy Circle,764,High,Light Rain,Green
2024-12-18 08:00:00,SYNTHETIC: Whitefield Road - KR Puram,699,High,Light Rain,Green
2024-12-18 08:00:00,SYNTHETIC: Hosur Road - Electronic City,786,High,Light Rain,Green
2024-12-18 12:00:00,SYNTHETIC: Silk Board - Junction 1,634,High,Light Rain,Green
2024-12-18 12:00:00,SYNTHETIC: Outer Ring Road - Marathahalli,572,Moderate,Light Rain,Green
2024-12-18 12:00:00,SYNTHETIC: Airport Road - Hebbal,659,High,Light Rain,Red
2024-12-18 12:00:00,SYNTHETIC: Bannerghatta Road - Dairy Circle,639,Moderate,Light Rain,Green
2024-12-18 12:00:00,SYNTHETIC: Whitefield Road - KR Puram,695,High,Light Rain,Green
2024-12-18 12:00:00,SYNTHETIC: Hosur Road - Electronic City,737,High,Light Rain,Green
2024-12-18 16:00:00,SYNTHETIC: Silk Board - Junction 1,634,High,Light Rain,Green
2024-12-18 16:00:00,SYNTHETIC: Outer Ring Road - Marathahalli,693,High,Light Rain,Green
2024-12-18 16:00:00,SYNTHETIC: Airport Road - Hebbal,636,High,Light Rain,Green
2024-12-18 16:00:00,SYNTHETIC: Bannerghatta Road - Dairy Circle,678,High,Light Rain,Yellow
2024-12-18 16:00:00,SYNTHETIC: Whitefield Road - KR Puram,807,High,Light Rain,Red
2024-12-18 16:00:00,SYNTHETIC: Hosur Road - Electronic City,820,High,Light Rain,Green
2024-12-18 20:00:00,SYNTHETIC: Silk Board - Junction 1,648,High,Light Rain,Red
2024-12-18 20:00:00,SYNTHETIC: Outer Ring Road - Marathahalli,639,High,Light Rain,Yellow
2024-12-18 20:00:00,SYNTHETIC: Airport Road - Hebbal,642,High,Light Rain,Green
2024-12-18 20:00:00,SYNTHETIC: Bannerghatta Road - Dairy Circle,758,High,Light Rain,Green
2024-12-18 20:00:00,SYNTHETIC: Whitefield Road - KR Puram,734,High,Light Rain,Yellow
2024-12-18 20:00:00,SYNTHETIC: Hosur Road - Electronic City,802,High,Light Rain,Red
2024-12-19 00:00:00,SYNTHETIC: Silk Board - Junction 1,232,Low,Cloudy,Green
2024-12-19 00:00:00,SYNTHETIC: Outer Ring Road - Marathahalli,302,Low,Cloudy,Red
2024-12-19 00:00:00,SYNTHETIC: Airport Road - Hebbal,304,Low,Cloudy,Green
2024-12-19 00:00:00,SYNTHETIC: Bannerghatta Road - Dairy Circle,289,Low,Cloudy,Green
2024-12-19 00:00:00,SYNTHETIC: Whitefield Road - KR Puram,290,Low,Cloudy,Green
2024-12-19 00:00:00,SYNTHETIC: Hosur Road - Electronic City,326,Low,Cloudy,Red
2024-12-19 04:00:00,SYNTHETIC: Silk Board - Junction 1,194,Low,Cloudy,Green
2024-12-19 04:00:00,SYNTHETIC: Outer Ring Road - Marathahalli,310,Low,Cloudy,Yellow
2024-12-19 04:00:00,SYNTHETIC: Airport Road - Hebbal,357,Low,Cloudy,Green
2024-12-19 04:00:00,SYNTHETIC: Bannerghatta Road - Dairy Circle,274,Low,Cloudy,Green
2024-12-19 04:00:00,SYNTHETIC: Whitefield Road - KR Puram,403,Low,Cloudy,Yellow
2024-12-19 04:00:00,SYNTHETIC: Hosur Road - Electronic City,415,Low,Cloudy,Red
2024-12-19 08:00:00,SYNTHETIC: Silk Board - Junction 1,446,Moderate,Cloudy,Yellow
2024-12-19 08:00:00,SYNTHETIC: Outer Ring Road - Marathahalli,476,Moderate,Cloudy,Green
2024-12-19 08:00:00,SYNTHETIC: Airport Road - Hebbal,422,Moderate,Cloudy,Green
2024-12-19 08:00:00,SYNTHETIC: Bannerghatta Road - Dairy Circle,549,Moderate,Cloudy,Red
2024-12-19 08:00:00,SYNTHETIC: Whitefield Road - KR Puram,603,Moderate,Cloudy,Green
2024-12-19 08:00:00,SYNTHETIC: Hosur Road - Electronic City,530,Moderate,Cloudy,Yellow
2024-12-19 12:00:00,SYNTHETIC: Silk Board - Junction 1,441,Moderate,Cloudy,Green
2024-12-19 12:00:00,SYNTHETIC: Outer Ring Road - Marathahalli,462,Moderate,Cloudy,Yellow
2024-12-19 12:00:00,SYNTHETIC: Airport Road - Hebbal,476,Moderate,Cloudy,Green
2024-12-19 12:00:00,SYNTHETIC: Bannerghatta Road - Dairy Circle,581,Moderate,Cloudy,Red
2024-12-19 12:00:00,SYNTHETIC: Whitefield Road - KR Puram,499,Moderate,Cloudy,Green
2024-12-19 12:00:00,SYNTHETIC: Hosur Road - Electronic City,578,Moderate,Cloudy,Green
2024-12-19 16:00:00,SYNTHETIC: Silk Board - Junction 1,451,Moderate,Cloudy,Green
2024-12-19 16:00:00,SYNTHETIC: Outer Ring Road - Marathahalli,456,Moderate,Cloudy,Green
2024-12-19 16:00:00,SYNTHETIC: Airport Road - Hebbal,546,Moderate,Cloudy,Green
2024-12-19 16:00:00,SYNTHETIC: Bannerghatta Road - Dairy Circle,504,Moderate,Cloudy,Yellow
2024-12-19 16:00:00,SYNTHETIC: Whitefield Road - KR Puram,534,Moderate,Cloudy,Green
2024-12-19 16:00:00,SYNTHETIC: Hosur Road - Electronic City,557,Moderate,Cloudy,Yellow
2024-12-19 20:00:00,SYNTHETIC: Silk Board - Junction 1,382,Moderate,Cloudy,Green
2024-12-19 20:00:00,SYNTHETIC: Outer Ring Road - Marathahalli,443,Moderate,Cloudy,Red
2024-12-19 20:00:00,SYNTHETIC: Airport Road - Hebbal,490,Moderate,Cloudy,Green
2024-12-19 20:00:00,SYNTHETIC: Bannerghatta Road - Dairy Circle,460,Moderate,Cloudy,Red
2024-12-19 20:00:00,SYNTHETIC: Whitefield Road - KR Puram,626,Moderate,Cloudy,Green
2024-12-19 20:00:00,SYNTHETIC: Hosur Road - Electronic City,641,Moderate,Cloudy,Green
2024-12-20 00:00:00,SYNTHETIC: Silk Board - Junction 1,207,Low,Clear,Red
2024-12-20 00:00:00,SYNTHETIC: Outer Ring Road - Marathahalli,293,Low,Clear,Red
2024-12-20 00:00:00,SYNTHETIC: Airport Road - Hebbal,283,Low,Clear,Green
2024-12-20 00:00:00,SYNTHETIC: Bannerghatta Road - Dairy Circle,339,Low,Clear,Green
2024-12-20 00:00:00,SYNTHETIC: Whitefield Road - KR Puram,314,Low,Clear,Green
2024-12-20 00:00:00,SYNTHETIC: Hosur Road - Electronic City,435,Low,Clear,Yellow
2024-12-20 04:00:00,SYNTHETIC: Silk Board - Junction 1,235,Low,Clear,Yellow
2024-12-20 04:00:00,SYNTHETIC: Outer Ring Road - Marathahalli,248,Low,Clear,Green
2024-12-20 04:00:00,SYNTHETIC: Airport Road - Hebbal,281,Low,Clear,Red
2024-12-20 04:00:00,SYNTHETIC: Bannerghatta Road - Dairy Circle,268,Low,Clear,Yellow
2024-12-20 04:00:00,SYNTHETIC: Whitefield Road - KR Puram,423,Low,Clear,Yellow
2024-12-20 04:00:00,SYNTHETIC: Hosur Road - Electronic City,343,Low,Clear,Yellow
2024-12-20 08:00:00,SYNTHETIC: Silk Board - Junction 1,462,Moderate,Clear,Yellow
2024-12-20 08:00:00,SYNTHETIC: Outer Ring Road - Marathahalli,499,Moderate,Clear,Green
2024-12-20 08:00:00,SYNTHETIC: Airport Road - Hebbal,441,Moderate,Clear,Red
2024-12-20 08:00:00,SYNTHETIC: Bannerghatta Road - Dairy Circle,463,Moderate,Clear,Green
2024-12-20 08:00:00,SYNTHETIC: Whitefield Road - KR Puram,506,Moderate,Clear,Yellow
2024-12-20 08:00:00,SYNTHETIC: Hosur Road - Electronic City,540,Moderate,Clear,Red
2024-12-20 12:00:00,SYNTHETIC: Silk Board - Junction 1,463,Moderate,Clear,Green
2024-12-20 12:00:00,SYNTHETIC: Outer Ring Road - Marathahalli,495,Moderate,Clear,Green
2024-12-20 12:00:00,SYNTHETIC: Airport Road - Hebbal,434,Moderate,Clear,Green
2024-12-20 12:00:00,SYNTHETIC: Bannerghatta Road - Dairy Circle,530,Moderate,Clear,Yellow
2024-12-20 12:00:00,SYNTHETIC: Whitefield Road - KR Puram,592,Moderate,Clear,Green
2024-12-20 12:00:00,SYNTHETIC: Hosur Road - Electronic City,630,Moderate,Clear,Green
2024-12-20 16:00:00,SYNTHETIC: Silk Board - Junction 1,352,Low,Clear,Green
2024-12-20 16:00:00,SYNTHETIC: Outer Ring Road - Marathahalli,503,Moderate,Clear,Yellow
2024-12-20 16:00:00,SYNTHETIC: Airport Road - Hebbal,445,Moderate,Clear,Green
2024-12-20 16:00:00,SYNTHETIC: Bannerghatta Road - Dairy Circle,461,Moderate,Clear,Green
2024-12-20 16:00:00,SYNTHETIC: Whitefield Road - KR Puram,574,Moderate,Clear,Green
2024-12-20 16:00:00,SYNTHETIC: Hosur Road - Electronic City,552,Moderate,Clear,Green
2024-12-20 20:00:00,SYNTHETIC: Silk Board - Junction 1,367,Moderate,Clear,Green
2024-12-20 20:00:00,SYNTHETIC: Outer Ring Road - Marathahalli,434,Moderate,Clear,Red
2024-12-20 20:00:00,SYNTHETIC: Airport Road - Hebbal,452,Moderate,Clear,Green
2024-12-20 20:00:00,SYNTHETIC: Bannerghatta Road - Dairy Circle,520,Moderate,Clear,Green
2024-12-20 20:00:00,SYNTHETIC: Whitefield Road - KR Puram,613,Moderate,Clear,Yellow
2024-12-20 20:00:00,SYNTHETIC: Hosur Road - Electronic City,638,Moderate,Clear,Green
2024-12-21 00:00:00,SYNTHETIC: Silk Board - Junction 1,398,Moderate,Clear,Green
2024-12-21 00:00:00,SYNTHETIC: Outer Ring Road - Marathahalli,376,Low,Clear,Green
2024-12-21 00:00:00,SYNTHETIC: Airport Road - Hebbal,411,Moderate,Clear,Yellow
2024-12-21 00:00:00,SYNTHETIC: Bannerghatta Road - Dairy Circle,482,Moderate,Clear,Green
2024-12-21 00:00:00,SYNTHETIC: Whitefield Road - KR Puram,551,Moderate,Clear,Yellow
2024-12-21 00:00:00,SYNTHETIC: Hosur Road - Electronic City,584,Moderate,Clear,Green
2024-12-21 04:00:00,SYNTHETIC: Silk Board - Junction 1,374,Moderate,Clear,Red
2024-12-21 04:00:00,SYNTHETIC: Outer Ring Road - Marathahalli,410,Moderate,Clear,Green
2024-12-21 04:00:00,SYNTHETIC: Airport Road - Hebbal,467,Moderate,Clear,Green
2024-12-21 04:00:00,SYNTHETIC: Bannerghatta Road - Dairy Circle,421,Moderate,Clear,Green
2024-12-21 04:00:00,SYNTHETIC: Whitefield Road - KR Puram,440,Moderate,Clear,Green
2024-12-21 04:00:00,SYNTHETIC: Hosur Road - Electronic City,465,Moderate,Clear,Green
2024-12-21 08:00:00,SYNTHETIC: Silk Board - Junction 1,548,Moderate,Clear,Green
2024-12-21 08:00:00,SYNTHETIC: Outer Ring Road - Marathahalli,579,Moderate,Clear,Green
2024-12-21 08:00:00,SYNTHETIC: Airport Road - Hebbal,644,High,Clear,Yellow
2024-12-21 08:00:00,SYNTHETIC: Bannerghatta Road - Dairy Circle,691,High,Clear,Green
2024-12-21 08:00:00,SYNTHETIC: Whitefield Road - KR Puram,677,High,Clear,Yellow
2024-12-21 08:00:00,SYNTHETIC: Hosur Road - Electronic City,666,Moderate,Clear,Green
2024-12-21 12:00:00,SYNTHETIC: Silk Board - Junction 1,508,Moderate,Clear,Green
2024-12-21 12:00:00,SYNTHETIC: Outer Ring Road - Marathahalli,554,Moderate,Clear,Green
2024-12-21 12:00:00,SYNTHETIC: Airport Road - Hebbal,672,High,Clear,Green
2024-12-21 12:00:00,SYNTHETIC: Bannerghatta Road - Dairy Circle,687,High,Clear,Green
2024-12-21 12:00:00,SYNTHETIC: Whitefield Road - KR Puram,637,Moderate,Clear,Green
2024-12-21 12:00:00,SYNTHETIC: Hosur Road - Electronic City,737,High,Clear,Green
2024-12-21 16:00:00,SYNTHETIC: Silk Board - Junction 1,557,Moderate,Clear,Yellow
2024-12-21 16:00:00,SYNTHETIC: Outer Ring Road - Marathahalli,611,High,Clear,Yellow
2024-12-21 16:00:00,SYNTHETIC: Airport Road - Hebbal,622,High,Clear,Green
2024-12-21 16:00:00,SYNTHETIC: Bannerghatta Road - Dairy Circle,600,Moderate,Clear,Green
2024-12-21 16:00:00,SYNTHETIC: Whitefield Road - KR Puram,697,High,Clear,Red
2024-12-21 16:00:00,SYNTHETIC: Hosur Road - Electronic City,670,Moderate,Clear,Yellow
2024-12-21 20:00:00,SYNTHETIC: Silk Board - Junction 1,525,Moderate,Clear,Green
2024-12-21 20:00:00,SYNTHETIC: Outer Ring Road - Marathahalli,553,Moderate,Clear,Green
2024-12-21 20:00:00,SYNTHETIC: Airport Road - Hebbal,613,Moderate,Clear,Green
2024-12-21 20:00:00,SYNTHETIC: Bannerghatta Road - Dairy Circle,656,High,Clear,Green
2024-12-21 20:00:00,SYNTHETIC: Whitefield Road - KR Puram,725,High,Clear,Yellow
2024-12-21 20:00:00,SYNTHETIC: Hosur Road - Electronic City,799,High,Clear,Red
2024-12-22 00:00:00,SYNTHETIC: Silk Board - Junction 1,523,Moderate,Heavy Rain,Yellow
2024-12-22 00:00:00,SYNTHETIC: Outer Ring Road - Marathahalli,625,High,Heavy Rain,Yellow
2024-12-22 00:00:00,SYNTHETIC: Airport Road - Hebbal,556,Moderate,Heavy Rain,Green
2024-12-22 00:00:00,SYNTHETIC: Bannerghatta Road - Dairy Circle,674,High,Heavy Rain,Yellow
2024-12-22 00:00:00,SYNTHETIC: Whitefield Road - KR Puram,740,High,Heavy Rain,Green
2024-12-22 00:00:00,SYNTHETIC: Hosur Road - Electronic City,777,High,Heavy Rain,Green
2024-12-22 04:00:00,SYNTHETIC: Silk Board - Junction 1,552,Moderate,Heavy Rain,Yellow
2024-12-22 04:00:00,SYNTHETIC: Outer Ring Road - Marathahalli,639,High,Heavy Rain,Yellow
2024-12-22 04:00:00,SYNTHETIC: Airport Road - Hebbal,666,High,Heavy Rain,Green
2024-12-22 04:00:00,SYNTHETIC: Bannerghatta Road - Dairy Circle,677,High,Heavy Rain,Green
2024-12-22 04:00:00,SYNTHETIC: Whitefield Road - KR Puram,619,Moderate,Heavy Rain,Green
2024-12-22 04:00:00,SYNTHETIC: Hosur Road - Electronic City,696,Moderate,Heavy Rain,Green
2024-12-22 08:00:00,SYNTHETIC: Silk Board - Junction 1,730,Severe,Heavy Rain,Green
2024-12-22 08:00:00,SYNTHETIC: Outer Ring Road - Marathahalli,783,Severe,Heavy Rain,Green
2024-12-22 08:00:00,SYNTHETIC: Airport Road - Hebbal,836,Severe,Heavy Rain,Green
2024-12-22 08:00:00,SYNTHETIC: Bannerghatta Road - Dairy Circle,870,Severe,Heavy Rain,Green
2024-12-22 08:00:00,SYNTHETIC: Whitefield Road - KR Puram,831,High,Heavy Rain,Green
2024-12-22 08:00:00,SYNTHETIC: Hosur Road - Electronic City,866,High,Heavy Rain,Green
2024-12-22 12:00:00,SYNTHETIC: Silk Board - Junction 1,802,Severe,Heavy Rain,Green
2024-12-22 12:00:00,SYNTHETIC: Outer Ring Road - Marathahalli,715,High,Heavy Rain,Green
2024-12-22 12:00:00,SYNTHETIC: Airport Road - Hebbal,826,Severe,Heavy Rain,Green
2024-12-22 12:00:00,SYNTHETIC: Bannerghatta Road - Dairy Circle,894,Severe,Heavy Rain,Green
2024-12-22 12:00:00,SYNTHETIC: Whitefield Road - KR Puram,904,Severe,Heavy Rain,Yellow
2024-12-22 12:00:00,SYNTHETIC: Hosur Road - Electronic City,926,Severe,Heavy Rain,Green
2024-12-22 16:00:00,SYNTHETIC: Silk Board - Junction 1,676,High,Heavy Rain,Green
2024-12-22 16:00:00,SYNTHETIC: Outer Ring Road - Marathahalli,764,Severe,Heavy Rain,Green
2024-12-22 16:00:00,SYNTHETIC: Airport Road - Hebbal,759,High,Heavy Rain,Green
2024-12-22 16:00:00,SYNTHETIC: Bannerghatta Road - Dairy Circle,796,High,Heavy Rain,Green
2024-12-22 16:00:00,SYNTHETIC: Whitefield Road - KR Puram,938,Severe,Heavy Rain,Green
2024-12-22 16:00:00,SYNTHETIC: Hosur Road - Electronic City,865,High,Heavy Rain,Yellow
2024-12-22 20:00:00,SYNTHETIC: Silk Board - Junction 1,728,Severe,Heavy Rain,Green
2024-12-22 20:00:00,SYNTHETIC: Outer Ring Road - Marathahalli,723,High,Heavy Rain,Green
2024-12-22 20:00:00,SYNTHETIC: Airport Road - Hebbal,879,Severe,Heavy Rain,Green
2024-12-22 20:00:00,SYNTHETIC: Bannerghatta Road - Dairy Circle,825,High,Heavy Rain,Yellow
2024-12-22 20:00:00,SYNTHETIC: Whitefield Road - KR Puram,874,Severe,Heavy Rain,Green
2024-12-22 20:00:00,SYNTHETIC: Hosur Road - Electronic City,915,Severe,Heavy Rain,Green
2024-12-23 00:00:00,SYNTHETIC: Silk Board - Junction 1,448,Moderate,Heavy Rain,Green
2024-12-23 00:00:00,SYNTHETIC: Outer Ring Road - Marathahalli,386,Moderate,Heavy Rain,Green
2024-12-23 00:00:00,SYNTHETIC: Airport Road - Hebbal,448,Moderate,Heavy Rain,Green
2024-12-23 00:00:00,SYNTHETIC: Bannerghatta Road - Dairy Circle,541,Moderate,Heavy Rain,Green
2024-12-23 00:00:00,SYNTHETIC: Whitefield Road - KR Puram,585,Moderate,Heavy Rain,Red
2024-12-23 00:00:00,SYNTHETIC: Hosur Road - Electronic City,512,Moderate,Heavy Rain,Green
2024-12-23 04:00:00,SYNTHETIC: Silk Board - Junction 1,362,Moderate,Heavy Rain,Green
2024-12-23 04:00:00,SYNTHETIC: Outer Ring Road - Marathahalli,367,Low,Heavy Rain,Green
2024-12-23 04:00:00,SYNTHETIC: Airport Road - Hebbal,490,Moderate,Heavy Rain,Green
2024-12-23 04:00:00,SYNTHETIC: Bannerghatta Road - Dairy Circle,542,Moderate,Heavy Rain,Green
2024-12-23 04:00:00,SYNTHETIC: Whitefield Road - KR Puram,573,Moderate,Heavy Rain,Yellow
2024-12-23 04:00:00,SYNTHETIC: Hosur Road - Electronic City,642,Moderate,Heavy Rain,Green
2024-12-23 08:00:00,SYNTHETIC: Silk Board - Junction 1,535,Moderate,Heavy Rain,Green
2024-12-23 08:00:00,SYNTHETIC: Outer Ring Road - Marathahalli,573,Moderate,Heavy Rain,Red
2024-12-23 08:00:00,SYNTHETIC: Airport Road - Hebbal,639,High,Heavy Rain,Red
2024-12-23 08:00:00,SYNTHETIC: Bannerghatta Road - Dairy Circle,719,High,Heavy Rain,Green
2024-12-23 08:00:00,SYNTHETIC: Whitefield Road - KR Puram,770,High,Heavy Rain,Red
2024-12-23 08:00:00,SYNTHETIC: Hosur Road - Electronic City,757,High,Heavy Rain,Red
2024-12-23 12:00:00,SYNTHETIC: Silk Board - Junction 1,546,Moderate,Heavy Rain,Green
2024-12-23 12:00:00,SYNTHETIC: Outer Ring Road - Marathahalli,613,High,Heavy Rain,Green
2024-12-23 12:00:00,SYNTHETIC: Airport Road - Hebbal,684,High,Heavy Rain,Green
2024-12-23 12:00:00,SYNTHETIC: Bannerghatta Road - Dairy Circle,750,High,Heavy Rain,Green
2024-12-23 12:00:00,SYNTHETIC: Whitefield Road - KR Puram,747,High,Heavy Rain,Green
2024-12-23 12:00:00,SYNTHETIC: Hosur Road - Electronic City,731,High,Heavy Rain,Yellow
2024-12-23 16:00:00,SYNTHETIC: Silk Board - Junction 1,575,High,Heavy Rain,Green
2024-12-23 16:00:00,SYNTHETIC: Outer Ring Road - Marathahalli,690,High,Heavy Rain,Green
2024-12-23 16:00:00,SYNTHETIC: Airport Road - Hebbal,650,High,Heavy Rain,Green
2024-12-23 16:00:00,SYNTHETIC: Bannerghatta Road - Dairy Circle,733,High,Heavy Rain,Green
2024-12-23 16:00:00,SYNTHETIC: Whitefield Road - KR Puram,729,High,Heavy Rain,Green
2024-12-23 16:00:00,SYNTHETIC: Hosur Road - Electronic City,839,High,Heavy Rain,Green
2024-12-23 20:00:00,SYNTHETIC: Silk Board - Junction 1,544,Moderate,Heavy Rain,Green
2024-12-23 20:00:00,SYNTHETIC: Outer Ring Road - Marathahalli,567,Moderate,Heavy Rain,Green
2024-12-23 20:00:00,SYNTHETIC: Airport Road - Hebbal,705,High,Heavy Rain,Green
2024-12-23 20:00:00,SYNTHETIC: Bannerghatta Road - Dairy Circle,663,High,Heavy Rain,Green
2024-12-23 20:00:00,SYNTHETIC: Whitefield Road - KR Puram,777,High,Heavy Rain,Green
2024-12-23 20:00:00,SYNTHETIC: Hosur Road - Electronic City,722,High,Heavy Rain,Green
2024-12-24 00:00:00,SYNTHETIC: Silk Board - Junction 1,340,Low,Heavy Rain,Yellow
2024-12-24 00:00:00,SYNTHETIC: Outer Ring Road - Marathahalli,438,Moderate,Heavy Rain,Green
2024-12-24 00:00:00,SYNTHETIC: Airport Road - Hebbal,516,Moderate,Heavy Rain,Green
2024-12-24 00:00:00,SYNTHETIC: Bannerghatta Road - Dairy Circle,511,Moderate,Heavy Rain,Green
2024-12-24 00:00:00,SYNTHETIC: Whitefield Road - KR Puram,514,Moderate,Heavy Rain,Green
2024-12-24 00:00:00,SYNTHETIC: Hosur Road - Electronic City,550,Moderate,Heavy Rain,Red
2024-12-24 04:00:00,SYNTHETIC: Silk Board - Junction 1,440,Moderate,Heavy Rain,Green
2024-12-24 04:00:00,SYNTHETIC: Outer Ring Road - Marathahalli,411,Moderate,Heavy Rain,Yellow
2024-12-24 04:00:00,SYNTHETIC: Airport Road - Hebbal,424,Moderate,Heavy Rain,Green
2024-12-24 04:00:00,SYNTHETIC: Bannerghatta Road - Dairy Circle,446,Moderate,Heavy Rain,Green
2024-12-24 04:00:00,SYNTHETIC: Whitefield Road - KR Puram,510,Moderate,Heavy Rain,Green
2024-12-24 04:00:00,SYNTHETIC: Hosur Road - Electronic City,642,Moderate,Heavy Rain,Green
2024-12-24 08:00:00,SYNTHETIC: Silk Board - Junction 1,547,Moderate,Heavy Rain,Yellow
2024-12-24 08:00:00,SYNTHETIC: Outer Ring Road - Marathahalli,620,High,Heavy Rain,Red
2024-12-24 08:00:00,SYNTHETIC: Airport Road - Hebbal,705,High,Heavy Rain,Red
2024-12-24 08:00:00,SYNTHETIC: Bannerghatta Road - Dairy Circle,666,High,Heavy Rain,Red
2024-12-24 08:00:00,SYNTHETIC: Whitefield Road - KR Puram,689,High,Heavy Rain,Yellow
2024-12-24 08:00:00,SYNTHETIC: Hosur Road - Electronic City,834,High,Heavy Rain,Yellow
2024-12-24 12:00:00,SYNTHETIC: Silk Board - Junction 1,613,High,Heavy Rain,Green
2024-12-24 12:00:00,SYNTHETIC: Outer Ring Road - Marathahalli,607,High,Heavy Rain,Green
2024-12-24 12:00:00,SYNTHETIC: Airport Road - Hebbal,729,High,Heavy Rain,Green
2024-12-24 12:00:00,SYNTHETIC: Bannerghatta Road - Dairy Circle,641,Moderate,Heavy Rain,Green
2024-12-24 12:00:00,SYNTHETIC: Whitefield Road - KR Puram,788,High,Heavy Rain,Green
2024-12-24 12:00:00,SYNTHETIC: Hosur Road - Electronic City,807,High,Heavy Rain,Red
2024-12-24 16:00:00,SYNTHETIC: Silk Board - Junction 1,631,High,Heavy Rain,Green
2024-12-24 16:00:00,SYNTHETIC: Outer Ring Road - Marathahalli,629,High,Heavy Rain,Green
2024-12-24 16:00:00,SYNTHETIC: Airport Road - Hebbal,634,High,Heavy Rain,Green
2024-12-24 16:00:00,SYNTHETIC: Bannerghatta Road - Dairy Circle,753,High,Heavy Rain,Green
2024-12-24 16:00:00,SYNTHETIC: Whitefield Road - KR Puram,687,High,Heavy Rain,Green
2024-12-24 16:00:00,SYNTHETIC: Hosur Road - Electronic City,767,High,Heavy Rain,Yellow
2024-12-24 20:00:00,SYNTHETIC: Silk Board - Junction 1,642,High,Heavy Rain,Green
2024-12-24 20:00:00,SYNTHETIC: Outer Ring Road - Marathahalli,636,High,Heavy Rain,Yellow
2024-12-24 20:00:00,SYNTHETIC: Airport Road - Hebbal,643,High,Heavy Rain,Yellow
2024-12-24 20:00:00,SYNTHETIC: Bannerghatta Road - Dairy Circle,660,High,Heavy Rain,Green
2024-12-24 20:00:00,SYNTHETIC: Whitefield Road - KR Puram,701,High,Heavy Rain,Green
2024-12-24 20:00:00,SYNTHETIC: Hosur Road - Electronic City,805,High,Heavy Rain,Green
2024-12-25 00:00:00,SYNTHETIC: Silk Board - Junction 1,611,High,Heavy Rain,Red
2024-12-25 00:00:00,SYNTHETIC: Outer Ring Road - Marathahalli,690,High,Heavy Rain,Red
2024-12-25 00:00:00,SYNTHETIC: Airport Road - Hebbal,681,High,Heavy Rain,Green
2024-12-25 00:00:00,SYNTHETIC: Bannerghatta Road - Dairy Circle,772,High,Heavy Rain,Green
2024-12-25 00:00:00,SYNTHETIC: Whitefield Road - KR Puram,703,High,Heavy Rain,Green
2024-12-25 00:00:00,SYNTHETIC: Hosur Road - Electronic City,784,High,Heavy Rain,Yellow
2024-12-25 04:00:00,SYNTHETIC: Silk Board - Junction 1,576,High,Heavy Rain,Green
2024-12-25 04:00:00,SYNTHETIC: Outer Ring Road - Marathahalli,619,High,Heavy Rain,Yellow
2024-12-25 04:00:00,SYNTHETIC: Airport Road - Hebbal,672,High,Heavy Rain,Yellow
2024-12-25 04:00:00,SYNTHETIC: Bannerghatta Road - Dairy Circle,676,High,Heavy Rain,Green
2024-12-25 04:00:00,SYNTHETIC: Whitefield Road - KR Puram,727,High,Heavy Rain,Yellow
2024-12-25 04:00:00,SYNTHETIC: Hosur Road - Electronic City,817,High,Heavy Rain,Green
2024-12-25 08:00:00,SYNTHETIC: Silk Board - Junction 1,808,Severe,Heavy Rain,Green
2024-12-25 08:00:00,SYNTHETIC: Outer Ring Road - Marathahalli,933,Severe,Heavy Rain,Green
2024-12-25 08:00:00,SYNTHETIC: Airport Road - Hebbal,939,Severe,Heavy Rain,Green
2024-12-25 08:00:00,SYNTHETIC: Bannerghatta Road - Dairy Circle,919,Severe,Heavy Rain,Green
2024-12-25 08:00:00,SYNTHETIC: Whitefield Road - KR Puram,982,Severe,Heavy Rain,Green
2024-12-25 08:00:00,SYNTHETIC: Hosur Road - Electronic City,1037,Severe,Heavy Rain,Yellow
2024-12-25 12:00:00,SYNTHETIC: Silk Board - Junction 1,763,Severe,Heavy Rain,Green
2024-12-25 12:00:00,SYNTHETIC: Outer Ring Road - Marathahalli,912,Severe,Heavy Rain,Green
2024-12-25 12:00:00,SYNTHETIC: Airport Road - Hebbal,901,Severe,Heavy Rain,Green
2024-12-25 12:00:00,SYNTHETIC: Bannerghatta Road - Dairy Circle,959,Severe,Heavy Rain,Green
2024-12-25 12:00:00,SYNTHETIC: Whitefield Road - KR Puram,955,Severe,Heavy Rain,Green
2024-12-25 12:00:00,SYNTHETIC: Hosur Road - Electronic City,1062,Severe,Heavy Rain,Red
2024-12-25 16:00:00,SYNTHETIC: Silk Board - Junction 1,786,Severe,Heavy Rain,Yellow
2024-12-25 16:00:00,SYNTHETIC: Outer Ring Road - Marathahalli,838,Severe,Heavy Rain,Green
2024-12-25 16:00:00,SYNTHETIC: Airport Road - Hebbal,854,Severe,Heavy Rain,Green
2024-12-25 16:00:00,SYNTHETIC: Bannerghatta Road - Dairy Circle,964,Severe,Heavy Rain,Yellow
2024-12-25 16:00:00,SYNTHETIC: Whitefield Road - KR Puram,934,Severe,Heavy Rain,Green
2024-12-25 16:00:00,SYNTHETIC: Hosur Road - Electronic City,1016,Severe,Heavy Rain,Red
2024-12-25 20:00:00,SYNTHETIC: Silk Board - Junction 1,883,Severe,Heavy Rain,Green
2024-12-25 20:00:00,SYNTHETIC: Outer Ring Road - Marathahalli,799,Severe,Heavy Rain,Green
2024-12-25 20:00:00,SYNTHETIC: Airport Road - Hebbal,944,Severe,Heavy Rain,Green
2024-12-25 20:00:00,SYNTHETIC: Bannerghatta Road - Dairy Circle,924,Severe,Heavy Rain,Green
2024-12-25 20:00:00,SYNTHETIC: Whitefield Road - KR Puram,903,Severe,Heavy Rain,Green
2024-12-25 20:00:00,SYNTHETIC: Hosur Road - Electronic City,966,Severe,Heavy Rain,Green
2024-12-26 00:00:00,SYNTHETIC: Silk Board - Junction 1,208,Low,Clear,Yellow
2024-12-26 00:00:00,SYNTHETIC: Outer Ring Road - Marathahalli,269,Low,Clear,Green
2024-12-26 00:00:00,SYNTHETIC: Airport Road - Hebbal,272,Low,Clear,Green
2024-12-26 00:00:00,SYNTHETIC: Bannerghatta Road - Dairy Circle,318,Low,Clear,Yellow
2024-12-26 00:00:00,SYNTHETIC: Whitefield Road - KR Puram,346,Low,Clear,Green
2024-12-26 00:00:00,SYNTHETIC: Hosur Road - Electronic City,422,Low,Clear,Green
2024-12-26 04:00:00,SYNTHETIC: Silk Board - Junction 1,196,Low,Clear,Green
2024-12-26 04:00:00,SYNTHETIC: Outer Ring Road - Marathahalli,186,Low,Clear,Green
2024-12-26 04:00:00,SYNTHETIC: Airport Road - Hebbal,345,Low,Clear,Green
2024-12-26 04:00:00,SYNTHETIC: Bannerghatta Road - Dairy Circle,304,Low,Clear,Green
2024-12-26 04:00:00,SYNTHETIC: Whitefield Road - KR Puram,326,Low,Clear,Red
2024-12-26 04:00:00,SYNTHETIC: Hosur Road - Electronic City,357,Low,Clear,Green
2024-12-26 08:00:00,SYNTHETIC: Silk Board - Junction 1,490,Moderate,Clear,Yellow
2024-12-26 08:00:00,SYNTHETIC: Outer Ring Road - Marathahalli,437,Moderate,Clear,Green
2024-12-26 08:00:00,SYNTHETIC: Airport Road - Hebbal,440,Moderate,Clear,Green
2024-12-26 08:00:00,SYNTHETIC: Bannerghatta Road - Dairy Circle,574,Moderate,Clear,Green
2024-12-26 08:00:00,SYNTHETIC: Whitefield Road - KR Puram,540,Moderate,Clear,Green
2024-12-26 08:00:00,SYNTHETIC: Hosur Road - Electronic City,570,Moderate,Clear,Green
2024-12-26 12:00:00,SYNTHETIC: Silk Board - Junction 1,427,Moderate,Clear,Green
2024-12-26 12:00:00,SYNTHETIC: Outer Ring Road - Marathahalli,499,Moderate,Clear,Red
2024-12-26 12:00:00,SYNTHETIC: Airport Road - Hebbal,471,Moderate,Clear,Green
2024-12-26 12:00:00,SYNTHETIC: Bannerghatta Road - Dairy Circle,578,Moderate,Clear,Green
2024-12-26 12:00:00,SYNTHETIC: Whitefield Road - KR Puram,582,Moderate,Clear,Green
2024-12-26 12:00:00,SYNTHETIC: Hosur Road - Electronic City,567,Moderate,Clear,Green
2024-12-26 16:00:00,SYNTHETIC: Silk Board - Junction 1,458,Moderate,Clear,Green
2024-12-26 16:00:00,SYNTHETIC: Outer Ring Road - Marathahalli,495,Moderate,Clear,Yellow
2024-12-26 16:00:00,SYNTHETIC: Airport Road - Hebbal,543,Moderate,Clear,Green
2024-12-26 16:00:00,SYNTHETIC: Bannerghatta Road - Dairy Circle,552,Moderate,Clear,Green
2024-12-26 16:00:00,SYNTHETIC: Whitefield Road - KR Puram,511,Moderate,Clear,Yellow
2024-12-26 16:00:00,SYNTHETIC: Hosur Road - Electronic City,601,Moderate,Clear,Green
2024-12-26 20:00:00,SYNTHETIC: Silk Board - Junction 1,389,Moderate,Clear,Green
2024-12-26 20:00:00,SYNTHETIC: Outer Ring Road - Marathahalli,429,Moderate,Clear,Green
2024-12-26 20:00:00,SYNTHETIC: Airport Road - Hebbal,538,Moderate,Clear,Green
2024-12-26 20:00:00,SYNTHETIC: Bannerghatta Road - Dairy Circle,527,Moderate,Clear,Green
2024-12-26 20:00:00,SYNTHETIC: Whitefield Road - KR Puram,613,Moderate,Clear,Green
2024-12-26 20:00:00,SYNTHETIC: Hosur Road - Electronic City,559,Moderate,Clear,Yellow
2024-12-27 00:00:00,SYNTHETIC: Silk Board - Junction 1,344,Low,Light Rain,Yellow
2024-12-27 00:00:00,SYNTHETIC: Outer Ring Road - Marathahalli,473,Moderate,Light Rain,Yellow
2024-12-27 00:00:00,SYNTHETIC: Airport Road - Hebbal,462,Moderate,Light Rain,Green
2024-12-27 00:00:00,SYNTHETIC: Bannerghatta Road - Dairy Circle,527,Moderate,Light Rain,Green
2024-12-27 00:00:00,SYNTHETIC: Whitefield Road - KR Puram,477,Moderate,Light Rain,Yellow
2024-12-27 00:00:00,SYNTHETIC: Hosur Road - Electronic City,542,Moderate,Light Rain,Green
2024-12-27 04:00:00,SYNTHETIC: Silk Board - Junction 1,446,Moderate,Light Rain,Red
2024-12-27 04:00:00,SYNTHETIC: Outer Ring Road - Marathahalli,402,Moderate,Light Rain,Green
2024-12-27 04:00:00,SYNTHETIC: Airport Road - Hebbal,441,Moderate,Light Rain,Green
2024-12-27 04:00:00,SYNTHETIC: Bannerghatta Road - Dairy Circle,458,Moderate,Light Rain,Green
2024-12-27 04:00:00,SYNTHETIC: Whitefield Road - KR Puram,568,Moderate,Light Rain,Green
2024-12-27 04:00:00,SYNTHETIC: Hosur Road - Electronic City,525,Moderate,Light Rain,Green
2024-12-27 08:00:00,SYNTHETIC: Silk Board - Junction 1,578,High,Light Rain,Red
2024-12-27 08:00:00,SYNTHETIC: Outer Ring Road - Marathahalli,607,High,Light Rain,Yellow
2024-12-27 08:00:00,SYNTHETIC: Airport Road - Hebbal,664,High,Light Rain,Yellow
2024-12-27 08:00:00,SYNTHETIC: Bannerghatta Road - Dairy Circle,763,High,Light Rain,Red
2024-12-27 08:00:00,SYNTHETIC: Whitefield Road - KR Puram,767,High,Light Rain,Green
2024-12-27 08:00:00,SYNTHETIC: Hosur Road - Electronic City,810,High,Light Rain,Yellow
2024-12-27 12:00:00,SYNTHETIC: Silk Board - Junction 1,552,Moderate,Light Rain,Green
2024-12-27 12:00:00,SYNTHETIC: Outer Ring Road - Marathahalli,653,High,Light Rain,Yellow
2024-12-27 12:00:00,SYNTHETIC: Airport Road - Hebbal,668,High,Light Rain,Yellow
2024-12-27 12:00:00,SYNTHETIC: Bannerghatta Road - Dairy Circle,736,High,Light Rain,Yellow
2024-12-27 12:00:00,SYNTHETIC: Whitefield Road - KR Puram,671,Moderate,Light Rain,Red
2024-12-27 12:00:00,SYNTHETIC: Hosur Road - Electronic City,830,High,Light Rain,Green
2024-12-27 16:00:00,SYNTHETIC: Silk Board - Junction 1,547,Moderate,Light Rain,Yellow
2024-12-27 16:00:00,SYNTHETIC: Outer Ring Road - Marathahalli,671,High,Light Rain,Green
2024-12-27 16:00:00,SYNTHETIC: Airport Road - Hebbal,673,High,Light Rain,Yellow
2024-12-27 16:00:00,SYNTHETIC: Bannerghatta Road - Dairy Circle,678,High,Light Rain,Green
2024-12-27 16:00:00,SYNTHETIC: Whitefield Road - KR Puram,717,High,Light Rain,Yellow
2024-12-27 16:00:00,SYNTHETIC: Hosur Road - Electronic City,755,High,Light Rain,Green
2024-12-27 20:00:00,SYNTHETIC: Silk Board - Junction 1,658,High,Light Rain,Red
2024-12-27 20:00:00,SYNTHETIC: Outer Ring Road - Marathahalli,680,High,Light Rain,Green
2024-12-27 20:00:00,SYNTHETIC: Airport Road - Hebbal,654,High,Light Rain,Green
2024-12-27 20:00:00,SYNTHETIC: Bannerghatta Road - Dairy Circle,650,High,Light Rain,Yellow
2024-12-27 20:00:00,SYNTHETIC: Whitefield Road - KR Puram,719,High,Light Rain,Green
2024-12-27 20:00:00,SYNTHETIC: Hosur Road - Electronic City,809,High,Light Rain,Green
2024-12-28 00:00:00,SYNTHETIC: Silk Board - Junction 1,594,High,Light Rain,Green
2024-12-28 00:00:00,SYNTHETIC: Outer Ring Road - Marathahalli,591,High,Light Rain,Green
2024-12-28 00:00:00,SYNTHETIC: Airport Road - Hebbal,626,High,Light Rain,Green
2024-12-28 00:00:00,SYNTHETIC: Bannerghatta Road - Dairy Circle,662,High,Light Rain,Red
2024-12-28 00:00:00,SYNTHETIC: Whitefield Road - KR Puram,671,Moderate,Light Rain,Red
2024-12-28 00:00:00,SYNTHETIC: Hosur Road - Electronic City,747,High,Light Rain,Green
2024-12-28 04:00:00,SYNTHETIC: Silk Board - Junction 1,484,Moderate,Light Rain,Red
2024-12-28 04:00:00,SYNTHETIC: Outer Ring Road - Marathahalli,589,High,Light Rain,Yellow
2024-12-28 04:00:00,SYNTHETIC: Airport Road - Hebbal,540,Moderate,Light Rain,Green
2024-12-28 04:00:00,SYNTHETIC: Bannerghatta Road - Dairy Circle,677,High,Light Rain,Yellow
2024-12-28 04:00:00,SYNTHETIC: Whitefield Road - KR Puram,645,Moderate,Light Rain,Green
2024-12-28 04:00:00,SYNTHETIC: Hosur Road - Electronic City,676,Moderate,Light Rain,Red
2024-12-28 08:00:00,SYNTHETIC: Silk Board - Junction 1,741,Severe,Light Rain,Red
2024-12-28 08:00:00,SYNTHETIC: Outer Ring Road - Marathahalli,768,Severe,Light Rain,Green
2024-12-28 08:00:00,SYNTHETIC: Airport Road - Hebbal,861,Severe,Light Rain,Green
2024-12-28 08:00:00,SYNTHETIC: Bannerghatta Road - Dairy Circle,823,High,Light Rain,Green
2024-12-28 08:00:00,SYNTHETIC: Whitefield Road - KR Puram,892,Severe,Light Rain,Green
2024-12-28 08:00:00,SYNTHETIC: Hosur Road - Electronic City,937,Severe,Light Rain,Red
2024-12-28 12:00:00,SYNTHETIC: Silk Board - Junction 1,753,Severe,Light Rain,Yellow
2024-12-28 12:00:00,SYNTHETIC: Outer Ring Road - Marathahalli,764,Severe,Light Rain,Green
2024-12-28 12:00:00,SYNTHETIC: Airport Road - Hebbal,842,Severe,Light Rain,Yellow
2024-12-28 12:00:00,SYNTHETIC: Bannerghatta Road - Dairy Circle,795,High,Light Rain,Green
2024-12-28 12:00:00,SYNTHETIC: Whitefield Road - KR Puram,931,Severe,Light Rain,Red
2024-12-28 12:00:00,SYNTHETIC: Hosur Road - Electronic City,870,High,Light Rain,Yellow
2024-12-28 16:00:00,SYNTHETIC: Silk Board - Junction 1,745,Severe,Light Rain,Green
2024-12-28 16:00:00,SYNTHETIC: Outer Ring Road - Marathahalli,741,High,Light Rain,Red
2024-12-28 16:00:00,SYNTHETIC: Airport Road - Hebbal,869,Severe,Light Rain,Green
2024-12-28 16:00:00,SYNTHETIC: Bannerghatta Road - Dairy Circle,902,Severe,Light Rain,Yellow
2024-12-28 16:00:00,SYNTHETIC: Whitefield Road - KR Puram,887,Severe,Light Rain,Yellow
2024-12-28 16:00:00,SYNTHETIC: Hosur Road - Electronic City,985,Severe,Light Rain,Red
2024-12-28 20:00:00,SYNTHETIC: Silk Board - Junction 1,789,Severe,Light Rain,Green
2024-12-28 20:00:00,SYNTHETIC: Outer Ring Road - Marathahalli,819,Severe,Light Rain,Red
2024-12-28 20:00:00,SYNTHETIC: Airport Road - Hebbal,863,Severe,Light Rain,Yellow
2024-12-28 20:00:00,SYNTHETIC: Bannerghatta Road - Dairy Circle,836,Severe,Light Rain,Green
2024-12-28 20:00:00,SYNTHETIC: Whitefield Road - KR Puram,853,High,Light Rain,Yellow
2024-12-28 20:00:00,SYNTHETIC: Hosur Road - Electronic City,867,High,Light Rain,Green
2024-12-29 00:00:00,SYNTHETIC: Silk Board - Junction 1,529,Moderate,Heavy Rain,Green
2024-12-29 00:00:00,SYNTHETIC: Outer Ring Road - Marathahalli,534,Moderate,Heavy Rain,Green
2024-12-29 00:00:00,SYNTHETIC: Airport Road - Hebbal,568,Moderate,Heavy Rain,Green
2024-12-29 00:00:00,SYNTHETIC: Bannerghatta Road - Dairy Circle,623,Moderate,Heavy Rain,Yellow
2024-12-29 00:00:00,SYNTHETIC: Whitefield Road - KR Puram,639,Moderate,Heavy Rain,Green
2024-12-29 00:00:00,SYNTHETIC: Hosur Road - Electronic City,677,Moderate,Heavy Rain,Red
2024-12-29 04:00:00,SYNTHETIC: Silk Board - Junction 1,567,High,Heavy Rain,Green
2024-12-29 04:00:00,SYNTHETIC: Outer Ring Road - Marathahalli,505,Moderate,Heavy Rain,Green
2024-12-29 04:00:00,SYNTHETIC: Airport Road - Hebbal,677,High,Heavy Rain,Green
2024-12-29 04:00:00,SYNTHETIC: Bannerghatta Road - Dairy Circle,674,High,Heavy Rain,Red
2024-12-29 04:00:00,SYNTHETIC: Whitefield Road - KR Puram,691,High,Heavy Rain,Yellow
2024-12-29 04:00:00,SYNTHETIC: Hosur Road - Electronic City,677,Moderate,Heavy Rain,Green
2024-12-29 08:00:00,SYNTHETIC: Silk Board - Junction 1,726,Severe,Heavy Rain,Green
2024-12-29 08:00:00,SYNTHETIC: Outer Ring Road - Marathahalli,707,High,Heavy Rain,Green
2024-12-29 08:00:00,SYNTHETIC: Airport Road - Hebbal,857,Severe,Heavy Rain,Green
2024-12-29 08:00:00,SYNTHETIC: Bannerghatta Road - Dairy Circle,850,Severe,Heavy Rain,Yellow
2024-12-29 08:00:00,SYNTHETIC: Whitefield Road - KR Puram,937,Severe,Heavy Rain,Yellow
2024-12-29 08:00:00,SYNTHETIC: Hosur Road - Electronic City,882,High,Heavy Rain,Green
2024-12-29 12:00:00,SYNTHETIC: Silk Board - Junction 1,707,High,Heavy Rain,Yellow
2024-12-29 12:00:00,SYNTHETIC: Outer Ring Road - Marathahalli,713,High,Heavy Rain,Green
2024-12-29 12:00:00,SYNTHETIC: Airport Road - Hebbal,819,Severe,Heavy Rain,Green
2024-12-29 12:00:00,SYNTHETIC: Bannerghatta Road - Dairy Circle,806,High,Heavy Rain,Green
2024-12-29 12:00:00,SYNTHETIC: Whitefield Road - KR Puram,932,Severe,Heavy Rain,Green
2024-12-29 12:00:00,SYNTHETIC: Hosur Road - Electronic City,900,Severe,Heavy Rain,Green
2024-12-29 16:00:00,SYNTHETIC: Silk Board - Junction 1,766,Severe,Heavy Rain,Green
2024-12-29 16:00:00,SYNTHETIC: Outer Ring Road - Marathahalli,790,Severe,Heavy Rain,Green
2024-12-29 16:00:00,SYNTHETIC: Airport Road - Hebbal,793,Severe,Heavy Rain,Yellow
2024-12-29 16:00:00,SYNTHETIC: Bannerghatta Road - Dairy Circle,832,Severe,Heavy Rain,Yellow
2024-12-29 16:00:00,SYNTHETIC: Whitefield Road - KR Puram,823,High,Heavy Rain,Red
2024-12-29 16:00:00,SYNTHETIC: Hosur Road - Electronic City,890,High,Heavy Rain,Red
2024-12-29 20:00:00,SYNTHETIC: Silk Board - Junction 1,770,Severe,Heavy Rain,Green
2024-12-29 20:00:00,SYNTHETIC: Outer Ring Road - Marathahalli,745,High,Heavy Rain,Red
2024-12-29 20:00:00,SYNTHETIC: Airport Road - Hebbal,880,Severe,Heavy Rain,Green
2024-12-29 20:00:00,SYNTHETIC: Bannerghatta Road - Dairy Circle,883,Severe,Heavy Rain,Yellow
2024-12-29 20:00:00,SYNTHETIC: Whitefield Road - KR Puram,899,Severe,Heavy Rain,Yellow
2024-12-29 20:00:00,SYNTHETIC: Hosur Road - Electronic City,945,Severe,Heavy Rain,Green
2024-12-30 00:00:00,SYNTHETIC: Silk Board - Junction 1,356,Low,Light Rain,Yellow
2024-12-30 00:00:00,SYNTHETIC: Outer Ring Road - Marathahalli,402,Moderate,Light Rain,Green
2024-12-30 00:00:00,SYNTHETIC: Airport Road - Hebbal,509,Moderate,Light Rain,Yellow
2024-12-30 00:00:00,SYNTHETIC: Bannerghatta Road - Dairy Circle,478,Moderate,Light Rain,Red
2024-12-30 00:00:00,SYNTHETIC: Whitefield Road - KR Puram,494,Moderate,Light Rain,Green
2024-12-30 00:00:00,SYNTHETIC: Hosur Road - Electronic City,626,Moderate,Light Rain,Green
2024-12-30 04:00:00,SYNTHETIC: Silk Board - Junction 1,343,Low,Light Rain,Green
2024-12-30 04:00:00,SYNTHETIC: Outer Ring Road - Marathahalli,496,Moderate,Light Rain,Yellow
2024-12-30 04:00:00,SYNTHETIC: Airport Road - Hebbal,511,Moderate,Light Rain,Red
2024-12-30 04:00:00,SYNTHETIC: Bannerghatta Road - Dairy Circle,538,Moderate,Light Rain,Green
2024-12-30 04:00:00,SYNTHETIC: Whitefield Road - KR Puram,500,Moderate,Light Rain,Green
2024-12-30 04:00:00,SYNTHETIC: Hosur Road - Electronic City,630,Moderate,Light Rain,Green
2024-12-30 08:00:00,SYNTHETIC: Silk Board - Junction 1,574,High,Light Rain,Yellow
2024-12-30 08:00:00,SYNTHETIC: Outer Ring Road - Marathahalli,661,High,Light Rain,Yellow
2024-12-30 08:00:00,SYNTHETIC: Airport Road - Hebbal,622,High,Light Rain,Yellow
2024-12-30 08:00:00,SYNTHETIC: Bannerghatta Road - Dairy Circle,732,High,Light Rain,Green
2024-12-30 08:00:00,SYNTHETIC: Whitefield Road - KR Puram,783,High,Light Rain,Green
2024-12-30 08:00:00,SYNTHETIC: Hosur Road - Electronic City,735,High,Light Rain,Green
2024-12-30 12:00:00,SYNTHETIC: Silk Board - Junction 1,561,High,Light Rain,Green
2024-12-30 12:00:00,SYNTHETIC: Outer Ring Road - Marathahalli,695,High,Light Rain,Green
2024-12-30 12:00:00,SYNTHETIC: Airport Road - Hebbal,722,High,Light Rain,Green
2024-12-30 12:00:00,SYNTHETIC: Bannerghatta Road - Dairy Circle,659,High,Light Rain,Yellow
2024-12-30 12:00:00,SYNTHETIC: Whitefield Road - KR Puram,716,High,Light Rain,Green
2024-12-30 12:00:00,SYNTHETIC: Hosur Road - Electronic City,816,High,Light Rain,Green
2024-12-30 16:00:00,SYNTHETIC: Silk Board - Junction 1,562,High,Light Rain,Green
2024-12-30 16:00:00,SYNTHETIC: Outer Ring Road - Marathahalli,581,Moderate,Light Rain,Yellow
2024-12-30 16:00:00,SYNTHETIC: Airport Road - Hebbal,737,High,Light Rain,Green
2024-12-30 16:00:00,SYNTHETIC: Bannerghatta Road - Dairy Circle,640,Moderate,Light Rain,Green
2024-12-30 16:00:00,SYNTHETIC: Whitefield Road - KR Puram,807,High,Light Rain,Yellow
2024-12-30 16:00:00,SYNTHETIC: Hosur Road - Electronic City,840,High,Light Rain,Green
2024-12-30 20:00:00,SYNTHETIC: Silk Board - Junction 1,662,High,Light Rain,Yellow
2024-12-30 20:00:00,SYNTHETIC: Outer Ring Road - Marathahalli,702,High,Light Rain,Yellow
2024-12-30 20:00:00,SYNTHETIC: Airport Road - Hebbal,631,High,Light Rain,Yellow
2024-12-30 20:00:00,SYNTHETIC: Bannerghatta Road - Dairy Circle,688,High,Light Rain,Red
2024-12-30 20:00:00,SYNTHETIC: Whitefield Road - KR Puram,700,High,Light Rain,Green
2024-12-30 20:00:00,SYNTHETIC: Hosur Road - Electronic City,751,High,Light Rain,Green
2024-12-31 00:00:00,SYNTHETIC: Silk Board - Junction 1,365,Moderate,Heavy Rain,Green
2024-12-31 00:00:00,SYNTHETIC: Outer Ring Road - Marathahalli,445,Moderate,Heavy Rain,Green
2024-12-31 00:00:00,SYNTHETIC: Airport Road - Hebbal,490,Moderate,Heavy Rain,Green
2024-12-31 00:00:00,SYNTHETIC: Bannerghatta Road - Dairy Circle,565,Moderate,Heavy Rain,Green
2024-12-31 00:00:00,SYNTHETIC: Whitefield Road - KR Puram,495,Moderate,Heavy Rain,Yellow
2024-12-31 00:00:00,SYNTHETIC: Hosur Road - Electronic City,516,Moderate,Heavy Rain,Green
2024-12-31 04:00:00,SYNTHETIC: Silk Board - Junction 1,378,Moderate,Heavy Rain,Green
2024-12-31 04:00:00,SYNTHETIC: Outer Ring Road - Marathahalli,420,Moderate,Heavy Rain,Red
2024-12-31 04:00:00,SYNTHETIC: Airport Road - Hebbal,455,Moderate,Heavy Rain,Green
2024-12-31 04:00:00,SYNTHETIC: Bannerghatta Road - Dairy Circle,506,Moderate,Heavy Rain,Green
2024-12-31 04:00:00,SYNTHETIC: Whitefield Road - KR Puram,578,Moderate,Heavy Rain,Green
2024-12-31 04:00:00,SYNTHETIC: Hosur Road - Electronic City,570,Moderate,Heavy Rain,Green
2024-12-31 08:00:00,SYNTHETIC: Silk Board - Junction 1,571,High,Heavy Rain,Green
2024-12-31 08:00:00,SYNTHETIC: Outer Ring Road - Marathahalli,586,Moderate,Heavy Rain,Red
2024-12-31 08:00:00,SYNTHETIC: Airport Road - Hebbal,708,High,Heavy Rain,Red
2024-12-31 08:00:00,SYNTHETIC: Bannerghatta Road - Dairy Circle,671,High,Heavy Rain,Green
2024-12-31 08:00:00,SYNTHETIC: Whitefield Road - KR Puram,688,High,Heavy Rain,Green
2024-12-31 08:00:00,SYNTHETIC: Hosur Road - Electronic City,773,High,Heavy Rain,Red
2024-12-31 12:00:00,SYNTHETIC: Silk Board - Junction 1,579,High,Heavy Rain,Yellow
2024-12-31 12:00:00,SYNTHETIC: Outer Ring Road - Marathahalli,695,High,Heavy Rain,Green
2024-12-31 12:00:00,SYNTHETIC: Airport Road - Hebbal,707,High,Heavy Rain,Yellow
2024-12-31 12:00:00,SYNTHETIC: Bannerghatta Road - Dairy Circle,715,High,Heavy Rain,Red
2024-12-31 12:00:00,SYNTHETIC: Whitefield Road - KR Puram,781,High,Heavy Rain,Green
2024-12-31 12:00:00,SYNTHETIC: Hosur Road - Electronic City,768,High,Heavy Rain,Green
2024-12-31 16:00:00,SYNTHETIC: Silk Board - Junction 1,561,High,Heavy Rain,Green
2024-12-31 16:00:00,SYNTHETIC: Outer Ring Road - Marathahalli,705,High,Heavy Rain,Green
2024-12-31 16:00:00,SYNTHETIC: Airport Road - Hebbal,684,High,Heavy Rain,Green
2024-12-31 16:00:00,SYNTHETIC: Bannerghatta Road - Dairy Circle,727,High,Heavy Rain,Red
2024-12-31 16:00:00,SYNTHETIC: Whitefield Road - KR Puram,739,High,Heavy Rain,Green
2024-12-31 16:00:00,SYNTHETIC: Hosur Road - Electronic City,762,High,Heavy Rain,Green
2024-12-31 20:00:00,SYNTHETIC: Silk Board - Junction 1,555,Moderate,Heavy Rain,Green
2024-12-31 20:00:00,SYNTHETIC: Outer Ring Road - Marathahalli,621,High,Heavy Rain,Green
2024-12-31 20:00:00,SYNTHETIC: Airport Road - Hebbal,626,High,Heavy Rain,Yellow
2024-12-31 20:00:00,SYNTHETIC: Bannerghatta Road - Dairy Circle,666,High,Heavy Rain,Green
2024-12-31 20:00:00,SYNTHETIC: Whitefield Road - KR Puram,748,High,Heavy Rain,Green
2024-12-31 20:00:00,SYNTHETIC: Hosur Road - Electronic City,830,High,Heavy Rain,Green
2025-01-01 00:00:00,SYNTHETIC: Silk Board - Junction 1,186,Low,Cloudy,Green
2025-01-01 00:00:00,SYNTHETIC: Outer Ring Road - Marathahalli,253,Low,Cloudy,Green
2025-01-01 00:00:00,SYNTHETIC: Airport Road - Hebbal,314,Low,Cloudy,Yellow
2025-01-01 00:00:00,SYNTHETIC: Bannerghatta Road - Dairy Circle,318,Low,Cloudy,Yellow
2025-01-01 00:00:00,SYNTHETIC: Whitefield Road - KR Puram,397,Low,Cloudy,Yellow
2025-01-01 00:00:00,SYNTHETIC: Hosur Road - Electronic City,371,Low,Cloudy,Green
2025-01-01 04:00:00,SYNTHETIC: Silk Board - Junction 1,240,Low,Cloudy,Yellow
2025-01-01 04:00:00,SYNTHETIC: Outer Ring Road - Marathahalli,313,Low,Cloudy,Green
2025-01-01 04:00:00,SYNTHETIC: Airport Road - Hebbal,329,Low,Cloudy,Green
2025-01-01 04:00:00,SYNTHETIC: Bannerghatta Road - Dairy Circle,313,Low,Cloudy,Green
2025-01-01 04:00:00,SYNTHETIC: Whitefield Road - KR Puram,312,Low,Cloudy,Red
2025-01-01 04:00:00,SYNTHETIC: Hosur Road - Electronic City,429,Low,Cloudy,Yellow
2025-01-01 08:00:00,SYNTHETIC: Silk Board - Junction 1,373,Moderate,Cloudy,Green
2025-01-01 08:00:00,SYNTHETIC: Outer Ring Road - Marathahalli,404,Moderate,Cloudy,Yellow
2025-01-01 08:00:00,SYNTHETIC: Airport Road - Hebbal,443,Moderate,Cloudy,Green
2025-01-01 08:00:00,SYNTHETIC: Bannerghatta Road - Dairy Circle,469,Moderate,Cloudy,Green
2025-01-01 08:00:00,SYNTHETIC: Whitefield Road - KR Puram,563,Moderate,Cloudy,Green
2025-01-01 08:00:00,SYNTHETIC: Hosur Road - Electronic City,651,Moderate,Cloudy,Yellow
2025-01-01 12:00:00,SYNTHETIC: Silk Board - Junction 1,352,Low,Cloudy,Red
2025-01-01 12:00:00,SYNTHETIC: Outer Ring Road - Marathahalli,493,Moderate,Cloudy,Yellow
2025-01-01 12:00:00,SYNTHETIC: Airport Road - Hebbal,454,Moderate,Cloudy,Green
2025-01-01 12:00:00,SYNTHETIC: Bannerghatta Road - Dairy Circle,586,Moderate,Cloudy,Yellow
2025-01-01 12:00:00,SYNTHETIC: Whitefield Road - KR Puram,626,Moderate,Cloudy,Yellow
2025-01-01 12:00:00,SYNTHETIC: Hosur Road - Electronic City,628,Moderate,Cloudy,Green
2025-01-01 16:00:00,SYNTHETIC: Silk Board - Junction 1,398,Moderate,Cloudy,Red
2025-01-01 16:00:00,SYNTHETIC: Outer Ring Road - Marathahalli,386,Moderate,Cloudy,Yellow
2025-01-01 16:00:00,SYNTHETIC: Airport Road - Hebbal,556,Moderate,Cloudy,Yellow
2025-01-01 16:00:00,SYNTHETIC: Bannerghatta Road - Dairy Circle,517,Moderate,Cloudy,Red
2025-01-01 16:00:00,SYNTHETIC: Whitefield Road - KR Puram,625,Moderate,Cloudy,Yellow
2025-01-01 16:00:00,SYNTHETIC: Hosur Road - Electronic City,535,Moderate,Cloudy,Green
2025-01-01 20:00:00,SYNTHETIC: Silk Board - Junction 1,393,Moderate,Cloudy,Yellow
2025-01-01 20:00:00,SYNTHETIC: Outer Ring Road - Marathahalli,519,Moderate,Cloudy,Red
2025-01-01 20:00:00,SYNTHETIC: Airport Road - Hebbal,464,Moderate,Cloudy,Green
2025-01-01 20:00:00,SYNTHETIC: Bannerghatta Road - Dairy Circle,489,Moderate,Cloudy,Green
2025-01-01 20:00:00,SYNTHETIC: Whitefield Road - KR Puram,503,Moderate,Cloudy,Green
2025-01-01 20:00:00,SYNTHETIC: Hosur Road - Electronic City,622,Moderate,Cloudy,Green
2025-01-02 00:00:00,SYNTHETIC: Silk Board - Junction 1,357,Low,Light Rain,Green
2025-01-02 00:00:00,SYNTHETIC: Outer Ring Road - Marathahalli,412,Moderate,Light Rain,Green
2025-01-02 00:00:00,SYNTHETIC: Airport Road - Hebbal,402,Moderate,Light Rain,Green
2025-01-02 00:00:00,SYNTHETIC: Bannerghatta Road - Dairy Circle,560,Moderate,Light Rain,Green
2025-01-02 00:00:00,SYNTHETIC: Whitefield Road - KR Puram,605,Moderate,Light Rain,Green
2025-01-02 00:00:00,SYNTHETIC: Hosur Road - Electronic City,544,Moderate,Light Rain,Green
2025-01-02 04:00:00,SYNTHETIC: Silk Board - Junction 1,454,Moderate,Light Rain,Green
2025-01-02 04:00:00,SYNTHETIC: Outer Ring Road - Marathahalli,429,Moderate,Light Rain,Green
2025-01-02 04:00:00,SYNTHETIC: Airport Road - Hebbal,501,Moderate,Light Rain,Green
2025-01-02 04:00:00,SYNTHETIC: Bannerghatta Road - Dairy Circle,528,Moderate,Light Rain,Green
2025-01-02 04:00:00,SYNTHETIC: Whitefield Road - KR Puram,516,Moderate,Light Rain,Green
2025-01-02 04:00:00,SYNTHETIC: Hosur Road - Electronic City,573,Moderate,Light Rain,Green
2025-01-02 08:00:00,SYNTHETIC: Silk Board - Junction 1,642,High,Light Rain,Yellow
2025-01-02 08:00:00,SYNTHETIC: Outer Ring Road - Marathahalli,677,High,Light Rain,Green
2025-01-02 08:00:00,SYNTHETIC: Airport Road - Hebbal,690,High,Light Rain,Yellow
2025-01-02 08:00:00,SYNTHETIC: Bannerghatta Road - Dairy Circle,636,Moderate,Light Rain,Green
2025-01-02 08:00:00,SYNTHETIC: Whitefield Road - KR Puram,720,High,Light Rain,Green
2025-01-02 08:00:00,SYNTHETIC: Hosur Road - Electronic City,777,High,Light Rain,Green
2025-01-02 12:00:00,SYNTHETIC: Silk Board - Junction 1,631,High,Light Rain,Green
2025-01-02 12:00:00,SYNTHETIC: Outer Ring Road - Marathahalli,649,High,Light Rain,Red
2025-01-02 12:00:00,SYNTHETIC: Airport Road - Hebbal,641,High,Light Rain,Yellow
2025-01-02 12:00:00,SYNTHETIC: Bannerghatta Road - Dairy Circle,757,High,Light Rain,Red
2025-01-02 12:00:00,SYNTHETIC: Whitefield Road - KR Puram,738,High,Light Rain,Green
2025-01-02 12:00:00,SYNTHETIC: Hosur Road - Electronic City,830,High,Light Rain,Green
2025-01-02 16:00:00,SYNTHETIC: Silk Board - Junction 1,562,High,Light Rain,Green
2025-01-02 16:00:00,SYNTHETIC: Outer Ring Road - Marathahalli,667,High,Light Rain,Green
2025-01-02 16:00:00,SYNTHETIC: Airport Road - Hebbal,699,High,Light Rain,Green
2025-01-02 16:00:00,SYNTHETIC: Bannerghatta Road - Dairy Circle,662,High,Light Rain,Yellow
2025-01-02 16:00:00,SYNTHETIC: Whitefield Road - KR Puram,702,High,Light Rain,Green
2025-01-02 16:00:00,SYNTHETIC: Hosur Road - Electronic City,833,High,Light Rain,Green
2025-01-02 20:00:00,SYNTHETIC: Silk Board - Junction 1,590,High,Light Rain,Green
2025-01-02 20:00:00,SYNTHETIC: Outer Ring Road - Marathahalli,652,High,Light Rain,Green
2025-01-02 20:00:00,SYNTHETIC: Airport Road - Hebbal,602,Moderate,Light Rain,Green
2025-01-02 20:00:00,SYNTHETIC: Bannerghatta Road - Dairy Circle,709,High,Light Rain,Green
2025-01-02 20:00:00,SYNTHETIC: Whitefield Road - KR Puram,691,High,Light Rain,Yellow
2025-01-02 20:00:00,SYNTHETIC: Hosur Road - Electronic City,768,High,Light Rain,Green
2025-01-03 00:00:00,SYNTHETIC: Silk Board - Junction 1,334,Low,Heavy Rain,Green
2025-01-03 00:00:00,SYNTHETIC: Outer Ring Road - Marathahalli,388,Moderate,Heavy Rain,Red
2025-01-03 00:00:00,SYNTHETIC: Airport Road - Hebbal,497,Moderate,Heavy Rain,Green
2025-01-03 00:00:00,SYNTHETIC: Bannerghatta Road - Dairy Circle,513,Moderate,Heavy Rain,Yellow
2025-01-03 00:00:00,SYNTHETIC: Whitefield Road - KR Puram,529,Moderate,Heavy Rain,Green
2025-01-03 00:00:00,SYNTHETIC: Hosur Road - Electronic City,614,Moderate,Heavy Rain,Green
2025-01-03 04:00:00,SYNTHETIC: Silk Board - Junction 1,460,Moderate,Heavy Rain,Green
2025-01-03 04:00:00,SYNTHETIC: Outer Ring Road - Marathahalli,378,Moderate,Heavy Rain,Green
2025-01-03 04:00:00,SYNTHETIC: Airport Road - Hebbal,468,Moderate,Heavy Rain,Green
2025-01-03 04:00:00,SYNTHETIC: Bannerghatta Road - Dairy Circle,524,Moderate,Heavy Rain,Yellow
2025-01-03 04:00:00,SYNTHETIC: Whitefield Road - KR Puram,533,Moderate,Heavy Rain,Green
2025-01-03 04:00:00,SYNTHETIC: Hosur Road - Electronic City,517,Moderate,Heavy Rain,Green
2025-01-03 08:00:00,SYNTHETIC: Silk Board - Junction 1,530,Moderate,Heavy Rain,Green
2025-01-03 08:00:00,SYNTHETIC: Outer Ring Road - Marathahalli,647,High,Heavy Rain,Green
2025-01-03 08:00:00,SYNTHETIC: Airport Road - Hebbal,720,High,Heavy Rain,Green
2025-01-03 08:00:00,SYNTHETIC: Bannerghatta Road - Dairy Circle,660,High,Heavy Rain,Green
2025-01-03 08:00:00,SYNTHETIC: Whitefield Road - KR Puram,734,High,Heavy Rain,Red
2025-01-03 08:00:00,SYNTHETIC: Hosur Road - Electronic City,798,High,Heavy Rain,Green
2025-01-03 12:00:00,SYNTHETIC: Silk Board - Junction 1,558,Moderate,Heavy Rain,Green
2025-01-03 12:00:00,SYNTHETIC: Outer Ring Road - Marathahalli,568,Moderate,Heavy Rain,Yellow
2025-01-03 12:00:00,SYNTHETIC: Airport Road - Hebbal,633,High,Heavy Rain,Green
2025-01-03 12:00:00,SYNTHETIC: Bannerghatta Road - Dairy Circle,727,High,Heavy Rain,Yellow
2025-01-03 12:00:00,SYNTHETIC: Whitefield Road - KR Puram,805,High,Heavy Rain,Green
2025-01-03 12:00:00,SYNTHETIC: Hosur Road - Electronic City,765,High,Heavy Rain,Yellow
2025-01-03 16:00:00,SYNTHETIC: Silk Board - Junction 1,583,High,Heavy Rain,Green
2025-01-03 16:00:00,SYNTHETIC: Outer Ring Road - Marathahalli,587,Moderate,Heavy Rain,Red
2025-01-03 16:00:00,SYNTHETIC: Airport Road - Hebbal,633,High,Heavy Rain,Green
2025-01-03 16:00:00,SYNTHETIC: Bannerghatta Road - Dairy Circle,665,High,Heavy Rain,Green
2025-01-03 16:00:00,SYNTHETIC: Whitefield Road - KR Puram,718,High,Heavy Rain,Green
2025-01-03 16:00:00,SYNTHETIC: Hosur Road - Electronic City,819,High,Heavy Rain,Red
2025-01-03 20:00:00,SYNTHETIC: Silk Board - Junction 1,549,Moderate,Heavy Rain,Red
2025-01-03 20:00:00,SYNTHETIC: Outer Ring Road - Marathahalli,652,High,Heavy Rain,Green
2025-01-03 20:00:00,SYNTHETIC: Airport Road - Hebbal,721,High,Heavy Rain,Red
2025-01-03 20:00:00,SYNTHETIC: Bannerghatta Road - Dairy Circle,686,High,Heavy Rain,Green
2025-01-03 20:00:00,SYNTHETIC: Whitefield Road - KR Puram,709,High,Heavy Rain,Green
2025-01-03 20:00:00,SYNTHETIC: Hosur Road - Electronic City,754,High,Heavy Rain,Green
2025-01-04 00:00:00,SYNTHETIC: Silk Board - Junction 1,332,Low,Clear,Green
2025-01-04 00:00:00,SYNTHETIC: Outer Ring Road - Marathahalli,455,Moderate,Clear,Green
2025-01-04 00:00:00,SYNTHETIC: Airport Road - Hebbal,459,Moderate,Clear,Green
2025-01-04 00:00:00,SYNTHETIC: Bannerghatta Road - Dairy Circle,464,Moderate,Clear,Green
2025-01-04 00:00:00,SYNTHETIC: Whitefield Road - KR Puram,430,Low,Clear,Green
2025-01-04 00:00:00,SYNTHETIC: Hosur Road - Electronic City,520,Moderate,Clear,Green
2025-01-04 04:00:00,SYNTHETIC: Silk Board - Junction 1,292,Low,Clear,Red
2025-01-04 04:00:00,SYNTHETIC: Outer Ring Road - Marathahalli,456,Moderate,Clear,Green
2025-01-04 04:00:00,SYNTHETIC: Airport Road - Hebbal,494,Moderate,Clear,Green
2025-01-04 04:00:00,SYNTHETIC: Bannerghatta Road - Dairy Circle,451,Moderate,Clear,Green
2025-01-04 04:00:00,SYNTHETIC: Whitefield Road - KR Puram,498,Moderate,Clear,Green
2025-01-04 04:00:00,SYNTHETIC: Hosur Road - Electronic City,508,Moderate,Clear,Green
2025-01-04 08:00:00,SYNTHETIC: Silk Board - Junction 1,626,High,Clear,Green
2025-01-04 08:00:00,SYNTHETIC: Outer Ring Road - Marathahalli,535,Moderate,Clear,Green
2025-01-04 08:00:00,SYNTHETIC: Airport Road - Hebbal,631,High,Clear,Red
2025-01-04 08:00:00,SYNTHETIC: Bannerghatta Road - Dairy Circle,664,High,Clear,Red
2025-01-04 08:00:00,SYNTHETIC: Whitefield Road - KR Puram,643,Moderate,Clear,Green
2025-01-04 08:00:00,SYNTHETIC: Hosur Road - Electronic City,728,High,Clear,Red
2025-01-04 12:00:00,SYNTHETIC: Silk Board - Junction 1,543,Moderate,Clear,Green
2025-01-04 12:00:00,SYNTHETIC: Outer Ring Road - Marathahalli,525,Moderate,Clear,Green
2025-01-04 12:00:00,SYNTHETIC: Airport Road - Hebbal,654,High,Clear,Green
2025-01-04 12:00:00,SYNTHETIC: Bannerghatta Road - Dairy Circle,735,High,Clear,Green
2025-01-04 12:00:00,SYNTHETIC: Whitefield Road - KR Puram,664,Moderate,Clear,Green
2025-01-04 12:00:00,SYNTHETIC: Hosur Road - Electronic City,740,High,Clear,Green
2025-01-04 16:00:00,SYNTHETIC: Silk Board - Junction 1,504,Moderate,Clear,Green
2025-01-04 16:00:00,SYNTHETIC: Outer Ring Road - Marathahalli,527,Moderate,Clear,Yellow
2025-01-04 16:00:00,SYNTHETIC: Airport Road - Hebbal,616,High,Clear,Yellow
2025-01-04 16:00:00,SYNTHETIC: Bannerghatta Road - Dairy Circle,666,High,Clear,Green
2025-01-04 16:00:00,SYNTHETIC: Whitefield Road - KR Puram,634,Moderate,Clear,Green
2025-01-04 16:00:00,SYNTHETIC: Hosur Road - Electronic City,692,Moderate,Clear,Yellow
2025-01-04 20:00:00,SYNTHETIC: Silk Board - Junction 1,587,High,Clear,Red
2025-01-04 20:00:00,SYNTHETIC: Outer Ring Road - Marathahalli,590,High,Clear,Red
2025-01-04 20:00:00,SYNTHETIC: Airport Road - Hebbal,612,Moderate,Clear,Yellow
2025-01-04 20:00:00,SYNTHETIC: Bannerghatta Road - Dairy Circle,651,High,Clear,Green
2025-01-04 20:00:00,SYNTHETIC: Whitefield Road - KR Puram,682,High,Clear,Green
2025-01-04 20:00:00,SYNTHETIC: Hosur Road - Electronic City,766,High,Clear,Green
2025-01-05 00:00:00,SYNTHETIC: Silk Board - Junction 1,573,High,Heavy Rain,Green
2025-01-05 00:00:00,SYNTHETIC: Outer Ring Road - Marathahalli,639,High,Heavy Rain,Green
2025-01-05 00:00:00,SYNTHETIC: Airport Road - Hebbal,543,Moderate,Heavy Rain,Green
2025-01-05 00:00:00,SYNTHETIC: Bannerghatta Road - Dairy Circle,671,High,Heavy Rain,Green
2025-01-05 00:00:00,SYNTHETIC: Whitefield Road - KR Puram,638,Moderate,Heavy Rain,Yellow
2025-01-05 00:00:00,SYNTHETIC: Hosur Road - Electronic City,656,Moderate,Heavy Rain,Green
2025-01-05 04:00:00,SYNTHETIC: Silk Board - Junction 1,491,Moderate,Heavy Rain,Green
2025-01-05 04:00:00,SYNTHETIC: Outer Ring Road - Marathahalli,508,Moderate,Heavy Rain,Yellow
2025-01-05 04:00:00,SYNTHETIC: Airport Road - Hebbal,542,Moderate,Heavy Rain,Red
2025-01-05 04:00:00,SYNTHETIC: Bannerghatta Road - Dairy Circle,602,Moderate,Heavy Rain,Green
2025-01-05 04:00:00,SYNTHETIC: Whitefield Road - KR Puram,696,High,Heavy Rain,Red
2025-01-05 04:00:00,SYNTHETIC: Hosur Road - Electronic City,666,Moderate,Heavy Rain,Green
2025-01-05 08:00:00,SYNTHETIC: Silk Board - Junction 1,792,Severe,Heavy Rain,Yellow
2025-01-05 08:00:00,SYNTHETIC: Outer Ring Road - Marathahalli,818,Severe,Heavy Rain,Yellow
2025-01-05 08:00:00,SYNTHETIC: Airport Road - Hebbal,818,Severe,Heavy Rain,Green
2025-01-05 08:00:00,SYNTHETIC: Bannerghatta Road - Dairy Circle,814,High,Heavy Rain,Green
2025-01-05 08:00:00,SYNTHETIC: Whitefield Road - KR Puram,949,Severe,Heavy Rain,Yellow
2025-01-05 08:00:00,SYNTHETIC: Hosur Road - Electronic City,984,Severe,Heavy Rain,Green
2025-01-05 12:00:00,SYNTHETIC: Silk Board - Junction 1,681,High,Heavy Rain,Green
2025-01-05 12:00:00,SYNTHETIC: Outer Ring Road - Marathahalli,780,Severe,Heavy Rain,Green
2025-01-05 12:00:00,SYNTHETIC: Airport Road - Hebbal,846,Severe,Heavy Rain,Green
2025-01-05 12:00:00,SYNTHETIC: Bannerghatta Road - Dairy Circle,832,Severe,Heavy Rain,Green
2025-01-05 12:00:00,SYNTHETIC: Whitefield Road - KR Puram,919,Severe,Heavy Rain,Green
2025-01-05 12:00:00,SYNTHETIC: Hosur Road - Electronic City,935,Severe,Heavy Rain,Yellow
2025-01-05 16:00:00,SYNTHETIC: Silk Board - Junction 1,727,Severe,Heavy Rain,Red
2025-01-05 16:00:00,SYNTHETIC: Outer Ring Road - Marathahalli,803,Severe,Heavy Rain,Yellow
2025-01-05 16:00:00,SYNTHETIC: Airport Road - Hebbal,768,High,Heavy Rain,Green
2025-01-05 16:00:00,SYNTHETIC: Bannerghatta Road - Dairy Circle,803,High,Heavy Rain,Green
2025-01-05 16:00:00,SYNTHETIC: Whitefield Road - KR Puram,882,Severe,Heavy Rain,Green
2025-01-05 16:00:00,SYNTHETIC: Hosur Road - Electronic City,930,Severe,Heavy Rain,Green
2025-01-05 20:00:00,SYNTHETIC: Silk Board - Junction 1,691,High,Heavy Rain,Red
2025-01-05 20:00:00,SYNTHETIC: Outer Ring Road - Marathahalli,743,High,Heavy Rain,Green
2025-01-05 20:00:00,SYNTHETIC: Airport Road - Hebbal,875,Severe,Heavy Rain,Green
2025-01-05 20:00:00,SYNTHETIC: Bannerghatta Road - Dairy Circle,821,High,Heavy Rain,Yellow
2025-01-05 20:00:00,SYNTHETIC: Whitefield Road - KR Puram,848,High,Heavy Rain,Red
2025-01-05 20:00:00,SYNTHETIC: Hosur Road - Electronic City,922,Severe,Heavy Rain,Green
2025-01-06 00:00:00,SYNTHETIC: Silk Board - Junction 1,456,Moderate,Light Rain,Green
2025-01-06 00:00:00,SYNTHETIC: Outer Ring Road - Marathahalli,470,Moderate,Light Rain,Green
2025-01-06 00:00:00,SYNTHETIC: Airport Road - Hebbal,485,Moderate,Light Rain,Green
2025-01-06 00:00:00,SYNTHETIC: Bannerghatta Road - Dairy Circle,497,Moderate,Light Rain,Green
2025-01-06 00:00:00,SYNTHETIC: Whitefield Road - KR Puram,610,Moderate,Light Rain,Green
2025-01-06 00:00:00,SYNTHETIC: Hosur Road - Electronic City,641,Moderate,Light Rain,Green
2025-01-06 04:00:00,SYNTHETIC: Silk Board - Junction 1,467,Moderate,Light Rain,Yellow
2025-01-06 04:00:00,SYNTHETIC: Outer Ring Road - Marathahalli,463,Moderate,Light Rain,Green
2025-01-06 04:00:00,SYNTHETIC: Airport Road - Hebbal,507,Moderate,Light Rain,Green
2025-01-06 04:00:00,SYNTHETIC: Bannerghatta Road - Dairy Circle,491,Moderate,Light Rain,Yellow
2025-01-06 04:00:00,SYNTHETIC: Whitefield Road - KR Puram,530,Moderate,Light Rain,Green
2025-01-06 04:00:00,SYNTHETIC: Hosur Road - Electronic City,557,Moderate,Light Rain,Red
2025-01-06 08:00:00,SYNTHETIC: Silk Board - Junction 1,534,Moderate,Light Rain,Green
2025-01-06 08:00:00,SYNTHETIC: Outer Ring Road - Marathahalli,686,High,Light Rain,Red
2025-01-06 08:00:00,SYNTHETIC: Airport Road - Hebbal,628,High,Light Rain,Green
2025-01-06 08:00:00,SYNTHETIC: Bannerghatta Road - Dairy Circle,724,High,Light Rain,Green
2025-01-06 08:00:00,SYNTHETIC: Whitefield Road - KR Puram,705,High,Light Rain,Green
2025-01-06 08:00:00,SYNTHETIC: Hosur Road - Electronic City,741,High,Light Rain,Yellow
2025-01-06 12:00:00,SYNTHETIC: Silk Board - Junction 1,637,High,Light Rain,Green
2025-01-06 12:00:00,SYNTHETIC: Outer Ring Road - Marathahalli,622,High,Light Rain,Green
2025-01-06 12:00:00,SYNTHETIC: Airport Road - Hebbal,635,High,Light Rain,Green
2025-01-06 12:00:00,SYNTHETIC: Bannerghatta Road - Dairy Circle,671,High,Light Rain,Green
2025-01-06 12:00:00,SYNTHETIC: Whitefield Road - KR Puram,676,High,Light Rain,Yellow
2025-01-06 12:00:00,SYNTHETIC: Hosur Road - Electronic City,813,High,Light Rain,Green
2025-01-06 16:00:00,SYNTHETIC: Silk Board - Junction 1,557,Moderate,Light Rain,Yellow
2025-01-06 16:00:00,SYNTHETIC: Outer Ring Road - Marathahalli,583,Moderate,Light Rain,Green
2025-01-06 16:00:00,SYNTHETIC: Airport Road - Hebbal,640,High,Light Rain,Green
2025-01-06 16:00:00,SYNTHETIC: Bannerghatta Road - Dairy Circle,728,High,Light Rain,Green
2025-01-06 16:00:00,SYNTHETIC: Whitefield Road - KR Puram,732,High,Light Rain,Green
2025-01-06 16:00:00,SYNTHETIC: Hosur Road - Electronic City,811,High,Light Rain,Green
2025-01-06 20:00:00,SYNTHETIC: Silk Board - Junction 1,576,High,Light Rain,Green
2025-01-06 20:00:00,SYNTHETIC: Outer Ring Road - Marathahalli,600,High,Light Rain,Yellow
2025-01-06 20:00:00,SYNTHETIC: Airport Road - Hebbal,676,High,Light Rain,Green
2025-01-06 20:00:00,SYNTHETIC: Bannerghatta Road - Dairy Circle,721,High,Light Rain,Green
2025-01-06 20:00:00,SYNTHETIC: Whitefield Road - KR Puram,673,High,Light Rain,Green
2025-01-06 20:00:00,SYNTHETIC: Hosur Road - Electronic City,744,High,Light Rain,Green
2025-01-07 00:00:00,SYNTHETIC: Silk Board - Junction 1,169,Low,Cloudy,Yellow
2025-01-07 00:00:00,SYNTHETIC: Outer Ring Road - Marathahalli,304,Low,Cloudy,Green
2025-01-07 00:00:00,SYNTHETIC: Airport Road - Hebbal,323,Low,Cloudy,Yellow
2025-01-07 00:00:00,SYNTHETIC: Bannerghatta Road - Dairy Circle,297,Low,Cloudy,Green
2025-01-07 00:00:00,SYNTHETIC: Whitefield Road - KR Puram,385,Low,Cloudy,Green
2025-01-07 00:00:00,SYNTHETIC: Hosur Road - Electronic City,374,Low,Cloudy,Green
2025-01-07 04:00:00,SYNTHETIC: Silk Board - Junction 1,176,Low,Cloudy,Green
2025-01-07 04:00:00,SYNTHETIC: Outer Ring Road - Marathahalli,270,Low,Cloudy,Green
2025-01-07 04:00:00,SYNTHETIC: Airport Road - Hebbal,292,Low,Cloudy,Green
2025-01-07 04:00:00,SYNTHETIC: Bannerghatta Road - Dairy Circle,282,Low,Cloudy,Green
2025-01-07 04:00:00,SYNTHETIC: Whitefield Road - KR Puram,292,Low,Cloudy,Yellow
2025-01-07 04:00:00,SYNTHETIC: Hosur Road - Electronic City,404,Low,Cloudy,Green
2025-01-07 08:00:00,SYNTHETIC: Silk Board - Junction 1,401,Moderate,Cloudy,Green
2025-01-07 08:00:00,SYNTHETIC: Outer Ring Road - Marathahalli,393,Moderate,Cloudy,Green
2025-01-07 08:00:00,SYNTHETIC: Airport Road - Hebbal,441,Moderate,Cloudy,Red
2025-01-07 08:00:00,SYNTHETIC: Bannerghatta Road - Dairy Circle,466,Moderate,Cloudy,Green
2025-01-07 08:00:00,SYNTHETIC: Whitefield Road - KR Puram,613,Moderate,Cloudy,Green
2025-01-07 08:00:00,SYNTHETIC: Hosur Road - Electronic City,605,Moderate,Cloudy,Green
2025-01-07 12:00:00,SYNTHETIC: Silk Board - Junction 1,429,Moderate,Cloudy,Green
2025-01-07 12:00:00,SYNTHETIC: Outer Ring Road - Marathahalli,476,Moderate,Cloudy,Yellow
2025-01-07 12:00:00,SYNTHETIC: Airport Road - Hebbal,521,Moderate,Cloudy,Green
2025-01-07 12:00:00,SYNTHETIC: Bannerghatta Road - Dairy Circle,535,Moderate,Cloudy,Yellow
2025-01-07 12:00:00,SYNTHETIC: Whitefield Road - KR Puram,581,Moderate,Cloudy,Red
2025-01-07 12:00:00,SYNTHETIC: Hosur Road - Electronic City,549,Moderate,Cloudy,Green
2025-01-07 16:00:00,SYNTHETIC: Silk Board - Junction 1,478,Moderate,Cloudy,Green
2025-01-07 16:00:00,SYNTHETIC: Outer Ring Road - Marathahalli,423,Moderate,Cloudy,Green
2025-01-07 16:00:00,SYNTHETIC: Airport Road - Hebbal,517,Moderate,Cloudy,Green
2025-01-07 16:00:00,SYNTHETIC: Bannerghatta Road - Dairy Circle,464,Moderate,Cloudy,Green
2025-01-07 16:00:00,SYNTHETIC: Whitefield Road - KR Puram,528,Moderate,Cloudy,Yellow
2025-01-07 16:00:00,SYNTHETIC: Hosur Road - Electronic City,545,Moderate,Cloudy,Red
2025-01-07 20:00:00,SYNTHETIC: Silk Board - Junction 1,373,Moderate,Cloudy,Red
2025-01-07 20:00:00,SYNTHETIC: Outer Ring Road - Marathahalli,444,Moderate,Cloudy,Red
2025-01-07 20:00:00,SYNTHETIC: Airport Road - Hebbal,456,Moderate,Cloudy,Yellow
2025-01-07 20:00:00,SYNTHETIC: Bannerghatta Road - Dairy Circle,496,Moderate,Cloudy,Red
2025-01-07 20:00:00,SYNTHETIC: Whitefield Road - KR Puram,618,Moderate,Cloudy,Green
2025-01-07 20:00:00,SYNTHETIC: Hosur Road - Electronic City,658,Moderate,Cloudy,Red
2025-01-08 00:00:00,SYNTHETIC: Silk Board - Junction 1,371,Moderate,Light Rain,Green
2025-01-08 00:00:00,SYNTHETIC: Outer Ring Road - Marathahalli,458,Moderate,Light Rain,Green
2025-01-08 00:00:00,SYNTHETIC: Airport Road - Hebbal,418,Moderate,Light Rain,Green
2025-01-08 00:00:00,SYNTHETIC: Bannerghatta Road - Dairy Circle,552,Moderate,Light Rain,Green
2025-01-08 00:00:00,SYNTHETIC: Whitefield Road - KR Puram,591,Moderate,Light Rain,Red
2025-01-08 00:00:00,SYNTHETIC: Hosur Road - Electronic City,618,Moderate,Light Rain,Yellow
2025-01-08 04:00:00,SYNTHETIC: Silk Board - Junction 1,365,Moderate,Light Rain,Red
2025-01-08 04:00:00,SYNTHETIC: Outer Ring Road - Marathahalli,489,Moderate,Light Rain,Green
2025-01-08 04:00:00,SYNTHETIC: Airport Road - Hebbal,473,Moderate,Light Rain,Green
2025-01-08 04:00:00,SYNTHETIC: Bannerghatta Road - Dairy Circle,468,Moderate,Light Rain,Green
2025-01-08 04:00:00,SYNTHETIC: Whitefield Road - KR Puram,601,Moderate,Light Rain,Yellow
2025-01-08 04:00:00,SYNTHETIC: Hosur Road - Electronic City,585,Moderate,Light Rain,Green
2025-01-08 08:00:00,SYNTHETIC: Silk Board - Junction 1,635,High,Light Rain,Green
2025-01-08 08:00:00,SYNTHETIC: Outer Ring Road - Marathahalli,632,High,Light Rain,Red
2025-01-08 08:00:00,SYNTHETIC: Airport Road - Hebbal,610,Moderate,Light Rain,Green
2025-01-08 08:00:00,SYNTHETIC: Bannerghatta Road - Dairy Circle,649,High,Light Rain,Yellow
2025-01-08 08:00:00,SYNTHETIC: Whitefield Road - KR Puram,732,High,Light Rain,Yellow
2025-01-08 08:00:00,SYNTHETIC: Hosur Road - Electronic City,707,High,Light Rain,Green
2025-01-08 12:00:00,SYNTHETIC: Silk Board - Junction 1,556,Moderate,Light Rain,Green
2025-01-08 12:00:00,SYNTHETIC: Outer Ring Road - Marathahalli,605,High,Light Rain,Green
2025-01-08 12:00:00,SYNTHETIC: Airport Road - Hebbal,618,High,Light Rain,Green
2025-01-08 12:00:00,SYNTHETIC: Bannerghatta Road - Dairy Circle,753,High,Light Rain,Yellow
2025-01-08 12:00:00,SYNTHETIC: Whitefield Road - KR Puram,759,High,Light Rain,Green
2025-01-08 12:00:00,SYNTHETIC: Hosur Road - Electronic City,841,High,Light Rain,Red
2025-01-08 16:00:00,SYNTHETIC: Silk Board - Junction 1,649,High,Light Rain,Green
2025-01-08 16:00:00,SYNTHETIC: Outer Ring Road - Marathahalli,611,High,Light Rain,Yellow
2025-01-08 16:00:00,SYNTHETIC: Airport Road - Hebbal,701,High,Light Rain,Yellow
2025-01-08 16:00:00,SYNTHETIC: Bannerghatta Road - Dairy Circle,686,High,Light Rain,Green
2025-01-08 16:00:00,SYNTHETIC: Whitefield Road - KR Puram,686,High,Light Rain,Green
2025-01-08 16:00:00,SYNTHETIC: Hosur Road - Electronic City,829,High,Light Rain,Green
2025-01-08 20:00:00,SYNTHETIC: Silk Board - Junction 1,651,High,Light Rain,Green
2025-01-08 20:00:00,SYNTHETIC: Outer Ring Road - Marathahalli,681,High,Light Rain,Green
2025-01-08 20:00:00,SYNTHETIC: Airport Road - Hebbal,639,High,Light Rain,Red
2025-01-08 20:00:00,SYNTHETIC: Bannerghatta Road - Dairy Circle,672,High,Light Rain,Green
2025-01-08 20:00:00,SYNTHETIC: Whitefield Road - KR Puram,751,High,Light Rain,Green
2025-01-08 20:00:00,SYNTHETIC: Hosur Road - Electronic City,802,High,Light Rain,Green
2025-01-09 00:00:00,SYNTHETIC: Silk Board - Junction 1,406,Moderate,Light Rain,Green
2025-01-09 00:00:00,SYNTHETIC: Outer Ring Road - Marathahalli,454,Moderate,Light Rain,Red
2025-01-09 00:00:00,SYNTHETIC: Airport Road - Hebbal,523,Moderate,Light Rain,Green
2025-01-09 00:00:00,SYNTHETIC: Bannerghatta Road - Dairy Circle,476,Moderate,Light Rain,Red
2025-01-09 00:00:00,SYNTHETIC: Whitefield Road - KR Puram,581,Moderate,Light Rain,Green
2025-01-09 00:00:00,SYNTHETIC: Hosur Road - Electronic City,604,Moderate,Light Rain,Yellow
2025-01-09 04:00:00,SYNTHETIC: Silk Board - Junction 1,380,Moderate,Light Rain,Green
2025-01-09 04:00:00,SYNTHETIC: Outer Ring Road - Marathahalli,402,Moderate,Light Rain,Green
2025-01-09 04:00:00,SYNTHETIC: Airport Road - Hebbal,481,Moderate,Light Rain,Green
2025-01-09 04:00:00,SYNTHETIC: Bannerghatta Road - Dairy Circle,552,Moderate,Light Rain,Red
2025-01-09 04:00:00,SYNTHETIC: Whitefield Road - KR Puram,597,Moderate,Light Rain,Red
2025-01-09 04:00:00,SYNTHETIC: Hosur Road - Electronic City,534,Moderate,Light Rain,Yellow
2025-01-09 08:00:00,SYNTHETIC: Silk Board - Junction 1,634,High,Light Rain,Green
2025-01-09 08:00:00,SYNTHETIC: Outer Ring Road - Marathahalli,565,Moderate,Light Rain,Red
2025-01-09 08:00:00,SYNTHETIC: Airport Road - Hebbal,632,High,Light Rain,Green
2025-01-09 08:00:00,SYNTHETIC: Bannerghatta Road - Dairy Circle,659,High,Light Rain,Green
2025-01-09 08:00:00,SYNTHETIC: Whitefield Road - KR Puram,718,High,Light Rain,Green
2025-01-09 08:00:00,SYNTHETIC: Hosur Road - Electronic City,844,High,Light Rain,Yellow
2025-01-09 12:00:00,SYNTHETIC: Silk Board - Junction 1,626,High,Light Rain,Green
2025-01-09 12:00:00,SYNTHETIC: Outer Ring Road - Marathahalli,618,High,Light Rain,Red
2025-01-09 12:00:00,SYNTHETIC: Airport Road - Hebbal,603,Moderate,Light Rain,Green
2025-01-09 12:00:00,SYNTHETIC: Bannerghatta Road - Dairy Circle,728,High,Light Rain,Green
2025-01-09 12:00:00,SYNTHETIC: Whitefield Road - KR Puram,748,High,Light Rain,Green
2025-01-09 12:00:00,SYNTHETIC: Hosur Road - Electronic City,736,High,Light Rain,Yellow
2025-01-09 16:00:00,SYNTHETIC: Silk Board - Junction 1,646,High,Light Rain,Green
2025-01-09 16:00:00,SYNTHETIC: Outer Ring Road - Marathahalli,655,High,Light Rain,Green
2025-01-09 16:00:00,SYNTHETIC: Airport Road - Hebbal,738,High,Light Rain,Green
2025-01-09 16:00:00,SYNTHETIC: Bannerghatta Road - Dairy Circle,720,High,Light Rain,Green
2025-01-09 16:00:00,SYNTHETIC: Whitefield Road - KR Puram,715,High,Light Rain,Green
2025-01-09 16:00:00,SYNTHETIC: Hosur Road - Electronic City,800,High,Light Rain,Green
2025-01-09 20:00:00,SYNTHETIC: Silk Board - Junction 1,571,High,Light Rain,Green
2025-01-09 20:00:00,SYNTHETIC: Outer Ring Road - Marathahalli,662,High,Light Rain,Green
2025-01-09 20:00:00,SYNTHETIC: Airport Road - Hebbal,711,High,Light Rain,Green
2025-01-09 20:00:00,SYNTHETIC: Bannerghatta Road - Dairy Circle,660,High,Light Rain,Red
2025-01-09 20:00:00,SYNTHETIC: Whitefield Road - KR Puram,696,High,Light Rain,Green
2025-01-09 20:00:00,SYNTHETIC: Hosur Road - Electronic City,709,High,Light Rain,Green
2025-01-10 00:00:00,SYNTHETIC: Silk Board - Junction 1,387,Moderate,Light Rain,Green
2025-01-10 00:00:00,SYNTHETIC: Outer Ring Road - Marathahalli,433,Moderate,Light Rain,Red
2025-01-10 00:00:00,SYNTHETIC: Airport Road - Hebbal,467,Moderate,Light Rain,Green
2025-01-10 00:00:00,SYNTHETIC: Bannerghatta Road - Dairy Circle,541,Moderate,Light Rain,Yellow
2025-01-10 00:00:00,SYNTHETIC: Whitefield Road - KR Puram,471,Moderate,Light Rain,Red
2025-01-10 00:00:00,SYNTHETIC: Hosur Road - Electronic City,611,Moderate,Light Rain,Green
2025-01-10 04:00:00,SYNTHETIC: Silk Board - Junction 1,336,Low,Light Rain,Green
2025-01-10 04:00:00,SYNTHETIC: Outer Ring Road - Marathahalli,460,Moderate,Light Rain,Yellow
2025-01-10 04:00:00,SYNTHETIC: Airport Road - Hebbal,532,Moderate,Light Rain,Yellow
2025-01-10 04:00:00,SYNTHETIC: Bannerghatta Road - Dairy Circle,516,Moderate,Light Rain,Green
2025-01-10 04:00:00,SYNTHETIC: Whitefield Road - KR Puram,580,Moderate,Light Rain,Green
2025-01-10 04:00:00,SYNTHETIC: Hosur Road - Electronic City,605,Moderate,Light Rain,Green
2025-01-10 08:00:00,SYNTHETIC: Silk Board - Junction 1,630,High,Light Rain,Yellow
2025-01-10 08:00:00,SYNTHETIC: Outer Ring Road - Marathahalli,674,High,Light Rain,Green
2025-01-10 08:00:00,SYNTHETIC: Airport Road - Hebbal,699,High,Light Rain,Red
2025-01-10 08:00:00,SYNTHETIC: Bannerghatta Road - Dairy Circle,679,High,Light Rain,Green
2025-01-10 08:00:00,SYNTHETIC: Whitefield Road - KR Puram,751,High,Light Rain,Green
2025-01-10 08:00:00,SYNTHETIC: Hosur Road - Electronic City,816,High,Light Rain,Green
2025-01-10 12:00:00,SYNTHETIC: Silk Board - Junction 1,562,High,Light Rain,Green
2025-01-10 12:00:00,SYNTHETIC: Outer Ring Road - Marathahalli,665,High,Light Rain,Yellow
2025-01-10 12:00:00,SYNTHETIC: Airport Road - Hebbal,666,High,Light Rain,Yellow
2025-01-10 12:00:00,SYNTHETIC: Bannerghatta Road - Dairy Circle,675,High,Light Rain,Red
2025-01-10 12:00:00,SYNTHETIC: Whitefield Road - KR Puram,722,High,Light Rain,Green
2025-01-10 12:00:00,SYNTHETIC: Hosur Road - Electronic City,711,High,Light Rain,Green
2025-01-10 16:00:00,SYNTHETIC: Silk Board - Junction 1,569,High,Light Rain,Green
2025-01-10 16:00:00,SYNTHETIC: Outer Ring Road - Marathahalli,704,High,Light Rain,Red
2025-01-10 16:00:00,SYNTHETIC: Airport Road - Hebbal,620,High,Light Rain,Green
2025-01-10 16:00:00,SYNTHETIC: Bannerghatta Road - Dairy Circle,641,Moderate,Light Rain,Yellow
2025-01-10 16:00:00,SYNTHETIC: Whitefield Road - KR Puram,703,High,Light Rain,Red
2025-01-10 16:00:00,SYNTHETIC: Hosur Road - Electronic City,796,High,Light Rain,Green
2025-01-10 20:00:00,SYNTHETIC: Silk Board - Junction 1,586,High,Light Rain,Green
2025-01-10 20:00:00,SYNTHETIC: Outer Ring Road - Marathahalli,702,High,Light Rain,Yellow
2025-01-10 20:00:00,SYNTHETIC: Airport Road - Hebbal,696,High,Light Rain,Yellow
2025-01-10 20:00:00,SYNTHETIC: Bannerghatta Road - Dairy Circle,648,High,Light Rain,Green
2025-01-10 20:00:00,SYNTHETIC: Whitefield Road - KR Puram,706,High,Light Rain,Green
2025-01-10 20:00:00,SYNTHETIC: Hosur Road - Electronic City,731,High,Light Rain,Green
2025-01-11 00:00:00,SYNTHETIC: Silk Board - Junction 1,472,Moderate,Light Rain,Red
2025-01-11 00:00:00,SYNTHETIC: Outer Ring Road - Marathahalli,513,Moderate,Light Rain,Green
2025-01-11 00:00:00,SYNTHETIC: Airport Road - Hebbal,627,High,Light Rain,Red
2025-01-11 00:00:00,SYNTHETIC: Bannerghatta Road - Dairy Circle,698,High,Light Rain,Red
2025-01-11 00:00:00,SYNTHETIC: Whitefield Road - KR Puram,749,High,Light Rain,Green
2025-01-11 00:00:00,SYNTHETIC: Hosur Road - Electronic City,778,High,Light Rain,Yellow
2025-01-11 04:00:00,SYNTHETIC: Silk Board - Junction 1,501,Moderate,Light Rain,Green
2025-01-11 04:00:00,SYNTHETIC: Outer Ring Road - Marathahalli,512,Moderate,Light Rain,Green
2025-01-11 04:00:00,SYNTHETIC: Airport Road - Hebbal,672,High,Light Rain,Green
2025-01-11 04:00:00,SYNTHETIC: Bannerghatta Road - Dairy Circle,614,Moderate,Light Rain,Green
2025-01-11 04:00:00,SYNTHETIC: Whitefield Road - KR Puram,703,High,Light Rain,Green
2025-01-11 04:00:00,SYNTHETIC: Hosur Road - Electronic City,700,High,Light Rain,Green
2025-01-11 08:00:00,SYNTHETIC: Silk Board - Junction 1,705,High,Light Rain,Green
2025-01-11 08:00:00,SYNTHETIC: Outer Ring Road - Marathahalli,737,High,Light Rain,Green
2025-01-11 08:00:00,SYNTHETIC: Airport Road - Hebbal,863,Severe,Light Rain,Green
2025-01-11 08:00:00,SYNTHETIC: Bannerghatta Road - Dairy Circle,798,High,Light Rain,Green
2025-01-11 08:00:00,SYNTHETIC: Whitefield Road - KR Puram,885,Severe,Light Rain,Green
2025-01-11 08:00:00,SYNTHETIC: Hosur Road - Electronic City,971,Severe,Light Rain,Green
2025-01-11 12:00:00,SYNTHETIC: Silk Board - Junction 1,772,Severe,Light Rain,Red
2025-01-11 12:00:00,SYNTHETIC: Outer Ring Road - Marathahalli,769,Severe,Light Rain,Green
2025-01-11 12:00:00,SYNTHETIC: Airport Road - Hebbal,811,Severe,Light Rain,Red
2025-01-11 12:00:00,SYNTHETIC: Bannerghatta Road - Dairy Circle,801,High,Light Rain,Green
2025-01-11 12:00:00,SYNTHETIC: Whitefield Road - KR Puram,889,Severe,Light Rain,Green
2025-01-11 12:00:00,SYNTHETIC: Hosur Road - Electronic City,897,High,Light Rain,Red
2025-01-11 16:00:00,SYNTHETIC: Silk Board - Junction 1,794,Severe,Light Rain,Green
2025-01-11 16:00:00,SYNTHETIC: Outer Ring Road - Marathahalli,819,Severe,Light Rain,Green
2025-01-11 16:00:00,SYNTHETIC: Airport Road - Hebbal,809,Severe,Light Rain,Yellow
2025-01-11 16:00:00,SYNTHETIC: Bannerghatta Road - Dairy Circle,802,High,Light Rain,Green
2025-01-11 16:00:00,SYNTHETIC: Whitefield Road - KR Puram,919,Severe,Light Rain,Green
2025-01-11 16:00:00,SYNTHETIC: Hosur Road - Electronic City,935,Severe,Light Rain,Green
2025-01-11 20:00:00,SYNTHETIC: Silk Board - Junction 1,686,High,Light Rain,Green
2025-01-11 20:00:00,SYNTHETIC: Outer Ring Road - Marathahalli,713,High,Light Rain,Red
2025-01-11 20:00:00,SYNTHETIC: Airport Road - Hebbal,804,Severe,Light Rain,Green
2025-01-11 20:00:00,SYNTHETIC: Bannerghatta Road - Dairy Circle,850,Severe,Light Rain,Green
2025-01-11 20:00:00,SYNTHETIC: Whitefield Road - KR Puram,945,Severe,Light Rain,Green
2025-01-11 20:00:00,SYNTHETIC: Hosur Road - Electronic City,852,High,Light Rain,Green
2025-01-12 00:00:00,SYNTHETIC: Silk Board - Junction 1,361,Moderate,Clear,Yellow
2025-01-12 00:00:00,SYNTHETIC: Outer Ring Road - Marathahalli,344,Low,Clear,Green
2025-01-12 00:00:00,SYNTHETIC: Airport Road - Hebbal,467,Moderate,Clear,Yellow
2025-01-12 00:00:00,SYNTHETIC: Bannerghatta Road - Dairy Circle,506,Moderate,Clear,Green
2025-01-12 00:00:00,SYNTHETIC: Whitefield Road - KR Puram,511,Moderate,Clear,Green
2025-01-12 00:00:00,SYNTHETIC: Hosur Road - Electronic City,477,Moderate,Clear,Yellow
2025-01-12 04:00:00,SYNTHETIC: Silk Board - Junction 1,417,Moderate,Clear,Green
2025-01-12 04:00:00,SYNTHETIC: Outer Ring Road - Marathahalli,395,Moderate,Clear,Green
2025-01-12 04:00:00,SYNTHETIC: Airport Road - Hebbal,391,Low,Clear,Green
2025-01-12 04:00:00,SYNTHETIC: Bannerghatta Road - Dairy Circle,478,Moderate,Clear,Green
2025-01-12 04:00:00,SYNTHETIC: Whitefield Road - KR Puram,490,Moderate,Clear,Green
2025-01-12 04:00:00,SYNTHETIC: Hosur Road - Electronic City,537,Moderate,Clear,Green
2025-01-12 08:00:00,SYNTHETIC: Silk Board - Junction 1,491,Moderate,Clear,Red
2025-01-12 08:00:00,SYNTHETIC: Outer Ring Road - Marathahalli,597,High,Clear,Green
2025-01-12 08:00:00,SYNTHETIC: Airport Road - Hebbal,663,High,Clear,Green
2025-01-12 08:00:00,SYNTHETIC: Bannerghatta Road - Dairy Circle,731,High,Clear,Red
2025-01-12 08:00:00,SYNTHETIC: Whitefield Road - KR Puram,640,Moderate,Clear,Green
2025-01-12 08:00:00,SYNTHETIC: Hosur Road - Electronic City,669,Moderate,Clear,Green
2025-01-12 12:00:00,SYNTHETIC: Silk Board - Junction 1,514,Moderate,Clear,Yellow
2025-01-12 12:00:00,SYNTHETIC: Outer Ring Road - Marathahalli,631,High,Clear,Yellow
2025-01-12 12:00:00,SYNTHETIC: Airport Road - Hebbal,630,High,Clear,Green
2025-01-12 12:00:00,SYNTHETIC: Bannerghatta Road - Dairy Circle,683,High,Clear,Green
2025-01-12 12:00:00,SYNTHETIC: Whitefield Road - KR Puram,710,High,Clear,Green
2025-01-12 12:00:00,SYNTHETIC: Hosur Road - Electronic City,677,Moderate,Clear,Green
2025-01-12 16:00:00,SYNTHETIC: Silk Board - Junction 1,606,High,Clear,Green
2025-01-12 16:00:00,SYNTHETIC: Outer Ring Road - Marathahalli,556,Moderate,Clear,Yellow
2025-01-12 16:00:00,SYNTHETIC: Airport Road - Hebbal,586,Moderate,Clear,Green
2025-01-12 16:00:00,SYNTHETIC: Bannerghatta Road - Dairy Circle,607,Moderate,Clear,Yellow
2025-01-12 16:00:00,SYNTHETIC: Whitefield Road - KR Puram,665,Moderate,Clear,Green
2025-01-12 16:00:00,SYNTHETIC: Hosur Road - Electronic City,747,High,Clear,Red
2025-01-12 20:00:00,SYNTHETIC: Silk Board - Junction 1,601,High,Clear,Green
2025-01-12 20:00:00,SYNTHETIC: Outer Ring Road - Marathahalli,547,Moderate,Clear,Green
2025-01-12 20:00:00,SYNTHETIC: Airport Road - Hebbal,654,High,Clear,Yellow
2025-01-12 20:00:00,SYNTHETIC: Bannerghatta Road - Dairy Circle,732,High,Clear,Red
2025-01-12 20:00:00,SYNTHETIC: Whitefield Road - KR Puram,643,Moderate,Clear,Green
2025-01-12 20:00:00,SYNTHETIC: Hosur Road - Electronic City,676,Moderate,Clear,Green
2025-01-13 00:00:00,SYNTHETIC: Silk Board - Junction 1,453,Moderate,Light Rain,Green
2025-01-13 00:00:00,SYNTHETIC: Outer Ring Road - Marathahalli,432,Moderate,Light Rain,Yellow
2025-01-13 00:00:00,SYNTHETIC: Airport Road - Hebbal,421,Moderate,Light Rain,Green
2025-01-13 00:00:00,SYNTHETIC: Bannerghatta Road - Dairy Circle,497,Moderate,Light Rain,Yellow
2025-01-13 00:00:00,SYNTHETIC: Whitefield Road - KR Puram,522,Moderate,Light Rain,Yellow
2025-01-13 00:00:00,SYNTHETIC: Hosur Road - Electronic City,524,Moderate,Light Rain,Red
2025-01-13 04:00:00,SYNTHETIC: Silk Board - Junction 1,345,Low,Light Rain,Green
2025-01-13 04:00:00,SYNTHETIC: Outer Ring Road - Marathahalli,420,Moderate,Light Rain,Green
2025-01-13 04:00:00,SYNTHETIC: Airport Road - Hebbal,498,Moderate,Light Rain,Green
2025-01-13 04:00:00,SYNTHETIC: Bannerghatta Road - Dairy Circle,461,Moderate,Light Rain,Green
2025-01-13 04:00:00,SYNTHETIC: Whitefield Road - KR Puram,605,Moderate,Light Rain,Green
2025-01-13 04:00:00,SYNTHETIC: Hosur Road - Electronic City,585,Moderate,Light Rain,Yellow
2025-01-13 08:00:00,SYNTHETIC: Silk Board - Junction 1,609,High,Light Rain,Yellow
2025-01-13 08:00:00,SYNTHETIC: Outer Ring Road - Marathahalli,604,High,Light Rain,Yellow
2025-01-13 08:00:00,SYNTHETIC: Airport Road - Hebbal,627,High,Light Rain,Red
2025-01-13 08:00:00,SYNTHETIC: Bannerghatta Road - Dairy Circle,691,High,Light Rain,Red
2025-01-13 08:00:00,SYNTHETIC: Whitefield Road - KR Puram,768,High,Light Rain,Red
2025-01-13 08:00:00,SYNTHETIC: Hosur Road - Electronic City,836,High,Light Rain,Green
2025-01-13 12:00:00,SYNTHETIC: Silk Board - Junction 1,632,High,Light Rain,Green
2025-01-13 12:00:00,SYNTHETIC: Outer Ring Road - Marathahalli,636,High,Light Rain,Green
2025-01-13 12:00:00,SYNTHETIC: Airport Road - Hebbal,678,High,Light Rain,Red
2025-01-13 12:00:00,SYNTHETIC: Bannerghatta Road - Dairy Circle,661,High,Light Rain,Green
2025-01-13 12:00:00,SYNTHETIC: Whitefield Road - KR Puram,697,High,Light Rain,Yellow
2025-01-13 12:00:00,SYNTHETIC: Hosur Road - Electronic City,766,High,Light Rain,Green
2025-01-13 16:00:00,SYNTHETIC: Silk Board - Junction 1,647,High,Light Rain,Green
2025-01-13 16:00:00,SYNTHETIC: Outer Ring Road - Marathahalli,572,Moderate,Light Rain,Green
2025-01-13 16:00:00,SYNTHETIC: Airport Road - Hebbal,735,High,Light Rain,Green
2025-01-13 16:00:00,SYNTHETIC: Bannerghatta Road - Dairy Circle,702,High,Light Rain,Green
2025-01-13 16:00:00,SYNTHETIC: Whitefield Road - KR Puram,810,High,Light Rain,Green
2025-01-13 16:00:00,SYNTHETIC: Hosur Road - Electronic City,815,High,Light Rain,Green
2025-01-13 20:00:00,SYNTHETIC: Silk Board - Junction 1,631,High,Light Rain,Green
2025-01-13 20:00:00,SYNTHETIC: Outer Ring Road - Marathahalli,695,High,Light Rain,Green
2025-01-13 20:00:00,SYNTHETIC: Airport Road - Hebbal,712,High,Light Rain,Green
2025-01-13 20:00:00,SYNTHETIC: Bannerghatta Road - Dairy Circle,660,High,Light Rain,Green
2025-01-13 20:00:00,SYNTHETIC: Whitefield Road - KR Puram,767,High,Light Rain,Yellow
2025-01-13 20:00:00,SYNTHETIC: Hosur Road - Electronic City,813,High,Light Rain,Green
2025-01-14 00:00:00,SYNTHETIC: Silk Board - Junction 1,585,High,Heavy Rain,Green
2025-01-14 00:00:00,SYNTHETIC: Outer Ring Road - Marathahalli,663,High,Heavy Rain,Green
2025-01-14 00:00:00,SYNTHETIC: Airport Road - Hebbal,673,High,Heavy Rain,Yellow
2025-01-14 00:00:00,SYNTHETIC: Bannerghatta Road - Dairy Circle,753,High,Heavy Rain,Green
2025-01-14 00:00:00,SYNTHETIC: Whitefield Road - KR Puram,773,High,Heavy Rain,Yellow
2025-01-14 00:00:00,SYNTHETIC: Hosur Road - Electronic City,759,High,Heavy Rain,Green
2025-01-14 04:00:00,SYNTHETIC: Silk Board - Junction 1,682,High,Heavy Rain,Yellow
2025-01-14 04:00:00,SYNTHETIC: Outer Ring Road - Marathahalli,656,High,Heavy Rain,Green
2025-01-14 04:00:00,SYNTHETIC: Airport Road - Hebbal,647,High,Heavy Rain,Green
2025-01-14 04:00:00,SYNTHETIC: Bannerghatta Road - Dairy Circle,750,High,Heavy Rain,Red
2025-01-14 04:00:00,SYNTHETIC: Whitefield Road - KR Puram,736,High,Heavy Rain,Red
2025-01-14 04:00:00,SYNTHETIC: Hosur Road - Electronic City,856,High,Heavy Rain,Green
2025-01-14 08:00:00,SYNTHETIC: Silk Board - Junction 1,765,Severe,Heavy Rain,Green
2025-01-14 08:00:00,SYNTHETIC: Outer Ring Road - Marathahalli,862,Severe,Heavy Rain,Red
2025-01-14 08:00:00,SYNTHETIC: Airport Road - Hebbal,873,Severe,Heavy Rain,Yellow
2025-01-14 08:00:00,SYNTHETIC: Bannerghatta Road - Dairy Circle,867,Severe,Heavy Rain,Green
2025-01-14 08:00:00,SYNTHETIC: Whitefield Road - KR Puram,1021,Severe,Heavy Rain,Green
2025-01-14 08:00:00,SYNTHETIC: Hosur Road - Electronic City,1060,Severe,Heavy Rain,Red
2025-01-14 12:00:00,SYNTHETIC: Silk Board - Junction 1,880,Severe,Heavy Rain,Green
2025-01-14 12:00:00,SYNTHETIC: Outer Ring Road - Marathahalli,799,Severe,Heavy Rain,Green
2025-01-14 12:00:00,SYNTHETIC: Airport Road - Hebbal,904,Severe,Heavy Rain,Yellow
2025-01-14 12:00:00,SYNTHETIC: Bannerghatta Road - Dairy Circle,999,Severe,Heavy Rain,Green
2025-01-14 12:00:00,SYNTHETIC: Whitefield Road - KR Puram,937,Severe,Heavy Rain,Yellow
2025-01-14 12:00:00,SYNTHETIC: Hosur Road - Electronic City,960,Severe,Heavy Rain,Green
2025-01-14 16:00:00,SYNTHETIC: Silk Board - Junction 1,845,Severe,Heavy Rain,Green
2025-01-14 16:00:00,SYNTHETIC: Outer Ring Road - Marathahalli,884,Severe,Heavy Rain,Red
2025-01-14 16:00:00,SYNTHETIC: Airport Road - Hebbal,895,Severe,Heavy Rain,Yellow
2025-01-14 16:00:00,SYNTHETIC: Bannerghatta Road - Dairy Circle,929,Severe,Heavy Rain,Green
2025-01-14 16:00:00,SYNTHETIC: Whitefield Road - KR Puram,903,Severe,Heavy Rain,Yellow
2025-01-14 16:00:00,SYNTHETIC: Hosur Road - Electronic City,1012,Severe,Heavy Rain,Yellow
2025-01-14 20:00:00,SYNTHETIC: Silk Board - Junction 1,892,Severe,Heavy Rain,Yellow
2025-01-14 20:00:00,SYNTHETIC: Outer Ring Road - Marathahalli,918,Severe,Heavy Rain,Green
2025-01-14 20:00:00,SYNTHETIC: Airport Road - Hebbal,962,Severe,Heavy Rain,Yellow
2025-01-14 20:00:00,SYNTHETIC: Bannerghatta Road - Dairy Circle,870,Severe,Heavy Rain,Green
2025-01-14 20:00:00,SYNTHETIC: Whitefield Road - KR Puram,1005,Severe,Heavy Rain,Red
2025-01-14 20:00:00,SYNTHETIC: Hosur Road - Electronic City,971,Severe,Heavy Rain,Green
2025-01-15 00:00:00,SYNTHETIC: Silk Board - Junction 1,361,Moderate,Light Rain,Green
2025-01-15 00:00:00,SYNTHETIC: Outer Ring Road - Marathahalli,481,Moderate,Light Rain,Green
2025-01-15 00:00:00,SYNTHETIC: Airport Road - Hebbal,488,Moderate,Light Rain,Green
2025-01-15 00:00:00,SYNTHETIC: Bannerghatta Road - Dairy Circle,437,Moderate,Light Rain,Green
2025-01-15 00:00:00,SYNTHETIC: Whitefield Road - KR Puram,507,Moderate,Light Rain,Green
2025-01-15 00:00:00,SYNTHETIC: Hosur Road - Electronic City,543,Moderate,Light Rain,Green
2025-01-15 04:00:00,SYNTHETIC: Silk Board - Junction 1,404,Moderate,Light Rain,Green
2025-01-15 04:00:00,SYNTHETIC: Outer Ring Road - Marathahalli,406,Moderate,Light Rain,Green
2025-01-15 04:00:00,SYNTHETIC: Airport Road - Hebbal,473,Moderate,Light Rain,Green
2025-01-15 04:00:00,SYNTHETIC: Bannerghatta Road - Dairy Circle,510,Moderate,Light Rain,Green
2025-01-15 04:00:00,SYNTHETIC: Whitefield Road - KR Puram,480,Moderate,Light Rain,Green
2025-01-15 04:00:00,SYNTHETIC: Hosur Road - Electronic City,536,Moderate,Light Rain,Green
2025-01-15 08:00:00,SYNTHETIC: Silk Board - Junction 1,608,High,Light Rain,Green
2025-01-15 08:00:00,SYNTHETIC: Outer Ring Road - Marathahalli,655,High,Light Rain,Yellow
2025-01-15 08:00:00,SYNTHETIC: Airport Road - Hebbal,600,Moderate,Light Rain,Green
2025-01-15 08:00:00,SYNTHETIC: Bannerghatta Road - Dairy Circle,670,High,Light Rain,Green
2025-01-15 08:00:00,SYNTHETIC: Whitefield Road - KR Puram,742,High,Light Rain,Yellow
2025-01-15 08:00:00,SYNTHETIC: Hosur Road - Electronic City,833,High,Light Rain,Yellow
2025-01-15 12:00:00,SYNTHETIC: Silk Board - Junction 1,569,High,Light Rain,Red
2025-01-15 12:00:00,SYNTHETIC: Outer Ring Road - Marathahalli,634,High,Light Rain,Green
2025-01-15 12:00:00,SYNTHETIC: Airport Road - Hebbal,650,High,Light Rain,Green
2025-01-15 12:00:00,SYNTHETIC: Bannerghatta Road - Dairy Circle,655,High,Light Rain,Green
2025-01-15 12:00:00,SYNTHETIC: Whitefield Road - KR Puram,678,High,Light Rain,Green
2025-01-15 12:00:00,SYNTHETIC: Hosur Road - Electronic City,795,High,Light Rain,Green
2025-01-15 16:00:00,SYNTHETIC: Silk Board - Junction 1,628,High,Light Rain,Green
2025-01-15 16:00:00,SYNTHETIC: Outer Ring Road - Marathahalli,590,High,Light Rain,Red
2025-01-15 16:00:00,SYNTHETIC: Airport Road - Hebbal,677,High,Light Rain,Green
2025-01-15 16:00:00,SYNTHETIC: Bannerghatta Road - Dairy Circle,679,High,Light Rain,Green
2025-01-15 16:00:00,SYNTHETIC: Whitefield Road - KR Puram,752,High,Light Rain,Yellow
2025-01-15 16:00:00,SYNTHETIC: Hosur Road - Electronic City,740,High,Light Rain,Yellow
2025-01-15 20:00:00,SYNTHETIC: Silk Board - Junction 1,581,High,Light Rain,Green
2025-01-15 20:00:00,SYNTHETIC: Outer Ring Road - Marathahalli,671,High,Light Rain,Green
2025-01-15 20:00:00,SYNTHETIC: Airport Road - Hebbal,677,High,Light Rain,Green
2025-01-15 20:00:00,SYNTHETIC: Bannerghatta Road - Dairy Circle,711,High,Light Rain,Green
2025-01-15 20:00:00,SYNTHETIC: Whitefield Road - KR Puram,788,High,Light Rain,Green
2025-01-15 20:00:00,SYNTHETIC: Hosur Road - Electronic City,801,High,Light Rain,Yellow
2025-01-16 00:00:00,SYNTHETIC: Silk Board - Junction 1,289,Low,Cloudy,Red
2025-01-16 00:00:00,SYNTHETIC: Outer Ring Road - Marathahalli,260,Low,Cloudy,Green
2025-01-16 00:00:00,SYNTHETIC: Airport Road - Hebbal,320,Low,Cloudy,Green
2025-01-16 00:00:00,SYNTHETIC: Bannerghatta Road - Dairy Circle,256,Low,Cloudy,Green
2025-01-16 00:00:00,SYNTHETIC: Whitefield Road - KR Puram,422,Low,Cloudy,Green
2025-01-16 00:00:00,SYNTHETIC: Hosur Road - Electronic City,338,Low,Cloudy,Green
2025-01-16 04:00:00,SYNTHETIC: Silk Board - Junction 1,219,Low,Cloudy,Yellow
2025-01-16 04:00:00,SYNTHETIC: Outer Ring Road - Marathahalli,212,Low,Cloudy,Green
2025-01-16 04:00:00,SYNTHETIC: Airport Road - Hebbal,244,Low,Cloudy,Yellow
2025-01-16 04:00:00,SYNTHETIC: Bannerghatta Road - Dairy Circle,378,Low,Cloudy,Yellow
2025-01-16 04:00:00,SYNTHETIC: Whitefield Road - KR Puram,305,Low,Cloudy,Green
2025-01-16 04:00:00,SYNTHETIC: Hosur Road - Electronic City,455,Moderate,Cloudy,Yellow
2025-01-16 08:00:00,SYNTHETIC: Silk Board - Junction 1,363,Moderate,Cloudy,Yellow
2025-01-16 08:00:00,SYNTHETIC: Outer Ring Road - Marathahalli,517,Moderate,Cloudy,Green
2025-01-16 08:00:00,SYNTHETIC: Airport Road - Hebbal,546,Moderate,Cloudy,Green
2025-01-16 08:00:00,SYNTHETIC: Bannerghatta Road - Dairy Circle,494,Moderate,Cloudy,Green
2025-01-16 08:00:00,SYNTHETIC: Whitefield Road - KR Puram,569,Moderate,Cloudy,Yellow
2025-01-16 08:00:00,SYNTHETIC: Hosur Road - Electronic City,526,Moderate,Cloudy,Yellow
2025-01-16 12:00:00,SYNTHETIC: Silk Board - Junction 1,401,Moderate,Cloudy,Green
2025-01-16 12:00:00,SYNTHETIC: Outer Ring Road - Marathahalli,385,Moderate,Cloudy,Green
2025-01-16 12:00:00,SYNTHETIC: Airport Road - Hebbal,450,Moderate,Cloudy,Green
2025-01-16 12:00:00,SYNTHETIC: Bannerghatta Road - Dairy Circle,518,Moderate,Cloudy,Green
2025-01-16 12:00:00,SYNTHETIC: Whitefield Road - KR Puram,611,Moderate,Cloudy,Green
2025-01-16 12:00:00,SYNTHETIC: Hosur Road - Electronic City,654,Moderate,Cloudy,Green
2025-01-16 16:00:00,SYNTHETIC: Silk Board - Junction 1,364,Moderate,Cloudy,Red
2025-01-16 16:00:00,SYNTHETIC: Outer Ring Road - Marathahalli,461,Moderate,Cloudy,Green
2025-01-16 16:00:00,SYNTHETIC: Airport Road - Hebbal,467,Moderate,Cloudy,Yellow
2025-01-16 16:00:00,SYNTHETIC: Bannerghatta Road - Dairy Circle,594,Moderate,Cloudy,Green
2025-01-16 16:00:00,SYNTHETIC: Whitefield Road - KR Puram,602,Moderate,Cloudy,Red
2025-01-16 16:00:00,SYNTHETIC: Hosur Road - Electronic City,556,Moderate,Cloudy,Green
2025-01-16 20:00:00,SYNTHETIC: Silk Board - Junction 1,355,Low,Cloudy,Green
2025-01-16 20:00:00,SYNTHETIC: Outer Ring Road - Marathahalli,446,Moderate,Cloudy,Green
2025-01-16 20:00:00,SYNTHETIC: Airport Road - Hebbal,559,Moderate,Cloudy,Green
2025-01-16 20:00:00,SYNTHETIC: Bannerghatta Road - Dairy Circle,577,Moderate,Cloudy,Green
2025-01-16 20:00:00,SYNTHETIC: Whitefield Road - KR Puram,515,Moderate,Cloudy,Red
2025-01-16 20:00:00,SYNTHETIC: Hosur Road - Electronic City,651,Moderate,Cloudy,Green
2025-01-17 00:00:00,SYNTHETIC: Silk Board - Junction 1,458,Moderate,Light Rain,Red
2025-01-17 00:00:00,SYNTHETIC: Outer Ring Road - Marathahalli,493,Moderate,Light Rain,Green
2025-01-17 00:00:00,SYNTHETIC: Airport Road - Hebbal,534,Moderate,Light Rain,Green
2025-01-17 00:00:00,SYNTHETIC: Bannerghatta Road - Dairy Circle,451,Moderate,Light Rain,Green
2025-01-17 00:00:00,SYNTHETIC: Whitefield Road - KR Puram,508,Moderate,Light Rain,Green
2025-01-17 00:00:00,SYNTHETIC: Hosur Road - Electronic City,591,Moderate,Light Rain,Green
2025-01-17 04:00:00,SYNTHETIC: Silk Board - Junction 1,365,Moderate,Light Rain,Green
2025-01-17 04:00:00,SYNTHETIC: Outer Ring Road - Marathahalli,442,Moderate,Light Rain,Red
2025-01-17 04:00:00,SYNTHETIC: Airport Road - Hebbal,417,Moderate,Light Rain,Red
2025-01-17 04:00:00,SYNTHETIC: Bannerghatta Road - Dairy Circle,558,Moderate,Light Rain,Green
2025-01-17 04:00:00,SYNTHETIC: Whitefield Road - KR Puram,590,Moderate,Light Rain,Green
2025-01-17 04:00:00,SYNTHETIC: Hosur Road - Electronic City,551,Moderate,Light Rain,Green
2025-01-17 08:00:00,SYNTHETIC: Silk Board - Junction 1,659,High,Light Rain,Yellow
2025-01-17 08:00:00,SYNTHETIC: Outer Ring Road - Marathahalli,699,High,Light Rain,Green
2025-01-17 08:00:00,SYNTHETIC: Airport Road - Hebbal,682,High,Light Rain,Green
2025-01-17 08:00:00,SYNTHETIC: Bannerghatta Road - Dairy Circle,724,High,Light Rain,Green
2025-01-17 08:00:00,SYNTHETIC: Whitefield Road - KR Puram,773,High,Light Rain,Green
2025-01-17 08:00:00,SYNTHETIC: Hosur Road - Electronic City,712,High,Light Rain,Red
2025-01-17 12:00:00,SYNTHETIC: Silk Board - Junction 1,570,High,Light Rain,Green
2025-01-17 12:00:00,SYNTHETIC: Outer Ring Road - Marathahalli,592,High,Light Rain,Green
2025-01-17 12:00:00,SYNTHETIC: Airport Road - Hebbal,721,High,Light Rain,Green
2025-01-17 12:00:00,SYNTHETIC: Bannerghatta Road - Dairy Circle,694,High,Light Rain,Red
2025-01-17 12:00:00,SYNTHETIC: Whitefield Road - KR Puram,730,High,Light Rain,Green
2025-01-17 12:00:00,SYNTHETIC: Hosur Road - Electronic City,749,High,Light Rain,Yellow
2025-01-17 16:00:00,SYNTHETIC: Silk Board - Junction 1,628,High,Light Rain,Yellow
2025-01-17 16:00:00,SYNTHETIC: Outer Ring Road - Marathahalli,672,High,Light Rain,Red
2025-01-17 16:00:00,SYNTHETIC: Airport Road - Hebbal,615,Moderate,Light Rain,Green
2025-01-17 16:00:00,SYNTHETIC: Bannerghatta Road - Dairy Circle,664,High,Light Rain,Green
2025-01-17 16:00:00,SYNTHETIC: Whitefield Road - KR Puram,688,High,Light Rain,Green
2025-01-17 16:00:00,SYNTHETIC: Hosur Road - Electronic City,800,High,Light Rain,Green
2025-01-17 20:00:00,SYNTHETIC: Silk Board - Junction 1,537,Moderate,Light Rain,Red
2025-01-17 20:00:00,SYNTHETIC: Outer Ring Road - Marathahalli,647,High,Light Rain,Green
2025-01-17 20:00:00,SYNTHETIC: Airport Road - Hebbal,715,High,Light Rain,Green
2025-01-17 20:00:00,SYNTHETIC: Bannerghatta Road - Dairy Circle,686,High,Light Rain,Green
2025-01-17 20:00:00,SYNTHETIC: Whitefield Road - KR Puram,795,High,Light Rain,Green
2025-01-17 20:00:00,SYNTHETIC: Hosur Road - Electronic City,778,High,Light Rain,Green
2025-01-18 00:00:00,SYNTHETIC: Silk Board - Junction 1,598,High,Heavy Rain,Green
2025-01-18 00:00:00,SYNTHETIC: Outer Ring Road - Marathahalli,540,Moderate,Heavy Rain,Yellow
2025-01-18 00:00:00,SYNTHETIC: Airport Road - Hebbal,652,High,Heavy Rain,Green
2025-01-18 00:00:00,SYNTHETIC: Bannerghatta Road - Dairy Circle,671,High,Heavy Rain,Red
2025-01-18 00:00:00,SYNTHETIC: Whitefield Road - KR Puram,630,Moderate,Heavy Rain,Green
2025-01-18 00:00:00,SYNTHETIC: Hosur Road - Electronic City,777,High,Heavy Rain,Green
2025-01-18 04:00:00,SYNTHETIC: Silk Board - Junction 1,500,Moderate,Heavy Rain,Green
2025-01-18 04:00:00,SYNTHETIC: Outer Ring Road - Marathahalli,518,Moderate,Heavy Rain,Green
2025-01-18 04:00:00,SYNTHETIC: Airport Road - Hebbal,624,High,Heavy Rain,Green
2025-01-18 04:00:00,SYNTHETIC: Bannerghatta Road - Dairy Circle,649,High,Heavy Rain,Red
2025-01-18 04:00:00,SYNTHETIC: Whitefield Road - KR Puram,674,High,Heavy Rain,Green
2025-01-18 04:00:00,SYNTHETIC: Hosur Road - Electronic City,736,High,Heavy Rain,Green
2025-01-18 08:00:00,SYNTHETIC: Silk Board - Junction 1,710,High,Heavy Rain,Red
2025-01-18 08:00:00,SYNTHETIC: Outer Ring Road - Marathahalli,724,High,Heavy Rain,Green
2025-01-18 08:00:00,SYNTHETIC: Airport Road - Hebbal,801,Severe,Heavy Rain,Red
2025-01-18 08:00:00,SYNTHETIC: Bannerghatta Road - Dairy Circle,903,Severe,Heavy Rain,Green
2025-01-18 08:00:00,SYNTHETIC: Whitefield Road - KR Puram,824,High,Heavy Rain,Green
2025-01-18 08:00:00,SYNTHETIC: Hosur Road - Electronic City,873,High,Heavy Rain,Green
2025-01-18 12:00:00,SYNTHETIC: Silk Board - Junction 1,737,Severe,Heavy Rain,Yellow
2025-01-18 12:00:00,SYNTHETIC: Outer Ring Road - Marathahalli,713,High,Heavy Rain,Green
2025-01-18 12:00:00,SYNTHETIC: Airport Road - Hebbal,806,Severe,Heavy Rain,Green
2025-01-18 12:00:00,SYNTHETIC: Bannerghatta Road - Dairy Circle,790,High,Heavy Rain,Green
2025-01-18 12:00:00,SYNTHETIC: Whitefield Road - KR Puram,950,Severe,Heavy Rain,Yellow
2025-01-18 12:00:00,SYNTHETIC: Hosur Road - Electronic City,929,Severe,Heavy Rain,Red
2025-01-18 16:00:00,SYNTHETIC: Silk Board - Junction 1,685,High,Heavy Rain,Green
2025-01-18 16:00:00,SYNTHETIC: Outer Ring Road - Marathahalli,723,High,Heavy Rain,Yellow
2025-01-18 16:00:00,SYNTHETIC: Airport Road - Hebbal,749,High,Heavy Rain,Green
2025-01-18 16:00:00,SYNTHETIC: Bannerghatta Road - Dairy Circle,793,High,Heavy Rain,Red
2025-01-18 16:00:00,SYNTHETIC: Whitefield Road - KR Puram,830,High,Heavy Rain,Red
2025-01-18 16:00:00,SYNTHETIC: Hosur Road - Electronic City,967,Severe,Heavy Rain,Red
2025-01-18 20:00:00,SYNTHETIC: Silk Board - Junction 1,739,Severe,Heavy Rain,Yellow
2025-01-18 20:00:00,SYNTHETIC: Outer Ring Road - Marathahalli,731,High,Heavy Rain,Green
2025-01-18 20:00:00,SYNTHETIC: Airport Road - Hebbal,869,Severe,Heavy Rain,Green
2025-01-18 20:00:00,SYNTHETIC: Bannerghatta Road - Dairy Circle,864,Severe,Heavy Rain,Green
2025-01-18 20:00:00,SYNTHETIC: Whitefield Road - KR Puram,887,Severe,Heavy Rain,Yellow
2025-01-18 20:00:00,SYNTHETIC: Hosur Road - Electronic City,903,Severe,Heavy Rain,Green
2025-01-19 00:00:00,SYNTHETIC: Silk Board - Junction 1,349,Low,Cloudy,Green
2025-01-19 00:00:00,SYNTHETIC: Outer Ring Road - Marathahalli,327,Low,Cloudy,Green
2025-01-19 00:00:00,SYNTHETIC: Airport Road - Hebbal,497,Moderate,Cloudy,Green
2025-01-19 00:00:00,SYNTHETIC: Bannerghatta Road - Dairy Circle,398,Low,Cloudy,Red
2025-01-19 00:00:00,SYNTHETIC: Whitefield Road - KR Puram,493,Moderate,Cloudy,Yellow
2025-01-19 00:00:00,SYNTHETIC: Hosur Road - Electronic City,484,Moderate,Cloudy,Green
2025-01-19 04:00:00,SYNTHETIC: Silk Board - Junction 1,402,Moderate,Cloudy,Green
2025-01-19 04:00:00,SYNTHETIC: Outer Ring Road - Marathahalli,336,Low,Cloudy,Green
2025-01-19 04:00:00,SYNTHETIC: Airport Road - Hebbal,422,Moderate,Cloudy,Red
2025-01-19 04:00:00,SYNTHETIC: Bannerghatta Road - Dairy Circle,428,Moderate,Cloudy,Green
2025-01-19 04:00:00,SYNTHETIC: Whitefield Road - KR Puram,552,Moderate,Cloudy,Yellow
2025-01-19 04:00:00,SYNTHETIC: Hosur Road - Electronic City,484,Moderate,Cloudy,Green
2025-01-19 08:00:00,SYNTHETIC: Silk Board - Junction 1,629,High,Cloudy,Green
2025-01-19 08:00:00,SYNTHETIC: Outer Ring Road - Marathahalli,616,High,Cloudy,Red
2025-01-19 08:00:00,SYNTHETIC: Airport Road - Hebbal,616,High,Cloudy,Green
2025-01-19 08:00:00,SYNTHETIC: Bannerghatta Road - Dairy Circle,672,High,Cloudy,Red
2025-01-19 08:00:00,SYNTHETIC: Whitefield Road - KR Puram,704,High,Cloudy,Red
2025-01-19 08:00:00,SYNTHETIC: Hosur Road - Electronic City,727,High,Cloudy,Green
2025-01-19 12:00:00,SYNTHETIC: Silk Board - Junction 1,558,Moderate,Cloudy,Green
2025-01-19 12:00:00,SYNTHETIC: Outer Ring Road - Marathahalli,663,High,Cloudy,Green
2025-01-19 12:00:00,SYNTHETIC: Airport Road - Hebbal,573,Moderate,Cloudy,Green
2025-01-19 12:00:00,SYNTHETIC: Bannerghatta Road - Dairy Circle,700,High,Cloudy,Yellow
2025-01-19 12:00:00,SYNTHETIC: Whitefield Road - KR Puram,754,High,Cloudy,Green
2025-01-19 12:00:00,SYNTHETIC: Hosur Road - Electronic City,717,High,Cloudy,Red
2025-01-19 16:00:00,SYNTHETIC: Silk Board - Junction 1,623,High,Cloudy,Green
2025-01-19 16:00:00,SYNTHETIC: Outer Ring Road - Marathahalli,578,Moderate,Cloudy,Green
2025-01-19 16:00:00,SYNTHETIC: Airport Road - Hebbal,596,Moderate,Cloudy,Green
2025-01-19 16:00:00,SYNTHETIC: Bannerghatta Road - Dairy Circle,655,High,Cloudy,Yellow
2025-01-19 16:00:00,SYNTHETIC: Whitefield Road - KR Puram,746,High,Cloudy,Red
2025-01-19 16:00:00,SYNTHETIC: Hosur Road - Electronic City,670,Moderate,Cloudy,Green
2025-01-19 20:00:00,SYNTHETIC: Silk Board - Junction 1,498,Moderate,Cloudy,Green
2025-01-19 20:00:00,SYNTHETIC: Outer Ring Road - Marathahalli,623,High,Cloudy,Green
2025-01-19 20:00:00,SYNTHETIC: Airport Road - Hebbal,581,Moderate,Cloudy,Green
2025-01-19 20:00:00,SYNTHETIC: Bannerghatta Road - Dairy Circle,693,High,Cloudy,Green
2025-01-19 20:00:00,SYNTHETIC: Whitefield Road - KR Puram,727,High,Cloudy,Green
2025-01-19 20:00:00,SYNTHETIC: Hosur Road - Electronic City,676,Moderate,Cloudy,Green
2025-01-20 00:00:00,SYNTHETIC: Silk Board - Junction 1,438,Moderate,Heavy Rain,Green
2025-01-20 00:00:00,SYNTHETIC: Outer Ring Road - Marathahalli,497,Moderate,Heavy Rain,Green
2025-01-20 00:00:00,SYNTHETIC: Airport Road - Hebbal,497,Moderate,Heavy Rain,Green
2025-01-20 00:00:00,SYNTHETIC: Bannerghatta Road - Dairy Circle,495,Moderate,Heavy Rain,Green
2025-01-20 00:00:00,SYNTHETIC: Whitefield Road - KR Puram,473,Moderate,Heavy Rain,Green
2025-01-20 00:00:00,SYNTHETIC: Hosur Road - Electronic City,575,Moderate,Heavy Rain,Green
2025-01-20 04:00:00,SYNTHETIC: Silk Board - Junction 1,393,Moderate,Heavy Rain,Yellow
2025-01-20 04:00:00,SYNTHETIC: Outer Ring Road - Marathahalli,440,Moderate,Heavy Rain,Green
2025-01-20 04:00:00,SYNTHETIC: Airport Road - Hebbal,501,Moderate,Heavy Rain,Green
2025-01-20 04:00:00,SYNTHETIC: Bannerghatta Road - Dairy Circle,505,Moderate,Heavy Rain,Green
2025-01-20 04:00:00,SYNTHETIC: Whitefield Road - KR Puram,534,Moderate,Heavy Rain,Yellow
2025-01-20 04:00:00,SYNTHETIC: Hosur Road - Electronic City,508,Moderate,Heavy Rain,Green
2025-01-20 08:00:00,SYNTHETIC: Silk Board - Junction 1,612,High,Heavy Rain,Yellow
2025-01-20 08:00:00,SYNTHETIC: Outer Ring Road - Marathahalli,610,High,Heavy Rain,Green
2025-01-20 08:00:00,SYNTHETIC: Airport Road - Hebbal,604,Moderate,Heavy Rain,Green
2025-01-20 08:00:00,SYNTHETIC: Bannerghatta Road - Dairy Circle,754,High,Heavy Rain,Green
2025-01-20 08:00:00,SYNTHETIC: Whitefield Road - KR Puram,761,High,Heavy Rain,Green
2025-01-20 08:00:00,SYNTHETIC: Hosur Road - Electronic City,760,High,Heavy Rain,Green
2025-01-20 12:00:00,SYNTHETIC: Silk Board - Junction 1,550,Moderate,Heavy Rain,Green
2025-01-20 12:00:00,SYNTHETIC: Outer Ring Road - Marathahalli,645,High,Heavy Rain,Red
2025-01-20 12:00:00,SYNTHETIC: Airport Road - Hebbal,712,High,Heavy Rain,Green
2025-01-20 12:00:00,SYNTHETIC: Bannerghatta Road - Dairy Circle,705,High,Heavy Rain,Green
2025-01-20 12:00:00,SYNTHETIC: Whitefield Road - KR Puram,796,High,Heavy Rain,Green
2025-01-20 12:00:00,SYNTHETIC: Hosur Road - Electronic City,749,High,Heavy Rain,Green
2025-01-20 16:00:00,SYNTHETIC: Silk Board - Junction 1,542,Moderate,Heavy Rain,Green
2025-01-20 16:00:00,SYNTHETIC: Outer Ring Road - Marathahalli,574,Moderate,Heavy Rain,Green
2025-01-20 16:00:00,SYNTHETIC: Airport Road - Hebbal,729,High,Heavy Rain,Red
2025-01-20 16:00:00,SYNTHETIC: Bannerghatta Road - Dairy Circle,716,High,Heavy Rain,Green
2025-01-20 16:00:00,SYNTHETIC: Whitefield Road - KR Puram,728,High,Heavy Rain,Green
2025-01-20 16:00:00,SYNTHETIC: Hosur Road - Electronic City,771,High,Heavy Rain,Red
2025-01-20 20:00:00,SYNTHETIC: Silk Board - Junction 1,534,Moderate,Heavy Rain,Yellow
2025-01-20 20:00:00,SYNTHETIC: Outer Ring Road - Marathahalli,655,High,Heavy Rain,Green
2025-01-20 20:00:00,SYNTHETIC: Airport Road - Hebbal,611,Moderate,Heavy Rain,Green
2025-01-20 20:00:00,SYNTHETIC: Bannerghatta Road - Dairy Circle,724,High,Heavy Rain,Green
2025-01-20 20:00:00,SYNTHETIC: Whitefield Road - KR Puram,799,High,Heavy Rain,Green
2025-01-20 20:00:00,SYNTHETIC: Hosur Road - Electronic City,835,High,Heavy Rain,Green
2025-01-21 00:00:00,SYNTHETIC: Silk Board - Junction 1,230,Low,Cloudy,Green
2025-01-21 00:00:00,SYNTHETIC: Outer Ring Road - Marathahalli,315,Low,Cloudy,Yellow
2025-01-21 00:00:00,SYNTHETIC: Airport Road - Hebbal,308,Low,Cloudy,Red
2025-01-21 00:00:00,SYNTHETIC: Bannerghatta Road - Dairy Circle,351,Low,Cloudy,Yellow
2025-01-21 00:00:00,SYNTHETIC: Whitefield Road - KR Puram,298,Low,Cloudy,Yellow
2025-01-21 00:00:00,SYNTHETIC: Hosur Road - Electronic City,363,Low,Cloudy,Green
2025-01-21 04:00:00,SYNTHETIC: Silk Board - Junction 1,170,Low,Cloudy,Red
2025-01-21 04:00:00,SYNTHETIC: Outer Ring Road - Marathahalli,242,Low,Cloudy,Green
2025-01-21 04:00:00,SYNTHETIC: Airport Road - Hebbal,360,Low,Cloudy,Yellow
2025-01-21 04:00:00,SYNTHETIC: Bannerghatta Road - Dairy Circle,392,Low,Cloudy,Yellow
2025-01-21 04:00:00,SYNTHETIC: Whitefield Road - KR Puram,425,Low,Cloudy,Yellow
2025-01-21 04:00:00,SYNTHETIC: Hosur Road - Electronic City,445,Low,Cloudy,Yellow
2025-01-21 08:00:00,SYNTHETIC: Silk Board - Junction 1,483,Moderate,Cloudy,Green
2025-01-21 08:00:00,SYNTHETIC: Outer Ring Road - Marathahalli,453,Moderate,Cloudy,Green
2025-01-21 08:00:00,SYNTHETIC: Airport Road - Hebbal,495,Moderate,Cloudy,Red
2025-01-21 08:00:00,SYNTHETIC: Bannerghatta Road - Dairy Circle,539,Moderate,Cloudy,Green
2025-01-21 08:00:00,SYNTHETIC: Whitefield Road - KR Puram,582,Moderate,Cloudy,Green
2025-01-21 08:00:00,SYNTHETIC: Hosur Road - Electronic City,605,Moderate,Cloudy,Yellow
2025-01-21 12:00:00,SYNTHETIC: Silk Board - Junction 1,379,Moderate,Cloudy,Yellow
2025-01-21 12:00:00,SYNTHETIC: Outer Ring Road - Marathahalli,498,Moderate,Cloudy,Yellow
2025-01-21 12:00:00,SYNTHETIC: Airport Road - Hebbal,524,Moderate,Cloudy,Green
2025-01-21 12:00:00,SYNTHETIC: Bannerghatta Road - Dairy Circle,545,Moderate,Cloudy,Green
2025-01-21 12:00:00,SYNTHETIC: Whitefield Road - KR Puram,509,Moderate,Cloudy,Red
2025-01-21 12:00:00,SYNTHETIC: Hosur Road - Electronic City,648,Moderate,Cloudy,Green
2025-01-21 16:00:00,SYNTHETIC: Silk Board - Junction 1,464,Moderate,Cloudy,Yellow
2025-01-21 16:00:00,SYNTHETIC: Outer Ring Road - Marathahalli,443,Moderate,Cloudy,Green
2025-01-21 16:00:00,SYNTHETIC: Airport Road - Hebbal,452,Moderate,Cloudy,Red
2025-01-21 16:00:00,SYNTHETIC: Bannerghatta Road - Dairy Circle,517,Moderate,Cloudy,Yellow
2025-01-21 16:00:00,SYNTHETIC: Whitefield Road - KR Puram,594,Moderate,Cloudy,Yellow
2025-01-21 16:00:00,SYNTHETIC: Hosur Road - Electronic City,560,Moderate,Cloudy,Green
2025-01-21 20:00:00,SYNTHETIC: Silk Board - Junction 1,423,Moderate,Cloudy,Green
2025-01-21 20:00:00,SYNTHETIC: Outer Ring Road - Marathahalli,415,Moderate,Cloudy,Green
2025-01-21 20:00:00,SYNTHETIC: Airport Road - Hebbal,527,Moderate,Cloudy,Green
2025-01-21 20:00:00,SYNTHETIC: Bannerghatta Road - Dairy Circle,492,Moderate,Cloudy,Green
2025-01-21 20:00:00,SYNTHETIC: Whitefield Road - KR Puram,540,Moderate,Cloudy,Red
2025-01-21 20:00:00,SYNTHETIC: Hosur Road - Electronic City,641,Moderate,Cloudy,Green
2025-01-22 00:00:00,SYNTHETIC: Silk Board - Junction 1,161,Low,Clear,Green
2025-01-22 00:00:00,SYNTHETIC: Outer Ring Road - Marathahalli,275,Low,Clear,Red
2025-01-22 00:00:00,SYNTHETIC: Airport Road - Hebbal,324,Low,Clear,Green
2025-01-22 00:00:00,SYNTHETIC: Bannerghatta Road - Dairy Circle,366,Low,Clear,Green
2025-01-22 00:00:00,SYNTHETIC: Whitefield Road - KR Puram,412,Low,Clear,Yellow
2025-01-22 00:00:00,SYNTHETIC: Hosur Road - Electronic City,371,Low,Clear,Yellow
2025-01-22 04:00:00,SYNTHETIC: Silk Board - Junction 1,280,Low,Clear,Green
2025-01-22 04:00:00,SYNTHETIC: Outer Ring Road - Marathahalli,186,Low,Clear,Green
2025-01-22 04:00:00,SYNTHETIC: Airport Road - Hebbal,314,Low,Clear,Yellow
2025-01-22 04:00:00,SYNTHETIC: Bannerghatta Road - Dairy Circle,371,Low,Clear,Green
2025-01-22 04:00:00,SYNTHETIC: Whitefield Road - KR Puram,402,Low,Clear,Green
2025-01-22 04:00:00,SYNTHETIC: Hosur Road - Electronic City,396,Low,Clear,Red
2025-01-22 08:00:00,SYNTHETIC: Silk Board - Junction 1,374,Moderate,Clear,Green
2025-01-22 08:00:00,SYNTHETIC: Outer Ring Road - Marathahalli,511,Moderate,Clear,Green
2025-01-22 08:00:00,SYNTHETIC: Airport Road - Hebbal,552,Moderate,Clear,Red
2025-01-22 08:00:00,SYNTHETIC: Bannerghatta Road - Dairy Circle,585,Moderate,Clear,Yellow
2025-01-22 08:00:00,SYNTHETIC: Whitefield Road - KR Puram,599,Moderate,Clear,Green
2025-01-22 08:00:00,SYNTHETIC: Hosur Road - Electronic City,623,Moderate,Clear,Green
2025-01-22 12:00:00,SYNTHETIC: Silk Board - Junction 1,395,Moderate,Clear,Red
2025-01-22 12:00:00,SYNTHETIC: Outer Ring Road - Marathahalli,395,Moderate,Clear,Yellow
2025-01-22 12:00:00,SYNTHETIC: Airport Road - Hebbal,473,Moderate,Clear,Green
2025-01-22 12:00:00,SYNTHETIC: Bannerghatta Road - Dairy Circle,526,Moderate,Clear,Green
2025-01-22 12:00:00,SYNTHETIC: Whitefield Road - KR Puram,570,Moderate,Clear,Green
2025-01-22 12:00:00,SYNTHETIC: Hosur Road - Electronic City,597,Moderate,Clear,Green
2025-01-22 16:00:00,SYNTHETIC: Silk Board - Junction 1,423,Moderate,Clear,Green
2025-01-22 16:00:00,SYNTHETIC: Outer Ring Road - Marathahalli,497,Moderate,Clear,Green
2025-01-22 16:00:00,SYNTHETIC: Airport Road - Hebbal,463,Moderate,Clear,Green
2025-01-22 16:00:00,SYNTHETIC: Bannerghatta Road - Dairy Circle,521,Moderate,Clear,Red
2025-01-22 16:00:00,SYNTHETIC: Whitefield Road - KR Puram,517,Moderate,Clear,Red
2025-01-22 16:00:00,SYNTHETIC: Hosur Road - Electronic City,596,Moderate,Clear,Green
2025-01-22 20:00:00,SYNTHETIC: Silk Board - Junction 1,402,Moderate,Clear,Green
2025-01-22 20:00:00,SYNTHETIC: Outer Ring Road - Marathahalli,515,Moderate,Clear,Yellow
2025-01-22 20:00:00,SYNTHETIC: Airport Road - Hebbal,427,Moderate,Clear,Green
2025-01-22 20:00:00,SYNTHETIC: Bannerghatta Road - Dairy Circle,465,Moderate,Clear,Red
2025-01-22 20:00:00,SYNTHETIC: Whitefield Road - KR Puram,628,Moderate,Clear,Green
2025-01-22 20:00:00,SYNTHETIC: Hosur Road - Electronic City,574,Moderate,Clear,Green
2025-01-23 00:00:00,SYNTHETIC: Silk Board - Junction 1,279,Low,Cloudy,Green
2025-01-23 00:00:00,SYNTHETIC: Outer Ring Road - Marathahalli,301,Low,Cloudy,Green
2025-01-23 00:00:00,SYNTHETIC: Airport Road - Hebbal,351,Low,Cloudy,Yellow
2025-01-23 00:00:00,SYNTHETIC: Bannerghatta Road - Dairy Circle,273,Low,Cloudy,Yellow
2025-01-23 00:00:00,SYNTHETIC: Whitefield Road - KR Puram,370,Low,Cloudy,Red
2025-01-23 00:00:00,SYNTHETIC: Hosur Road - Electronic City,334,Low,Cloudy,Green
2025-01-23 04:00:00,SYNTHETIC: Silk Board - Junction 1,283,Low,Cloudy,Green
2025-01-23 04:00:00,SYNTHETIC: Outer Ring Road - Marathahalli,194,Low,Cloudy,Red
2025-01-23 04:00:00,SYNTHETIC: Airport Road - Hebbal,222,Low,Cloudy,Green
2025-01-23 04:00:00,SYNTHETIC: Bannerghatta Road - Dairy Circle,351,Low,Cloudy,Red
2025-01-23 04:00:00,SYNTHETIC: Whitefield Road - KR Puram,346,Low,Cloudy,Yellow
2025-01-23 04:00:00,SYNTHETIC: Hosur Road - Electronic City,392,Low,Cloudy,Green
2025-01-23 08:00:00,SYNTHETIC: Silk Board - Junction 1,474,Moderate,Cloudy,Yellow
2025-01-23 08:00:00,SYNTHETIC: Outer Ring Road - Marathahalli,512,Moderate,Cloudy,Green
2025-01-23 08:00:00,SYNTHETIC: Airport Road - Hebbal,470,Moderate,Cloudy,Green
2025-01-23 08:00:00,SYNTHETIC: Bannerghatta Road - Dairy Circle,477,Moderate,Cloudy,Red
2025-01-23 08:00:00,SYNTHETIC: Whitefield Road - KR Puram,544,Moderate,Cloudy,Green
2025-01-23 08:00:00,SYNTHETIC: Hosur Road - Electronic City,542,Moderate,Cloudy,Green
2025-01-23 12:00:00,SYNTHETIC: Silk Board - Junction 1,403,Moderate,Cloudy,Yellow
2025-01-23 12:00:00,SYNTHETIC: Outer Ring Road - Marathahalli,394,Moderate,Cloudy,Green
2025-01-23 12:00:00,SYNTHETIC: Airport Road - Hebbal,487,Moderate,Cloudy,Green
2025-01-23 12:00:00,SYNTHETIC: Bannerghatta Road - Dairy Circle,515,Moderate,Cloudy,Green
2025-01-23 12:00:00,SYNTHETIC: Whitefield Road - KR Puram,613,Moderate,Cloudy,Green
2025-01-23 12:00:00,SYNTHETIC: Hosur Road - Electronic City,571,Moderate,Cloudy,Red
2025-01-23 16:00:00,SYNTHETIC: Silk Board - Junction 1,409,Moderate,Cloudy,Red
2025-01-23 16:00:00,SYNTHETIC: Outer Ring Road - Marathahalli,509,Moderate,Cloudy,Green
2025-01-23 16:00:00,SYNTHETIC: Airport Road - Hebbal,520,Moderate,Cloudy,Green
2025-01-23 16:00:00,SYNTHETIC: Bannerghatta Road - Dairy Circle,594,Moderate,Cloudy,Green
2025-01-23 16:00:00,SYNTHETIC: Whitefield Road - KR Puram,514,Moderate,Cloudy,Green
2025-01-23 16:00:00,SYNTHETIC: Hosur Road - Electronic City,598,Moderate,Cloudy,Green
2025-01-23 20:00:00,SYNTHETIC: Silk Board - Junction 1,464,Moderate,Cloudy,Green
2025-01-23 20:00:00,SYNTHETIC: Outer Ring Road - Marathahalli,493,Moderate,Cloudy,Green
2025-01-23 20:00:00,SYNTHETIC: Airport Road - Hebbal,538,Moderate,Cloudy,Red
2025-01-23 20:00:00,SYNTHETIC: Bannerghatta Road - Dairy Circle,484,Moderate,Cloudy,Green
2025-01-23 20:00:00,SYNTHETIC: Whitefield Road - KR Puram,591,Moderate,Cloudy,Yellow
2025-01-23 20:00:00,SYNTHETIC: Hosur Road - Electronic City,648,Moderate,Cloudy,Yellow
2025-01-24 00:00:00,SYNTHETIC: Silk Board - Junction 1,444,Moderate,Light Rain,Green
2025-01-24 00:00:00,SYNTHETIC: Outer Ring Road - Marathahalli,407,Moderate,Light Rain,Green
2025-01-24 00:00:00,SYNTHETIC: Airport Road - Hebbal,428,Moderate,Light Rain,Red
2025-01-24 00:00:00,SYNTHETIC: Bannerghatta Road - Dairy Circle,519,Moderate,Light Rain,Green
2025-01-24 00:00:00,SYNTHETIC: Whitefield Road - KR Puram,608,Moderate,Light Rain,Green
2025-01-24 00:00:00,SYNTHETIC: Hosur Road - Electronic City,510,Moderate,Light Rain,Yellow
2025-01-24 04:00:00,SYNTHETIC: Silk Board - Junction 1,353,Low,Light Rain,Yellow
2025-01-24 04:00:00,SYNTHETIC: Outer Ring Road - Marathahalli,450,Moderate,Light Rain,Red
2025-01-24 04:00:00,SYNTHETIC: Airport Road - Hebbal,416,Moderate,Light Rain,Yellow
2025-01-24 04:00:00,SYNTHETIC: Bannerghatta Road - Dairy Circle,567,Moderate,Light Rain,Green
2025-01-24 04:00:00,SYNTHETIC: Whitefield Road - KR Puram,607,Moderate,Light Rain,Green
2025-01-24 04:00:00,SYNTHETIC: Hosur Road - Electronic City,545,Moderate,Light Rain,Yellow
2025-01-24 08:00:00,SYNTHETIC: Silk Board - Junction 1,631,High,Light Rain,Red
2025-01-24 08:00:00,SYNTHETIC: Outer Ring Road - Marathahalli,623,High,Light Rain,Green
2025-01-24 08:00:00,SYNTHETIC: Airport Road - Hebbal,641,High,Light Rain,Red
2025-01-24 08:00:00,SYNTHETIC: Bannerghatta Road - Dairy Circle,719,High,Light Rain,Green
2025-01-24 08:00:00,SYNTHETIC: Whitefield Road - KR Puram,733,High,Light Rain,Red
2025-01-24 08:00:00,SYNTHETIC: Hosur Road - Electronic City,714,High,Light Rain,Yellow
2025-01-24 12:00:00,SYNTHETIC: Silk Board - Junction 1,664,High,Light Rain,Green
2025-01-24 12:00:00,SYNTHETIC: Outer Ring Road - Marathahalli,666,High,Light Rain,Yellow
2025-01-24 12:00:00,SYNTHETIC: Airport Road - Hebbal,610,Moderate,Light Rain,Green
2025-01-24 12:00:00,SYNTHETIC: Bannerghatta Road - Dairy Circle,712,High,Light Rain,Green
2025-01-24 12:00:00,SYNTHETIC: Whitefield Road - KR Puram,733,High,Light Rain,Green
2025-01-24 12:00:00,SYNTHETIC: Hosur Road - Electronic City,736,High,Light Rain,Yellow
2025-01-24 16:00:00,SYNTHETIC: Silk Board - Junction 1,626,High,Light Rain,Yellow
2025-01-24 16:00:00,SYNTHETIC: Outer Ring Road - Marathahalli,598,High,Light Rain,Yellow
2025-01-24 16:00:00,SYNTHETIC: Airport Road - Hebbal,669,High,Light Rain,Red
2025-01-24 16:00:00,SYNTHETIC: Bannerghatta Road - Dairy Circle,654,High,Light Rain,Green
2025-01-24 16:00:00,SYNTHETIC: Whitefield Road - KR Puram,776,High,Light Rain,Green
2025-01-24 16:00:00,SYNTHETIC: Hosur Road - Electronic City,843,High,Light Rain,Green
2025-01-24 20:00:00,SYNTHETIC: Silk Board - Junction 1,568,High,Light Rain,Green
2025-01-24 20:00:00,SYNTHETIC: Outer Ring Road - Marathahalli,665,High,Light Rain,Green
2025-01-24 20:00:00,SYNTHETIC: Airport Road - Hebbal,679,High,Light Rain,Yellow
2025-01-24 20:00:00,SYNTHETIC: Bannerghatta Road - Dairy Circle,743,High,Light Rain,Green
2025-01-24 20:00:00,SYNTHETIC: Whitefield Road - KR Puram,675,High,Light Rain,Green
2025-01-24 20:00:00,SYNTHETIC: Hosur Road - Electronic City,822,High,Light Rain,Green
2025-01-25 00:00:00,SYNTHETIC: Silk Board - Junction 1,404,Moderate,Cloudy,Green
2025-01-25 00:00:00,SYNTHETIC: Outer Ring Road - Marathahalli,352,Low,Cloudy,Green
2025-01-25 00:00:00,SYNTHETIC: Airport Road - Hebbal,445,Moderate,Cloudy,Green
2025-01-25 00:00:00,SYNTHETIC: Bannerghatta Road - Dairy Circle,416,Moderate,Cloudy,Green
2025-01-25 00:00:00,SYNTHETIC: Whitefield Road - KR Puram,473,Moderate,Cloudy,Green
2025-01-25 00:00:00,SYNTHETIC: Hosur Road - Electronic City,590,Moderate,Cloudy,Green
2025-01-25 04:00:00,SYNTHETIC: Silk Board - Junction 1,311,Low,Cloudy,Green
2025-01-25 04:00:00,SYNTHETIC: Outer Ring Road - Marathahalli,446,Moderate,Cloudy,Green
2025-01-25 04:00:00,SYNTHETIC: Airport Road - Hebbal,419,Moderate,Cloudy,Green
2025-01-25 04:00:00,SYNTHETIC: Bannerghatta Road - Dairy Circle,521,Moderate,Cloudy,Green
2025-01-25 04:00:00,SYNTHETIC: Whitefield Road - KR Puram,509,Moderate,Cloudy,Yellow
2025-01-25 04:00:00,SYNTHETIC: Hosur Road - Electronic City,503,Moderate,Cloudy,Green
2025-01-25 08:00:00,SYNTHETIC: Silk Board - Junction 1,594,High,Cloudy,Red
2025-01-25 08:00:00,SYNTHETIC: Outer Ring Road - Marathahalli,593,High,Cloudy,Yellow
2025-01-25 08:00:00,SYNTHETIC: Airport Road - Hebbal,685,High,Cloudy,Green
2025-01-25 08:00:00,SYNTHETIC: Bannerghatta Road - Dairy Circle,675,High,Cloudy,Red
2025-01-25 08:00:00,SYNTHETIC: Whitefield Road - KR Puram,690,High,Cloudy,Green
2025-01-25 08:00:00,SYNTHETIC: Hosur Road - Electronic City,788,High,Cloudy,Green
2025-01-25 12:00:00,SYNTHETIC: Silk Board - Junction 1,510,Moderate,Cloudy,Red
2025-01-25 12:00:00,SYNTHETIC: Outer Ring Road - Marathahalli,633,High,Cloudy,Yellow
2025-01-25 12:00:00,SYNTHETIC: Airport Road - Hebbal,656,High,Cloudy,Green
2025-01-25 12:00:00,SYNTHETIC: Bannerghatta Road - Dairy Circle,598,Moderate,Cloudy,Green
2025-01-25 12:00:00,SYNTHETIC: Whitefield Road - KR Puram,661,Moderate,Cloudy,Green
2025-01-25 12:00:00,SYNTHETIC: Hosur Road - Electronic City,777,High,Cloudy,Red
2025-01-25 16:00:00,SYNTHETIC: Silk Board - Junction 1,519,Moderate,Cloudy,Green
2025-01-25 16:00:00,SYNTHETIC: Outer Ring Road - Marathahalli,633,High,Cloudy,Green
2025-01-25 16:00:00,SYNTHETIC: Airport Road - Hebbal,694,High,Cloudy,Green
2025-01-25 16:00:00,SYNTHETIC: Bannerghatta Road - Dairy Circle,735,High,Cloudy,Green
2025-01-25 16:00:00,SYNTHETIC: Whitefield Road - KR Puram,632,Moderate,Cloudy,Green
2025-01-25 16:00:00,SYNTHETIC: Hosur Road - Electronic City,776,High,Cloudy,Red
2025-01-25 20:00:00,SYNTHETIC: Silk Board - Junction 1,559,Moderate,Cloudy,Green
2025-01-25 20:00:00,SYNTHETIC: Outer Ring Road - Marathahalli,620,High,Cloudy,Green
2025-01-25 20:00:00,SYNTHETIC: Airport Road - Hebbal,602,Moderate,Cloudy,Green
2025-01-25 20:00:00,SYNTHETIC: Bannerghatta Road - Dairy Circle,728,High,Cloudy,Yellow
2025-01-25 20:00:00,SYNTHETIC: Whitefield Road - KR Puram,725,High,Cloudy,Green
2025-01-25 20:00:00,SYNTHETIC: Hosur Road - Electronic City,729,High,Cloudy,Green
2025-01-26 00:00:00,SYNTHETIC: Silk Board - Junction 1,378,Moderate,Cloudy,Green
2025-01-26 00:00:00,SYNTHETIC: Outer Ring Road - Marathahalli,374,Low,Cloudy,Green
2025-01-26 00:00:00,SYNTHETIC: Airport Road - Hebbal,469,Moderate,Cloudy,Green
2025-01-26 00:00:00,SYNTHETIC: Bannerghatta Road - Dairy Circle,473,Moderate,Cloudy,Green
2025-01-26 00:00:00,SYNTHETIC: Whitefield Road - KR Puram,533,Moderate,Cloudy,Red
2025-01-26 00:00:00,SYNTHETIC: Hosur Road - Electronic City,603,Moderate,Cloudy,Green
2025-01-26 04:00:00,SYNTHETIC: Silk Board - Junction 1,341,Low,Cloudy,Green
2025-01-26 04:00:00,SYNTHETIC: Outer Ring Road - Marathahalli,364,Low,Cloudy,Green
2025-01-26 04:00:00,SYNTHETIC: Airport Road - Hebbal,415,Moderate,Cloudy,Green
2025-01-26 04:00:00,SYNTHETIC: Bannerghatta Road - Dairy Circle,462,Moderate,Cloudy,Green
2025-01-26 04:00:00,SYNTHETIC: Whitefield Road - KR Puram,462,Moderate,Cloudy,Yellow
2025-01-26 04:00:00,SYNTHETIC: Hosur Road - Electronic City,563,Moderate,Cloudy,Green
2025-01-26 08:00:00,SYNTHETIC: Silk Board - Junction 1,560,High,Cloudy,Red
2025-01-26 08:00:00,SYNTHETIC: Outer Ring Road - Marathahalli,646,High,Cloudy,Green
2025-01-26 08:00:00,SYNTHETIC: Airport Road - Hebbal,560,Moderate,Cloudy,Yellow
2025-01-26 08:00:00,SYNTHETIC: Bannerghatta Road - Dairy Circle,650,High,Cloudy,Green
2025-01-26 08:00:00,SYNTHETIC: Whitefield Road - KR Puram,667,Moderate,Cloudy,Green
2025-01-26 08:00:00,SYNTHETIC: Hosur Road - Electronic City,786,High,Cloudy,Red
2025-01-26 12:00:00,SYNTHETIC: Silk Board - Junction 1,572,High,Cloudy,Green
2025-01-26 12:00:00,SYNTHETIC: Outer Ring Road - Marathahalli,538,Moderate,Cloudy,Green
2025-01-26 12:00:00,SYNTHETIC: Airport Road - Hebbal,672,High,Cloudy,Green
2025-01-26 12:00:00,SYNTHETIC: Bannerghatta Road - Dairy Circle,715,High,Cloudy,Green
2025-01-26 12:00:00,SYNTHETIC: Whitefield Road - KR Puram,758,High,Cloudy,Yellow
2025-01-26 12:00:00,SYNTHETIC: Hosur Road - Electronic City,726,High,Cloudy,Green
2025-01-26 16:00:00,SYNTHETIC: Silk Board - Junction 1,586,High,Cloudy,Yellow
2025-01-26 16:00:00,SYNTHETIC: Outer Ring Road - Marathahalli,646,High,Cloudy,Green
2025-01-26 16:00:00,SYNTHETIC: Airport Road - Hebbal,693,High,Cloudy,Green
2025-01-26 16:00:00,SYNTHETIC: Bannerghatta Road - Dairy Circle,615,Moderate,Cloudy,Red
2025-01-26 16:00:00,SYNTHETIC: Whitefield Road - KR Puram,684,High,Cloudy,Red
2025-01-26 16:00:00,SYNTHETIC: Hosur Road - Electronic City,736,High,Cloudy,Yellow
2025-01-26 20:00:00,SYNTHETIC: Silk Board - Junction 1,601,High,Cloudy,Green
2025-01-26 20:00:00,SYNTHETIC: Outer Ring Road - Marathahalli,650,High,Cloudy,Yellow
2025-01-26 20:00:00,SYNTHETIC: Airport Road - Hebbal,624,High,Cloudy,Yellow
2025-01-26 20:00:00,SYNTHETIC: Bannerghatta Road - Dairy Circle,706,High,Cloudy,Yellow
2025-01-26 20:00:00,SYNTHETIC: Whitefield Road - KR Puram,675,High,Cloudy,Green
2025-01-26 20:00:00,SYNTHETIC: Hosur Road - Electronic City,758,High,Cloudy,Red
2025-01-27 00:00:00,SYNTHETIC: Silk Board - Junction 1,341,Low,Heavy Rain,Red
2025-01-27 00:00:00,SYNTHETIC: Outer Ring Road - Marathahalli,429,Moderate,Heavy Rain,Green
2025-01-27 00:00:00,SYNTHETIC: Airport Road - Hebbal,414,Moderate,Heavy Rain,Red
2025-01-27 00:00:00,SYNTHETIC: Bannerghatta Road - Dairy Circle,442,Moderate,Heavy Rain,Red
2025-01-27 00:00:00,SYNTHETIC: Whitefield Road - KR Puram,590,Moderate,Heavy Rain,Red
2025-01-27 00:00:00,SYNTHETIC: Hosur Road - Electronic City,621,Moderate,Heavy Rain,Green
2025-01-27 04:00:00,SYNTHETIC: Silk Board - Junction 1,451,Moderate,Heavy Rain,Yellow
2025-01-27 04:00:00,SYNTHETIC: Outer Ring Road - Marathahalli,504,Moderate,Heavy Rain,Yellow
2025-01-27 04:00:00,SYNTHETIC: Airport Road - Hebbal,409,Moderate,Heavy Rain,Green
2025-01-27 04:00:00,SYNTHETIC: Bannerghatta Road - Dairy Circle,474,Moderate,Heavy Rain,Yellow
2025-01-27 04:00:00,SYNTHETIC: Whitefield Road - KR Puram,515,Moderate,Heavy Rain,Red
2025-01-27 04:00:00,SYNTHETIC: Hosur Road - Electronic City,538,Moderate,Heavy Rain,Green
2025-01-27 08:00:00,SYNTHETIC: Silk Board - Junction 1,560,High,Heavy Rain,Green
2025-01-27 08:00:00,SYNTHETIC: Outer Ring Road - Marathahalli,580,Moderate,Heavy Rain,Green
2025-01-27 08:00:00,SYNTHETIC: Airport Road - Hebbal,739,High,Heavy Rain,Green
2025-01-27 08:00:00,SYNTHETIC: Bannerghatta Road - Dairy Circle,684,High,Heavy Rain,Yellow
2025-01-27 08:00:00,SYNTHETIC: Whitefield Road - KR Puram,674,High,Heavy Rain,Green
2025-01-27 08:00:00,SYNTHETIC: Hosur Road - Electronic City,786,High,Heavy Rain,Red
2025-01-27 12:00:00,SYNTHETIC: Silk Board - Junction 1,573,High,Heavy Rain,Red
2025-01-27 12:00:00,SYNTHETIC: Outer Ring Road - Marathahalli,658,High,Heavy Rain,Green
2025-01-27 12:00:00,SYNTHETIC: Airport Road - Hebbal,703,High,Heavy Rain,Green
2025-01-27 12:00:00,SYNTHETIC: Bannerghatta Road - Dairy Circle,650,High,Heavy Rain,Green
2025-01-27 12:00:00,SYNTHETIC: Whitefield Road - KR Puram,798,High,Heavy Rain,Green
2025-01-27 12:00:00,SYNTHETIC: Hosur Road - Electronic City,773,High,Heavy Rain,Green
2025-01-27 16:00:00,SYNTHETIC: Silk Board - Junction 1,643,High,Heavy Rain,Green
2025-01-27 16:00:00,SYNTHETIC: Outer Ring Road - Marathahalli,615,High,Heavy Rain,Yellow
2025-01-27 16:00:00,SYNTHETIC: Airport Road - Hebbal,704,High,Heavy Rain,Green
2025-01-27 16:00:00,SYNTHETIC: Bannerghatta Road - Dairy Circle,635,Moderate,Heavy Rain,Green
2025-01-27 16:00:00,SYNTHETIC: Whitefield Road - KR Puram,759,High,Heavy Rain,Green
2025-01-27 16:00:00,SYNTHETIC: Hosur Road - Electronic City,824,High,Heavy Rain,Green
2025-01-27 20:00:00,SYNTHETIC: Silk Board - Junction 1,552,Moderate,Heavy Rain,Green
2025-01-27 20:00:00,SYNTHETIC: Outer Ring Road - Marathahalli,683,High,Heavy Rain,Green
2025-01-27 20:00:00,SYNTHETIC: Airport Road - Hebbal,623,High,Heavy Rain,Green
2025-01-27 20:00:00,SYNTHETIC: Bannerghatta Road - Dairy Circle,657,High,Heavy Rain,Green
2025-01-27 20:00:00,SYNTHETIC: Whitefield Road - KR Puram,675,High,Heavy Rain,Yellow
2025-01-27 20:00:00,SYNTHETIC: Hosur Road - Electronic City,707,High,Heavy Rain,Green
2025-01-28 00:00:00,SYNTHETIC: Silk Board - Junction 1,275,Low,Clear,Green
2025-01-28 00:00:00,SYNTHETIC: Outer Ring Road - Marathahalli,278,Low,Clear,Green
2025-01-28 00:00:00,SYNTHETIC: Airport Road - Hebbal,353,Low,Clear,Green
2025-01-28 00:00:00,SYNTHETIC: Bannerghatta Road - Dairy Circle,298,Low,Clear,Green
2025-01-28 00:00:00,SYNTHETIC: Whitefield Road - KR Puram,388,Low,Clear,Green
2025-01-28 00:00:00,SYNTHETIC: Hosur Road - Electronic City,378,Low,Clear,Red
2025-01-28 04:00:00,SYNTHETIC: Silk Board - Junction 1,261,Low,Clear,Green
2025-01-28 04:00:00,SYNTHETIC: Outer Ring Road - Marathahalli,258,Low,Clear,Green
2025-01-28 04:00:00,SYNTHETIC: Airport Road - Hebbal,348,Low,Clear,Green
2025-01-28 04:00:00,SYNTHETIC: Bannerghatta Road - Dairy Circle,323,Low,Clear,Green
2025-01-28 04:00:00,SYNTHETIC: Whitefield Road - KR Puram,343,Low,Clear,Green
2025-01-28 04:00:00,SYNTHETIC: Hosur Road - Electronic City,444,Low,Clear,Green
2025-01-28 08:00:00,SYNTHETIC: Silk Board - Junction 1,379,Moderate,Clear,Green
2025-01-28 08:00:00,SYNTHETIC: Outer Ring Road - Marathahalli,432,Moderate,Clear,Green
2025-01-28 08:00:00,SYNTHETIC: Airport Road - Hebbal,539,Moderate,Clear,Green
2025-01-28 08:00:00,SYNTHETIC: Bannerghatta Road - Dairy Circle,550,Moderate,Clear,Green
2025-01-28 08:00:00,SYNTHETIC: Whitefield Road - KR Puram,498,Moderate,Clear,Green
2025-01-28 08:00:00,SYNTHETIC: Hosur Road - Electronic City,551,Moderate,Clear,Green
2025-01-28 12:00:00,SYNTHETIC: Silk Board - Junction 1,352,Low,Clear,Green
2025-01-28 12:00:00,SYNTHETIC: Outer Ring Road - Marathahalli,506,Moderate,Clear,Green
2025-01-28 12:00:00,SYNTHETIC: Airport Road - Hebbal,445,Moderate,Clear,Green
2025-01-28 12:00:00,SYNTHETIC: Bannerghatta Road - Dairy Circle,546,Moderate,Clear,Green
2025-01-28 12:00:00,SYNTHETIC: Whitefield Road - KR Puram,609,Moderate,Clear,Green
2025-01-28 12:00:00,SYNTHETIC: Hosur Road - Electronic City,530,Moderate,Clear,Green
2025-01-28 16:00:00,SYNTHETIC: Silk Board - Junction 1,466,Moderate,Clear,Green
2025-01-28 16:00:00,SYNTHETIC: Outer Ring Road - Marathahalli,496,Moderate,Clear,Yellow
2025-01-28 16:00:00,SYNTHETIC: Airport Road - Hebbal,541,Moderate,Clear,Yellow
2025-01-28 16:00:00,SYNTHETIC: Bannerghatta Road - Dairy Circle,519,Moderate,Clear,Yellow
2025-01-28 16:00:00,SYNTHETIC: Whitefield Road - KR Puram,576,Moderate,Clear,Green
2025-01-28 16:00:00,SYNTHETIC: Hosur Road - Electronic City,627,Moderate,Clear,Green
2025-01-28 20:00:00,SYNTHETIC: Silk Board - Junction 1,409,Moderate,Clear,Yellow
2025-01-28 20:00:00,SYNTHETIC: Outer Ring Road - Marathahalli,514,Moderate,Clear,Green
2025-01-28 20:00:00,SYNTHETIC: Airport Road - Hebbal,529,Moderate,Clear,Yellow
2025-01-28 20:00:00,SYNTHETIC: Bannerghatta Road - Dairy Circle,557,Moderate,Clear,Green
2025-01-28 20:00:00,SYNTHETIC: Whitefield Road - KR Puram,531,Moderate,Clear,Green
2025-01-28 20:00:00,SYNTHETIC: Hosur Road - Electronic City,601,Moderate,Clear,Red
2025-01-29 00:00:00,SYNTHETIC: Silk Board - Junction 1,189,Low,Cloudy,Yellow
2025-01-29 00:00:00,SYNTHETIC: Outer Ring Road - Marathahalli,280,Low,Cloudy,Green
2025-01-29 00:00:00,SYNTHETIC: Airport Road - Hebbal,260,Low,Cloudy,Green
2025-01-29 00:00:00,SYNTHETIC: Bannerghatta Road - Dairy Circle,375,Low,Cloudy,Green
2025-01-29 00:00:00,SYNTHETIC: Whitefield Road - KR Puram,390,Low,Cloudy,Yellow
2025-01-29 00:00:00,SYNTHETIC: Hosur Road - Electronic City,445,Low,Cloudy,Yellow
2025-01-29 04:00:00,SYNTHETIC: Silk Board - Junction 1,268,Low,Cloudy,Yellow
2025-01-29 04:00:00,SYNTHETIC: Outer Ring Road - Marathahalli,209,Low,Cloudy,Green
2025-01-29 04:00:00,SYNTHETIC: Airport Road - Hebbal,301,Low,Cloudy,Yellow
2025-01-29 04:00:00,SYNTHETIC: Bannerghatta Road - Dairy Circle,289,Low,Cloudy,Green
2025-01-29 04:00:00,SYNTHETIC: Whitefield Road - KR Puram,373,Low,Cloudy,Red
2025-01-29 04:00:00,SYNTHETIC: Hosur Road - Electronic City,433,Low,Cloudy,Green
2025-01-29 08:00:00,SYNTHETIC: Silk Board - Junction 1,486,Moderate,Cloudy,Green
2025-01-29 08:00:00,SYNTHETIC: Outer Ring Road - Marathahalli,510,Moderate,Cloudy,Yellow
2025-01-29 08:00:00,SYNTHETIC: Airport Road - Hebbal,426,Moderate,Cloudy,Green
2025-01-29 08:00:00,SYNTHETIC: Bannerghatta Road - Dairy Circle,500,Moderate,Cloudy,Yellow
2025-01-29 08:00:00,SYNTHETIC: Whitefield Road - KR Puram,584,Moderate,Cloudy,Green
2025-01-29 08:00:00,SYNTHETIC: Hosur Road - Electronic City,653,Moderate,Cloudy,Yellow
2025-01-29 12:00:00,SYNTHETIC: Silk Board - Junction 1,451,Moderate,Cloudy,Red
2025-01-29 12:00:00,SYNTHETIC: Outer Ring Road - Marathahalli,443,Moderate,Cloudy,Green
2025-01-29 12:00:00,SYNTHETIC: Airport Road - Hebbal,468,Moderate,Cloudy,Green
2025-01-29 12:00:00,SYNTHETIC: Bannerghatta Road - Dairy Circle,532,Moderate,Cloudy,Green
2025-01-29 12:00:00,SYNTHETIC: Whitefield Road - KR Puram,576,Moderate,Cloudy,Green
2025-01-29 12:00:00,SYNTHETIC: Hosur Road - Electronic City,571,Moderate,Cloudy,Green
2025-01-29 16:00:00,SYNTHETIC: Silk Board - Junction 1,422,Moderate,Cloudy,Green
2025-01-29 16:00:00,SYNTHETIC: Outer Ring Road - Marathahalli,508,Moderate,Cloudy,Green
2025-01-29 16:00:00,SYNTHETIC: Airport Road - Hebbal,527,Moderate,Cloudy,Green
2025-01-29 16:00:00,SYNTHETIC: Bannerghatta Road - Dairy Circle,556,Moderate,Cloudy,Yellow
2025-01-29 16:00:00,SYNTHETIC: Whitefield Road - KR Puram,517,Moderate,Cloudy,Green
2025-01-29 16:00:00,SYNTHETIC: Hosur Road - Electronic City,546,Moderate,Cloudy,Green
2025-01-29 20:00:00,SYNTHETIC: Silk Board - Junction 1,375,Moderate,Cloudy,Yellow
2025-01-29 20:00:00,SYNTHETIC: Outer Ring Road - Marathahalli,488,Moderate,Cloudy,Yellow
2025-01-29 20:00:00,SYNTHETIC: Airport Road - Hebbal,423,Moderate,Cloudy,Green
2025-01-29 20:00:00,SYNTHETIC: Bannerghatta Road - Dairy Circle,487,Moderate,Cloudy,Green
2025-01-29 20:00:00,SYNTHETIC: Whitefield Road - KR Puram,588,Moderate,Cloudy,Yellow
2025-01-29 20:00:00,SYNTHETIC: Hosur Road - Electronic City,527,Moderate,Cloudy,Green
2025-01-30 00:00:00,SYNTHETIC: Silk Board - Junction 1,380,Moderate,Light Rain,Green
2025-01-30 00:00:00,SYNTHETIC: Outer Ring Road - Marathahalli,481,Moderate,Light Rain,Green
2025-01-30 00:00:00,SYNTHETIC: Airport Road - Hebbal,518,Moderate,Light Rain,Green
2025-01-30 00:00:00,SYNTHETIC: Bannerghatta Road - Dairy Circle,466,Moderate,Light Rain,Red
2025-01-30 00:00:00,SYNTHETIC: Whitefield Road - KR Puram,587,Moderate,Light Rain,Green
2025-01-30 00:00:00,SYNTHETIC: Hosur Road - Electronic City,599,Moderate,Light Rain,Green
2025-01-30 04:00:00,SYNTHETIC: Silk Board - Junction 1,416,Moderate,Light Rain,Yellow
2025-01-30 04:00:00,SYNTHETIC: Outer Ring Road - Marathahalli,371,Low,Light Rain,Green
2025-01-30 04:00:00,SYNTHETIC: Airport Road - Hebbal,445,Moderate,Light Rain,Green
2025-01-30 04:00:00,SYNTHETIC: Bannerghatta Road - Dairy Circle,541,Moderate,Light Rain,Green
2025-01-30 04:00:00,SYNTHETIC: Whitefield Road - KR Puram,553,Moderate,Light Rain,Green
2025-01-30 04:00:00,SYNTHETIC: Hosur Road - Electronic City,514,Moderate,Light Rain,Green
2025-01-30 08:00:00,SYNTHETIC: Silk Board - Junction 1,621,High,Light Rain,Yellow
2025-01-30 08:00:00,SYNTHETIC: Outer Ring Road - Marathahalli,701,High,Light Rain,Yellow
2025-01-30 08:00:00,SYNTHETIC: Airport Road - Hebbal,663,High,Light Rain,Green
2025-01-30 08:00:00,SYNTHETIC: Bannerghatta Road - Dairy Circle,771,High,Light Rain,Green
2025-01-30 08:00:00,SYNTHETIC: Whitefield Road - KR Puram,707,High,Light Rain,Green
2025-01-30 08:00:00,SYNTHETIC: Hosur Road - Electronic City,815,High,Light Rain,Red
2025-01-30 12:00:00,SYNTHETIC: Silk Board - Junction 1,618,High,Light Rain,Red
2025-01-30 12:00:00,SYNTHETIC: Outer Ring Road - Marathahalli,627,High,Light Rain,Red
2025-01-30 12:00:00,SYNTHETIC: Airport Road - Hebbal,734,High,Light Rain,Green
2025-01-30 12:00:00,SYNTHETIC: Bannerghatta Road - Dairy Circle,645,High,Light Rain,Green
2025-01-30 12:00:00,SYNTHETIC: Whitefield Road - KR Puram,765,High,Light Rain,Green
2025-01-30 12:00:00,SYNTHETIC: Hosur Road - Electronic City,730,High,Light Rain,Green
2025-01-30 16:00:00,SYNTHETIC: Silk Board - Junction 1,550,Moderate,Light Rain,Green
2025-01-30 16:00:00,SYNTHETIC: Outer Ring Road - Marathahalli,642,High,Light Rain,Green
2025-01-30 16:00:00,SYNTHETIC: Airport Road - Hebbal,605,Moderate,Light Rain,Green
2025-01-30 16:00:00,SYNTHETIC: Bannerghatta Road - Dairy Circle,700,High,Light Rain,Yellow
2025-01-30 16:00:00,SYNTHETIC: Whitefield Road - KR Puram,690,High,Light Rain,Yellow
2025-01-30 16:00:00,SYNTHETIC: Hosur Road - Electronic City,815,High,Light Rain,Red
2025-01-30 20:00:00,SYNTHETIC: Silk Board - Junction 1,579,High,Light Rain,Green
2025-01-30 20:00:00,SYNTHETIC: Outer Ring Road - Marathahalli,642,High,Light Rain,Green
2025-01-30 20:00:00,SYNTHETIC: Airport Road - Hebbal,738,High,Light Rain,Red
2025-01-30 20:00:00,SYNTHETIC: Bannerghatta Road - Dairy Circle,697,High,Light Rain,Yellow
2025-01-30 20:00:00,SYNTHETIC: Whitefield Road - KR Puram,682,High,Light Rain,Green
2025-01-30 20:00:00,SYNTHETIC: Hosur Road - Electronic City,826,High,Light Rain,Green
2025-01-31 00:00:00,SYNTHETIC: Silk Board - Junction 1,154,Low,Cloudy,Yellow
2025-01-31 00:00:00,SYNTHETIC: Outer Ring Road - Marathahalli,241,Low,Cloudy,Green
2025-01-31 00:00:00,SYNTHETIC: Airport Road - Hebbal,293,Low,Cloudy,Yellow
2025-01-31 00:00:00,SYNTHETIC: Bannerghatta Road - Dairy Circle,372,Low,Cloudy,Green
2025-01-31 00:00:00,SYNTHETIC: Whitefield Road - KR Puram,374,Low,Cloudy,Green
2025-01-31 00:00:00,SYNTHETIC: Hosur Road - Electronic City,446,Low,Cloudy,Red
2025-01-31 04:00:00,SYNTHETIC: Silk Board - Junction 1,153,Low,Cloudy,Green
2025-01-31 04:00:00,SYNTHETIC: Outer Ring Road - Marathahalli,266,Low,Cloudy,Green
2025-01-31 04:00:00,SYNTHETIC: Airport Road - Hebbal,333,Low,Cloudy,Green
2025-01-31 04:00:00,SYNTHETIC: Bannerghatta Road - Dairy Circle,382,Low,Cloudy,Green
2025-01-31 04:00:00,SYNTHETIC: Whitefield Road - KR Puram,333,Low,Cloudy,Yellow
2025-01-31 04:00:00,SYNTHETIC: Hosur Road - Electronic City,390,Low,Cloudy,Green
2025-01-31 08:00:00,SYNTHETIC: Silk Board - Junction 1,370,Moderate,Cloudy,Green
2025-01-31 08:00:00,SYNTHETIC: Outer Ring Road - Marathahalli,473,Moderate,Cloudy,Green
2025-01-31 08:00:00,SYNTHETIC: Airport Road - Hebbal,555,Moderate,Cloudy,Green
2025-01-31 08:00:00,SYNTHETIC: Bannerghatta Road - Dairy Circle,529,Moderate,Cloudy,Yellow
2025-01-31 08:00:00,SYNTHETIC: Whitefield Road - KR Puram,605,Moderate,Cloudy,Yellow
2025-01-31 08:00:00,SYNTHETIC: Hosur Road - Electronic City,532,Moderate,Cloudy,Green
2025-01-31 12:00:00,SYNTHETIC: Silk Board - Junction 1,392,Moderate,Cloudy,Green
2025-01-31 12:00:00,SYNTHETIC: Outer Ring Road - Marathahalli,495,Moderate,Cloudy,Green
2025-01-31 12:00:00,SYNTHETIC: Airport Road - Hebbal,425,Moderate,Cloudy,Yellow
2025-01-31 12:00:00,SYNTHETIC: Bannerghatta Road - Dairy Circle,527,Moderate,Cloudy,Green
2025-01-31 12:00:00,SYNTHETIC: Whitefield Road - KR Puram,615,Moderate,Cloudy,Red
2025-01-31 12:00:00,SYNTHETIC: Hosur Road - Electronic City,621,Moderate,Cloudy,Red
2025-01-31 16:00:00,SYNTHETIC: Silk Board - Junction 1,383,Moderate,Cloudy,Green
2025-01-31 16:00:00,SYNTHETIC: Outer Ring Road - Marathahalli,416,Moderate,Cloudy,Green
2025-01-31 16:00:00,SYNTHETIC: Airport Road - Hebbal,475,Moderate,Cloudy,Green
2025-01-31 16:00:00,SYNTHETIC: Bannerghatta Road - Dairy Circle,483,Moderate,Cloudy,Green
2025-01-31 16:00:00,SYNTHETIC: Whitefield Road - KR Puram,535,Moderate,Cloudy,Red
2025-01-31 16:00:00,SYNTHETIC: Hosur Road - Electronic City,627,Moderate,Cloudy,Green
2025-01-31 20:00:00,SYNTHETIC: Silk Board - Junction 1,440,Moderate,Cloudy,Yellow
2025-01-31 20:00:00,SYNTHETIC: Outer Ring Road - Marathahalli,492,Moderate,Cloudy,Red
2025-01-31 20:00:00,SYNTHETIC: Airport Road - Hebbal,491,Moderate,Cloudy,Green
2025-01-31 20:00:00,SYNTHETIC: Bannerghatta Road - Dairy Circle,547,Moderate,Cloudy,Green
2025-01-31 20:00:00,SYNTHETIC: Whitefield Road - KR Puram,571,Moderate,Cloudy,Green
2025-01-31 20:00:00,SYNTHETIC: Hosur Road - Electronic City,661,Moderate,Cloudy,Green
2025-02-01 00:00:00,SYNTHETIC: Silk Board - Junction 1,394,Moderate,Clear,Red
2025-02-01 00:00:00,SYNTHETIC: Outer Ring Road - Marathahalli,408,Moderate,Clear,Green
2025-02-01 00:00:00,SYNTHETIC: Airport Road - Hebbal,402,Moderate,Clear,Green
2025-02-01 00:00:00,SYNTHETIC: Bannerghatta Road - Dairy Circle,515,Moderate,Clear,Yellow
2025-02-01 00:00:00,SYNTHETIC: Whitefield Road - KR Puram,524,Moderate,Clear,Green
2025-02-01 00:00:00,SYNTHETIC: Hosur Road - Electronic City,564,Moderate,Clear,Green
2025-02-01 04:00:00,SYNTHETIC: Silk Board - Junction 1,339,Low,Clear,Red
2025-02-01 04:00:00,SYNTHETIC: Outer Ring Road - Marathahalli,366,Low,Clear,Green
2025-02-01 04:00:00,SYNTHETIC: Airport Road - Hebbal,421,Moderate,Clear,Green
2025-02-01 04:00:00,SYNTHETIC: Bannerghatta Road - Dairy Circle,446,Moderate,Clear,Green
2025-02-01 04:00:00,SYNTHETIC: Whitefield Road - KR Puram,505,Moderate,Clear,Green
2025-02-01 04:00:00,SYNTHETIC: Hosur Road - Electronic City,472,Moderate,Clear,Green
2025-02-01 08:00:00,SYNTHETIC: Silk Board - Junction 1,608,High,Clear,Green
2025-02-01 08:00:00,SYNTHETIC: Outer Ring Road - Marathahalli,638,High,Clear,Red
2025-02-01 08:00:00,SYNTHETIC: Airport Road - Hebbal,605,Moderate,Clear,Red
2025-02-01 08:00:00,SYNTHETIC: Bannerghatta Road - Dairy Circle,723,High,Clear,Green
2025-02-01 08:00:00,SYNTHETIC: Whitefield Road - KR Puram,714,High,Clear,Red
2025-02-01 08:00:00,SYNTHETIC: Hosur Road - Electronic City,705,High,Clear,Green
2025-02-01 12:00:00,SYNTHETIC: Silk Board - Junction 1,507,Moderate,Clear,Green
2025-02-01 12:00:00,SYNTHETIC: Outer Ring Road - Marathahalli,533,Moderate,Clear,Yellow
2025-02-01 12:00:00,SYNTHETIC: Airport Road - Hebbal,664,High,Clear,Red
2025-02-01 12:00:00,SYNTHETIC: Bannerghatta Road - Dairy Circle,715,High,Clear,Red
2025-02-01 12:00:00,SYNTHETIC: Whitefield Road - KR Puram,648,Moderate,Clear,Yellow
2025-02-01 12:00:00,SYNTHETIC: Hosur Road - Electronic City,731,High,Clear,Red
2025-02-01 16:00:00,SYNTHETIC: Silk Board - Junction 1,627,High,Clear,Green
2025-02-01 16:00:00,SYNTHETIC: Outer Ring Road - Marathahalli,661,High,Clear,Yellow
2025-02-01 16:00:00,SYNTHETIC: Airport Road - Hebbal,672,High,Clear,Green
2025-02-01 16:00:00,SYNTHETIC: Bannerghatta Road - Dairy Circle,610,Moderate,Clear,Green
2025-02-01 16:00:00,SYNTHETIC: Whitefield Road - KR Puram,731,High,Clear,Yellow
2025-02-01 16:00:00,SYNTHETIC: Hosur Road - Electronic City,675,Moderate,Clear,Green
2025-02-01 20:00:00,SYNTHETIC: Silk Board - Junction 1,620,High,Clear,Green
2025-02-01 20:00:00,SYNTHETIC: Outer Ring Road - Marathahalli,637,High,Clear,Green
2025-02-01 20:00:00,SYNTHETIC: Airport Road - Hebbal,591,Moderate,Clear,Green
2025-02-01 20:00:00,SYNTHETIC: Bannerghatta Road - Dairy Circle,662,High,Clear,Yellow
2025-02-01 20:00:00,SYNTHETIC: Whitefield Road - KR Puram,658,Moderate,Clear,Yellow
2025-02-01 20:00:00,SYNTHETIC: Hosur Road - Electronic City,758,High,Clear,Green
2025-02-02 00:00:00,SYNTHETIC: Silk Board - Junction 1,327,Low,Cloudy,Green
2025-02-02 00:00:00,SYNTHETIC: Outer Ring Road - Marathahalli,331,Low,Cloudy,Green
2025-02-02 00:00:00,SYNTHETIC: Airport Road - Hebbal,454,Moderate,Cloudy,Green
2025-02-02 00:00:00,SYNTHETIC: Bannerghatta Road - Dairy Circle,469,Moderate,Cloudy,Green
2025-02-02 00:00:00,SYNTHETIC: Whitefield Road - KR Puram,470,Moderate,Cloudy,Green
2025-02-02 00:00:00,SYNTHETIC: Hosur Road - Electronic City,543,Moderate,Cloudy,Green
2025-02-02 04:00:00,SYNTHETIC: Silk Board - Junction 1,402,Moderate,Cloudy,Yellow
2025-02-02 04:00:00,SYNTHETIC: Outer Ring Road - Marathahalli,364,Low,Cloudy,Yellow
2025-02-02 04:00:00,SYNTHETIC: Airport Road - Hebbal,392,Low,Cloudy,Green
2025-02-02 04:00:00,SYNTHETIC: Bannerghatta Road - Dairy Circle,469,Moderate,Cloudy,Red
2025-02-02 04:00:00,SYNTHETIC: Whitefield Road - KR Puram,495,Moderate,Cloudy,Green
2025-02-02 04:00:00,SYNTHETIC: Hosur Road - Electronic City,472,Moderate,Cloudy,Red
2025-02-02 08:00:00,SYNTHETIC: Silk Board - Junction 1,567,High,Cloudy,Green
2025-02-02 08:00:00,SYNTHETIC: Outer Ring Road - Marathahalli,528,Moderate,Cloudy,Green
2025-02-02 08:00:00,SYNTHETIC: Airport Road - Hebbal,690,High,Cloudy,Yellow
2025-02-02 08:00:00,SYNTHETIC: Bannerghatta Road - Dairy Circle,727,High,Cloudy,Green
2025-02-02 08:00:00,SYNTHETIC: Whitefield Road - KR Puram,673,High,Cloudy,Red
2025-02-02 08:00:00,SYNTHETIC: Hosur Road - Electronic City,704,High,Cloudy,Green
2025-02-02 12:00:00,SYNTHETIC: Silk Board - Junction 1,618,High,Cloudy,Green
2025-02-02 12:00:00,SYNTHETIC: Outer Ring Road - Marathahalli,620,High,Cloudy,Green
2025-02-02 12:00:00,SYNTHETIC: Airport Road - Hebbal,684,High,Cloudy,Green
2025-02-02 12:00:00,SYNTHETIC: Bannerghatta Road - Dairy Circle,729,High,Cloudy,Green
2025-02-02 12:00:00,SYNTHETIC: Whitefield Road - KR Puram,753,High,Cloudy,Red
2025-02-02 12:00:00,SYNTHETIC: Hosur Road - Electronic City,668,Moderate,Cloudy,Yellow
2025-02-02 16:00:00,SYNTHETIC: Silk Board - Junction 1,506,Moderate,Cloudy,Green
2025-02-02 16:00:00,SYNTHETIC: Outer Ring Road - Marathahalli,604,High,Cloudy,Green
2025-02-02 16:00:00,SYNTHETIC: Airport Road - Hebbal,598,Moderate,Cloudy,Green
2025-02-02 16:00:00,SYNTHETIC: Bannerghatta Road - Dairy Circle,625,Moderate,Cloudy,Green
2025-02-02 16:00:00,SYNTHETIC: Whitefield Road - KR Puram,721,High,Cloudy,Green
2025-02-02 16:00:00,SYNTHETIC: Hosur Road - Electronic City,668,Moderate,Cloudy,Yellow
2025-02-02 20:00:00,SYNTHETIC: Silk Board - Junction 1,624,High,Cloudy,Red
2025-02-02 20:00:00,SYNTHETIC: Outer Ring Road - Marathahalli,576,Moderate,Cloudy,Green
2025-02-02 20:00:00,SYNTHETIC: Airport Road - Hebbal,568,Moderate,Cloudy,Green
2025-02-02 20:00:00,SYNTHETIC: Bannerghatta Road - Dairy Circle,620,Moderate,Cloudy,Red
2025-02-02 20:00:00,SYNTHETIC: Whitefield Road - KR Puram,759,High,Cloudy,Green
2025-02-02 20:00:00,SYNTHETIC: Hosur Road - Electronic City,801,High,Cloudy,Yellow
2025-02-03 00:00:00,SYNTHETIC: Silk Board - Junction 1,212,Low,Cloudy,Green
2025-02-03 00:00:00,SYNTHETIC: Outer Ring Road - Marathahalli,307,Low,Cloudy,Green
2025-02-03 00:00:00,SYNTHETIC: Airport Road - Hebbal,357,Low,Cloudy,Red
2025-02-03 00:00:00,SYNTHETIC: Bannerghatta Road - Dairy Circle,268,Low,Cloudy,Green
2025-02-03 00:00:00,SYNTHETIC: Whitefield Road - KR Puram,308,Low,Cloudy,Green
2025-02-03 00:00:00,SYNTHETIC: Hosur Road - Electronic City,354,Low,Cloudy,Green
2025-02-03 04:00:00,SYNTHETIC: Silk Board - Junction 1,271,Low,Cloudy,Green
2025-02-03 04:00:00,SYNTHETIC: Outer Ring Road - Marathahalli,323,Low,Cloudy,Green
2025-02-03 04:00:00,SYNTHETIC: Airport Road - Hebbal,344,Low,Cloudy,Green
2025-02-03 04:00:00,SYNTHETIC: Bannerghatta Road - Dairy Circle,257,Low,Cloudy,Green
2025-02-03 04:00:00,SYNTHETIC: Whitefield Road - KR Puram,318,Low,Cloudy,Yellow
2025-02-03 04:00:00,SYNTHETIC: Hosur Road - Electronic City,438,Low,Cloudy,Yellow
2025-02-03 08:00:00,SYNTHETIC: Silk Board - Junction 1,399,Moderate,Cloudy,Green
2025-02-03 08:00:00,SYNTHETIC: Outer Ring Road - Marathahalli,501,Moderate,Cloudy,Red
2025-02-03 08:00:00,SYNTHETIC: Airport Road - Hebbal,484,Moderate,Cloudy,Yellow
2025-02-03 08:00:00,SYNTHETIC: Bannerghatta Road - Dairy Circle,524,Moderate,Cloudy,Green
2025-02-03 08:00:00,SYNTHETIC: Whitefield Road - KR Puram,535,Moderate,Cloudy,Green
2025-02-03 08:00:00,SYNTHETIC: Hosur Road - Electronic City,648,Moderate,Cloudy,Green
2025-02-03 12:00:00,SYNTHETIC: Silk Board - Junction 1,426,Moderate,Cloudy,Green
2025-02-03 12:00:00,SYNTHETIC: Outer Ring Road - Marathahalli,521,Moderate,Cloudy,Green
2025-02-03 12:00:00,SYNTHETIC: Airport Road - Hebbal,490,Moderate,Cloudy,Yellow
2025-02-03 12:00:00,SYNTHETIC: Bannerghatta Road - Dairy Circle,583,Moderate,Cloudy,Green
2025-02-03 12:00:00,SYNTHETIC: Whitefield Road - KR Puram,602,Moderate,Cloudy,Green
2025-02-03 12:00:00,SYNTHETIC: Hosur Road - Electronic City,571,Moderate,Cloudy,Green
2025-02-03 16:00:00,SYNTHETIC: Silk Board - Junction 1,431,Moderate,Cloudy,Red
2025-02-03 16:00:00,SYNTHETIC: Outer Ring Road - Marathahalli,515,Moderate,Cloudy,Green
2025-02-03 16:00:00,SYNTHETIC: Airport Road - Hebbal,461,Moderate,Cloudy,Green
2025-02-03 16:00:00,SYNTHETIC: Bannerghatta Road - Dairy Circle,565,Moderate,Cloudy,Yellow
2025-02-03 16:00:00,SYNTHETIC: Whitefield Road - KR Puram,514,Moderate,Cloudy,Red
2025-02-03 16:00:00,SYNTHETIC: Hosur Road - Electronic City,638,Moderate,Cloudy,Green
2025-02-03 20:00:00,SYNTHETIC: Silk Board - Junction 1,487,Moderate,Cloudy,Yellow
2025-02-03 20:00:00,SYNTHETIC: Outer Ring Road - Marathahalli,434,Moderate,Cloudy,Yellow
2025-02-03 20:00:00,SYNTHETIC: Airport Road - Hebbal,479,Moderate,Cloudy,Green
2025-02-03 20:00:00,SYNTHETIC: Bannerghatta Road - Dairy Circle,583,Moderate,Cloudy,Green
2025-02-03 20:00:00,SYNTHETIC: Whitefield Road - KR Puram,625,Moderate,Cloudy,Green
2025-02-03 20:00:00,SYNTHETIC: Hosur Road - Electronic City,601,Moderate,Cloudy,Red
2025-02-04 00:00:00,SYNTHETIC: Silk Board - Junction 1,410,Moderate,Light Rain,Green
2025-02-04 00:00:00,SYNTHETIC: Outer Ring Road - Marathahalli,473,Moderate,Light Rain,Green
2025-02-04 00:00:00,SYNTHETIC: Airport Road - Hebbal,506,Moderate,Light Rain,Green
2025-02-04 00:00:00,SYNTHETIC: Bannerghatta Road - Dairy Circle,538,Moderate,Light Rain,Green
2025-02-04 00:00:00,SYNTHETIC: Whitefield Road - KR Puram,574,Moderate,Light Rain,Green
2025-02-04 00:00:00,SYNTHETIC: Hosur Road - Electronic City,540,Moderate,Light Rain,Red
2025-02-04 04:00:00,SYNTHETIC: Silk Board - Junction 1,400,Moderate,Light Rain,Green
2025-02-04 04:00:00,SYNTHETIC: Outer Ring Road - Marathahalli,416,Moderate,Light Rain,Green
2025-02-04 04:00:00,SYNTHETIC: Airport Road - Hebbal,465,Moderate,Light Rain,Green
2025-02-04 04:00:00,SYNTHETIC: Bannerghatta Road - Dairy Circle,530,Moderate,Light Rain,Green
2025-02-04 04:00:00,SYNTHETIC: Whitefield Road - KR Puram,579,Moderate,Light Rain,Yellow
2025-02-04 04:00:00,SYNTHETIC: Hosur Road - Electronic City,588,Moderate,Light Rain,Green
2025-02-04 08:00:00,SYNTHETIC: Silk Board - Junction 1,581,High,Light Rain,Yellow
2025-02-04 08:00:00,SYNTHETIC: Outer Ring Road - Marathahalli,693,High,Light Rain,Green
2025-02-04 08:00:00,SYNTHETIC: Airport Road - Hebbal,670,High,Light Rain,Green
2025-02-04 08:00:00,SYNTHETIC: Bannerghatta Road - Dairy Circle,697,High,Light Rain,Green
2025-02-04 08:00:00,SYNTHETIC: Whitefield Road - KR Puram,792,High,Light Rain,Red
2025-02-04 08:00:00,SYNTHETIC: Hosur Road - Electronic City,825,High,Light Rain,Red
2025-02-04 12:00:00,SYNTHETIC: Silk Board - Junction 1,541,Moderate,Light Rain,Yellow
2025-02-04 12:00:00,SYNTHETIC: Outer Ring Road - Marathahalli,664,High,Light Rain,Yellow
2025-02-04 12:00:00,SYNTHETIC: Airport Road - Hebbal,724,High,Light Rain,Green
2025-02-04 12:00:00,SYNTHETIC: Bannerghatta Road - Dairy Circle,731,High,Light Rain,Green
2025-02-04 12:00:00,SYNTHETIC: Whitefield Road - KR Puram,684,High,Light Rain,Green
2025-02-04 12:00:00,SYNTHETIC: Hosur Road - Electronic City,775,High,Light Rain,Green
2025-02-04 16:00:00,SYNTHETIC: Silk Board - Junction 1,642,High,Light Rain,Red
2025-02-04 16:00:00,SYNTHETIC: Outer Ring Road - Marathahalli,593,High,Light Rain,Green
2025-02-04 16:00:00,SYNTHETIC: Airport Road - Hebbal,618,High,Light Rain,Green
2025-02-04 16:00:00,SYNTHETIC: Bannerghatta Road - Dairy Circle,740,High,Light Rain,Yellow
2025-02-04 16:00:00,SYNTHETIC: Whitefield Road - KR Puram,708,High,Light Rain,Green
2025-02-04 16:00:00,SYNTHETIC: Hosur Road - Electronic City,756,High,Light Rain,Green
2025-02-04 20:00:00,SYNTHETIC: Silk Board - Junction 1,642,High,Light Rain,Green
2025-02-04 20:00:00,SYNTHETIC: Outer Ring Road - Marathahalli,704,High,Light Rain,Yellow
2025-02-04 20:00:00,SYNTHETIC: Airport Road - Hebbal,666,High,Light Rain,Green
2025-02-04 20:00:00,SYNTHETIC: Bannerghatta Road - Dairy Circle,709,High,Light Rain,Yellow
2025-02-04 20:00:00,SYNTHETIC: Whitefield Road - KR Puram,705,High,Light Rain,Yellow
2025-02-04 20:00:00,SYNTHETIC: Hosur Road - Electronic City,722,High,Light Rain,Red
2025-02-05 00:00:00,SYNTHETIC: Silk Board - Junction 1,281,Low,Clear,Green
2025-02-05 00:00:00,SYNTHETIC: Outer Ring Road - Marathahalli,296,Low,Clear,Red
2025-02-05 00:00:00,SYNTHETIC: Airport Road - Hebbal,349,Low,Clear,Red
2025-02-05 00:00:00,SYNTHETIC: Bannerghatta Road - Dairy Circle,338,Low,Clear,Yellow
2025-02-05 00:00:00,SYNTHETIC: Whitefield Road - KR Puram,415,Low,Clear,Green
2025-02-05 00:00:00,SYNTHETIC: Hosur Road - Electronic City,410,Low,Clear,Green
2025-02-05 04:00:00,SYNTHETIC: Silk Board - Junction 1,169,Low,Clear,Green
2025-02-05 04:00:00,SYNTHETIC: Outer Ring Road - Marathahalli,213,Low,Clear,Green
2025-02-05 04:00:00,SYNTHETIC: Airport Road - Hebbal,351,Low,Clear,Yellow
2025-02-05 04:00:00,SYNTHETIC: Bannerghatta Road - Dairy Circle,277,Low,Clear,Green
2025-02-05 04:00:00,SYNTHETIC: Whitefield Road - KR Puram,409,Low,Clear,Green
2025-02-05 04:00:00,SYNTHETIC: Hosur Road - Electronic City,373,Low,Clear,Yellow
2025-02-05 08:00:00,SYNTHETIC: Silk Board - Junction 1,460,Moderate,Clear,Yellow
2025-02-05 08:00:00,SYNTHETIC: Outer Ring Road - Marathahalli,504,Moderate,Clear,Green
2025-02-05 08:00:00,SYNTHETIC: Airport Road - Hebbal,458,Moderate,Clear,Yellow
2025-02-05 08:00:00,SYNTHETIC: Bannerghatta Road - Dairy Circle,473,Moderate,Clear,Green
2025-02-05 08:00:00,SYNTHETIC: Whitefield Road - KR Puram,576,Moderate,Clear,Green
2025-02-05 08:00:00,SYNTHETIC: Hosur Road - Electronic City,635,Moderate,Clear,Red
2025-02-05 12:00:00,SYNTHETIC: Silk Board - Junction 1,452,Moderate,Clear,Green
2025-02-05 12:00:00,SYNTHETIC: Outer Ring Road - Marathahalli,386,Moderate,Clear,Green
2025-02-05 12:00:00,SYNTHETIC: Airport Road - Hebbal,519,Moderate,Clear,Green
2025-02-05 12:00:00,SYNTHETIC: Bannerghatta Road - Dairy Circle,512,Moderate,Clear,Green
2025-02-05 12:00:00,SYNTHETIC: Whitefield Road - KR Puram,528,Moderate,Clear,Green
2025-02-05 12:00:00,SYNTHETIC: Hosur Road - Electronic City,582,Moderate,Clear,Green
2025-02-05 16:00:00,SYNTHETIC: Silk Board - Junction 1,433,Moderate,Clear,Green
2025-02-05 16:00:00,SYNTHETIC: Outer Ring Road - Marathahalli,436,Moderate,Clear,Yellow
2025-02-05 16:00:00,SYNTHETIC: Airport Road - Hebbal,510,Moderate,Clear,Red
2025-02-05 16:00:00,SYNTHETIC: Bannerghatta Road - Dairy Circle,494,Moderate,Clear,Green
2025-02-05 16:00:00,SYNTHETIC: Whitefield Road - KR Puram,527,Moderate,Clear,Green
2025-02-05 16:00:00,SYNTHETIC: Hosur Road - Electronic City,571,Moderate,Clear,Green
2025-02-05 20:00:00,SYNTHETIC: Silk Board - Junction 1,486,Moderate,Clear,Green
2025-02-05 20:00:00,SYNTHETIC: Outer Ring Road - Marathahalli,395,Moderate,Clear,Yellow
2025-02-05 20:00:00,SYNTHETIC: Airport Road - Hebbal,558,Moderate,Clear,Green
2025-02-05 20:00:00,SYNTHETIC: Bannerghatta Road - Dairy Circle,472,Moderate,Clear,Green
2025-02-05 20:00:00,SYNTHETIC: Whitefield Road - KR Puram,570,Moderate,Clear,Red
2025-02-05 20:00:00,SYNTHETIC: Hosur Road - Electronic City,578,Moderate,Clear,Green
2025-02-06 00:00:00,SYNTHETIC: Silk Board - Junction 1,203,Low,Cloudy,Green
2025-02-06 00:00:00,SYNTHETIC: Outer Ring Road - Marathahalli,310,Low,Cloudy,Yellow
2025-02-06 00:00:00,SYNTHETIC: Airport Road - Hebbal,311,Low,Cloudy,Yellow
2025-02-06 00:00:00,SYNTHETIC: Bannerghatta Road - Dairy Circle,336,Low,Cloudy,Green
2025-02-06 00:00:00,SYNTHETIC: Whitefield Road - KR Puram,343,Low,Cloudy,Red
2025-02-06 00:00:00,SYNTHETIC: Hosur Road - Electronic City,454,Moderate,Cloudy,Green
2025-02-06 04:00:00,SYNTHETIC: Silk Board - Junction 1,215,Low,Cloudy,Green
2025-02-06 04:00:00,SYNTHETIC: Outer Ring Road - Marathahalli,301,Low,Cloudy,Green
2025-02-06 04:00:00,SYNTHETIC: Airport Road - Hebbal,317,Low,Cloudy,Yellow
2025-02-06 04:00:00,SYNTHETIC: Bannerghatta Road - Dairy Circle,357,Low,Cloudy,Red
2025-02-06 04:00:00,SYNTHETIC: Whitefield Road - KR Puram,315,Low,Cloudy,Green
2025-02-06 04:00:00,SYNTHETIC: Hosur Road - Electronic City,404,Low,Cloudy,Yellow
2025-02-06 08:00:00,SYNTHETIC: Silk Board - Junction 1,461,Moderate,Cloudy,Red
2025-02-06 08:00:00,SYNTHETIC: Outer Ring Road - Marathahalli,461,Moderate,Cloudy,Green
2025-02-06 08:00:00,SYNTHETIC: Airport Road - Hebbal,441,Moderate,Cloudy,Yellow
2025-02-06 08:00:00,SYNTHETIC: Bannerghatta Road - Dairy Circle,554,Moderate,Cloudy,Red
2025-02-06 08:00:00,SYNTHETIC: Whitefield Road - KR Puram,494,Moderate,Cloudy,Red
2025-02-06 08:00:00,SYNTHETIC: Hosur Road - Electronic City,595,Moderate,Cloudy,Yellow
2025-02-06 12:00:00,SYNTHETIC: Silk Board - Junction 1,432,Moderate,Cloudy,Green
2025-02-06 12:00:00,SYNTHETIC: Outer Ring Road - Marathahalli,448,Moderate,Cloudy,Green
2025-02-06 12:00:00,SYNTHETIC: Airport Road - Hebbal,422,Moderate,Cloudy,Green
2025-02-06 12:00:00,SYNTHETIC: Bannerghatta Road - Dairy Circle,494,Moderate,Cloudy,Green
2025-02-06 12:00:00,SYNTHETIC: Whitefield Road - KR Puram,610,Moderate,Cloudy,Yellow
2025-02-06 12:00:00,SYNTHETIC: Hosur Road - Electronic City,540,Moderate,Cloudy,Green
2025-02-06 16:00:00,SYNTHETIC: Silk Board - Junction 1,403,Moderate,Cloudy,Red
2025-02-06 16:00:00,SYNTHETIC: Outer Ring Road - Marathahalli,460,Moderate,Cloudy,Green
2025-02-06 16:00:00,SYNTHETIC: Airport Road - Hebbal,526,Moderate,Cloudy,Yellow
2025-02-06 16:00:00,SYNTHETIC: Bannerghatta Road - Dairy Circle,562,Moderate,Cloudy,Green
2025-02-06 16:00:00,SYNTHETIC: Whitefield Road - KR Puram,622,Moderate,Cloudy,Red
2025-02-06 16:00:00,SYNTHETIC: Hosur Road - Electronic City,571,Moderate,Cloudy,Green
2025-02-06 20:00:00,SYNTHETIC: Silk Board - Junction 1,378,Moderate,Cloudy,Yellow
2025-02-06 20:00:00,SYNTHETIC: Outer Ring Road - Marathahalli,392,Moderate,Cloudy,Green
2025-02-06 20:00:00,SYNTHETIC: Airport Road - Hebbal,498,Moderate,Cloudy,Green
2025-02-06 20:00:00,SYNTHETIC: Bannerghatta Road - Dairy Circle,550,Moderate,Cloudy,Red
2025-02-06 20:00:00,SYNTHETIC: Whitefield Road - KR Puram,557,Moderate,Cloudy,Green
2025-02-06 20:00:00,SYNTHETIC: Hosur Road - Electronic City,532,Moderate,Cloudy,Yellow
2025-02-07 00:00:00,SYNTHETIC: Silk Board - Junction 1,451,Moderate,Light Rain,Green
2025-02-07 00:00:00,SYNTHETIC: Outer Ring Road - Marathahalli,430,Moderate,Light Rain,Green
2025-02-07 00:00:00,SYNTHETIC: Airport Road - Hebbal,538,Moderate,Light Rain,Green
2025-02-07 00:00:00,SYNTHETIC: Bannerghatta Road - Dairy Circle,459,Moderate,Light Rain,Green
2025-02-07 00:00:00,SYNTHETIC: Whitefield Road - KR Puram,520,Moderate,Light Rain,Green
2025-02-07 00:00:00,SYNTHETIC: Hosur Road - Electronic City,636,Moderate,Light Rain,Green
2025-02-07 04:00:00,SYNTHETIC: Silk Board - Junction 1,366,Moderate,Light Rain,Green
2025-02-07 04:00:00,SYNTHETIC: Outer Ring Road - Marathahalli,386,Moderate,Light Rain,Yellow
2025-02-07 04:00:00,SYNTHETIC: Airport Road - Hebbal,503,Moderate,Light Rain,Green
2025-02-07 04:00:00,SYNTHETIC: Bannerghatta Road - Dairy Circle,461,Moderate,Light Rain,Green
2025-02-07 04:00:00,SYNTHETIC: Whitefield Road - KR Puram,534,Moderate,Light Rain,Green
2025-02-07 04:00:00,SYNTHETIC: Hosur Road - Electronic City,582,Moderate,Light Rain,Green
2025-02-07 08:00:00,SYNTHETIC: Silk Board - Junction 1,648,High,Light Rain,Yellow
2025-02-07 08:00:00,SYNTHETIC: Outer Ring Road - Marathahalli,698,High,Light Rain,Green
2025-02-07 08:00:00,SYNTHETIC: Airport Road - Hebbal,668,High,Light Rain,Yellow
2025-02-07 08:00:00,SYNTHETIC: Bannerghatta Road - Dairy Circle,668,High,Light Rain,Green
2025-02-07 08:00:00,SYNTHETIC: Whitefield Road - KR Puram,765,High,Light Rain,Yellow
2025-02-07 08:00:00,SYNTHETIC: Hosur Road - Electronic City,713,High,Light Rain,Yellow
2025-02-07 12:00:00,SYNTHETIC: Silk Board - Junction 1,628,High,Light Rain,Green
2025-02-07 12:00:00,SYNTHETIC: Outer Ring Road - Marathahalli,615,High,Light Rain,Red
2025-02-07 12:00:00,SYNTHETIC: Airport Road - Hebbal,603,Moderate,Light Rain,Green
2025-02-07 12:00:00,SYNTHETIC: Bannerghatta Road - Dairy Circle,643,Moderate,Light Rain,Yellow
2025-02-07 12:00:00,SYNTHETIC: Whitefield Road - KR Puram,730,High,Light Rain,Green
2025-02-07 12:00:00,SYNTHETIC: Hosur Road - Electronic City,787,High,Light Rain,Green
2025-02-07 16:00:00,SYNTHETIC: Silk Board - Junction 1,653,High,Light Rain,Green
2025-02-07 16:00:00,SYNTHETIC: Outer Ring Road - Marathahalli,653,High,Light Rain,Green
2025-02-07 16:00:00,SYNTHETIC: Airport Road - Hebbal,703,High,Light Rain,Green
2025-02-07 16:00:00,SYNTHETIC: Bannerghatta Road - Dairy Circle,689,High,Light Rain,Green
2025-02-07 16:00:00,SYNTHETIC: Whitefield Road - KR Puram,737,High,Light Rain,Green
2025-02-07 16:00:00,SYNTHETIC: Hosur Road - Electronic City,735,High,Light Rain,Yellow
2025-02-07 20:00:00,SYNTHETIC: Silk Board - Junction 1,661,High,Light Rain,Red
2025-02-07 20:00:00,SYNTHETIC: Outer Ring Road - Marathahalli,651,High,Light Rain,Red
2025-02-07 20:00:00,SYNTHETIC: Airport Road - Hebbal,647,High,Light Rain,Green
2025-02-07 20:00:00,SYNTHETIC: Bannerghatta Road - Dairy Circle,759,High,Light Rain,Yellow
2025-02-07 20:00:00,SYNTHETIC: Whitefield Road - KR Puram,786,High,Light Rain,Yellow
2025-02-07 20:00:00,SYNTHETIC: Hosur Road - Electronic City,792,High,Light Rain,Yellow
2025-02-08 00:00:00,SYNTHETIC: Silk Board - Junction 1,604,High,Light Rain,Green
2025-02-08 00:00:00,SYNTHETIC: Outer Ring Road - Marathahalli,543,Moderate,Light Rain,Green
2025-02-08 00:00:00,SYNTHETIC: Airport Road - Hebbal,675,High,Light Rain,Green
2025-02-08 00:00:00,SYNTHETIC: Bannerghatta Road - Dairy Circle,711,High,Light Rain,Green
2025-02-08 00:00:00,SYNTHETIC: Whitefield Road - KR Puram,668,Moderate,Light Rain,Yellow
2025-02-08 00:00:00,SYNTHETIC: Hosur Road - Electronic City,780,High,Light Rain,Green
2025-02-08 04:00:00,SYNTHETIC: Silk Board - Junction 1,510,Moderate,Light Rain,Green
2025-02-08 04:00:00,SYNTHETIC: Outer Ring Road - Marathahalli,547,Moderate,Light Rain,Green
2025-02-08 04:00:00,SYNTHETIC: Airport Road - Hebbal,597,Moderate,Light Rain,Yellow
2025-02-08 04:00:00,SYNTHETIC: Bannerghatta Road - Dairy Circle,613,Moderate,Light Rain,Green
2025-02-08 04:00:00,SYNTHETIC: Whitefield Road - KR Puram,718,High,Light Rain,Red
2025-02-08 04:00:00,SYNTHETIC: Hosur Road - Electronic City,716,High,Light Rain,Green
2025-02-08 08:00:00,SYNTHETIC: Silk Board - Junction 1,772,Severe,Light Rain,Green
2025-02-08 08:00:00,SYNTHETIC: Outer Ring Road - Marathahalli,838,Severe,Light Rain,Red
2025-02-08 08:00:00,SYNTHETIC: Airport Road - Hebbal,861,Severe,Light Rain,Green
2025-02-08 08:00:00,SYNTHETIC: Bannerghatta Road - Dairy Circle,809,High,Light Rain,Yellow
2025-02-08 08:00:00,SYNTHETIC: Whitefield Road - KR Puram,886,Severe,Light Rain,Green
2025-02-08 08:00:00,SYNTHETIC: Hosur Road - Electronic City,909,Severe,Light Rain,Yellow
2025-02-08 12:00:00,SYNTHETIC: Silk Board - Junction 1,749,Severe,Light Rain,Green
2025-02-08 12:00:00,SYNTHETIC: Outer Ring Road - Marathahalli,722,High,Light Rain,Green
2025-02-08 12:00:00,SYNTHETIC: Airport Road - Hebbal,845,Severe,Light Rain,Green
2025-02-08 12:00:00,SYNTHETIC: Bannerghatta Road - Dairy Circle,898,Severe,Light Rain,Yellow
2025-02-08 12:00:00,SYNTHETIC: Whitefield Road - KR Puram,872,Severe,Light Rain,Green
2025-02-08 12:00:00,SYNTHETIC: Hosur Road - Electronic City,885,High,Light Rain,Green
2025-02-08 16:00:00,SYNTHETIC: Silk Board - Junction 1,770,Severe,Light Rain,Green
2025-02-08 16:00:00,SYNTHETIC: Outer Ring Road - Marathahalli,768,Severe,Light Rain,Yellow
2025-02-08 16:00:00,SYNTHETIC: Airport Road - Hebbal,758,High,Light Rain,Green
2025-02-08 16:00:00,SYNTHETIC: Bannerghatta Road - Dairy Circle,845,Severe,Light Rain,Green
2025-02-08 16:00:00,SYNTHETIC: Whitefield Road - KR Puram,912,Severe,Light Rain,Green
2025-02-08 16:00:00,SYNTHETIC: Hosur Road - Electronic City,883,High,Light Rain,Green
2025-02-08 20:00:00,SYNTHETIC: Silk Board - Junction 1,706,High,Light Rain,Yellow
2025-02-08 20:00:00,SYNTHETIC: Outer Ring Road - Marathahalli,788,Severe,Light Rain,Green
2025-02-08 20:00:00,SYNTHETIC: Airport Road - Hebbal,770,High,Light Rain,Green
2025-02-08 20:00:00,SYNTHETIC: Bannerghatta Road - Dairy Circle,909,Severe,Light Rain,Green
2025-02-08 20:00:00,SYNTHETIC: Whitefield Road - KR Puram,930,Severe,Light Rain,Green
2025-02-08 20:00:00,SYNTHETIC: Hosur Road - Electronic City,957,Severe,Light Rain,Green
2025-02-09 00:00:00,SYNTHETIC: Silk Board - Junction 1,580,High,Heavy Rain,Green
2025-02-09 00:00:00,SYNTHETIC: Outer Ring Road - Marathahalli,531,Moderate,Heavy Rain,Red
2025-02-09 00:00:00,SYNTHETIC: Airport Road - Hebbal,611,Moderate,Heavy Rain,Yellow
2025-02-09 00:00:00,SYNTHETIC: Bannerghatta Road - Dairy Circle,645,High,Heavy Rain,Red
2025-02-09 00:00:00,SYNTHETIC: Whitefield Road - KR Puram,740,High,Heavy Rain,Green
2025-02-09 00:00:00,SYNTHETIC: Hosur Road - Electronic City,709,High,Heavy Rain,Red
2025-02-09 04:00:00,SYNTHETIC: Silk Board - Junction 1,491,Moderate,Heavy Rain,Green
2025-02-09 04:00:00,SYNTHETIC: Outer Ring Road - Marathahalli,629,High,Heavy Rain,Green
2025-02-09 04:00:00,SYNTHETIC: Airport Road - Hebbal,666,High,Heavy Rain,Green
2025-02-09 04:00:00,SYNTHETIC: Bannerghatta Road - Dairy Circle,686,High,Heavy Rain,Yellow
2025-02-09 04:00:00,SYNTHETIC: Whitefield Road - KR Puram,636,Moderate,Heavy Rain,Red
2025-02-09 04:00:00,SYNTHETIC: Hosur Road - Electronic City,769,High,Heavy Rain,Green
2025-02-09 08:00:00,SYNTHETIC: Silk Board - Junction 1,766,Severe,Heavy Rain,Green
2025-02-09 08:00:00,SYNTHETIC: Outer Ring Road - Marathahalli,802,Severe,Heavy Rain,Green
2025-02-09 08:00:00,SYNTHETIC: Airport Road - Hebbal,767,High,Heavy Rain,Green
2025-02-09 08:00:00,SYNTHETIC: Bannerghatta Road - Dairy Circle,800,High,Heavy Rain,Green
2025-02-09 08:00:00,SYNTHETIC: Whitefield Road - KR Puram,840,High,Heavy Rain,Red
2025-02-09 08:00:00,SYNTHETIC: Hosur Road - Electronic City,906,Severe,Heavy Rain,Green
2025-02-09 12:00:00,SYNTHETIC: Silk Board - Junction 1,777,Severe,Heavy Rain,Yellow
2025-02-09 12:00:00,SYNTHETIC: Outer Ring Road - Marathahalli,715,High,Heavy Rain,Green
2025-02-09 12:00:00,SYNTHETIC: Airport Road - Hebbal,852,Severe,Heavy Rain,Red
2025-02-09 12:00:00,SYNTHETIC: Bannerghatta Road - Dairy Circle,908,Severe,Heavy Rain,Green
2025-02-09 12:00:00,SYNTHETIC: Whitefield Road - KR Puram,912,Severe,Heavy Rain,Yellow
2025-02-09 12:00:00,SYNTHETIC: Hosur Road - Electronic City,955,Severe,Heavy Rain,Yellow
2025-02-09 16:00:00,SYNTHETIC: Silk Board - Junction 1,676,High,Heavy Rain,Green
2025-02-09 16:00:00,SYNTHETIC: Outer Ring Road - Marathahalli,751,High,Heavy Rain,Green
2025-02-09 16:00:00,SYNTHETIC: Airport Road - Hebbal,824,Severe,Heavy Rain,Green
2025-02-09 16:00:00,SYNTHETIC: Bannerghatta Road - Dairy Circle,880,Severe,Heavy Rain,Yellow
2025-02-09 16:00:00,SYNTHETIC: Whitefield Road - KR Puram,926,Severe,Heavy Rain,Yellow
2025-02-09 16:00:00,SYNTHETIC: Hosur Road - Electronic City,909,Severe,Heavy Rain,Green
2025-02-09 20:00:00,SYNTHETIC: Silk Board - Junction 1,758,Severe,Heavy Rain,Green
2025-02-09 20:00:00,SYNTHETIC: Outer Ring Road - Marathahalli,768,Severe,Heavy Rain,Green
2025-02-09 20:00:00,SYNTHETIC: Airport Road - Hebbal,752,High,Heavy Rain,Green
2025-02-09 20:00:00,SYNTHETIC: Bannerghatta Road - Dairy Circle,842,Severe,Heavy Rain,Yellow
2025-02-09 20:00:00,SYNTHETIC: Whitefield Road - KR Puram,851,High,Heavy Rain,Green
2025-02-09 20:00:00,SYNTHETIC: Hosur Road - Electronic City,985,Severe,Heavy Rain,Green
2025-02-10 00:00:00,SYNTHETIC: Silk Board - Junction 1,422,Moderate,Heavy Rain,Yellow
2025-02-10 00:00:00,SYNTHETIC: Outer Ring Road - Marathahalli,408,Moderate,Heavy Rain,Green
2025-02-10 00:00:00,SYNTHETIC: Airport Road - Hebbal,428,Moderate,Heavy Rain,Green
2025-02-10 00:00:00,SYNTHETIC: Bannerghatta Road - Dairy Circle,514,Moderate,Heavy Rain,Red
2025-02-10 00:00:00,SYNTHETIC: Whitefield Road - KR Puram,545,Moderate,Heavy Rain,Yellow
2025-02-10 00:00:00,SYNTHETIC: Hosur Road - Electronic City,642,Moderate,Heavy Rain,Green
2025-02-10 04:00:00,SYNTHETIC: Silk Board - Junction 1,349,Low,Heavy Rain,Green
2025-02-10 04:00:00,SYNTHETIC: Outer Ring Road - Marathahalli,388,Moderate,Heavy Rain,Yellow
2025-02-10 04:00:00,SYNTHETIC: Airport Road - Hebbal,503,Moderate,Heavy Rain,Red
2025-02-10 04:00:00,SYNTHETIC: Bannerghatta Road - Dairy Circle,472,Moderate,Heavy Rain,Yellow
2025-02-10 04:00:00,SYNTHETIC: Whitefield Road - KR Puram,606,Moderate,Heavy Rain,Green
2025-02-10 04:00:00,SYNTHETIC: Hosur Road - Electronic City,539,Moderate,Heavy Rain,Red
2025-02-10 08:00:00,SYNTHETIC: Silk Board - Junction 1,556,Moderate,Heavy Rain,Yellow
2025-02-10 08:00:00,SYNTHETIC: Outer Ring Road - Marathahalli,640,High,Heavy Rain,Green
2025-02-10 08:00:00,SYNTHETIC: Airport Road - Hebbal,621,High,Heavy Rain,Green
2025-02-10 08:00:00,SYNTHETIC: Bannerghatta Road - Dairy Circle,692,High,Heavy Rain,Green
2025-02-10 08:00:00,SYNTHETIC: Whitefield Road - KR Puram,680,High,Heavy Rain,Green
2025-02-10 08:00:00,SYNTHETIC: Hosur Road - Electronic City,744,High,Heavy Rain,Yellow
2025-02-10 12:00:00,SYNTHETIC: Silk Board - Junction 1,600,High,Heavy Rain,Green
2025-02-10 12:00:00,SYNTHETIC: Outer Ring Road - Marathahalli,622,High,Heavy Rain,Yellow
2025-02-10 12:00:00,SYNTHETIC: Airport Road - Hebbal,656,High,Heavy Rain,Green
2025-02-10 12:00:00,SYNTHETIC: Bannerghatta Road - Dairy Circle,692,High,Heavy Rain,Green
2025-02-10 12:00:00,SYNTHETIC: Whitefield Road - KR Puram,725,High,Heavy Rain,Green
2025-02-10 12:00:00,SYNTHETIC: Hosur Road - Electronic City,780,High,Heavy Rain,Green
2025-02-10 16:00:00,SYNTHETIC: Silk Board - Junction 1,535,Moderate,Heavy Rain,Red
2025-02-10 16:00:00,SYNTHETIC: Outer Ring Road - Marathahalli,688,High,Heavy Rain,Yellow
2025-02-10 16:00:00,SYNTHETIC: Airport Road - Hebbal,706,High,Heavy Rain,Green
2025-02-10 16:00:00,SYNTHETIC: Bannerghatta Road - Dairy Circle,684,High,Heavy Rain,Green
2025-02-10 16:00:00,SYNTHETIC: Whitefield Road - KR Puram,802,High,Heavy Rain,Green
2025-02-10 16:00:00,SYNTHETIC: Hosur Road - Electronic City,804,High,Heavy Rain,Yellow
2025-02-10 20:00:00,SYNTHETIC: Silk Board - Junction 1,623,High,Heavy Rain,Yellow
2025-02-10 20:00:00,SYNTHETIC: Outer Ring Road - Marathahalli,632,High,Heavy Rain,Green
2025-02-10 20:00:00,SYNTHETIC: Airport Road - Hebbal,693,High,Heavy Rain,Red
2025-02-10 20:00:00,SYNTHETIC: Bannerghatta Road - Dairy Circle,695,High,Heavy Rain,Green
2025-02-10 20:00:00,SYNTHETIC: Whitefield Road - KR Puram,761,High,Heavy Rain,Green
2025-02-10 20:00:00,SYNTHETIC: Hosur Road - Electronic City,739,High,Heavy Rain,Green
2025-02-11 00:00:00,SYNTHETIC: Silk Board - Junction 1,264,Low,Clear,Green
2025-02-11 00:00:00,SYNTHETIC: Outer Ring Road - Marathahalli,199,Low,Clear,Red
2025-02-11 00:00:00,SYNTHETIC: Airport Road - Hebbal,342,Low,Clear,Red
2025-02-11 00:00:00,SYNTHETIC: Bannerghatta Road - Dairy Circle,292,Low,Clear,Green
2025-02-11 00:00:00,SYNTHETIC: Whitefield Road - KR Puram,380,Low,Clear,Green
2025-02-11 00:00:00,SYNTHETIC: Hosur Road - Electronic City,395,Low,Clear,Green
2025-02-11 04:00:00,SYNTHETIC: Silk Board - Junction 1,157,Low,Clear,Yellow
2025-02-11 04:00:00,SYNTHETIC: Outer Ring Road - Marathahalli,310,Low,Clear,Green
2025-02-11 04:00:00,SYNTHETIC: Airport Road - Hebbal,254,Low,Clear,Red
2025-02-11 04:00:00,SYNTHETIC: Bannerghatta Road - Dairy Circle,310,Low,Clear,Yellow
2025-02-11 04:00:00,SYNTHETIC: Whitefield Road - KR Puram,369,Low,Clear,Green
2025-02-11 04:00:00,SYNTHETIC: Hosur Road - Electronic City,402,Low,Clear,Green
2025-02-11 08:00:00,SYNTHETIC: Silk Board - Junction 1,480,Moderate,Clear,Red
2025-02-11 08:00:00,SYNTHETIC: Outer Ring Road - Marathahalli,421,Moderate,Clear,Yellow
2025-02-11 08:00:00,SYNTHETIC: Airport Road - Hebbal,500,Moderate,Clear,Red
2025-02-11 08:00:00,SYNTHETIC: Bannerghatta Road - Dairy Circle,468,Moderate,Clear,Yellow
2025-02-11 08:00:00,SYNTHETIC: Whitefield Road - KR Puram,581,Moderate,Clear,Green
2025-02-11 08:00:00,SYNTHETIC: Hosur Road - Electronic City,543,Moderate,Clear,Green
2025-02-11 12:00:00,SYNTHETIC: Silk Board - Junction 1,485,Moderate,Clear,Green
2025-02-11 12:00:00,SYNTHETIC: Outer Ring Road - Marathahalli,426,Moderate,Clear,Yellow
2025-02-11 12:00:00,SYNTHETIC: Airport Road - Hebbal,483,Moderate,Clear,Red
2025-02-11 12:00:00,SYNTHETIC: Bannerghatta Road - Dairy Circle,500,Moderate,Clear,Yellow
2025-02-11 12:00:00,SYNTHETIC: Whitefield Road - KR Puram,497,Moderate,Clear,Green
2025-02-11 12:00:00,SYNTHETIC: Hosur Road - Electronic City,651,Moderate,Clear,Yellow
2025-02-11 16:00:00,SYNTHETIC: Silk Board - Junction 1,434,Moderate,Clear,Green
2025-02-11 16:00:00,SYNTHETIC: Outer Ring Road - Marathahalli,488,Moderate,Clear,Green
2025-02-11 16:00:00,SYNTHETIC: Airport Road - Hebbal,519,Moderate,Clear,Yellow
2025-02-11 16:00:00,SYNTHETIC: Bannerghatta Road - Dairy Circle,552,Moderate,Clear,Yellow
2025-02-11 16:00:00,SYNTHETIC: Whitefield Road - KR Puram,525,Moderate,Clear,Yellow
2025-02-11 16:00:00,SYNTHETIC: Hosur Road - Electronic City,571,Moderate,Clear,Green
2025-02-11 20:00:00,SYNTHETIC: Silk Board - Junction 1,440,Moderate,Clear,Green
2025-02-11 20:00:00,SYNTHETIC: Outer Ring Road - Marathahalli,495,Moderate,Clear,Red
2025-02-11 20:00:00,SYNTHETIC: Airport Road - Hebbal,547,Moderate,Clear,Green
2025-02-11 20:00:00,SYNTHETIC: Bannerghatta Road - Dairy Circle,521,Moderate,Clear,Green
2025-02-11 20:00:00,SYNTHETIC: Whitefield Road - KR Puram,548,Moderate,Clear,Green
2025-02-11 20:00:00,SYNTHETIC: Hosur Road - Electronic City,545,Moderate,Clear,Green
2025-02-12 00:00:00,SYNTHETIC: Silk Board - Junction 1,354,Low,Light Rain,Red
2025-02-12 00:00:00,SYNTHETIC: Outer Ring Road - Marathahalli,404,Moderate,Light Rain,Green
2025-02-12 00:00:00,SYNTHETIC: Airport Road - Hebbal,445,Moderate,Light Rain,Red
2025-02-12 00:00:00,SYNTHETIC: Bannerghatta Road - Dairy Circle,480,Moderate,Light Rain,Green
2025-02-12 00:00:00,SYNTHETIC: Whitefield Road - KR Puram,583,Moderate,Light Rain,Green
2025-02-12 00:00:00,SYNTHETIC: Hosur Road - Electronic City,514,Moderate,Light Rain,Red
2025-02-12 04:00:00,SYNTHETIC: Silk Board - Junction 1,360,Moderate,Light Rain,Yellow
2025-02-12 04:00:00,SYNTHETIC: Outer Ring Road - Marathahalli,444,Moderate,Light Rain,Red
2025-02-12 04:00:00,SYNTHETIC: Airport Road - Hebbal,427,Moderate,Light Rain,Green
2025-02-12 04:00:00,SYNTHETIC: Bannerghatta Road - Dairy Circle,481,Moderate,Light Rain,Green
2025-02-12 04:00:00,SYNTHETIC: Whitefield Road - KR Puram,512,Moderate,Light Rain,Red
2025-02-12 04:00:00,SYNTHETIC: Hosur Road - Electronic City,632,Moderate,Light Rain,Green
2025-02-12 08:00:00,SYNTHETIC: Silk Board - Junction 1,569,High,Light Rain,Red
2025-02-12 08:00:00,SYNTHETIC: Outer Ring Road - Marathahalli,651,High,Light Rain,Red
2025-02-12 08:00:00,SYNTHETIC: Airport Road - Hebbal,740,High,Light Rain,Yellow
2025-02-12 08:00:00,SYNTHETIC: Bannerghatta Road - Dairy Circle,749,High,Light Rain,Red
2025-02-12 08:00:00,SYNTHETIC: Whitefield Road - KR Puram,686,High,Light Rain,Green
2025-02-12 08:00:00,SYNTHETIC: Hosur Road - Electronic City,798,High,Light Rain,Green
2025-02-12 12:00:00,SYNTHETIC: Silk Board - Junction 1,655,High,Light Rain,Green
2025-02-12 12:00:00,SYNTHETIC: Outer Ring Road - Marathahalli,668,High,Light Rain,Green
2025-02-12 12:00:00,SYNTHETIC: Airport Road - Hebbal,615,Moderate,Light Rain,Red
2025-02-12 12:00:00,SYNTHETIC: Bannerghatta Road - Dairy Circle,757,High,Light Rain,Yellow
2025-02-12 12:00:00,SYNTHETIC: Whitefield Road - KR Puram,695,High,Light Rain,Yellow
2025-02-12 12:00:00,SYNTHETIC: Hosur Road - Electronic City,728,High,Light Rain,Yellow
2025-02-12 16:00:00,SYNTHETIC: Silk Board - Junction 1,612,High,Light Rain,Red
2025-02-12 16:00:00,SYNTHETIC: Outer Ring Road - Marathahalli,701,High,Light Rain,Green
2025-02-12 16:00:00,SYNTHETIC: Airport Road - Hebbal,739,High,Light Rain,Green
2025-02-12 16:00:00,SYNTHETIC: Bannerghatta Road - Dairy Circle,707,High,Light Rain,Green
2025-02-12 16:00:00,SYNTHETIC: Whitefield Road - KR Puram,784,High,Light Rain,Yellow
2025-02-12 16:00:00,SYNTHETIC: Hosur Road - Electronic City,779,High,Light Rain,Red
2025-02-12 20:00:00,SYNTHETIC: Silk Board - Junction 1,639,High,Light Rain,Green
2025-02-12 20:00:00,SYNTHETIC: Outer Ring Road - Marathahalli,661,High,Light Rain,Green
2025-02-12 20:00:00,SYNTHETIC: Airport Road - Hebbal,606,Moderate,Light Rain,Green
2025-02-12 20:00:00,SYNTHETIC: Bannerghatta Road - Dairy Circle,717,High,Light Rain,Green
2025-02-12 20:00:00,SYNTHETIC: Whitefield Road - KR Puram,769,High,Light Rain,Green
2025-02-12 20:00:00,SYNTHETIC: Hosur Road - Electronic City,778,High,Light Rain,Yellow
2025-02-13 00:00:00,SYNTHETIC: Silk Board - Junction 1,204,Low,Clear,Green
2025-02-13 00:00:00,SYNTHETIC: Outer Ring Road - Marathahalli,232,Low,Clear,Red
2025-02-13 00:00:00,SYNTHETIC: Airport Road - Hebbal,301,Low,Clear,Green
2025-02-13 00:00:00,SYNTHETIC: Bannerghatta Road - Dairy Circle,307,Low,Clear,Green
2025-02-13 00:00:00,SYNTHETIC: Whitefield Road - KR Puram,293,Low,Clear,Green
2025-02-13 00:00:00,SYNTHETIC: Hosur Road - Electronic City,422,Low,Clear,Green
2025-02-13 04:00:00,SYNTHETIC: Silk Board - Junction 1,179,Low,Clear,Red
2025-02-13 04:00:00,SYNTHETIC: Outer Ring Road - Marathahalli,186,Low,Clear,Red
2025-02-13 04:00:00,SYNTHETIC: Airport Road - Hebbal,304,Low,Clear,Red
2025-02-13 04:00:00,SYNTHETIC: Bannerghatta Road - Dairy Circle,354,Low,Clear,Yellow
2025-02-13 04:00:00,SYNTHETIC: Whitefield Road - KR Puram,385,Low,Clear,Red
2025-02-13 04:00:00,SYNTHETIC: Hosur Road - Electronic City,427,Low,Clear,Green
2025-02-13 08:00:00,SYNTHETIC: Silk Board - Junction 1,386,Moderate,Clear,Green
2025-02-13 08:00:00,SYNTHETIC: Outer Ring Road - Marathahalli,451,Moderate,Clear,Red
2025-02-13 08:00:00,SYNTHETIC: Airport Road - Hebbal,528,Moderate,Clear,Yellow
2025-02-13 08:00:00,SYNTHETIC: Bannerghatta Road - Dairy Circle,534,Moderate,Clear,Green
2025-02-13 08:00:00,SYNTHETIC: Whitefield Road - KR Puram,559,Moderate,Clear,Green
2025-02-13 08:00:00,SYNTHETIC: Hosur Road - Electronic City,527,Moderate,Clear,Green
2025-02-13 12:00:00,SYNTHETIC: Silk Board - Junction 1,455,Moderate,Clear,Green
2025-02-13 12:00:00,SYNTHETIC: Outer Ring Road - Marathahalli,433,Moderate,Clear,Yellow
2025-02-13 12:00:00,SYNTHETIC: Airport Road - Hebbal,544,Moderate,Clear,Green
2025-02-13 12:00:00,SYNTHETIC: Bannerghatta Road - Dairy Circle,457,Moderate,Clear,Green
2025-02-13 12:00:00,SYNTHETIC: Whitefield Road - KR Puram,591,Moderate,Clear,Green
2025-02-13 12:00:00,SYNTHETIC: Hosur Road - Electronic City,639,Moderate,Clear,Green
2025-02-13 16:00:00,SYNTHETIC: Silk Board - Junction 1,407,Moderate,Clear,Green
2025-02-13 16:00:00,SYNTHETIC: Outer Ring Road - Marathahalli,414,Moderate,Clear,Green
2025-02-13 16:00:00,SYNTHETIC: Airport Road - Hebbal,545,Moderate,Clear,Green
2025-02-13 16:00:00,SYNTHETIC: Bannerghatta Road - Dairy Circle,592,Moderate,Clear,Green
2025-02-13 16:00:00,SYNTHETIC: Whitefield Road - KR Puram,555,Moderate,Clear,Red
2025-02-13 16:00:00,SYNTHETIC: Hosur Road - Electronic City,626,Moderate,Clear,Green
2025-02-13 20:00:00,SYNTHETIC: Silk Board - Junction 1,423,Moderate,Clear,Green
2025-02-13 20:00:00,SYNTHETIC: Outer Ring Road - Marathahalli,451,Moderate,Clear,Green
2025-02-13 20:00:00,SYNTHETIC: Airport Road - Hebbal,450,Moderate,Clear,Green
2025-02-13 20:00:00,SYNTHETIC: Bannerghatta Road - Dairy Circle,506,Moderate,Clear,Red
2025-02-13 20:00:00,SYNTHETIC: Whitefield Road - KR Puram,617,Moderate,Clear,Green
2025-02-13 20:00:00,SYNTHETIC: Hosur Road - Electronic City,657,Moderate,Clear,Red
2025-02-14 00:00:00,SYNTHETIC: Silk Board - Junction 1,189,Low,Clear,Green
2025-02-14 00:00:00,SYNTHETIC: Outer Ring Road - Marathahalli,249,Low,Clear,Red
2025-02-14 00:00:00,SYNTHETIC: Airport Road - Hebbal,309,Low,Clear,Green
2025-02-14 00:00:00,SYNTHETIC: Bannerghatta Road - Dairy Circle,269,Low,Clear,Green
2025-02-14 00:00:00,SYNTHETIC: Whitefield Road - KR Puram,329,Low,Clear,Red
2025-02-14 00:00:00,SYNTHETIC: Hosur Road - Electronic City,454,Moderate,Clear,Green
2025-02-14 04:00:00,SYNTHETIC: Silk Board - Junction 1,197,Low,Clear,Green
2025-02-14 04:00:00,SYNTHETIC: Outer Ring Road - Marathahalli,270,Low,Clear,Yellow
2025-02-14 04:00:00,SYNTHETIC: Airport Road - Hebbal,332,Low,Clear,Green
2025-02-14 04:00:00,SYNTHETIC: Bannerghatta Road - Dairy Circle,367,Low,Clear,Green
2025-02-14 04:00:00,SYNTHETIC: Whitefield Road - KR Puram,352,Low,Clear,Green
2025-02-14 04:00:00,SYNTHETIC: Hosur Road - Electronic City,398,Low,Clear,Green
2025-02-14 08:00:00,SYNTHETIC: Silk Board - Junction 1,386,Moderate,Clear,Green
2025-02-14 08:00:00,SYNTHETIC: Outer Ring Road - Marathahalli,466,Moderate,Clear,Green
2025-02-14 08:00:00,SYNTHETIC: Airport Road - Hebbal,436,Moderate,Clear,Green
2025-02-14 08:00:00,SYNTHETIC: Bannerghatta Road - Dairy Circle,591,Moderate,Clear,Green
2025-02-14 08:00:00,SYNTHETIC: Whitefield Road - KR Puram,533,Moderate,Clear,Yellow
2025-02-14 08:00:00,SYNTHETIC: Hosur Road - Electronic City,607,Moderate,Clear,Green
2025-02-14 12:00:00,SYNTHETIC: Silk Board - Junction 1,386,Moderate,Clear,Red
2025-02-14 12:00:00,SYNTHETIC: Outer Ring Road - Marathahalli,444,Moderate,Clear,Green
2025-02-14 12:00:00,SYNTHETIC: Airport Road - Hebbal,420,Moderate,Clear,Green
2025-02-14 12:00:00,SYNTHETIC: Bannerghatta Road - Dairy Circle,554,Moderate,Clear,Yellow
2025-02-14 12:00:00,SYNTHETIC: Whitefield Road - KR Puram,520,Moderate,Clear,Red
2025-02-14 12:00:00,SYNTHETIC: Hosur Road - Electronic City,534,Moderate,Clear,Green
2025-02-14 16:00:00,SYNTHETIC: Silk Board - Junction 1,368,Moderate,Clear,Green
2025-02-14 16:00:00,SYNTHETIC: Outer Ring Road - Marathahalli,506,Moderate,Clear,Red
2025-02-14 16:00:00,SYNTHETIC: Airport Road - Hebbal,518,Moderate,Clear,Green
2025-02-14 16:00:00,SYNTHETIC: Bannerghatta Road - Dairy Circle,554,Moderate,Clear,Green
2025-02-14 16:00:00,SYNTHETIC: Whitefield Road - KR Puram,550,Moderate,Clear,Yellow
2025-02-14 16:00:00,SYNTHETIC: Hosur Road - Electronic City,589,Moderate,Clear,Green
2025-02-14 20:00:00,SYNTHETIC: Silk Board - Junction 1,466,Moderate,Clear,Green
2025-02-14 20:00:00,SYNTHETIC: Outer Ring Road - Marathahalli,424,Moderate,Clear,Green
2025-02-14 20:00:00,SYNTHETIC: Airport Road - Hebbal,512,Moderate,Clear,Green
2025-02-14 20:00:00,SYNTHETIC: Bannerghatta Road - Dairy Circle,528,Moderate,Clear,Green
2025-02-14 20:00:00,SYNTHETIC: Whitefield Road - KR Puram,534,Moderate,Clear,Red
2025-02-14 20:00:00,SYNTHETIC: Hosur Road - Electronic City,624,Moderate,Clear,Red
2025-02-15 00:00:00,SYNTHETIC: Silk Board - Junction 1,352,Low,Cloudy,Green
2025-02-15 00:00:00,SYNTHETIC: Outer Ring Road - Marathahalli,373,Low,Cloudy,Green
2025-02-15 00:00:00,SYNTHETIC: Airport Road - Hebbal,453,Moderate,Cloudy,Red
2025-02-15 00:00:00,SYNTHETIC: Bannerghatta Road - Dairy Circle,535,Moderate,Cloudy,Red
2025-02-15 00:00:00,SYNTHETIC: Whitefield Road - KR Puram,534,Moderate,Cloudy,Green
2025-02-15 00:00:00,SYNTHETIC: Hosur Road - Electronic City,543,Moderate,Cloudy,Green
2025-02-15 04:00:00,SYNTHETIC: Silk Board - Junction 1,326,Low,Cloudy,Green
2025-02-15 04:00:00,SYNTHETIC: Outer Ring Road - Marathahalli,463,Moderate,Cloudy,Yellow
2025-02-15 04:00:00,SYNTHETIC: Airport Road - Hebbal,436,Moderate,Cloudy,Red
2025-02-15 04:00:00,SYNTHETIC: Bannerghatta Road - Dairy Circle,500,Moderate,Cloudy,Green
2025-02-15 04:00:00,SYNTHETIC: Whitefield Road - KR Puram,485,Moderate,Cloudy,Green
2025-02-15 04:00:00,SYNTHETIC: Hosur Road - Electronic City,505,Moderate,Cloudy,Yellow
2025-02-15 08:00:00,SYNTHETIC: Silk Board - Junction 1,622,High,Cloudy,Green
2025-02-15 08:00:00,SYNTHETIC: Outer Ring Road - Marathahalli,638,High,Cloudy,Green
2025-02-15 08:00:00,SYNTHETIC: Airport Road - Hebbal,612,Moderate,Cloudy,Green
2025-02-15 08:00:00,SYNTHETIC: Bannerghatta Road - Dairy Circle,639,Moderate,Cloudy,Green
2025-02-15 08:00:00,SYNTHETIC: Whitefield Road - KR Puram,669,Moderate,Cloudy,Green
2025-02-15 08:00:00,SYNTHETIC: Hosur Road - Electronic City,715,High,Cloudy,Green
2025-02-15 12:00:00,SYNTHETIC: Silk Board - Junction 1,571,High,Cloudy,Green
2025-02-15 12:00:00,SYNTHETIC: Outer Ring Road - Marathahalli,558,Moderate,Cloudy,Yellow
2025-02-15 12:00:00,SYNTHETIC: Airport Road - Hebbal,684,High,Cloudy,Green
2025-02-15 12:00:00,SYNTHETIC: Bannerghatta Road - Dairy Circle,730,High,Cloudy,Yellow
2025-02-15 12:00:00,SYNTHETIC: Whitefield Road - KR Puram,639,Moderate,Cloudy,Yellow
2025-02-15 12:00:00,SYNTHETIC: Hosur Road - Electronic City,681,Moderate,Cloudy,Green
2025-02-15 16:00:00,SYNTHETIC: Silk Board - Junction 1,492,Moderate,Cloudy,Red
2025-02-15 16:00:00,SYNTHETIC: Outer Ring Road - Marathahalli,538,Moderate,Cloudy,Green
2025-02-15 16:00:00,SYNTHETIC: Airport Road - Hebbal,583,Moderate,Cloudy,Green
2025-02-15 16:00:00,SYNTHETIC: Bannerghatta Road - Dairy Circle,686,High,Cloudy,Green
2025-02-15 16:00:00,SYNTHETIC: Whitefield Road - KR Puram,668,Moderate,Cloudy,Red
2025-02-15 16:00:00,SYNTHETIC: Hosur Road - Electronic City,743,High,Cloudy,Yellow
2025-02-15 20:00:00,SYNTHETIC: Silk Board - Junction 1,582,High,Cloudy,Green
2025-02-15 20:00:00,SYNTHETIC: Outer Ring Road - Marathahalli,605,High,Cloudy,Green
2025-02-15 20:00:00,SYNTHETIC: Airport Road - Hebbal,674,High,Cloudy,Green
2025-02-15 20:00:00,SYNTHETIC: Bannerghatta Road - Dairy Circle,639,Moderate,Cloudy,Green
2025-02-15 20:00:00,SYNTHETIC: Whitefield Road - KR Puram,655,Moderate,Cloudy,Yellow
2025-02-15 20:00:00,SYNTHETIC: Hosur Road - Electronic City,705,High,Cloudy,Red
2025-02-16 00:00:00,SYNTHETIC: Silk Board - Junction 1,582,High,Light Rain,Green
2025-02-16 00:00:00,SYNTHETIC: Outer Ring Road - Marathahalli,551,Moderate,Light Rain,Green
2025-02-16 00:00:00,SYNTHETIC: Airport Road - Hebbal,545,Moderate,Light Rain,Red
2025-02-16 00:00:00,SYNTHETIC: Bannerghatta Road - Dairy Circle,663,High,Light Rain,Red
2025-02-16 00:00:00,SYNTHETIC: Whitefield Road - KR Puram,631,Moderate,Light Rain,Red
2025-02-16 00:00:00,SYNTHETIC: Hosur Road - Electronic City,662,Moderate,Light Rain,Green
2025-02-16 04:00:00,SYNTHETIC: Silk Board - Junction 1,546,Moderate,Light Rain,Yellow
2025-02-16 04:00:00,SYNTHETIC: Outer Ring Road - Marathahalli,543,Moderate,Light Rain,Green
2025-02-16 04:00:00,SYNTHETIC: Airport Road - Hebbal,590,Moderate,Light Rain,Red
2025-02-16 04:00:00,SYNTHETIC: Bannerghatta Road - Dairy Circle,657,High,Light Rain,Green
2025-02-16 04:00:00,SYNTHETIC: Whitefield Road - KR Puram,631,Moderate,Light Rain,Green
2025-02-16 04:00:00,SYNTHETIC: Hosur Road - Electronic City,771,High,Light Rain,Green
2025-02-16 08:00:00,SYNTHETIC: Silk Board - Junction 1,776,Severe,Light Rain,Red
2025-02-16 08:00:00,SYNTHETIC: Outer Ring Road - Marathahalli,798,Severe,Light Rain,Red
2025-02-16 08:00:00,SYNTHETIC: Airport Road - Hebbal,789,High,Light Rain,Green
2025-02-16 08:00:00,SYNTHETIC: Bannerghatta Road - Dairy Circle,908,Severe,Light Rain,Red
2025-02-16 08:00:00,SYNTHETIC: Whitefield Road - KR Puram,816,High,Light Rain,Green
2025-02-16 08:00:00,SYNTHETIC: Hosur Road - Electronic City,887,High,Light Rain,Green
2025-02-16 12:00:00,SYNTHETIC: Silk Board - Junction 1,731,Severe,Light Rain,Yellow
2025-02-16 12:00:00,SYNTHETIC: Outer Ring Road - Marathahalli,772,Severe,Light Rain,Green
2025-02-16 12:00:00,SYNTHETIC: Airport Road - Hebbal,850,Severe,Light Rain,Green
2025-02-16 12:00:00,SYNTHETIC: Bannerghatta Road - Dairy Circle,844,Severe,Light Rain,Yellow
2025-02-16 12:00:00,SYNTHETIC: Whitefield Road - KR Puram,927,Severe,Light Rain,Yellow
2025-02-16 12:00:00,SYNTHETIC: Hosur Road - Electronic City,930,Severe,Light Rain,Green
2025-02-16 16:00:00,SYNTHETIC: Silk Board - Junction 1,703,High,Light Rain,Red
2025-02-16 16:00:00,SYNTHETIC: Outer Ring Road - Marathahalli,707,High,Light Rain,Yellow
2025-02-16 16:00:00,SYNTHETIC: Airport Road - Hebbal,744,High,Light Rain,Green
2025-02-16 16:00:00,SYNTHETIC: Bannerghatta Road - Dairy Circle,826,High,Light Rain,Red
2025-02-16 16:00:00,SYNTHETIC: Whitefield Road - KR Puram,907,Severe,Light Rain,Green
2025-02-16 16:00:00,SYNTHETIC: Hosur Road - Electronic City,914,Severe,Light Rain,Yellow
2025-02-16 20:00:00,SYNTHETIC: Silk Board - Junction 1,755,Severe,Light Rain,Green
2025-02-16 20:00:00,SYNTHETIC: Outer Ring Road - Marathahalli,836,Severe,Light Rain,Red
2025-02-16 20:00:00,SYNTHETIC: Airport Road - Hebbal,848,Severe,Light Rain,Green
2025-02-16 20:00:00,SYNTHETIC: Bannerghatta Road - Dairy Circle,862,Severe,Light Rain,Green
2025-02-16 20:00:00,SYNTHETIC: Whitefield Road - KR Puram,898,Severe,Light Rain,Yellow
2025-02-16 20:00:00,SYNTHETIC: Hosur Road - Electronic City,894,High,Light Rain,Green
2025-02-17 00:00:00,SYNTHETIC: Silk Board - Junction 1,189,Low,Clear,Green
2025-02-17 00:00:00,SYNTHETIC: Outer Ring Road - Marathahalli,302,Low,Clear,Green
2025-02-17 00:00:00,SYNTHETIC: Airport Road - Hebbal,304,Low,Clear,Yellow
2025-02-17 00:00:00,SYNTHETIC: Bannerghatta Road - Dairy Circle,282,Low,Clear,Green
2025-02-17 00:00:00,SYNTHETIC: Whitefield Road - KR Puram,304,Low,Clear,Yellow
2025-02-17 00:00:00,SYNTHETIC: Hosur Road - Electronic City,376,Low,Clear,Red
2025-02-17 04:00:00,SYNTHETIC: Silk Board - Junction 1,170,Low,Clear,Green
2025-02-17 04:00:00,SYNTHETIC: Outer Ring Road - Marathahalli,208,Low,Clear,Green
2025-02-17 04:00:00,SYNTHETIC: Airport Road - Hebbal,279,Low,Clear,Green
2025-02-17 04:00:00,SYNTHETIC: Bannerghatta Road - Dairy Circle,275,Low,Clear,Green
2025-02-17 04:00:00,SYNTHETIC: Whitefield Road - KR Puram,425,Low,Clear,Green
2025-02-17 04:00:00,SYNTHETIC: Hosur Road - Electronic City,375,Low,Clear,Yellow
2025-02-17 08:00:00,SYNTHETIC: Silk Board - Junction 1,476,Moderate,Clear,Green
2025-02-17 08:00:00,SYNTHETIC: Outer Ring Road - Marathahalli,432,Moderate,Clear,Green
2025-02-17 08:00:00,SYNTHETIC: Airport Road - Hebbal,435,Moderate,Clear,Green
2025-02-17 08:00:00,SYNTHETIC: Bannerghatta Road - Dairy Circle,584,Moderate,Clear,Green
2025-02-17 08:00:00,SYNTHETIC: Whitefield Road - KR Puram,535,Moderate,Clear,Red
2025-02-17 08:00:00,SYNTHETIC: Hosur Road - Electronic City,592,Moderate,Clear,Green
2025-02-17 12:00:00,SYNTHETIC: Silk Board - Junction 1,488,Moderate,Clear,Green
2025-02-17 12:00:00,SYNTHETIC: Outer Ring Road - Marathahalli,433,Moderate,Clear,Yellow
2025-02-17 12:00:00,SYNTHETIC: Airport Road - Hebbal,439,Moderate,Clear,Green
2025-02-17 12:00:00,SYNTHETIC: Bannerghatta Road - Dairy Circle,537,Moderate,Clear,Yellow
2025-02-17 12:00:00,SYNTHETIC: Whitefield Road - KR Puram,548,Moderate,Clear,Green
2025-02-17 12:00:00,SYNTHETIC: Hosur Road - Electronic City,600,Moderate,Clear,Green
2025-02-17 16:00:00,SYNTHETIC: Silk Board - Junction 1,479,Moderate,Clear,Green
2025-02-17 16:00:00,SYNTHETIC: Outer Ring Road - Marathahalli,440,Moderate,Clear,Green
2025-02-17 16:00:00,SYNTHETIC: Airport Road - Hebbal,508,Moderate,Clear,Yellow
2025-02-17 16:00:00,SYNTHETIC: Bannerghatta Road - Dairy Circle,590,Moderate,Clear,Green
2025-02-17 16:00:00,SYNTHETIC: Whitefield Road - KR Puram,554,Moderate,Clear,Green
2025-02-17 16:00:00,SYNTHETIC: Hosur Road - Electronic City,566,Moderate,Clear,Green
2025-02-17 20:00:00,SYNTHETIC: Silk Board - Junction 1,366,Moderate,Clear,Green
2025-02-17 20:00:00,SYNTHETIC: Outer Ring Road - Marathahalli,400,Moderate,Clear,Green
2025-02-17 20:00:00,SYNTHETIC: Airport Road - Hebbal,530,Moderate,Clear,Green
2025-02-17 20:00:00,SYNTHETIC: Bannerghatta Road - Dairy Circle,569,Moderate,Clear,Green
2025-02-17 20:00:00,SYNTHETIC: Whitefield Road - KR Puram,512,Moderate,Clear,Green
2025-02-17 20:00:00,SYNTHETIC: Hosur Road - Electronic City,617,Moderate,Clear,Yellow
2025-02-18 00:00:00,SYNTHETIC: Silk Board - Junction 1,445,Moderate,Heavy Rain,Green
2025-02-18 00:00:00,SYNTHETIC: Outer Ring Road - Marathahalli,463,Moderate,Heavy Rain,Green
2025-02-18 00:00:00,SYNTHETIC: Airport Road - Hebbal,406,Moderate,Heavy Rain,Red
2025-02-18 00:00:00,SYNTHETIC: Bannerghatta Road - Dairy Circle,516,Moderate,Heavy Rain,Green
2025-02-18 00:00:00,SYNTHETIC: Whitefield Road - KR Puram,508,Moderate,Heavy Rain,Green
2025-02-18 00:00:00,SYNTHETIC: Hosur Road - Electronic City,508,Moderate,Heavy Rain,Green
2025-02-18 04:00:00,SYNTHETIC: Silk Board - Junction 1,374,Moderate,Heavy Rain,Green
2025-02-18 04:00:00,SYNTHETIC: Outer Ring Road - Marathahalli,412,Moderate,Heavy Rain,Green
2025-02-18 04:00:00,SYNTHETIC: Airport Road - Hebbal,404,Moderate,Heavy Rain,Green
2025-02-18 04:00:00,SYNTHETIC: Bannerghatta Road - Dairy Circle,473,Moderate,Heavy Rain,Green
2025-02-18 04:00:00,SYNTHETIC: Whitefield Road - KR Puram,520,Moderate,Heavy Rain,Green
2025-02-18 04:00:00,SYNTHETIC: Hosur Road - Electronic City,605,Moderate,Heavy Rain,Green
2025-02-18 08:00:00,SYNTHETIC: Silk Board - Junction 1,670,High,Heavy Rain,Green
2025-02-18 08:00:00,SYNTHETIC: Outer Ring Road - Marathahalli,613,High,Heavy Rain,Green
2025-02-18 08:00:00,SYNTHETIC: Airport Road - Hebbal,727,High,Heavy Rain,Green
2025-02-18 08:00:00,SYNTHETIC: Bannerghatta Road - Dairy Circle,675,High,Heavy Rain,Green
2025-02-18 08:00:00,SYNTHETIC: Whitefield Road - KR Puram,685,High,Heavy Rain,Green
2025-02-18 08:00:00,SYNTHETIC: Hosur Road - Electronic City,732,High,Heavy Rain,Green
2025-02-18 12:00:00,SYNTHETIC: Silk Board - Junction 1,612,High,Heavy Rain,Yellow
2025-02-18 12:00:00,SYNTHETIC: Outer Ring Road - Marathahalli,639,High,Heavy Rain,Green
2025-02-18 12:00:00,SYNTHETIC: Airport Road - Hebbal,732,High,Heavy Rain,Red
2025-02-18 12:00:00,SYNTHETIC: Bannerghatta Road - Dairy Circle,690,High,Heavy Rain,Green
2025-02-18 12:00:00,SYNTHETIC: Whitefield Road - KR Puram,673,High,Heavy Rain,Red
2025-02-18 12:00:00,SYNTHETIC: Hosur Road - Electronic City,745,High,Heavy Rain,Green
2025-02-18 16:00:00,SYNTHETIC: Silk Board - Junction 1,609,High,Heavy Rain,Yellow
2025-02-18 16:00:00,SYNTHETIC: Outer Ring Road - Marathahalli,674,High,Heavy Rain,Green
2025-02-18 16:00:00,SYNTHETIC: Airport Road - Hebbal,633,High,Heavy Rain,Green
2025-02-18 16:00:00,SYNTHETIC: Bannerghatta Road - Dairy Circle,722,High,Heavy Rain,Yellow
2025-02-18 16:00:00,SYNTHETIC: Whitefield Road - KR Puram,702,High,Heavy Rain,Green
2025-02-18 16:00:00,SYNTHETIC: Hosur Road - Electronic City,826,High,Heavy Rain,Green
2025-02-18 20:00:00,SYNTHETIC: Silk Board - Junction 1,644,High,Heavy Rain,Green
2025-02-18 20:00:00,SYNTHETIC: Outer Ring Road - Marathahalli,628,High,Heavy Rain,Green
2025-02-18 20:00:00,SYNTHETIC: Airport Road - Hebbal,683,High,Heavy Rain,Yellow
2025-02-18 20:00:00,SYNTHETIC: Bannerghatta Road - Dairy Circle,715,High,Heavy Rain,Green
2025-02-18 20:00:00,SYNTHETIC: Whitefield Road - KR Puram,791,High,Heavy Rain,Yellow
2025-02-18 20:00:00,SYNTHETIC: Hosur Road - Electronic City,792,High,Heavy Rain,Green
2025-02-19 00:00:00,SYNTHETIC: Silk Board - Junction 1,429,Moderate,Heavy Rain,Yellow
2025-02-19 00:00:00,SYNTHETIC: Outer Ring Road - Marathahalli,435,Moderate,Heavy Rain,Yellow
2025-02-19 00:00:00,SYNTHETIC: Airport Road - Hebbal,493,Moderate,Heavy Rain,Yellow
2025-02-19 00:00:00,SYNTHETIC: Bannerghatta Road - Dairy Circle,450,Moderate,Heavy Rain,Green
2025-02-19 00:00:00,SYNTHETIC: Whitefield Road - KR Puram,527,Moderate,Heavy Rain,Green
2025-02-19 00:00:00,SYNTHETIC: Hosur Road - Electronic City,588,Moderate,Heavy Rain,Green
2025-02-19 04:00:00,SYNTHETIC: Silk Board - Junction 1,453,Moderate,Heavy Rain,Green
2025-02-19 04:00:00,SYNTHETIC: Outer Ring Road - Marathahalli,434,Moderate,Heavy Rain,Red
2025-02-19 04:00:00,SYNTHETIC: Airport Road - Hebbal,524,Moderate,Heavy Rain,Red
2025-02-19 04:00:00,SYNTHETIC: Bannerghatta Road - Dairy Circle,572,Moderate,Heavy Rain,Green
2025-02-19 04:00:00,SYNTHETIC: Whitefield Road - KR Puram,518,Moderate,Heavy Rain,Red
2025-02-19 04:00:00,SYNTHETIC: Hosur Road - Electronic City,535,Moderate,Heavy Rain,Green
2025-02-19 08:00:00,SYNTHETIC: Silk Board - Junction 1,545,Moderate,Heavy Rain,Yellow
2025-02-19 08:00:00,SYNTHETIC: Outer Ring Road - Marathahalli,614,High,Heavy Rain,Green
2025-02-19 08:00:00,SYNTHETIC: Airport Road - Hebbal,729,High,Heavy Rain,Green
2025-02-19 08:00:00,SYNTHETIC: Bannerghatta Road - Dairy Circle,731,High,Heavy Rain,Green
2025-02-19 08:00:00,SYNTHETIC: Whitefield Road - KR Puram,672,High,Heavy Rain,Green
2025-02-19 08:00:00,SYNTHETIC: Hosur Road - Electronic City,757,High,Heavy Rain,Green
2025-02-19 12:00:00,SYNTHETIC: Silk Board - Junction 1,536,Moderate,Heavy Rain,Green
2025-02-19 12:00:00,SYNTHETIC: Outer Ring Road - Marathahalli,672,High,Heavy Rain,Green
2025-02-19 12:00:00,SYNTHETIC: Airport Road - Hebbal,719,High,Heavy Rain,Yellow
2025-02-19 12:00:00,SYNTHETIC: Bannerghatta Road - Dairy Circle,672,High,Heavy Rain,Green
2025-02-19 12:00:00,SYNTHETIC: Whitefield Road - KR Puram,767,High,Heavy Rain,Green
2025-02-19 12:00:00,SYNTHETIC: Hosur Road - Electronic City,818,High,Heavy Rain,Yellow
2025-02-19 16:00:00,SYNTHETIC: Silk Board - Junction 1,557,Moderate,Heavy Rain,Red
2025-02-19 16:00:00,SYNTHETIC: Outer Ring Road - Marathahalli,681,High,Heavy Rain,Green
2025-02-19 16:00:00,SYNTHETIC: Airport Road - Hebbal,716,High,Heavy Rain,Green
2025-02-19 16:00:00,SYNTHETIC: Bannerghatta Road - Dairy Circle,667,High,Heavy Rain,Green
2025-02-19 16:00:00,SYNTHETIC: Whitefield Road - KR Puram,674,High,Heavy Rain,Green
2025-02-19 16:00:00,SYNTHETIC: Hosur Road - Electronic City,788,High,Heavy Rain,Green
2025-02-19 20:00:00,SYNTHETIC: Silk Board - Junction 1,624,High,Heavy Rain,Green
2025-02-19 20:00:00,SYNTHETIC: Outer Ring Road - Marathahalli,661,High,Heavy Rain,Green
2025-02-19 20:00:00,SYNTHETIC: Airport Road - Hebbal,711,High,Heavy Rain,Green
2025-02-19 20:00:00,SYNTHETIC: Bannerghatta Road - Dairy Circle,736,High,Heavy Rain,Green
2025-02-19 20:00:00,SYNTHETIC: Whitefield Road - KR Puram,678,High,Heavy Rain,Green
2025-02-19 20:00:00,SYNTHETIC: Hosur Road - Electronic City,787,High,Heavy Rain,Green
2025-02-20 00:00:00,SYNTHETIC: Silk Board - Junction 1,290,Low,Cloudy,Yellow
2025-02-20 00:00:00,SYNTHETIC: Outer Ring Road - Marathahalli,238,Low,Cloudy,Green
2025-02-20 00:00:00,SYNTHETIC: Airport Road - Hebbal,249,Low,Cloudy,Yellow
2025-02-20 00:00:00,SYNTHETIC: Bannerghatta Road - Dairy Circle,321,Low,Cloudy,Green
2025-02-20 00:00:00,SYNTHETIC: Whitefield Road - KR Puram,304,Low,Cloudy,Green
2025-02-20 00:00:00,SYNTHETIC: Hosur Road - Electronic City,331,Low,Cloudy,Green
2025-02-20 04:00:00,SYNTHETIC: Silk Board - Junction 1,207,Low,Cloudy,Green
2025-02-20 04:00:00,SYNTHETIC: Outer Ring Road - Marathahalli,195,Low,Cloudy,Green
2025-02-20 04:00:00,SYNTHETIC: Airport Road - Hebbal,279,Low,Cloudy,Red
2025-02-20 04:00:00,SYNTHETIC: Bannerghatta Road - Dairy Circle,290,Low,Cloudy,Green
2025-02-20 04:00:00,SYNTHETIC: Whitefield Road - KR Puram,372,Low,Cloudy,Green
2025-02-20 04:00:00,SYNTHETIC: Hosur Road - Electronic City,426,Low,Cloudy,Green
2025-02-20 08:00:00,SYNTHETIC: Silk Board - Junction 1,424,Moderate,Cloudy,Green
2025-02-20 08:00:00,SYNTHETIC: Outer Ring Road - Marathahalli,491,Moderate,Cloudy,Green
2025-02-20 08:00:00,SYNTHETIC: Airport Road - Hebbal,430,Moderate,Cloudy,Green
2025-02-20 08:00:00,SYNTHETIC: Bannerghatta Road - Dairy Circle,464,Moderate,Cloudy,Green
2025-02-20 08:00:00,SYNTHETIC: Whitefield Road - KR Puram,615,Moderate,Cloudy,Green
2025-02-20 08:00:00,SYNTHETIC: Hosur Road - Electronic City,545,Moderate,Cloudy,Green
2025-02-20 12:00:00,SYNTHETIC: Silk Board - Junction 1,444,Moderate,Cloudy,Green
2025-02-20 12:00:00,SYNTHETIC: Outer Ring Road - Marathahalli,427,Moderate,Cloudy,Green
2025-02-20 12:00:00,SYNTHETIC: Airport Road - Hebbal,458,Moderate,Cloudy,Green
2025-02-20 12:00:00,SYNTHETIC: Bannerghatta Road - Dairy Circle,527,Moderate,Cloudy,Green
2025-02-20 12:00:00,SYNTHETIC: Whitefield Road - KR Puram,585,Moderate,Cloudy,Green
2025-02-20 12:00:00,SYNTHETIC: Hosur Road - Electronic City,565,Moderate,Cloudy,Yellow
2025-02-20 16:00:00,SYNTHETIC: Silk Board - Junction 1,415,Moderate,Cloudy,Green
2025-02-20 16:00:00,SYNTHETIC: Outer Ring Road - Marathahalli,468,Moderate,Cloudy,Red
2025-02-20 16:00:00,SYNTHETIC: Airport Road - Hebbal,520,Moderate,Cloudy,Green
2025-02-20 16:00:00,SYNTHETIC: Bannerghatta Road - Dairy Circle,528,Moderate,Cloudy,Green
2025-02-20 16:00:00,SYNTHETIC: Whitefield Road - KR Puram,604,Moderate,Cloudy,Green
2025-02-20 16:00:00,SYNTHETIC: Hosur Road - Electronic City,656,Moderate,Cloudy,Yellow
2025-02-20 20:00:00,SYNTHETIC: Silk Board - Junction 1,402,Moderate,Cloudy,Green
2025-02-20 20:00:00,SYNTHETIC: Outer Ring Road - Marathahalli,395,Moderate,Cloudy,Green
2025-02-20 20:00:00,SYNTHETIC: Airport Road - Hebbal,447,Moderate,Cloudy,Yellow
2025-02-20 20:00:00,SYNTHETIC: Bannerghatta Road - Dairy Circle,507,Moderate,Cloudy,Green
2025-02-20 20:00:00,SYNTHETIC: Whitefield Road - KR Puram,566,Moderate,Cloudy,Yellow
2025-02-20 20:00:00,SYNTHETIC: Hosur Road - Electronic City,579,Moderate,Cloudy,Red
2025-02-21 00:00:00,SYNTHETIC: Silk Board - Junction 1,169,Low,Cloudy,Green
2025-02-21 00:00:00,SYNTHETIC: Outer Ring Road - Marathahalli,185,Low,Cloudy,Red
2025-02-21 00:00:00,SYNTHETIC: Airport Road - Hebbal,232,Low,Cloudy,Red
2025-02-21 00:00:00,SYNTHETIC: Bannerghatta Road - Dairy Circle,325,Low,Cloudy,Red
2025-02-21 00:00:00,SYNTHETIC: Whitefield Road - KR Puram,367,Low,Cloudy,Green
2025-02-21 00:00:00,SYNTHETIC: Hosur Road - Electronic City,365,Low,Cloudy,Green
2025-02-21 04:00:00,SYNTHETIC: Silk Board - Junction 1,244,Low,Cloudy,Green
2025-02-21 04:00:00,SYNTHETIC: Outer Ring Road - Marathahalli,233,Low,Cloudy,Red
2025-02-21 04:00:00,SYNTHETIC: Airport Road - Hebbal,315,Low,Cloudy,Green
2025-02-21 04:00:00,SYNTHETIC: Bannerghatta Road - Dairy Circle,361,Low,Cloudy,Yellow
2025-02-21 04:00:00,SYNTHETIC: Whitefield Road - KR Puram,366,Low,Cloudy,Yellow
2025-02-21 04:00:00,SYNTHETIC: Hosur Road - Electronic City,355,Low,Cloudy,Green
2025-02-21 08:00:00,SYNTHETIC: Silk Board - Junction 1,417,Moderate,Cloudy,Green
2025-02-21 08:00:00,SYNTHETIC: Outer Ring Road - Marathahalli,437,Moderate,Cloudy,Green
2025-02-21 08:00:00,SYNTHETIC: Airport Road - Hebbal,427,Moderate,Cloudy,Red
2025-02-21 08:00:00,SYNTHETIC: Bannerghatta Road - Dairy Circle,576,Moderate,Cloudy,Green
2025-02-21 08:00:00,SYNTHETIC: Whitefield Road - KR Puram,518,Moderate,Cloudy,Green
2025-02-21 08:00:00,SYNTHETIC: Hosur Road - Electronic City,585,Moderate,Cloudy,Green
2025-02-21 12:00:00,SYNTHETIC: Silk Board - Junction 1,419,Moderate,Cloudy,Green
2025-02-21 12:00:00,SYNTHETIC: Outer Ring Road - Marathahalli,507,Moderate,Cloudy,Green
2025-02-21 12:00:00,SYNTHETIC: Airport Road - Hebbal,459,Moderate,Cloudy,Green
2025-02-21 12:00:00,SYNTHETIC: Bannerghatta Road - Dairy Circle,556,Moderate,Cloudy,Yellow
2025-02-21 12:00:00,SYNTHETIC: Whitefield Road - KR Puram,497,Moderate,Cloudy,Green
2025-02-21 12:00:00,SYNTHETIC: Hosur Road - Electronic City,635,Moderate,Cloudy,Yellow
2025-02-21 16:00:00,SYNTHETIC: Silk Board - Junction 1,455,Moderate,Cloudy,Green
2025-02-21 16:00:00,SYNTHETIC: Outer Ring Road - Marathahalli,388,Moderate,Cloudy,Green
2025-02-21 16:00:00,SYNTHETIC: Airport Road - Hebbal,431,Moderate,Cloudy,Yellow
2025-02-21 16:00:00,SYNTHETIC: Bannerghatta Road - Dairy Circle,526,Moderate,Cloudy,Yellow
2025-02-21 16:00:00,SYNTHETIC: Whitefield Road - KR Puram,612,Moderate,Cloudy,Green
2025-02-21 16:00:00,SYNTHETIC: Hosur Road - Electronic City,593,Moderate,Cloudy,Green
2025-02-21 20:00:00,SYNTHETIC: Silk Board - Junction 1,419,Moderate,Cloudy,Red
2025-02-21 20:00:00,SYNTHETIC: Outer Ring Road - Marathahalli,433,Moderate,Cloudy,Green
2025-02-21 20:00:00,SYNTHETIC: Airport Road - Hebbal,534,Moderate,Cloudy,Yellow
2025-02-21 20:00:00,SYNTHETIC: Bannerghatta Road - Dairy Circle,466,Moderate,Cloudy,Red
2025-02-21 20:00:00,SYNTHETIC: Whitefield Road - KR Puram,601,Moderate,Cloudy,Green
2025-02-21 20:00:00,SYNTHETIC: Hosur Road - Electronic City,650,Moderate,Cloudy,Yellow
2025-02-22 00:00:00,SYNTHETIC: Silk Board - Junction 1,608,High,Heavy Rain,Green
2025-02-22 00:00:00,SYNTHETIC: Outer Ring Road - Marathahalli,615,High,Heavy Rain,Green
2025-02-22 00:00:00,SYNTHETIC: Airport Road - Hebbal,604,Moderate,Heavy Rain,Red
2025-02-22 00:00:00,SYNTHETIC: Bannerghatta Road - Dairy Circle,660,High,Heavy Rain,Red
2025-02-22 00:00:00,SYNTHETIC: Whitefield Road - KR Puram,729,High,Heavy Rain,Green
2025-02-22 00:00:00,SYNTHETIC: Hosur Road - Electronic City,783,High,Heavy Rain,Red
2025-02-22 04:00:00,SYNTHETIC: Silk Board - Junction 1,512,Moderate,Heavy Rain,Red
2025-02-22 04:00:00,SYNTHETIC: Outer Ring Road - Marathahalli,592,High,Heavy Rain,Green
2025-02-22 04:00:00,SYNTHETIC: Airport Road - Hebbal,577,Moderate,Heavy Rain,Green
2025-02-22 04:00:00,SYNTHETIC: Bannerghatta Road - Dairy Circle,713,High,Heavy Rain,Green
2025-02-22 04:00:00,SYNTHETIC: Whitefield Road - KR Puram,650,Moderate,Heavy Rain,Red
2025-02-22 04:00:00,SYNTHETIC: Hosur Road - Electronic City,680,Moderate,Heavy Rain,Red
2025-02-22 08:00:00,SYNTHETIC: Silk Board - Junction 1,722,Severe,Heavy Rain,Yellow
2025-02-22 08:00:00,SYNTHETIC: Outer Ring Road - Marathahalli,806,Severe,Heavy Rain,Green
2025-02-22 08:00:00,SYNTHETIC: Airport Road - Hebbal,847,Severe,Heavy Rain,Red
2025-02-22 08:00:00,SYNTHETIC: Bannerghatta Road - Dairy Circle,903,Severe,Heavy Rain,Green
2025-02-22 08:00:00,SYNTHETIC: Whitefield Road - KR Puram,943,Severe,Heavy Rain,Green
2025-02-22 08:00:00,SYNTHETIC: Hosur Road - Electronic City,846,High,Heavy Rain,Green
2025-02-22 12:00:00,SYNTHETIC: Silk Board - Junction 1,810,Severe,Heavy Rain,Yellow
2025-02-22 12:00:00,SYNTHETIC: Outer Ring Road - Marathahalli,747,High,Heavy Rain,Yellow
2025-02-22 12:00:00,SYNTHETIC: Airport Road - Hebbal,825,Severe,Heavy Rain,Green
2025-02-22 12:00:00,SYNTHETIC: Bannerghatta Road - Dairy Circle,858,Severe,Heavy Rain,Yellow
2025-02-22 12:00:00,SYNTHETIC: Whitefield Road - KR Puram,905,Severe,Heavy Rain,Green
2025-02-22 12:00:00,SYNTHETIC: Hosur Road - Electronic City,946,Severe,Heavy Rain,Green
2025-02-22 16:00:00,SYNTHETIC: Silk Board - Junction 1,770,Severe,Heavy Rain,Green
2025-02-22 16:00:00,SYNTHETIC: Outer Ring Road - Marathahalli,794,Severe,Heavy Rain,Yellow
2025-02-22 16:00:00,SYNTHETIC: Airport Road - Hebbal,767,High,Heavy Rain,Green
2025-02-22 16:00:00,SYNTHETIC: Bannerghatta Road - Dairy Circle,891,Severe,Heavy Rain,Green
2025-02-22 16:00:00,SYNTHETIC: Whitefield Road - KR Puram,858,High,Heavy Rain,Yellow
2025-02-22 16:00:00,SYNTHETIC: Hosur Road - Electronic City,974,Severe,Heavy Rain,Yellow
2025-02-22 20:00:00,SYNTHETIC: Silk Board - Junction 1,796,Severe,Heavy Rain,Green
2025-02-22 20:00:00,SYNTHETIC: Outer Ring Road - Marathahalli,723,High,Heavy Rain,Yellow
2025-02-22 20:00:00,SYNTHETIC: Airport Road - Hebbal,818,Severe,Heavy Rain,Green
2025-02-22 20:00:00,SYNTHETIC: Bannerghatta Road - Dairy Circle,878,Severe,Heavy Rain,Green
2025-02-22 20:00:00,SYNTHETIC: Whitefield Road - KR Puram,863,High,Heavy Rain,Green
2025-02-22 20:00:00,SYNTHETIC: Hosur Road - Electronic City,869,High,Heavy Rain,Red
2025-02-23 00:00:00,SYNTHETIC: Silk Board - Junction 1,415,Moderate,Clear,Red
2025-02-23 00:00:00,SYNTHETIC: Outer Ring Road - Marathahalli,452,Moderate,Clear,Green
2025-02-23 00:00:00,SYNTHETIC: Airport Road - Hebbal,367,Low,Clear,Green
2025-02-23 00:00:00,SYNTHETIC: Bannerghatta Road - Dairy Circle,516,Moderate,Clear,Red
2025-02-23 00:00:00,SYNTHETIC: Whitefield Road - KR Puram,528,Moderate,Clear,Yellow
2025-02-23 00:00:00,SYNTHETIC: Hosur Road - Electronic City,490,Moderate,Clear,Green
2025-02-23 04:00:00,SYNTHETIC: Silk Board - Junction 1,379,Moderate,Clear,Red
2025-02-23 04:00:00,SYNTHETIC: Outer Ring Road - Marathahalli,450,Moderate,Clear,Red
2025-02-23 04:00:00,SYNTHETIC: Airport Road - Hebbal,457,Moderate,Clear,Green
2025-02-23 04:00:00,SYNTHETIC: Bannerghatta Road - Dairy Circle,519,Moderate,Clear,Yellow
2025-02-23 04:00:00,SYNTHETIC: Whitefield Road - KR Puram,452,Moderate,Clear,Green
2025-02-23 04:00:00,SYNTHETIC: Hosur Road - Electronic City,604,Moderate,Clear,Green
2025-02-23 08:00:00,SYNTHETIC: Silk Board - Junction 1,552,Moderate,Clear,Yellow
2025-02-23 08:00:00,SYNTHETIC: Outer Ring Road - Marathahalli,549,Moderate,Clear,Green
2025-02-23 08:00:00,SYNTHETIC: Airport Road - Hebbal,646,High,Clear,Green
2025-02-23 08:00:00,SYNTHETIC: Bannerghatta Road - Dairy Circle,715,High,Clear,Green
2025-02-23 08:00:00,SYNTHETIC: Whitefield Road - KR Puram,709,High,Clear,Green
2025-02-23 08:00:00,SYNTHETIC: Hosur Road - Electronic City,780,High,Clear,Green
2025-02-23 12:00:00,SYNTHETIC: Silk Board - Junction 1,595,High,Clear,Green
2025-02-23 12:00:00,SYNTHETIC: Outer Ring Road - Marathahalli,557,Moderate,Clear,Green
2025-02-23 12:00:00,SYNTHETIC: Airport Road - Hebbal,567,Moderate,Clear,Red
2025-02-23 12:00:00,SYNTHETIC: Bannerghatta Road - Dairy Circle,708,High,Clear,Green
2025-02-23 12:00:00,SYNTHETIC: Whitefield Road - KR Puram,676,High,Clear,Green
2025-02-23 12:00:00,SYNTHETIC: Hosur Road - Electronic City,764,High,Clear,Yellow
2025-02-23 16:00:00,SYNTHETIC: Silk Board - Junction 1,627,High,Clear,Yellow
2025-02-23 16:00:00,SYNTHETIC: Outer Ring Road - Marathahalli,537,Moderate,Clear,Green
2025-02-23 16:00:00,SYNTHETIC: Airport Road - Hebbal,590,Moderate,Clear,Yellow
2025-02-23 16:00:00,SYNTHETIC: Bannerghatta Road - Dairy Circle,720,High,Clear,Green
2025-02-23 16:00:00,SYNTHETIC: Whitefield Road - KR Puram,745,High,Clear,Green
2025-02-23 16:00:00,SYNTHETIC: Hosur Road - Electronic City,706,High,Clear,Green
2025-02-23 20:00:00,SYNTHETIC: Silk Board - Junction 1,574,High,Clear,Green
2025-02-23 20:00:00,SYNTHETIC: Outer Ring Road - Marathahalli,564,Moderate,Clear,Red
2025-02-23 20:00:00,SYNTHETIC: Airport Road - Hebbal,579,Moderate,Clear,Green
2025-02-23 20:00:00,SYNTHETIC: Bannerghatta Road - Dairy Circle,719,High,Clear,Green
2025-02-23 20:00:00,SYNTHETIC: Whitefield Road - KR Puram,729,High,Clear,Yellow
2025-02-23 20:00:00,SYNTHETIC: Hosur Road - Electronic City,710,High,Clear,Yellow
2025-02-24 00:00:00,SYNTHETIC: Silk Board - Junction 1,257,Low,Clear,Green
2025-02-24 00:00:00,SYNTHETIC: Outer Ring Road - Marathahalli,256,Low,Clear,Green
2025-02-24 00:00:00,SYNTHETIC: Airport Road - Hebbal,328,Low,Clear,Green
2025-02-24 00:00:00,SYNTHETIC: Bannerghatta Road - Dairy Circle,277,Low,Clear,Green
2025-02-24 00:00:00,SYNTHETIC: Whitefield Road - KR Puram,381,Low,Clear,Green
2025-02-24 00:00:00,SYNTHETIC: Hosur Road - Electronic City,454,Moderate,Clear,Red
2025-02-24 04:00:00,SYNTHETIC: Silk Board - Junction 1,185,Low,Clear,Green
2025-02-24 04:00:00,SYNTHETIC: Outer Ring Road - Marathahalli,226,Low,Clear,Green
2025-02-24 04:00:00,SYNTHETIC: Airport Road - Hebbal,267,Low,Clear,Yellow
2025-02-24 04:00:00,SYNTHETIC: Bannerghatta Road - Dairy Circle,369,Low,Clear,Yellow
2025-02-24 04:00:00,SYNTHETIC: Whitefield Road - KR Puram,429,Low,Clear,Green
2025-02-24 04:00:00,SYNTHETIC: Hosur Road - Electronic City,392,Low,Clear,Green
2025-02-24 08:00:00,SYNTHETIC: Silk Board - Junction 1,397,Moderate,Clear,Green
2025-02-24 08:00:00,SYNTHETIC: Outer Ring Road - Marathahalli,414,Moderate,Clear,Green
2025-02-24 08:00:00,SYNTHETIC: Airport Road - Hebbal,479,Moderate,Clear,Green
2025-02-24 08:00:00,SYNTHETIC: Bannerghatta Road - Dairy Circle,531,Moderate,Clear,Green
2025-02-24 08:00:00,SYNTHETIC: Whitefield Road - KR Puram,590,Moderate,Clear,Green
2025-02-24 08:00:00,SYNTHETIC: Hosur Road - Electronic City,540,Moderate,Clear,Green
2025-02-24 12:00:00,SYNTHETIC: Silk Board - Junction 1,353,Low,Clear,Green
2025-02-24 12:00:00,SYNTHETIC: Outer Ring Road - Marathahalli,453,Moderate,Clear,Green
2025-02-24 12:00:00,SYNTHETIC: Airport Road - Hebbal,422,Moderate,Clear,Green
2025-02-24 12:00:00,SYNTHETIC: Bannerghatta Road - Dairy Circle,490,Moderate,Clear,Green
2025-02-24 12:00:00,SYNTHETIC: Whitefield Road - KR Puram,552,Moderate,Clear,Red
2025-02-24 12:00:00,SYNTHETIC: Hosur Road - Electronic City,579,Moderate,Clear,Green
2025-02-24 16:00:00,SYNTHETIC: Silk Board - Junction 1,471,Moderate,Clear,Green
2025-02-24 16:00:00,SYNTHETIC: Outer Ring Road - Marathahalli,439,Moderate,Clear,Green
2025-02-24 16:00:00,SYNTHETIC: Airport Road - Hebbal,519,Moderate,Clear,Green
2025-02-24 16:00:00,SYNTHETIC: Bannerghatta Road - Dairy Circle,593,Moderate,Clear,Red
2025-02-24 16:00:00,SYNTHETIC: Whitefield Road - KR Puram,508,Moderate,Clear,Green
2025-02-24 16:00:00,SYNTHETIC: Hosur Road - Electronic City,557,Moderate,Clear,Red
2025-02-24 20:00:00,SYNTHETIC: Silk Board - Junction 1,387,Moderate,Clear,Red
2025-02-24 20:00:00,SYNTHETIC: Outer Ring Road - Marathahalli,402,Moderate,Clear,Green
2025-02-24 20:00:00,SYNTHETIC: Airport Road - Hebbal,438,Moderate,Clear,Green
2025-02-24 20:00:00,SYNTHETIC: Bannerghatta Road - Dairy Circle,518,Moderate,Clear,Green
2025-02-24 20:00:00,SYNTHETIC: Whitefield Road - KR Puram,595,Moderate,Clear,Yellow
2025-02-24 20:00:00,SYNTHETIC: Hosur Road - Electronic City,617,Moderate,Clear,Red
2025-02-25 00:00:00,SYNTHETIC: Silk Board - Junction 1,349,Low,Heavy Rain,Green
2025-02-25 00:00:00,SYNTHETIC: Outer Ring Road - Marathahalli,372,Low,Heavy Rain,Green
2025-02-25 00:00:00,SYNTHETIC: Airport Road - Hebbal,421,Moderate,Heavy Rain,Yellow
2025-02-25 00:00:00,SYNTHETIC: Bannerghatta Road - Dairy Circle,472,Moderate,Heavy Rain,Yellow
2025-02-25 00:00:00,SYNTHETIC: Whitefield Road - KR Puram,480,Moderate,Heavy Rain,Green
2025-02-25 00:00:00,SYNTHETIC: Hosur Road - Electronic City,605,Moderate,Heavy Rain,Green
2025-02-25 04:00:00,SYNTHETIC: Silk Board - Junction 1,417,Moderate,Heavy Rain,Green
2025-02-25 04:00:00,SYNTHETIC: Outer Ring Road - Marathahalli,502,Moderate,Heavy Rain,Green
2025-02-25 04:00:00,SYNTHETIC: Airport Road - Hebbal,478,Moderate,Heavy Rain,Red
2025-02-25 04:00:00,SYNTHETIC: Bannerghatta Road - Dairy Circle,555,Moderate,Heavy Rain,Green
2025-02-25 04:00:00,SYNTHETIC: Whitefield Road - KR Puram,568,Moderate,Heavy Rain,Yellow
2025-02-25 04:00:00,SYNTHETIC: Hosur Road - Electronic City,540,Moderate,Heavy Rain,Green
2025-02-25 08:00:00,SYNTHETIC: Silk Board - Junction 1,553,Moderate,Heavy Rain,Yellow
2025-02-25 08:00:00,SYNTHETIC: Outer Ring Road - Marathahalli,652,High,Heavy Rain,Green
2025-02-25 08:00:00,SYNTHETIC: Airport Road - Hebbal,616,High,Heavy Rain,Green
2025-02-25 08:00:00,SYNTHETIC: Bannerghatta Road - Dairy Circle,703,High,Heavy Rain,Red
2025-02-25 08:00:00,SYNTHETIC: Whitefield Road - KR Puram,743,High,Heavy Rain,Green
2025-02-25 08:00:00,SYNTHETIC: Hosur Road - Electronic City,763,High,Heavy Rain,Green
2025-02-25 12:00:00,SYNTHETIC: Silk Board - Junction 1,612,High,Heavy Rain,Red
2025-02-25 12:00:00,SYNTHETIC: Outer Ring Road - Marathahalli,613,High,Heavy Rain,Green
2025-02-25 12:00:00,SYNTHETIC: Airport Road - Hebbal,678,High,Heavy Rain,Green
2025-02-25 12:00:00,SYNTHETIC: Bannerghatta Road - Dairy Circle,720,High,Heavy Rain,Green
2025-02-25 12:00:00,SYNTHETIC: Whitefield Road - KR Puram,775,High,Heavy Rain,Green
2025-02-25 12:00:00,SYNTHETIC: Hosur Road - Electronic City,813,High,Heavy Rain,Yellow
2025-02-25 16:00:00,SYNTHETIC: Silk Board - Junction 1,578,High,Heavy Rain,Yellow
2025-02-25 16:00:00,SYNTHETIC: Outer Ring Road - Marathahalli,600,High,Heavy Rain,Yellow
2025-02-25 16:00:00,SYNTHETIC: Airport Road - Hebbal,675,High,Heavy Rain,Green
2025-02-25 16:00:00,SYNTHETIC: Bannerghatta Road - Dairy Circle,727,High,Heavy Rain,Yellow
2025-02-25 16:00:00,SYNTHETIC: Whitefield Road - KR Puram,752,High,Heavy Rain,Green
2025-02-25 16:00:00,SYNTHETIC: Hosur Road - Electronic City,823,High,Heavy Rain,Green
2025-02-25 20:00:00,SYNTHETIC: Silk Board - Junction 1,574,High,Heavy Rain,Green
2025-02-25 20:00:00,SYNTHETIC: Outer Ring Road - Marathahalli,639,High,Heavy Rain,Green
2025-02-25 20:00:00,SYNTHETIC: Airport Road - Hebbal,652,High,Heavy Rain,Green
2025-02-25 20:00:00,SYNTHETIC: Bannerghatta Road - Dairy Circle,721,High,Heavy Rain,Green
2025-02-25 20:00:00,SYNTHETIC: Whitefield Road - KR Puram,797,High,Heavy Rain,Green
2025-02-25 20:00:00,SYNTHETIC: Hosur Road - Electronic City,805,High,Heavy Rain,Green
2025-02-26 00:00:00,SYNTHETIC: Silk Board - Junction 1,587,High,Heavy Rain,Green
2025-02-26 00:00:00,SYNTHETIC: Outer Ring Road - Marathahalli,694,High,Heavy Rain,Green
2025-02-26 00:00:00,SYNTHETIC: Airport Road - Hebbal,665,High,Heavy Rain,Green
2025-02-26 00:00:00,SYNTHETIC: Bannerghatta Road - Dairy Circle,757,High,Heavy Rain,Yellow
2025-02-26 00:00:00,SYNTHETIC: Whitefield Road - KR Puram,713,High,Heavy Rain,Green
2025-02-26 00:00:00,SYNTHETIC: Hosur Road - Electronic City,752,High,Heavy Rain,Green
2025-02-26 04:00:00,SYNTHETIC: Silk Board - Junction 1,700,High,Heavy Rain,Green
2025-02-26 04:00:00,SYNTHETIC: Outer Ring Road - Marathahalli,627,High,Heavy Rain,Yellow
2025-02-26 04:00:00,SYNTHETIC: Airport Road - Hebbal,738,High,Heavy Rain,Green
2025-02-26 04:00:00,SYNTHETIC: Bannerghatta Road - Dairy Circle,680,High,Heavy Rain,Green
2025-02-26 04:00:00,SYNTHETIC: Whitefield Road - KR Puram,786,High,Heavy Rain,Red
2025-02-26 04:00:00,SYNTHETIC: Hosur Road - Electronic City,805,High,Heavy Rain,Green
2025-02-26 08:00:00,SYNTHETIC: Silk Board - Junction 1,821,Severe,Heavy Rain,Green
2025-02-26 08:00:00,SYNTHETIC: Outer Ring Road - Marathahalli,863,Severe,Heavy Rain,Red
2025-02-26 08:00:00,SYNTHETIC: Airport Road - Hebbal,920,Severe,Heavy Rain,Yellow
2025-02-26 08:00:00,SYNTHETIC: Bannerghatta Road - Dairy Circle,903,Severe,Heavy Rain,Green
2025-02-26 08:00:00,SYNTHETIC: Whitefield Road - KR Puram,981,Severe,Heavy Rain,Yellow
2025-02-26 08:00:00,SYNTHETIC: Hosur Road - Electronic City,978,Severe,Heavy Rain,Yellow
2025-02-26 12:00:00,SYNTHETIC: Silk Board - Junction 1,858,Severe,Heavy Rain,Green
2025-02-26 12:00:00,SYNTHETIC: Outer Ring Road - Marathahalli,799,Severe,Heavy Rain,Red
2025-02-26 12:00:00,SYNTHETIC: Airport Road - Hebbal,853,Severe,Heavy Rain,Green
2025-02-26 12:00:00,SYNTHETIC: Bannerghatta Road - Dairy Circle,934,Severe,Heavy Rain,Yellow
2025-02-26 12:00:00,SYNTHETIC: Whitefield Road - KR Puram,931,Severe,Heavy Rain,Green
2025-02-26 12:00:00,SYNTHETIC: Hosur Road - Electronic City,1039,Severe,Heavy Rain,Green
2025-02-26 16:00:00,SYNTHETIC: Silk Board - Junction 1,877,Severe,Heavy Rain,Green
2025-02-26 16:00:00,SYNTHETIC: Outer Ring Road - Marathahalli,839,Severe,Heavy Rain,Red
2025-02-26 16:00:00,SYNTHETIC: Airport Road - Hebbal,901,Severe,Heavy Rain,Green
2025-02-26 16:00:00,SYNTHETIC: Bannerghatta Road - Dairy Circle,926,Severe,Heavy Rain,Yellow
2025-02-26 16:00:00,SYNTHETIC: Whitefield Road - KR Puram,1011,Severe,Heavy Rain,Green
2025-02-26 16:00:00,SYNTHETIC: Hosur Road - Electronic City,1033,Severe,Heavy Rain,Green
2025-02-26 20:00:00,SYNTHETIC: Silk Board - Junction 1,819,Severe,Heavy Rain,Green
2025-02-26 20:00:00,SYNTHETIC: Outer Ring Road - Marathahalli,815,Severe,Heavy Rain,Green
2025-02-26 20:00:00,SYNTHETIC: Airport Road - Hebbal,943,Severe,Heavy Rain,Green
2025-02-26 20:00:00,SYNTHETIC: Bannerghatta Road - Dairy Circle,963,Severe,Heavy Rain,Red
2025-02-26 20:00:00,SYNTHETIC: Whitefield Road - KR Puram,997,Severe,Heavy Rain,Green
2025-02-26 20:00:00,SYNTHETIC: Hosur Road - Electronic City,1004,Severe,Heavy Rain,Green
2025-02-27 00:00:00,SYNTHETIC: Silk Board - Junction 1,389,Moderate,Light Rain,Green
2025-02-27 00:00:00,SYNTHETIC: Outer Ring Road - Marathahalli,485,Moderate,Light Rain,Red
2025-02-27 00:00:00,SYNTHETIC: Airport Road - Hebbal,462,Moderate,Light Rain,Green
2025-02-27 00:00:00,SYNTHETIC: Bannerghatta Road - Dairy Circle,451,Moderate,Light Rain,Green
2025-02-27 00:00:00,SYNTHETIC: Whitefield Road - KR Puram,475,Moderate,Light Rain,Green
2025-02-27 00:00:00,SYNTHETIC: Hosur Road - Electronic City,593,Moderate,Light Rain,Green
2025-02-27 04:00:00,SYNTHETIC: Silk Board - Junction 1,335,Low,Light Rain,Green
2025-02-27 04:00:00,SYNTHETIC: Outer Ring Road - Marathahalli,479,Moderate,Light Rain,Red
2025-02-27 04:00:00,SYNTHETIC: Airport Road - Hebbal,422,Moderate,Light Rain,Green
2025-02-27 04:00:00,SYNTHETIC: Bannerghatta Road - Dairy Circle,524,Moderate,Light Rain,Green
2025-02-27 04:00:00,SYNTHETIC: Whitefield Road - KR Puram,563,Moderate,Light Rain,Red
2025-02-27 04:00:00,SYNTHETIC: Hosur Road - Electronic City,571,Moderate,Light Rain,Green
2025-02-27 08:00:00,SYNTHETIC: Silk Board - Junction 1,573,High,Light Rain,Green
2025-02-27 08:00:00,SYNTHETIC: Outer Ring Road - Marathahalli,697,High,Light Rain,Green
2025-02-27 08:00:00,SYNTHETIC: Airport Road - Hebbal,650,High,Light Rain,Yellow
2025-02-27 08:00:00,SYNTHETIC: Bannerghatta Road - Dairy Circle,732,High,Light Rain,Green
2025-02-27 08:00:00,SYNTHETIC: Whitefield Road - KR Puram,728,High,Light Rain,Green
2025-02-27 08:00:00,SYNTHETIC: Hosur Road - Electronic City,745,High,Light Rain,Green
2025-02-27 12:00:00,SYNTHETIC: Silk Board - Junction 1,542,Moderate,Light Rain,Green
2025-02-27 12:00:00,SYNTHETIC: Outer Ring Road - Marathahalli,699,High,Light Rain,Red
2025-02-27 12:00:00,SYNTHETIC: Airport Road - Hebbal,715,High,Light Rain,Green
2025-02-27 12:00:00,SYNTHETIC: Bannerghatta Road - Dairy Circle,671,High,Light Rain,Red
2025-02-27 12:00:00,SYNTHETIC: Whitefield Road - KR Puram,741,High,Light Rain,Red
2025-02-27 12:00:00,SYNTHETIC: Hosur Road - Electronic City,752,High,Light Rain,Green
2025-02-27 16:00:00,SYNTHETIC: Silk Board - Junction 1,609,High,Light Rain,Green
2025-02-27 16:00:00,SYNTHETIC: Outer Ring Road - Marathahalli,582,Moderate,Light Rain,Green
2025-02-27 16:00:00,SYNTHETIC: Airport Road - Hebbal,623,High,Light Rain,Green
2025-02-27 16:00:00,SYNTHETIC: Bannerghatta Road - Dairy Circle,680,High,Light Rain,Green
2025-02-27 16:00:00,SYNTHETIC: Whitefield Road - KR Puram,790,High,Light Rain,Red
2025-02-27 16:00:00,SYNTHETIC: Hosur Road - Electronic City,747,High,Light Rain,Green
2025-02-27 20:00:00,SYNTHETIC: Silk Board - Junction 1,580,High,Light Rain,Green
2025-02-27 20:00:00,SYNTHETIC: Outer Ring Road - Marathahalli,584,Moderate,Light Rain,Green
2025-02-27 20:00:00,SYNTHETIC: Airport Road - Hebbal,625,High,Light Rain,Green
2025-02-27 20:00:00,SYNTHETIC: Bannerghatta Road - Dairy Circle,680,High,Light Rain,Green
2025-02-27 20:00:00,SYNTHETIC: Whitefield Road - KR Puram,788,High,Light Rain,Green
2025-02-27 20:00:00,SYNTHETIC: Hosur Road - Electronic City,799,High,Light Rain,Yellow
2025-02-28 00:00:00,SYNTHETIC: Silk Board - Junction 1,213,Low,Clear,Green
2025-02-28 00:00:00,SYNTHETIC: Outer Ring Road - Marathahalli,195,Low,Clear,Green
2025-02-28 00:00:00,SYNTHETIC: Airport Road - Hebbal,316,Low,Clear,Green
2025-02-28 00:00:00,SYNTHETIC: Bannerghatta Road - Dairy Circle,328,Low,Clear,Green
2025-02-28 00:00:00,SYNTHETIC: Whitefield Road - KR Puram,415,Low,Clear,Yellow
2025-02-28 00:00:00,SYNTHETIC: Hosur Road - Electronic City,426,Low,Clear,Green
2025-02-28 04:00:00,SYNTHETIC: Silk Board - Junction 1,253,Low,Clear,Red
2025-02-28 04:00:00,SYNTHETIC: Outer Ring Road - Marathahalli,304,Low,Clear,Red
2025-02-28 04:00:00,SYNTHETIC: Airport Road - Hebbal,353,Low,Clear,Green
2025-02-28 04:00:00,SYNTHETIC: Bannerghatta Road - Dairy Circle,358,Low,Clear,Yellow
2025-02-28 04:00:00,SYNTHETIC: Whitefield Road - KR Puram,424,Low,Clear,Red
2025-02-28 04:00:00,SYNTHETIC: Hosur Road - Electronic City,367,Low,Clear,Green
2025-02-28 08:00:00,SYNTHETIC: Silk Board - Junction 1,477,Moderate,Clear,Green
2025-02-28 08:00:00,SYNTHETIC: Outer Ring Road - Marathahalli,394,Moderate,Clear,Green
2025-02-28 08:00:00,SYNTHETIC: Airport Road - Hebbal,514,Moderate,Clear,Yellow
2025-02-28 08:00:00,SYNTHETIC: Bannerghatta Road - Dairy Circle,484,Moderate,Clear,Green
2025-02-28 08:00:00,SYNTHETIC: Whitefield Road - KR Puram,595,Moderate,Clear,Green
2025-02-28 08:00:00,SYNTHETIC: Hosur Road - Electronic City,601,Moderate,Clear,Green
2025-02-28 12:00:00,SYNTHETIC: Silk Board - Junction 1,430,Moderate,Clear,Green
2025-02-28 12:00:00,SYNTHETIC: Outer Ring Road - Marathahalli,389,Moderate,Clear,Green
2025-02-28 12:00:00,SYNTHETIC: Airport Road - Hebbal,457,Moderate,Clear,Green
2025-02-28 12:00:00,SYNTHETIC: Bannerghatta Road - Dairy Circle,490,Moderate,Clear,Green
2025-02-28 12:00:00,SYNTHETIC: Whitefield Road - KR Puram,567,Moderate,Clear,Green
2025-02-28 12:00:00,SYNTHETIC: Hosur Road - Electronic City,561,Moderate,Clear,Green
2025-02-28 16:00:00,SYNTHETIC: Silk Board - Junction 1,408,Moderate,Clear,Red
2025-02-28 16:00:00,SYNTHETIC: Outer Ring Road - Marathahalli,449,Moderate,Clear,Green
2025-02-28 16:00:00,SYNTHETIC: Airport Road - Hebbal,539,Moderate,Clear,Yellow
2025-02-28 16:00:00,SYNTHETIC: Bannerghatta Road - Dairy Circle,550,Moderate,Clear,Red
2025-02-28 16:00:00,SYNTHETIC: Whitefield Road - KR Puram,608,Moderate,Clear,Green
2025-02-28 16:00:00,SYNTHETIC: Hosur Road - Electronic City,538,Moderate,Clear,Green
2025-02-28 20:00:00,SYNTHETIC: Silk Board - Junction 1,387,Moderate,Clear,Red
2025-02-28 20:00:00,SYNTHETIC: Outer Ring Road - Marathahalli,410,Moderate,Clear,Green
2025-02-28 20:00:00,SYNTHETIC: Airport Road - Hebbal,433,Moderate,Clear,Green
2025-02-28 20:00:00,SYNTHETIC: Bannerghatta Road - Dairy Circle,553,Moderate,Clear,Red
2025-02-28 20:00:00,SYNTHETIC: Whitefield Road - KR Puram,600,Moderate,Clear,Green
2025-02-28 20:00:00,SYNTHETIC: Hosur Road - Electronic City,600,Moderate,Clear,Green
2025-03-01 00:00:00,SYNTHETIC: Silk Board - Junction 1,553,Moderate,Light Rain,Green
2025-03-01 00:00:00,SYNTHETIC: Outer Ring Road - Marathahalli,518,Moderate,Light Rain,Yellow
2025-03-01 00:00:00,SYNTHETIC: Airport Road - Hebbal,571,Moderate,Light Rain,Red
2025-03-01 00:00:00,SYNTHETIC: Bannerghatta Road - Dairy Circle,699,High,Light Rain,Green
2025-03-01 00:00:00,SYNTHETIC: Whitefield Road - KR Puram,741,High,Light Rain,Green
2025-03-01 00:00:00,SYNTHETIC: Hosur Road - Electronic City,785,High,Light Rain,Yellow
2025-03-01 04:00:00,SYNTHETIC: Silk Board - Junction 1,599,High,Light Rain,Green
2025-03-01 04:00:00,SYNTHETIC: Outer Ring Road - Marathahalli,544,Moderate,Light Rain,Red
2025-03-01 04:00:00,SYNTHETIC: Airport Road - Hebbal,636,High,Light Rain,Green
2025-03-01 04:00:00,SYNTHETIC: Bannerghatta Road - Dairy Circle,687,High,Light Rain,Yellow
2025-03-01 04:00:00,SYNTHETIC: Whitefield Road - KR Puram,678,High,Light Rain,Green
2025-03-01 04:00:00,SYNTHETIC: Hosur Road - Electronic City,695,Moderate,Light Rain,Green
2025-03-01 08:00:00,SYNTHETIC: Silk Board - Junction 1,768,Severe,Light Rain,Green
2025-03-01 08:00:00,SYNTHETIC: Outer Ring Road - Marathahalli,761,Severe,Light Rain,Green
2025-03-01 08:00:00,SYNTHETIC: Airport Road - Hebbal,817,Severe,Light Rain,Green
2025-03-01 08:00:00,SYNTHETIC: Bannerghatta Road - Dairy Circle,809,High,Light Rain,Green
2025-03-01 08:00:00,SYNTHETIC: Whitefield Road - KR Puram,859,High,Light Rain,Green
2025-03-01 08:00:00,SYNTHETIC: Hosur Road - Electronic City,883,High,Light Rain,Green
2025-03-01 12:00:00,SYNTHETIC: Silk Board - Junction 1,735,Severe,Light Rain,Red
2025-03-01 12:00:00,SYNTHETIC: Outer Ring Road - Marathahalli,758,Severe,Light Rain,Green
2025-03-01 12:00:00,SYNTHETIC: Airport Road - Hebbal,756,High,Light Rain,Green
2025-03-01 12:00:00,SYNTHETIC: Bannerghatta Road - Dairy Circle,784,High,Light Rain,Green
2025-03-01 12:00:00,SYNTHETIC: Whitefield Road - KR Puram,933,Severe,Light Rain,Yellow
2025-03-01 12:00:00,SYNTHETIC: Hosur Road - Electronic City,901,Severe,Light Rain,Green
2025-03-01 16:00:00,SYNTHETIC: Silk Board - Junction 1,712,High,Light Rain,Red
2025-03-01 16:00:00,SYNTHETIC: Outer Ring Road - Marathahalli,831,Severe,Light Rain,Green
2025-03-01 16:00:00,SYNTHETIC: Airport Road - Hebbal,857,Severe,Light Rain,Yellow
2025-03-01 16:00:00,SYNTHETIC: Bannerghatta Road - Dairy Circle,862,Severe,Light Rain,Green
2025-03-01 16:00:00,SYNTHETIC: Whitefield Road - KR Puram,905,Severe,Light Rain,Red
2025-03-01 16:00:00,SYNTHETIC: Hosur Road - Electronic City,911,Severe,Light Rain,Green
2025-03-01 20:00:00,SYNTHETIC: Silk Board - Junction 1,810,Severe,Light Rain,Red
2025-03-01 20:00:00,SYNTHETIC: Outer Ring Road - Marathahalli,789,Severe,Light Rain,Green
2025-03-01 20:00:00,SYNTHETIC: Airport Road - Hebbal,823,Severe,Light Rain,Green
2025-03-01 20:00:00,SYNTHETIC: Bannerghatta Road - Dairy Circle,908,Severe,Light Rain,Yellow
2025-03-01 20:00:00,SYNTHETIC: Whitefield Road - KR Puram,872,Severe,Light Rain,Green
2025-03-01 20:00:00,SYNTHETIC: Hosur Road - Electronic City,850,High,Light Rain,Green
2025-03-02 00:00:00,SYNTHETIC: Silk Board - Junction 1,331,Low,Cloudy,Green
2025-03-02 00:00:00,SYNTHETIC: Outer Ring Road - Marathahalli,341,Low,Cloudy,Yellow
2025-03-02 00:00:00,SYNTHETIC: Airport Road - Hebbal,374,Low,Cloudy,Green
2025-03-02 00:00:00,SYNTHETIC: Bannerghatta Road - Dairy Circle,505,Moderate,Cloudy,Green
2025-03-02 00:00:00,SYNTHETIC: Whitefield Road - KR Puram,551,Moderate,Cloudy,Red
2025-03-02 00:00:00,SYNTHETIC: Hosur Road - Electronic City,550,Moderate,Cloudy,Red
2025-03-02 04:00:00,SYNTHETIC: Silk Board - Junction 1,320,Low,Cloudy,Green
2025-03-02 04:00:00,SYNTHETIC: Outer Ring Road - Marathahalli,449,Moderate,Cloudy,Red
2025-03-02 04:00:00,SYNTHETIC: Airport Road - Hebbal,485,Moderate,Cloudy,Red
2025-03-02 04:00:00,SYNTHETIC: Bannerghatta Road - Dairy Circle,496,Moderate,Cloudy,Green
2025-03-02 04:00:00,SYNTHETIC: Whitefield Road - KR Puram,533,Moderate,Cloudy,Green
2025-03-02 04:00:00,SYNTHETIC: Hosur Road - Electronic City,525,Moderate,Cloudy,Green
2025-03-02 08:00:00,SYNTHETIC: Silk Board - Junction 1,532,Moderate,Cloudy,Green
2025-03-02 08:00:00,SYNTHETIC: Outer Ring Road - Marathahalli,608,High,Cloudy,Green
2025-03-02 08:00:00,SYNTHETIC: Airport Road - Hebbal,581,Moderate,Cloudy,Green
2025-03-02 08:00:00,SYNTHETIC: Bannerghatta Road - Dairy Circle,616,Moderate,Cloudy,Yellow
2025-03-02 08:00:00,SYNTHETIC: Whitefield Road - KR Puram,632,Moderate,Cloudy,Green
2025-03-02 08:00:00,SYNTHETIC: Hosur Road - Electronic City,774,High,Cloudy,Green
2025-03-02 12:00:00,SYNTHETIC: Silk Board - Junction 1,513,Moderate,Cloudy,Red
2025-03-02 12:00:00,SYNTHETIC: Outer Ring Road - Marathahalli,563,Moderate,Cloudy,Red
2025-03-02 12:00:00,SYNTHETIC: Airport Road - Hebbal,560,Moderate,Cloudy,Green
2025-03-02 12:00:00,SYNTHETIC: Bannerghatta Road - Dairy Circle,603,Moderate,Cloudy,Green
2025-03-02 12:00:00,SYNTHETIC: Whitefield Road - KR Puram,723,High,Cloudy,Yellow
2025-03-02 12:00:00,SYNTHETIC: Hosur Road - Electronic City,756,High,Cloudy,Yellow
2025-03-02 16:00:00,SYNTHETIC: Silk Board - Junction 1,512,Moderate,Cloudy,Green
2025-03-02 16:00:00,SYNTHETIC: Outer Ring Road - Marathahalli,604,High,Cloudy,Green
2025-03-02 16:00:00,SYNTHETIC: Airport Road - Hebbal,569,Moderate,Cloudy,Red
2025-03-02 16:00:00,SYNTHETIC: Bannerghatta Road - Dairy Circle,616,Moderate,Cloudy,Red
2025-03-02 16:00:00,SYNTHETIC: Whitefield Road - KR Puram,630,Moderate,Cloudy,Yellow
2025-03-02 16:00:00,SYNTHETIC: Hosur Road - Electronic City,714,High,Cloudy,Yellow
2025-03-02 20:00:00,SYNTHETIC: Silk Board - Junction 1,590,High,Cloudy,Yellow
2025-03-02 20:00:00,SYNTHETIC: Outer Ring Road - Marathahalli,650,High,Cloudy,Green
2025-03-02 20:00:00,SYNTHETIC: Airport Road - Hebbal,634,High,Cloudy,Green
2025-03-02 20:00:00,SYNTHETIC: Bannerghatta Road - Dairy Circle,729,High,Cloudy,Green
2025-03-02 20:00:00,SYNTHETIC: Whitefield Road - KR Puram,702,High,Cloudy,Green
2025-03-02 20:00:00,SYNTHETIC: Hosur Road - Electronic City,783,High,Cloudy,Green
2025-03-03 00:00:00,SYNTHETIC: Silk Board - Junction 1,413,Moderate,Light Rain,Green
2025-03-03 00:00:00,SYNTHETIC: Outer Ring Road - Marathahalli,483,Moderate,Light Rain,Green
2025-03-03 00:00:00,SYNTHETIC: Airport Road - Hebbal,439,Moderate,Light Rain,Green
2025-03-03 00:00:00,SYNTHETIC: Bannerghatta Road - Dairy Circle,450,Moderate,Light Rain,Green
2025-03-03 00:00:00,SYNTHETIC: Whitefield Road - KR Puram,500,Moderate,Light Rain,Green
2025-03-03 00:00:00,SYNTHETIC: Hosur Road - Electronic City,619,Moderate,Light Rain,Green
2025-03-03 04:00:00,SYNTHETIC: Silk Board - Junction 1,348,Low,Light Rain,Green
2025-03-03 04:00:00,SYNTHETIC: Outer Ring Road - Marathahalli,450,Moderate,Light Rain,Yellow
2025-03-03 04:00:00,SYNTHETIC: Airport Road - Hebbal,461,Moderate,Light Rain,Yellow
2025-03-03 04:00:00,SYNTHETIC: Bannerghatta Road - Dairy Circle,546,Moderate,Light Rain,Green
2025-03-03 04:00:00,SYNTHETIC: Whitefield Road - KR Puram,547,Moderate,Light Rain,Red
2025-03-03 04:00:00,SYNTHETIC: Hosur Road - Electronic City,558,Moderate,Light Rain,Red
2025-03-03 08:00:00,SYNTHETIC: Silk Board - Junction 1,538,Moderate,Light Rain,Green
2025-03-03 08:00:00,SYNTHETIC: Outer Ring Road - Marathahalli,665,High,Light Rain,Green
2025-03-03 08:00:00,SYNTHETIC: Airport Road - Hebbal,616,High,Light Rain,Green
2025-03-03 08:00:00,SYNTHETIC: Bannerghatta Road - Dairy Circle,699,High,Light Rain,Green
2025-03-03 08:00:00,SYNTHETIC: Whitefield Road - KR Puram,797,High,Light Rain,Green
2025-03-03 08:00:00,SYNTHETIC: Hosur Road - Electronic City,806,High,Light Rain,Yellow
2025-03-03 12:00:00,SYNTHETIC: Silk Board - Junction 1,612,High,Light Rain,Green
2025-03-03 12:00:00,SYNTHETIC: Outer Ring Road - Marathahalli,648,High,Light Rain,Yellow
2025-03-03 12:00:00,SYNTHETIC: Airport Road - Hebbal,708,High,Light Rain,Yellow
2025-03-03 12:00:00,SYNTHETIC: Bannerghatta Road - Dairy Circle,682,High,Light Rain,Green
2025-03-03 12:00:00,SYNTHETIC: Whitefield Road - KR Puram,712,High,Light Rain,Red
2025-03-03 12:00:00,SYNTHETIC: Hosur Road - Electronic City,811,High,Light Rain,Green
2025-03-03 16:00:00,SYNTHETIC: Silk Board - Junction 1,615,High,Light Rain,Green
2025-03-03 16:00:00,SYNTHETIC: Outer Ring Road - Marathahalli,600,High,Light Rain,Green
2025-03-03 16:00:00,SYNTHETIC: Airport Road - Hebbal,726,High,Light Rain,Red
2025-03-03 16:00:00,SYNTHETIC: Bannerghatta Road - Dairy Circle,686,High,Light Rain,Yellow
2025-03-03 16:00:00,SYNTHETIC: Whitefield Road - KR Puram,776,High,Light Rain,Green
2025-03-03 16:00:00,SYNTHETIC: Hosur Road - Electronic City,707,High,Light Rain,Green
2025-03-03 20:00:00,SYNTHETIC: Silk Board - Junction 1,617,High,Light Rain,Yellow
2025-03-03 20:00:00,SYNTHETIC: Outer Ring Road - Marathahalli,660,High,Light Rain,Green
2025-03-03 20:00:00,SYNTHETIC: Airport Road - Hebbal,626,High,Light Rain,Green
2025-03-03 20:00:00,SYNTHETIC: Bannerghatta Road - Dairy Circle,763,High,Light Rain,Green
2025-03-03 20:00:00,SYNTHETIC: Whitefield Road - KR Puram,707,High,Light Rain,Green
2025-03-03 20:00:00,SYNTHETIC: Hosur Road - Electronic City,834,High,Light Rain,Green
2025-03-04 00:00:00,SYNTHETIC: Silk Board - Junction 1,397,Moderate,Heavy Rain,Green
2025-03-04 00:00:00,SYNTHETIC: Outer Ring Road - Marathahalli,374,Low,Heavy Rain,Yellow
2025-03-04 00:00:00,SYNTHETIC: Airport Road - Hebbal,465,Moderate,Heavy Rain,Green
2025-03-04 00:00:00,SYNTHETIC: Bannerghatta Road - Dairy Circle,436,Moderate,Heavy Rain,Green
2025-03-04 00:00:00,SYNTHETIC: Whitefield Road - KR Puram,480,Moderate,Heavy Rain,Green
2025-03-04 00:00:00,SYNTHETIC: Hosur Road - Electronic City,620,Moderate,Heavy Rain,Green
2025-03-04 04:00:00,SYNTHETIC: Silk Board - Junction 1,330,Low,Heavy Rain,Green
2025-03-04 04:00:00,SYNTHETIC: Outer Ring Road - Marathahalli,384,Moderate,Heavy Rain,Yellow
2025-03-04 04:00:00,SYNTHETIC: Airport Road - Hebbal,470,Moderate,Heavy Rain,Green
2025-03-04 04:00:00,SYNTHETIC: Bannerghatta Road - Dairy Circle,574,Moderate,Heavy Rain,Red
2025-03-04 04:00:00,SYNTHETIC: Whitefield Road - KR Puram,474,Moderate,Heavy Rain,Green
2025-03-04 04:00:00,SYNTHETIC: Hosur Road - Electronic City,583,Moderate,Heavy Rain,Yellow
2025-03-04 08:00:00,SYNTHETIC: Silk Board - Junction 1,543,Moderate,Heavy Rain,Green
2025-03-04 08:00:00,SYNTHETIC: Outer Ring Road - Marathahalli,619,High,Heavy Rain,Green
2025-03-04 08:00:00,SYNTHETIC: Airport Road - Hebbal,673,High,Heavy Rain,Yellow
2025-03-04 08:00:00,SYNTHETIC: Bannerghatta Road - Dairy Circle,695,High,Heavy Rain,Red
2025-03-04 08:00:00,SYNTHETIC: Whitefield Road - KR Puram,769,High,Heavy Rain,Green
2025-03-04 08:00:00,SYNTHETIC: Hosur Road - Electronic City,789,High,Heavy Rain,Green
2025-03-04 12:00:00,SYNTHETIC: Silk Board - Junction 1,581,High,Heavy Rain,Green
2025-03-04 12:00:00,SYNTHETIC: Outer Ring Road - Marathahalli,674,High,Heavy Rain,Green
2025-03-04 12:00:00,SYNTHETIC: Airport Road - Hebbal,662,High,Heavy Rain,Red
2025-03-04 12:00:00,SYNTHETIC: Bannerghatta Road - Dairy Circle,640,Moderate,Heavy Rain,Green
2025-03-04 12:00:00,SYNTHETIC: Whitefield Road - KR Puram,736,High,Heavy Rain,Green
2025-03-04 12:00:00,SYNTHETIC: Hosur Road - Electronic City,779,High,Heavy Rain,Yellow
2025-03-04 16:00:00,SYNTHETIC: Silk Board - Junction 1,636,High,Heavy Rain,Green
2025-03-04 16:00:00,SYNTHETIC: Outer Ring Road - Marathahalli,674,High,Heavy Rain,Green
2025-03-04 16:00:00,SYNTHETIC: Airport Road - Hebbal,641,High,Heavy Rain,Green
2025-03-04 16:00:00,SYNTHETIC: Bannerghatta Road - Dairy Circle,708,High,Heavy Rain,Green
2025-03-04 16:00:00,SYNTHETIC: Whitefield Road - KR Puram,808,High,Heavy Rain,Yellow
2025-03-04 16:00:00,SYNTHETIC: Hosur Road - Electronic City,722,High,Heavy Rain,Green
2025-03-04 20:00:00,SYNTHETIC: Silk Board - Junction 1,569,High,Heavy Rain,Red
2025-03-04 20:00:00,SYNTHETIC: Outer Ring Road - Marathahalli,565,Moderate,Heavy Rain,Red
2025-03-04 20:00:00,SYNTHETIC: Airport Road - Hebbal,616,High,Heavy Rain,Yellow
2025-03-04 20:00:00,SYNTHETIC: Bannerghatta Road - Dairy Circle,704,High,Heavy Rain,Red
2025-03-04 20:00:00,SYNTHETIC: Whitefield Road - KR Puram,699,High,Heavy Rain,Yellow
2025-03-04 20:00:00,SYNTHETIC: Hosur Road - Electronic City,791,High,Heavy Rain,Green
2025-03-05 00:00:00,SYNTHETIC: Silk Board - Junction 1,337,Low,Light Rain,Green
2025-03-05 00:00:00,SYNTHETIC: Outer Ring Road - Marathahalli,464,Moderate,Light Rain,Yellow
2025-03-05 00:00:00,SYNTHETIC: Airport Road - Hebbal,510,Moderate,Light Rain,Green
2025-03-05 00:00:00,SYNTHETIC: Bannerghatta Road - Dairy Circle,566,Moderate,Light Rain,Yellow
2025-03-05 00:00:00,SYNTHETIC: Whitefield Road - KR Puram,573,Moderate,Light Rain,Green
2025-03-05 00:00:00,SYNTHETIC: Hosur Road - Electronic City,553,Moderate,Light Rain,Green
2025-03-05 04:00:00,SYNTHETIC: Silk Board - Junction 1,453,Moderate,Light Rain,Yellow
2025-03-05 04:00:00,SYNTHETIC: Outer Ring Road - Marathahalli,382,Moderate,Light Rain,Red
2025-03-05 04:00:00,SYNTHETIC: Airport Road - Hebbal,458,Moderate,Light Rain,Yellow
2025-03-05 04:00:00,SYNTHETIC: Bannerghatta Road - Dairy Circle,561,Moderate,Light Rain,Green
2025-03-05 04:00:00,SYNTHETIC: Whitefield Road - KR Puram,587,Moderate,Light Rain,Green
2025-03-05 04:00:00,SYNTHETIC: Hosur Road - Electronic City,599,Moderate,Light Rain,Green
2025-03-05 08:00:00,SYNTHETIC: Silk Board - Junction 1,540,Moderate,Light Rain,Green
2025-03-05 08:00:00,SYNTHETIC: Outer Ring Road - Marathahalli,613,High,Light Rain,Green
2025-03-05 08:00:00,SYNTHETIC: Airport Road - Hebbal,690,High,Light Rain,Green
2025-03-05 08:00:00,SYNTHETIC: Bannerghatta Road - Dairy Circle,730,High,Light Rain,Green
2025-03-05 08:00:00,SYNTHETIC: Whitefield Road - KR Puram,776,High,Light Rain,Yellow
2025-03-05 08:00:00,SYNTHETIC: Hosur Road - Electronic City,706,High,Light Rain,Red
2025-03-05 12:00:00,SYNTHETIC: Silk Board - Junction 1,648,High,Light Rain,Green
2025-03-05 12:00:00,SYNTHETIC: Outer Ring Road - Marathahalli,589,High,Light Rain,Green
2025-03-05 12:00:00,SYNTHETIC: Airport Road - Hebbal,629,High,Light Rain,Green
2025-03-05 12:00:00,SYNTHETIC: Bannerghatta Road - Dairy Circle,756,High,Light Rain,Green
2025-03-05 12:00:00,SYNTHETIC: Whitefield Road - KR Puram,757,High,Light Rain,Green
2025-03-05 12:00:00,SYNTHETIC: Hosur Road - Electronic City,713,High,Light Rain,Yellow
2025-03-05 16:00:00,SYNTHETIC: Silk Board - Junction 1,611,High,Light Rain,Green
2025-03-05 16:00:00,SYNTHETIC: Outer Ring Road - Marathahalli,702,High,Light Rain,Yellow
2025-03-05 16:00:00,SYNTHETIC: Airport Road - Hebbal,675,High,Light Rain,Green
2025-03-05 16:00:00,SYNTHETIC: Bannerghatta Road - Dairy Circle,662,High,Light Rain,Green
2025-03-05 16:00:00,SYNTHETIC: Whitefield Road - KR Puram,746,High,Light Rain,Yellow
2025-03-05 16:00:00,SYNTHETIC: Hosur Road - Electronic City,740,High,Light Rain,Yellow
2025-03-05 20:00:00,SYNTHETIC: Silk Board - Junction 1,627,High,Light Rain,Red
2025-03-05 20:00:00,SYNTHETIC: Outer Ring Road - Marathahalli,636,High,Light Rain,Green
2025-03-05 20:00:00,SYNTHETIC: Airport Road - Hebbal,705,High,Light Rain,Red
2025-03-05 20:00:00,SYNTHETIC: Bannerghatta Road - Dairy Circle,770,High,Light Rain,Green
2025-03-05 20:00:00,SYNTHETIC: Whitefield Road - KR Puram,797,High,Light Rain,Green
2025-03-05 20:00:00,SYNTHETIC: Hosur Road - Electronic City,781,High,Light Rain,Green
2025-03-06 00:00:00,SYNTHETIC: Silk Board - Junction 1,406,Moderate,Light Rain,Green
2025-03-06 00:00:00,SYNTHETIC: Outer Ring Road - Marathahalli,468,Moderate,Light Rain,Yellow
2025-03-06 00:00:00,SYNTHETIC: Airport Road - Hebbal,410,Moderate,Light Rain,Green
2025-03-06 00:00:00,SYNTHETIC: Bannerghatta Road - Dairy Circle,542,Moderate,Light Rain,Green
2025-03-06 00:00:00,SYNTHETIC: Whitefield Road - KR Puram,555,Moderate,Light Rain,Green
2025-03-06 00:00:00,SYNTHETIC: Hosur Road - Electronic City,518,Moderate,Light Rain,Green
2025-03-06 04:00:00,SYNTHETIC: Silk Board - Junction 1,354,Low,Light Rain,Red
2025-03-06 04:00:00,SYNTHETIC: Outer Ring Road - Marathahalli,366,Low,Light Rain,Green
2025-03-06 04:00:00,SYNTHETIC: Airport Road - Hebbal,522,Moderate,Light Rain,Green
2025-03-06 04:00:00,SYNTHETIC: Bannerghatta Road - Dairy Circle,527,Moderate,Light Rain,Green
2025-03-06 04:00:00,SYNTHETIC: Whitefield Road - KR Puram,497,Moderate,Light Rain,Green
2025-03-06 04:00:00,SYNTHETIC: Hosur Road - Electronic City,568,Moderate,Light Rain,Green
2025-03-06 08:00:00,SYNTHETIC: Silk Board - Junction 1,573,High,Light Rain,Green
2025-03-06 08:00:00,SYNTHETIC: Outer Ring Road - Marathahalli,591,High,Light Rain,Green
2025-03-06 08:00:00,SYNTHETIC: Airport Road - Hebbal,604,Moderate,Light Rain,Green
2025-03-06 08:00:00,SYNTHETIC: Bannerghatta Road - Dairy Circle,667,High,Light Rain,Green
2025-03-06 08:00:00,SYNTHETIC: Whitefield Road - KR Puram,800,High,Light Rain,Green
2025-03-06 08:00:00,SYNTHETIC: Hosur Road - Electronic City,809,High,Light Rain,Green
2025-03-06 12:00:00,SYNTHETIC: Silk Board - Junction 1,663,High,Light Rain,Red
2025-03-06 12:00:00,SYNTHETIC: Outer Ring Road - Marathahalli,613,High,Light Rain,Green
2025-03-06 12:00:00,SYNTHETIC: Airport Road - Hebbal,660,High,Light Rain,Green
2025-03-06 12:00:00,SYNTHETIC: Bannerghatta Road - Dairy Circle,689,High,Light Rain,Green
2025-03-06 12:00:00,SYNTHETIC: Whitefield Road - KR Puram,769,High,Light Rain,Green
2025-03-06 12:00:00,SYNTHETIC: Hosur Road - Electronic City,840,High,Light Rain,Green
2025-03-06 16:00:00,SYNTHETIC: Silk Board - Junction 1,564,High,Light Rain,Green
2025-03-06 16:00:00,SYNTHETIC: Outer Ring Road - Marathahalli,670,High,Light Rain,Red
2025-03-06 16:00:00,SYNTHETIC: Airport Road - Hebbal,673,High,Light Rain,Green
2025-03-06 16:00:00,SYNTHETIC: Bannerghatta Road - Dairy Circle,666,High,Light Rain,Yellow
2025-03-06 16:00:00,SYNTHETIC: Whitefield Road - KR Puram,735,High,Light Rain,Green
2025-03-06 16:00:00,SYNTHETIC: Hosur Road - Electronic City,832,High,Light Rain,Green
2025-03-06 20:00:00,SYNTHETIC: Silk Board - Junction 1,559,Moderate,Light Rain,Green
2025-03-06 20:00:00,SYNTHETIC: Outer Ring Road - Marathahalli,613,High,Light Rain,Yellow
2025-03-06 20:00:00,SYNTHETIC: Airport Road - Hebbal,632,High,Light Rain,Green
2025-03-06 20:00:00,SYNTHETIC: Bannerghatta Road - Dairy Circle,665,High,Light Rain,Red
2025-03-06 20:00:00,SYNTHETIC: Whitefield Road - KR Puram,733,High,Light Rain,Green
2025-03-06 20:00:00,SYNTHETIC: Hosur Road - Electronic City,715,High,Light Rain,Green
2025-03-07 00:00:00,SYNTHETIC: Silk Board - Junction 1,462,Moderate,Heavy Rain,Yellow
2025-03-07 00:00:00,SYNTHETIC: Outer Ring Road - Marathahalli,478,Moderate,Heavy Rain,Yellow
2025-03-07 00:00:00,SYNTHETIC: Airport Road - Hebbal,437,Moderate,Heavy Rain,Green
2025-03-07 00:00:00,SYNTHETIC: Bannerghatta Road - Dairy Circle,525,Moderate,Heavy Rain,Green
2025-03-07 00:00:00,SYNTHETIC: Whitefield Road - KR Puram,532,Moderate,Heavy Rain,Green
2025-03-07 00:00:00,SYNTHETIC: Hosur Road - Electronic City,575,Moderate,Heavy Rain,Green
2025-03-07 04:00:00,SYNTHETIC: Silk Board - Junction 1,394,Moderate,Heavy Rain,Green
2025-03-07 04:00:00,SYNTHETIC: Outer Ring Road - Marathahalli,483,Moderate,Heavy Rain,Green
2025-03-07 04:00:00,SYNTHETIC: Airport Road - Hebbal,415,Moderate,Heavy Rain,Yellow
2025-03-07 04:00:00,SYNTHETIC: Bannerghatta Road - Dairy Circle,569,Moderate,Heavy Rain,Green
2025-03-07 04:00:00,SYNTHETIC: Whitefield Road - KR Puram,575,Moderate,Heavy Rain,Green
2025-03-07 04:00:00,SYNTHETIC: Hosur Road - Electronic City,578,Moderate,Heavy Rain,Green
2025-03-07 08:00:00,SYNTHETIC: Silk Board - Junction 1,601,High,Heavy Rain,Green
2025-03-07 08:00:00,SYNTHETIC: Outer Ring Road - Marathahalli,568,Moderate,Heavy Rain,Green
2025-03-07 08:00:00,SYNTHETIC: Airport Road - Hebbal,735,High,Heavy Rain,Green
2025-03-07 08:00:00,SYNTHETIC: Bannerghatta Road - Dairy Circle,751,High,Heavy Rain,Green
2025-03-07 08:00:00,SYNTHETIC: Whitefield Road - KR Puram,727,High,Heavy Rain,Green
2025-03-07 08:00:00,SYNTHETIC: Hosur Road - Electronic City,775,High,Heavy Rain,Yellow
2025-03-07 12:00:00,SYNTHETIC: Silk Board - Junction 1,629,High,Heavy Rain,Green
2025-03-07 12:00:00,SYNTHETIC: Outer Ring Road - Marathahalli,687,High,Heavy Rain,Green
2025-03-07 12:00:00,SYNTHETIC: Airport Road - Hebbal,634,High,Heavy Rain,Green
2025-03-07 12:00:00,SYNTHETIC: Bannerghatta Road - Dairy Circle,695,High,Heavy Rain,Green
2025-03-07 12:00:00,SYNTHETIC: Whitefield Road - KR Puram,768,High,Heavy Rain,Green
2025-03-07 12:00:00,SYNTHETIC: Hosur Road - Electronic City,835,High,Heavy Rain,Green
2025-03-07 16:00:00,SYNTHETIC: Silk Board - Junction 1,567,High,Heavy Rain,Green
2025-03-07 16:00:00,SYNTHETIC: Outer Ring Road - Marathahalli,659,High,Heavy Rain,Green
2025-03-07 16:00:00,SYNTHETIC: Airport Road - Hebbal,625,High,Heavy Rain,Green
2025-03-07 16:00:00,SYNTHETIC: Bannerghatta Road - Dairy Circle,767,High,Heavy Rain,Yellow
2025-03-07 16:00:00,SYNTHETIC: Whitefield Road - KR Puram,773,High,Heavy Rain,Green
2025-03-07 16:00:00,SYNTHETIC: Hosur Road - Electronic City,732,High,Heavy Rain,Green
2025-03-07 20:00:00,SYNTHETIC: Silk Board - Junction 1,602,High,Heavy Rain,Green
2025-03-07 20:00:00,SYNTHETIC: Outer Ring Road - Marathahalli,627,High,Heavy Rain,Yellow
2025-03-07 20:00:00,SYNTHETIC: Airport Road - Hebbal,735,High,Heavy Rain,Red
2025-03-07 20:00:00,SYNTHETIC: Bannerghatta Road - Dairy Circle,762,High,Heavy Rain,Red
2025-03-07 20:00:00,SYNTHETIC: Whitefield Road - KR Puram,670,Moderate,Heavy Rain,Green
2025-03-07 20:00:00,SYNTHETIC: Hosur Road - Electronic City,710,High,Heavy Rain,Green
2025-03-08 00:00:00,SYNTHETIC: Silk Board - Junction 1,352,Low,Cloudy,Green
2025-03-08 00:00:00,SYNTHETIC: Outer Ring Road - Marathahalli,411,Moderate,Cloudy,Green
2025-03-08 00:00:00,SYNTHETIC: Airport Road - Hebbal,421,Moderate,Cloudy,Green
2025-03-08 00:00:00,SYNTHETIC: Bannerghatta Road - Dairy Circle,521,Moderate,Cloudy,Green
2025-03-08 00:00:00,SYNTHETIC: Whitefield Road - KR Puram,434,Moderate,Cloudy,Yellow
2025-03-08 00:00:00,SYNTHETIC: Hosur Road - Electronic City,491,Moderate,Cloudy,Green
2025-03-08 04:00:00,SYNTHETIC: Silk Board - Junction 1,325,Low,Cloudy,Green
2025-03-08 04:00:00,SYNTHETIC: Outer Ring Road - Marathahalli,336,Low,Cloudy,Green
2025-03-08 04:00:00,SYNTHETIC: Airport Road - Hebbal,465,Moderate,Cloudy,Green
2025-03-08 04:00:00,SYNTHETIC: Bannerghatta Road - Dairy Circle,413,Low,Cloudy,Green
2025-03-08 04:00:00,SYNTHETIC: Whitefield Road - KR Puram,570,Moderate,Cloudy,Green
2025-03-08 04:00:00,SYNTHETIC: Hosur Road - Electronic City,499,Moderate,Cloudy,Green
2025-03-08 08:00:00,SYNTHETIC: Silk Board - Junction 1,544,Moderate,Cloudy,Green
2025-03-08 08:00:00,SYNTHETIC: Outer Ring Road - Marathahalli,549,Moderate,Cloudy,Green
2025-03-08 08:00:00,SYNTHETIC: Airport Road - Hebbal,562,Moderate,Cloudy,Red
2025-03-08 08:00:00,SYNTHETIC: Bannerghatta Road - Dairy Circle,699,High,Cloudy,Green
2025-03-08 08:00:00,SYNTHETIC: Whitefield Road - KR Puram,701,High,Cloudy,Green
2025-03-08 08:00:00,SYNTHETIC: Hosur Road - Electronic City,780,High,Cloudy,Red
2025-03-08 12:00:00,SYNTHETIC: Silk Board - Junction 1,513,Moderate,Cloudy,Green
2025-03-08 12:00:00,SYNTHETIC: Outer Ring Road - Marathahalli,585,Moderate,Cloudy,Green
2025-03-08 12:00:00,SYNTHETIC: Airport Road - Hebbal,583,Moderate,Cloudy,Yellow
2025-03-08 12:00:00,SYNTHETIC: Bannerghatta Road - Dairy Circle,732,High,Cloudy,Yellow
2025-03-08 12:00:00,SYNTHETIC: Whitefield Road - KR Puram,691,High,Cloudy,Green
2025-03-08 12:00:00,SYNTHETIC: Hosur Road - Electronic City,735,High,Cloudy,Green
2025-03-08 16:00:00,SYNTHETIC: Silk Board - Junction 1,491,Moderate,Cloudy,Red
2025-03-08 16:00:00,SYNTHETIC: Outer Ring Road - Marathahalli,650,High,Cloudy,Yellow
2025-03-08 16:00:00,SYNTHETIC: Airport Road - Hebbal,615,Moderate,Cloudy,Yellow
2025-03-08 16:00:00,SYNTHETIC: Bannerghatta Road - Dairy Circle,679,High,Cloudy,Green
2025-03-08 16:00:00,SYNTHETIC: Whitefield Road - KR Puram,758,High,Cloudy,Green
2025-03-08 16:00:00,SYNTHETIC: Hosur Road - Electronic City,736,High,Cloudy,Green
2025-03-08 20:00:00,SYNTHETIC: Silk Board - Junction 1,579,High,Cloudy,Red
2025-03-08 20:00:00,SYNTHETIC: Outer Ring Road - Marathahalli,640,High,Cloudy,Green
2025-03-08 20:00:00,SYNTHETIC: Airport Road - Hebbal,602,Moderate,Cloudy,Green
2025-03-08 20:00:00,SYNTHETIC: Bannerghatta Road - Dairy Circle,619,Moderate,Cloudy,Red
2025-03-08 20:00:00,SYNTHETIC: Whitefield Road - KR Puram,635,Moderate,Cloudy,Yellow
2025-03-08 20:00:00,SYNTHETIC: Hosur Road - Electronic City,714,High,Cloudy,Green
2025-03-09 00:00:00,SYNTHETIC: Silk Board - Junction 1,471,Moderate,Heavy Rain,Green
2025-03-09 00:00:00,SYNTHETIC: Outer Ring Road - Marathahalli,513,Moderate,Heavy Rain,Green
2025-03-09 00:00:00,SYNTHETIC: Airport Road - Hebbal,647,High,Heavy Rain,Green
2025-03-09 00:00:00,SYNTHETIC: Bannerghatta Road - Dairy Circle,615,Moderate,Heavy Rain,Green
2025-03-09 00:00:00,SYNTHETIC: Whitefield Road - KR Puram,649,Moderate,Heavy Rain,Green
2025-03-09 00:00:00,SYNTHETIC: Hosur Road - Electronic City,756,High,Heavy Rain,Green
2025-03-09 04:00:00,SYNTHETIC: Silk Board - Junction 1,512,Moderate,Heavy Rain,Green
2025-03-09 04:00:00,SYNTHETIC: Outer Ring Road - Marathahalli,638,High,Heavy Rain,Yellow
2025-03-09 04:00:00,SYNTHETIC: Airport Road - Hebbal,675,High,Heavy Rain,Red
2025-03-09 04:00:00,SYNTHETIC: Bannerghatta Road - Dairy Circle,659,High,Heavy Rain,Red
2025-03-09 04:00:00,SYNTHETIC: Whitefield Road - KR Puram,650,Moderate,Heavy Rain,Yellow
2025-03-09 04:00:00,SYNTHETIC: Hosur Road - Electronic City,781,High,Heavy Rain,Yellow
2025-03-09 08:00:00,SYNTHETIC: Silk Board - Junction 1,725,Severe,Heavy Rain,Red
2025-03-09 08:00:00,SYNTHETIC: Outer Ring Road - Marathahalli,813,Severe,Heavy Rain,Green
2025-03-09 08:00:00,SYNTHETIC: Airport Road - Hebbal,853,Severe,Heavy Rain,Green
2025-03-09 08:00:00,SYNTHETIC: Bannerghatta Road - Dairy Circle,841,Severe,Heavy Rain,Green
2025-03-09 08:00:00,SYNTHETIC: Whitefield Road - KR Puram,815,High,Heavy Rain,Green
2025-03-09 08:00:00,SYNTHETIC: Hosur Road - Electronic City,920,Severe,Heavy Rain,Green
2025-03-09 12:00:00,SYNTHETIC: Silk Board - Junction 1,807,Severe,Heavy Rain,Green
2025-03-09 12:00:00,SYNTHETIC: Outer Ring Road - Marathahalli,728,High,Heavy Rain,Red
2025-03-09 12:00:00,SYNTHETIC: Airport Road - Hebbal,769,High,Heavy Rain,Yellow
2025-03-09 12:00:00,SYNTHETIC: Bannerghatta Road - Dairy Circle,807,High,Heavy Rain,Red
2025-03-09 12:00:00,SYNTHETIC: Whitefield Road - KR Puram,868,Severe,Heavy Rain,Yellow
2025-03-09 12:00:00,SYNTHETIC: Hosur Road - Electronic City,981,Severe,Heavy Rain,Red
2025-03-09 16:00:00,SYNTHETIC: Silk Board - Junction 1,698,High,Heavy Rain,Green
2025-03-09 16:00:00,SYNTHETIC: Outer Ring Road - Marathahalli,806,Severe,Heavy Rain,Red
2025-03-09 16:00:00,SYNTHETIC: Airport Road - Hebbal,774,High,Heavy Rain,Green
2025-03-09 16:00:00,SYNTHETIC: Bannerghatta Road - Dairy Circle,821,High,Heavy Rain,Green
2025-03-09 16:00:00,SYNTHETIC: Whitefield Road - KR Puram,869,Severe,Heavy Rain,Yellow
2025-03-09 16:00:00,SYNTHETIC: Hosur Road - Electronic City,906,Severe,Heavy Rain,Red
2025-03-09 20:00:00,SYNTHETIC: Silk Board - Junction 1,800,Severe,Heavy Rain,Red
2025-03-09 20:00:00,SYNTHETIC: Outer Ring Road - Marathahalli,844,Severe,Heavy Rain,Red
2025-03-09 20:00:00,SYNTHETIC: Airport Road - Hebbal,801,Severe,Heavy Rain,Green
2025-03-09 20:00:00,SYNTHETIC: Bannerghatta Road - Dairy Circle,796,High,Heavy Rain,Green
2025-03-09 20:00:00,SYNTHETIC: Whitefield Road - KR Puram,947,Severe,Heavy Rain,Green
2025-03-09 20:00:00,SYNTHETIC: Hosur Road - Electronic City,911,Severe,Heavy Rain,Green
2025-03-10 00:00:00,SYNTHETIC: Silk Board - Junction 1,156,Low,Clear,Red
2025-03-10 00:00:00,SYNTHETIC: Outer Ring Road - Marathahalli,192,Low,Clear,Green
2025-03-10 00:00:00,SYNTHETIC: Airport Road - Hebbal,262,Low,Clear,Yellow
2025-03-10 00:00:00,SYNTHETIC: Bannerghatta Road - Dairy Circle,275,Low,Clear,Green
2025-03-10 00:00:00,SYNTHETIC: Whitefield Road - KR Puram,338,Low,Clear,Green
2025-03-10 00:00:00,SYNTHETIC: Hosur Road - Electronic City,350,Low,Clear,Green
2025-03-10 04:00:00,SYNTHETIC: Silk Board - Junction 1,287,Low,Clear,Green
2025-03-10 04:00:00,SYNTHETIC: Outer Ring Road - Marathahalli,199,Low,Clear,Yellow
2025-03-10 04:00:00,SYNTHETIC: Airport Road - Hebbal,226,Low,Clear,Yellow
2025-03-10 04:00:00,SYNTHETIC: Bannerghatta Road - Dairy Circle,345,Low,Clear,Green
2025-03-10 04:00:00,SYNTHETIC: Whitefield Road - KR Puram,319,Low,Clear,Yellow
2025-03-10 04:00:00,SYNTHETIC: Hosur Road - Electronic City,454,Moderate,Clear,Green
2025-03-10 08:00:00,SYNTHETIC: Silk Board - Junction 1,424,Moderate,Clear,Green
2025-03-10 08:00:00,SYNTHETIC: Outer Ring Road - Marathahalli,406,Moderate,Clear,Green
2025-03-10 08:00:00,SYNTHETIC: Airport Road - Hebbal,457,Moderate,Clear,Green
2025-03-10 08:00:00,SYNTHETIC: Bannerghatta Road - Dairy Circle,593,Moderate,Clear,Green
2025-03-10 08:00:00,SYNTHETIC: Whitefield Road - KR Puram,615,Moderate,Clear,Green
2025-03-10 08:00:00,SYNTHETIC: Hosur Road - Electronic City,544,Moderate,Clear,Green
2025-03-10 12:00:00,SYNTHETIC: Silk Board - Junction 1,423,Moderate,Clear,Green
2025-03-10 12:00:00,SYNTHETIC: Outer Ring Road - Marathahalli,395,Moderate,Clear,Green
2025-03-10 12:00:00,SYNTHETIC: Airport Road - Hebbal,540,Moderate,Clear,Green
2025-03-10 12:00:00,SYNTHETIC: Bannerghatta Road - Dairy Circle,566,Moderate,Clear,Green
2025-03-10 12:00:00,SYNTHETIC: Whitefield Road - KR Puram,501,Moderate,Clear,Green
2025-03-10 12:00:00,SYNTHETIC: Hosur Road - Electronic City,525,Moderate,Clear,Yellow
2025-03-10 16:00:00,SYNTHETIC: Silk Board - Junction 1,412,Moderate,Clear,Green
2025-03-10 16:00:00,SYNTHETIC: Outer Ring Road - Marathahalli,472,Moderate,Clear,Green
2025-03-10 16:00:00,SYNTHETIC: Airport Road - Hebbal,552,Moderate,Clear,Green
2025-03-10 16:00:00,SYNTHETIC: Bannerghatta Road - Dairy Circle,493,Moderate,Clear,Green
2025-03-10 16:00:00,SYNTHETIC: Whitefield Road - KR Puram,521,Moderate,Clear,Green
2025-03-10 16:00:00,SYNTHETIC: Hosur Road - Electronic City,563,Moderate,Clear,Yellow
2025-03-10 20:00:00,SYNTHETIC: Silk Board - Junction 1,480,Moderate,Clear,Green
2025-03-10 20:00:00,SYNTHETIC: Outer Ring Road - Marathahalli,467,Moderate,Clear,Green
2025-03-10 20:00:00,SYNTHETIC: Airport Road - Hebbal,432,Moderate,Clear,Green
2025-03-10 20:00:00,SYNTHETIC: Bannerghatta Road - Dairy Circle,498,Moderate,Clear,Yellow
2025-03-10 20:00:00,SYNTHETIC: Whitefield Road - KR Puram,586,Moderate,Clear,Yellow
2025-03-10 20:00:00,SYNTHETIC: Hosur Road - Electronic City,535,Moderate,Clear,Green
2025-03-11 00:00:00,SYNTHETIC: Silk Board - Junction 1,216,Low,Clear,Green
2025-03-11 00:00:00,SYNTHETIC: Outer Ring Road - Marathahalli,251,Low,Clear,Red
2025-03-11 00:00:00,SYNTHETIC: Airport Road - Hebbal,265,Low,Clear,Green
2025-03-11 00:00:00,SYNTHETIC: Bannerghatta Road - Dairy Circle,376,Low,Clear,Green
2025-03-11 00:00:00,SYNTHETIC: Whitefield Road - KR Puram,353,Low,Clear,Green
2025-03-11 00:00:00,SYNTHETIC: Hosur Road - Electronic City,421,Low,Clear,Yellow
2025-03-11 04:00:00,SYNTHETIC: Silk Board - Junction 1,198,Low,Clear,Green
2025-03-11 04:00:00,SYNTHETIC: Outer Ring Road - Marathahalli,201,Low,Clear,Green
2025-03-11 04:00:00,SYNTHETIC: Airport Road - Hebbal,282,Low,Clear,Green
2025-03-11 04:00:00,SYNTHETIC: Bannerghatta Road - Dairy Circle,271,Low,Clear,Green
2025-03-11 04:00:00,SYNTHETIC: Whitefield Road - KR Puram,392,Low,Clear,Green
2025-03-11 04:00:00,SYNTHETIC: Hosur Road - Electronic City,400,Low,Clear,Yellow
2025-03-11 08:00:00,SYNTHETIC: Silk Board - Junction 1,483,Moderate,Clear,Green
2025-03-11 08:00:00,SYNTHETIC: Outer Ring Road - Marathahalli,463,Moderate,Clear,Green
2025-03-11 08:00:00,SYNTHETIC: Airport Road - Hebbal,460,Moderate,Clear,Green
2025-03-11 08:00:00,SYNTHETIC: Bannerghatta Road - Dairy Circle,562,Moderate,Clear,Yellow
2025-03-11 08:00:00,SYNTHETIC: Whitefield Road - KR Puram,523,Moderate,Clear,Green
2025-03-11 08:00:00,SYNTHETIC: Hosur Road - Electronic City,660,Moderate,Clear,Green
2025-03-11 12:00:00,SYNTHETIC: Silk Board - Junction 1,376,Moderate,Clear,Green
2025-03-11 12:00:00,SYNTHETIC: Outer Ring Road - Marathahalli,449,Moderate,Clear,Green
2025-03-11 12:00:00,SYNTHETIC: Airport Road - Hebbal,430,Moderate,Clear,Yellow
2025-03-11 12:00:00,SYNTHETIC: Bannerghatta Road - Dairy Circle,529,Moderate,Clear,Red
2025-03-11 12:00:00,SYNTHETIC: Whitefield Road - KR Puram,589,Moderate,Clear,Green
2025-03-11 12:00:00,SYNTHETIC: Hosur Road - Electronic City,620,Moderate,Clear,Yellow
2025-03-11 16:00:00,SYNTHETIC: Silk Board - Junction 1,360,Moderate,Clear,Green
2025-03-11 16:00:00,SYNTHETIC: Outer Ring Road - Marathahalli,443,Moderate,Clear,Yellow
2025-03-11 16:00:00,SYNTHETIC: Airport Road - Hebbal,514,Moderate,Clear,Green
2025-03-11 16:00:00,SYNTHETIC: Bannerghatta Road - Dairy Circle,502,Moderate,Clear,Green
2025-03-11 16:00:00,SYNTHETIC: Whitefield Road - KR Puram,495,Moderate,Clear,Yellow
2025-03-11 16:00:00,SYNTHETIC: Hosur Road - Electronic City,645,Moderate,Clear,Green
2025-03-11 20:00:00,SYNTHETIC: Silk Board - Junction 1,455,Moderate,Clear,Yellow
2025-03-11 20:00:00,SYNTHETIC: Outer Ring Road - Marathahalli,459,Moderate,Clear,Green
2025-03-11 20:00:00,SYNTHETIC: Airport Road - Hebbal,555,Moderate,Clear,Green
2025-03-11 20:00:00,SYNTHETIC: Bannerghatta Road - Dairy Circle,460,Moderate,Clear,Yellow
2025-03-11 20:00:00,SYNTHETIC: Whitefield Road - KR Puram,517,Moderate,Clear,Green
2025-03-11 20:00:00,SYNTHETIC: Hosur Road - Electronic City,653,Moderate,Clear,Green
2025-03-12 00:00:00,SYNTHETIC: Silk Board - Junction 1,173,Low,Clear,Green
2025-03-12 00:00:00,SYNTHETIC: Outer Ring Road - Marathahalli,301,Low,Clear,Green
2025-03-12 00:00:00,SYNTHETIC: Airport Road - Hebbal,251,Low,Clear,Green
2025-03-12 00:00:00,SYNTHETIC: Bannerghatta Road - Dairy Circle,305,Low,Clear,Green
2025-03-12 00:00:00,SYNTHETIC: Whitefield Road - KR Puram,313,Low,Clear,Green
2025-03-12 00:00:00,SYNTHETIC: Hosur Road - Electronic City,375,Low,Clear,Green
2025-03-12 04:00:00,SYNTHETIC: Silk Board - Junction 1,184,Low,Clear,Green
2025-03-12 04:00:00,SYNTHETIC: Outer Ring Road - Marathahalli,267,Low,Clear,Red
2025-03-12 04:00:00,SYNTHETIC: Airport Road - Hebbal,230,Low,Clear,Red
2025-03-12 04:00:00,SYNTHETIC: Bannerghatta Road - Dairy Circle,263,Low,Clear,Yellow
2025-03-12 04:00:00,SYNTHETIC: Whitefield Road - KR Puram,311,Low,Clear,Red
2025-03-12 04:00:00,SYNTHETIC: Hosur Road - Electronic City,454,Moderate,Clear,Green
2025-03-12 08:00:00,SYNTHETIC: Silk Board - Junction 1,433,Moderate,Clear,Red
2025-03-12 08:00:00,SYNTHETIC: Outer Ring Road - Marathahalli,409,Moderate,Clear,Green
2025-03-12 08:00:00,SYNTHETIC: Airport Road - Hebbal,548,Moderate,Clear,Red
2025-03-12 08:00:00,SYNTHETIC: Bannerghatta Road - Dairy Circle,589,Moderate,Clear,Red
2025-03-12 08:00:00,SYNTHETIC: Whitefield Road - KR Puram,492,Moderate,Clear,Red
2025-03-12 08:00:00,SYNTHETIC: Hosur Road - Electronic City,578,Moderate,Clear,Yellow
2025-03-12 12:00:00,SYNTHETIC: Silk Board - Junction 1,357,Low,Clear,Green
2025-03-12 12:00:00,SYNTHETIC: Outer Ring Road - Marathahalli,470,Moderate,Clear,Yellow
2025-03-12 12:00:00,SYNTHETIC: Airport Road - Hebbal,448,Moderate,Clear,Green
2025-03-12 12:00:00,SYNTHETIC: Bannerghatta Road - Dairy Circle,589,Moderate,Clear,Red
2025-03-12 12:00:00,SYNTHETIC: Whitefield Road - KR Puram,552,Moderate,Clear,Yellow
2025-03-12 12:00:00,SYNTHETIC: Hosur Road - Electronic City,610,Moderate,Clear,Green
2025-03-12 16:00:00,SYNTHETIC: Silk Board - Junction 1,477,Moderate,Clear,Green
2025-03-12 16:00:00,SYNTHETIC: Outer Ring Road - Marathahalli,457,Moderate,Clear,Yellow
2025-03-12 16:00:00,SYNTHETIC: Airport Road - Hebbal,450,Moderate,Clear,Red
2025-03-12 16:00:00,SYNTHETIC: Bannerghatta Road - Dairy Circle,561,Moderate,Clear,Red
2025-03-12 16:00:00,SYNTHETIC: Whitefield Road - KR Puram,544,Moderate,Clear,Green
2025-03-12 16:00:00,SYNTHETIC: Hosur Road - Electronic City,613,Moderate,Clear,Green
2025-03-12 20:00:00,SYNTHETIC: Silk Board - Junction 1,364,Moderate,Clear,Green
2025-03-12 20:00:00,SYNTHETIC: Outer Ring Road - Marathahalli,403,Moderate,Clear,Yellow
2025-03-12 20:00:00,SYNTHETIC: Airport Road - Hebbal,554,Moderate,Clear,Green
2025-03-12 20:00:00,SYNTHETIC: Bannerghatta Road - Dairy Circle,528,Moderate,Clear,Green
2025-03-12 20:00:00,SYNTHETIC: Whitefield Road - KR Puram,564,Moderate,Clear,Green
2025-03-12 20:00:00,SYNTHETIC: Hosur Road - Electronic City,626,Moderate,Clear,Green
2025-03-13 00:00:00,SYNTHETIC: Silk Board - Junction 1,243,Low,Clear,Green
2025-03-13 00:00:00,SYNTHETIC: Outer Ring Road - Marathahalli,271,Low,Clear,Green
2025-03-13 00:00:00,SYNTHETIC: Airport Road - Hebbal,321,Low,Clear,Green
2025-03-13 00:00:00,SYNTHETIC: Bannerghatta Road - Dairy Circle,266,Low,Clear,Green
2025-03-13 00:00:00,SYNTHETIC: Whitefield Road - KR Puram,314,Low,Clear,Green
2025-03-13 00:00:00,SYNTHETIC: Hosur Road - Electronic City,357,Low,Clear,Green
2025-03-13 04:00:00,SYNTHETIC: Silk Board - Junction 1,154,Low,Clear,Red
2025-03-13 04:00:00,SYNTHETIC: Outer Ring Road - Marathahalli,234,Low,Clear,Red
2025-03-13 04:00:00,SYNTHETIC: Airport Road - Hebbal,234,Low,Clear,Green
2025-03-13 04:00:00,SYNTHETIC: Bannerghatta Road - Dairy Circle,307,Low,Clear,Green
2025-03-13 04:00:00,SYNTHETIC: Whitefield Road - KR Puram,391,Low,Clear,Red
2025-03-13 04:00:00,SYNTHETIC: Hosur Road - Electronic City,347,Low,Clear,Yellow
2025-03-13 08:00:00,SYNTHETIC: Silk Board - Junction 1,356,Low,Clear,Green
2025-03-13 08:00:00,SYNTHETIC: Outer Ring Road - Marathahalli,501,Moderate,Clear,Green
2025-03-13 08:00:00,SYNTHETIC: Airport Road - Hebbal,474,Moderate,Clear,Green
2025-03-13 08:00:00,SYNTHETIC: Bannerghatta Road - Dairy Circle,499,Moderate,Clear,Yellow
2025-03-13 08:00:00,SYNTHETIC: Whitefield Road - KR Puram,555,Moderate,Clear,Red
2025-03-13 08:00:00,SYNTHETIC: Hosur Road - Electronic City,616,Moderate,Clear,Green
2025-03-13 12:00:00,SYNTHETIC: Silk Board - Junction 1,460,Moderate,Clear,Green
2025-03-13 12:00:00,SYNTHETIC: Outer Ring Road - Marathahalli,431,Moderate,Clear,Green
2025-03-13 12:00:00,SYNTHETIC: Airport Road - Hebbal,447,Moderate,Clear,Green
2025-03-13 12:00:00,SYNTHETIC: Bannerghatta Road - Dairy Circle,579,Moderate,Clear,Green
2025-03-13 12:00:00,SYNTHETIC: Whitefield Road - KR Puram,526,Moderate,Clear,Green
2025-03-13 12:00:00,SYNTHETIC: Hosur Road - Electronic City,659,Moderate,Clear,Yellow
2025-03-13 16:00:00,SYNTHETIC: Silk Board - Junction 1,424,Moderate,Clear,Yellow
2025-03-13 16:00:00,SYNTHETIC: Outer Ring Road - Marathahalli,395,Moderate,Clear,Green
2025-03-13 16:00:00,SYNTHETIC: Airport Road - Hebbal,497,Moderate,Clear,Red
2025-03-13 16:00:00,SYNTHETIC: Bannerghatta Road - Dairy Circle,456,Moderate,Clear,Yellow
2025-03-13 16:00:00,SYNTHETIC: Whitefield Road - KR Puram,604,Moderate,Clear,Yellow
2025-03-13 16:00:00,SYNTHETIC: Hosur Road - Electronic City,612,Moderate,Clear,Green
2025-03-13 20:00:00,SYNTHETIC: Silk Board - Junction 1,472,Moderate,Clear,Red
2025-03-13 20:00:00,SYNTHETIC: Outer Ring Road - Marathahalli,525,Moderate,Clear,Yellow
2025-03-13 20:00:00,SYNTHETIC: Airport Road - Hebbal,555,Moderate,Clear,Green
2025-03-13 20:00:00,SYNTHETIC: Bannerghatta Road - Dairy Circle,466,Moderate,Clear,Green
2025-03-13 20:00:00,SYNTHETIC: Whitefield Road - KR Puram,585,Moderate,Clear,Green
2025-03-13 20:00:00,SYNTHETIC: Hosur Road - Electronic City,556,Moderate,Clear,Green
2025-03-14 00:00:00,SYNTHETIC: Silk Board - Junction 1,635,High,Heavy Rain,Yellow
2025-03-14 00:00:00,SYNTHETIC: Outer Ring Road - Marathahalli,711,High,Heavy Rain,Green
2025-03-14 00:00:00,SYNTHETIC: Airport Road - Hebbal,763,High,Heavy Rain,Green
2025-03-14 00:00:00,SYNTHETIC: Bannerghatta Road - Dairy Circle,802,High,Heavy Rain,Yellow
2025-03-14 00:00:00,SYNTHETIC: Whitefield Road - KR Puram,798,High,Heavy Rain,Green
2025-03-14 00:00:00,SYNTHETIC: Hosur Road - Electronic City,798,High,Heavy Rain,Green
2025-03-14 04:00:00,SYNTHETIC: Silk Board - Junction 1,586,High,Heavy Rain,Green
2025-03-14 04:00:00,SYNTHETIC: Outer Ring Road - Marathahalli,723,High,Heavy Rain,Red
2025-03-14 04:00:00,SYNTHETIC: Airport Road - Hebbal,679,High,Heavy Rain,Red
2025-03-14 04:00:00,SYNTHETIC: Bannerghatta Road - Dairy Circle,713,High,Heavy Rain,Green
2025-03-14 04:00:00,SYNTHETIC: Whitefield Road - KR Puram,757,High,Heavy Rain,Green
2025-03-14 04:00:00,SYNTHETIC: Hosur Road - Electronic City,771,High,Heavy Rain,Yellow
2025-03-14 08:00:00,SYNTHETIC: Silk Board - Junction 1,870,Severe,Heavy Rain,Green
2025-03-14 08:00:00,SYNTHETIC: Outer Ring Road - Marathahalli,809,Severe,Heavy Rain,Green
2025-03-14 08:00:00,SYNTHETIC: Airport Road - Hebbal,835,Severe,Heavy Rain,Red
2025-03-14 08:00:00,SYNTHETIC: Bannerghatta Road - Dairy Circle,986,Severe,Heavy Rain,Green
2025-03-14 08:00:00,SYNTHETIC: Whitefield Road - KR Puram,930,Severe,Heavy Rain,Green
2025-03-14 08:00:00,SYNTHETIC: Hosur Road - Electronic City,1041,Severe,Heavy Rain,Red
2025-03-14 12:00:00,SYNTHETIC: Silk Board - Junction 1,767,Severe,Heavy Rain,Green
2025-03-14 12:00:00,SYNTHETIC: Outer Ring Road - Marathahalli,839,Severe,Heavy Rain,Yellow
2025-03-14 12:00:00,SYNTHETIC: Airport Road - Hebbal,909,Severe,Heavy Rain,Green
2025-03-14 12:00:00,SYNTHETIC: Bannerghatta Road - Dairy Circle,923,Severe,Heavy Rain,Green
2025-03-14 12:00:00,SYNTHETIC: Whitefield Road - KR Puram,956,Severe,Heavy Rain,Green
2025-03-14 12:00:00,SYNTHETIC: Hosur Road - Electronic City,1027,Severe,Heavy Rain,Yellow
2025-03-14 16:00:00,SYNTHETIC: Silk Board - Junction 1,893,Severe,Heavy Rain,Green
2025-03-14 16:00:00,SYNTHETIC: Outer Ring Road - Marathahalli,799,Severe,Heavy Rain,Yellow
2025-03-14 16:00:00,SYNTHETIC: Airport Road - Hebbal,902,Severe,Heavy Rain,Yellow
2025-03-14 16:00:00,SYNTHETIC: Bannerghatta Road - Dairy Circle,953,Severe,Heavy Rain,Red
2025-03-14 16:00:00,SYNTHETIC: Whitefield Road - KR Puram,930,Severe,Heavy Rain,Red
2025-03-14 16:00:00,SYNTHETIC: Hosur Road - Electronic City,1046,Severe,Heavy Rain,Green
2025-03-14 20:00:00,SYNTHETIC: Silk Board - Junction 1,900,Severe,Heavy Rain,Yellow
2025-03-14 20:00:00,SYNTHETIC: Outer Ring Road - Marathahalli,832,Severe,Heavy Rain,Green
2025-03-14 20:00:00,SYNTHETIC: Airport Road - Hebbal,921,Severe,Heavy Rain,Green
2025-03-14 20:00:00,SYNTHETIC: Bannerghatta Road - Dairy Circle,902,Severe,Heavy Rain,Green
2025-03-14 20:00:00,SYNTHETIC: Whitefield Road - KR Puram,968,Severe,Heavy Rain,Green
2025-03-14 20:00:00,SYNTHETIC: Hosur Road - Electronic City,1075,Severe,Heavy Rain,Green
2025-03-15 00:00:00,SYNTHETIC: Silk Board - Junction 1,600,High,Light Rain,Green
2025-03-15 00:00:00,SYNTHETIC: Outer Ring Road - Marathahalli,515,Moderate,Light Rain,Red
2025-03-15 00:00:00,SYNTHETIC: Airport Road - Hebbal,582,Moderate,Light Rain,Green
2025-03-15 00:00:00,SYNTHETIC: Bannerghatta Road - Dairy Circle,632,Moderate,Light Rain,Green
2025-03-15 00:00:00,SYNTHETIC: Whitefield Road - KR Puram,741,High,Light Rain,Green
2025-03-15 00:00:00,SYNTHETIC: Hosur Road - Electronic City,745,High,Light Rain,Red
2025-03-15 04:00:00,SYNTHETIC: Silk Board - Junction 1,569,High,Light Rain,Green
2025-03-15 04:00:00,SYNTHETIC: Outer Ring Road - Marathahalli,519,Moderate,Light Rain,Green
2025-03-15 04:00:00,SYNTHETIC: Airport Road - Hebbal,639,High,Light Rain,Green
2025-03-15 04:00:00,SYNTHETIC: Bannerghatta Road - Dairy Circle,594,Moderate,Light Rain,Green
2025-03-15 04:00:00,SYNTHETIC: Whitefield Road - KR Puram,659,Moderate,Light Rain,Yellow
2025-03-15 04:00:00,SYNTHETIC: Hosur Road - Electronic City,730,High,Light Rain,Yellow
2025-03-15 08:00:00,SYNTHETIC: Silk Board - Junction 1,676,High,Light Rain,Green
2025-03-15 08:00:00,SYNTHETIC: Outer Ring Road - Marathahalli,721,High,Light Rain,Green
2025-03-15 08:00:00,SYNTHETIC: Airport Road - Hebbal,754,High,Light Rain,Green
2025-03-15 08:00:00,SYNTHETIC: Bannerghatta Road - Dairy Circle,846,Severe,Light Rain,Green
2025-03-15 08:00:00,SYNTHETIC: Whitefield Road - KR Puram,828,High,Light Rain,Red
2025-03-15 08:00:00,SYNTHETIC: Hosur Road - Electronic City,927,Severe,Light Rain,Green
2025-03-15 12:00:00,SYNTHETIC: Silk Board - Junction 1,774,Severe,Light Rain,Yellow
2025-03-15 12:00:00,SYNTHETIC: Outer Ring Road - Marathahalli,838,Severe,Light Rain,Green
2025-03-15 12:00:00,SYNTHETIC: Airport Road - Hebbal,853,Severe,Light Rain,Green
2025-03-15 12:00:00,SYNTHETIC: Bannerghatta Road - Dairy Circle,811,High,Light Rain,Green
2025-03-15 12:00:00,SYNTHETIC: Whitefield Road - KR Puram,904,Severe,Light Rain,Green
2025-03-15 12:00:00,SYNTHETIC: Hosur Road - Electronic City,916,Severe,Light Rain,Green
2025-03-15 16:00:00,SYNTHETIC: Silk Board - Junction 1,796,Severe,Light Rain,Green
2025-03-15 16:00:00,SYNTHETIC: Outer Ring Road - Marathahalli,777,Severe,Light Rain,Green
2025-03-15 16:00:00,SYNTHETIC: Airport Road - Hebbal,754,High,Light Rain,Yellow
2025-03-15 16:00:00,SYNTHETIC: Bannerghatta Road - Dairy Circle,889,Severe,Light Rain,Red
2025-03-15 16:00:00,SYNTHETIC: Whitefield Road - KR Puram,913,Severe,Light Rain,Yellow
2025-03-15 16:00:00,SYNTHETIC: Hosur Road - Electronic City,950,Severe,Light Rain,Yellow
2025-03-15 20:00:00,SYNTHETIC: Silk Board - Junction 1,705,High,Light Rain,Green
2025-03-15 20:00:00,SYNTHETIC: Outer Ring Road - Marathahalli,728,High,Light Rain,Yellow
2025-03-15 20:00:00,SYNTHETIC: Airport Road - Hebbal,865,Severe,Light Rain,Yellow
2025-03-15 20:00:00,SYNTHETIC: Bannerghatta Road - Dairy Circle,896,Severe,Light Rain,Red
2025-03-15 20:00:00,SYNTHETIC: Whitefield Road - KR Puram,822,High,Light Rain,Red
2025-03-15 20:00:00,SYNTHETIC: Hosur Road - Electronic City,862,High,Light Rain,Yellow
2025-03-16 00:00:00,SYNTHETIC: Silk Board - Junction 1,331,Low,Clear,Green
2025-03-16 00:00:00,SYNTHETIC: Outer Ring Road - Marathahalli,353,Low,Clear,Green
2025-03-16 00:00:00,SYNTHETIC: Airport Road - Hebbal,468,Moderate,Clear,Green
2025-03-16 00:00:00,SYNTHETIC: Bannerghatta Road - Dairy Circle,526,Moderate,Clear,Red
2025-03-16 00:00:00,SYNTHETIC: Whitefield Road - KR Puram,511,Moderate,Clear,Green
2025-03-16 00:00:00,SYNTHETIC: Hosur Road - Electronic City,591,Moderate,Clear,Green
2025-03-16 04:00:00,SYNTHETIC: Silk Board - Junction 1,378,Moderate,Clear,Green
2025-03-16 04:00:00,SYNTHETIC: Outer Ring Road - Marathahalli,373,Low,Clear,Green
2025-03-16 04:00:00,SYNTHETIC: Airport Road - Hebbal,379,Low,Clear,Red
2025-03-16 04:00:00,SYNTHETIC: Bannerghatta Road - Dairy Circle,534,Moderate,Clear,Green
2025-03-16 04:00:00,SYNTHETIC: Whitefield Road - KR Puram,497,Moderate,Clear,Green
2025-03-16 04:00:00,SYNTHETIC: Hosur Road - Electronic City,508,Moderate,Clear,Red
2025-03-16 08:00:00,SYNTHETIC: Silk Board - Junction 1,572,High,Clear,Green
2025-03-16 08:00:00,SYNTHETIC: Outer Ring Road - Marathahalli,626,High,Clear,Green
2025-03-16 08:00:00,SYNTHETIC: Airport Road - Hebbal,571,Moderate,Clear,Red
2025-03-16 08:00:00,SYNTHETIC: Bannerghatta Road - Dairy Circle,619,Moderate,Clear,Green
2025-03-16 08:00:00,SYNTHETIC: Whitefield Road - KR Puram,702,High,Clear,Red
2025-03-16 08:00:00,SYNTHETIC: Hosur Road - Electronic City,725,High,Clear,Green
2025-03-16 12:00:00,SYNTHETIC: Silk Board - Junction 1,554,Moderate,Clear,Yellow
2025-03-16 12:00:00,SYNTHETIC: Outer Ring Road - Marathahalli,626,High,Clear,Green
2025-03-16 12:00:00,SYNTHETIC: Airport Road - Hebbal,587,Moderate,Clear,Red
2025-03-16 12:00:00,SYNTHETIC: Bannerghatta Road - Dairy Circle,713,High,Clear,Yellow
2025-03-16 12:00:00,SYNTHETIC: Whitefield Road - KR Puram,757,High,Clear,Yellow
2025-03-16 12:00:00,SYNTHETIC: Hosur Road - Electronic City,708,High,Clear,Red
2025-03-16 16:00:00,SYNTHETIC: Silk Board - Junction 1,509,Moderate,Clear,Green
2025-03-16 16:00:00,SYNTHETIC: Outer Ring Road - Marathahalli,566,Moderate,Clear,Green
2025-03-16 16:00:00,SYNTHETIC: Airport Road - Hebbal,685,High,Clear,Red
2025-03-16 16:00:00,SYNTHETIC: Bannerghatta Road - Dairy Circle,732,High,Clear,Yellow
2025-03-16 16:00:00,SYNTHETIC: Whitefield Road - KR Puram,656,Moderate,Clear,Green
2025-03-16 16:00:00,SYNTHETIC: Hosur Road - Electronic City,731,High,Clear,Green
2025-03-16 20:00:00,SYNTHETIC: Silk Board - Junction 1,597,High,Clear,Green
2025-03-16 20:00:00,SYNTHETIC: Outer Ring Road - Marathahalli,664,High,Clear,Green
2025-03-16 20:00:00,SYNTHETIC: Airport Road - Hebbal,685,High,Clear,Yellow
2025-03-16 20:00:00,SYNTHETIC: Bannerghatta Road - Dairy Circle,707,High,Clear,Green
2025-03-16 20:00:00,SYNTHETIC: Whitefield Road - KR Puram,739,High,Clear,Red
2025-03-16 20:00:00,SYNTHETIC: Hosur Road - Electronic City,724,High,Clear,Red
2025-03-17 00:00:00,SYNTHETIC: Silk Board - Junction 1,390,Moderate,Heavy Rain,Red
2025-03-17 00:00:00,SYNTHETIC: Outer Ring Road - Marathahalli,497,Moderate,Heavy Rain,Yellow
2025-03-17 00:00:00,SYNTHETIC: Airport Road - Hebbal,437,Moderate,Heavy Rain,Red
2025-03-17 00:00:00,SYNTHETIC: Bannerghatta Road - Dairy Circle,438,Moderate,Heavy Rain,Green
2025-03-17 00:00:00,SYNTHETIC: Whitefield Road - KR Puram,470,Moderate,Heavy Rain,Green
2025-03-17 00:00:00,SYNTHETIC: Hosur Road - Electronic City,541,Moderate,Heavy Rain,Green
2025-03-17 04:00:00,SYNTHETIC: Silk Board - Junction 1,373,Moderate,Heavy Rain,Green
2025-03-17 04:00:00,SYNTHETIC: Outer Ring Road - Marathahalli,454,Moderate,Heavy Rain,Green
2025-03-17 04:00:00,SYNTHETIC: Airport Road - Hebbal,440,Moderate,Heavy Rain,Green
2025-03-17 04:00:00,SYNTHETIC: Bannerghatta Road - Dairy Circle,535,Moderate,Heavy Rain,Yellow
2025-03-17 04:00:00,SYNTHETIC: Whitefield Road - KR Puram,563,Moderate,Heavy Rain,Green
2025-03-17 04:00:00,SYNTHETIC: Hosur Road - Electronic City,590,Moderate,Heavy Rain,Green
2025-03-17 08:00:00,SYNTHETIC: Silk Board - Junction 1,644,High,Heavy Rain,Red
2025-03-17 08:00:00,SYNTHETIC: Outer Ring Road - Marathahalli,632,High,Heavy Rain,Green
2025-03-17 08:00:00,SYNTHETIC: Airport Road - Hebbal,638,High,Heavy Rain,Yellow
2025-03-17 08:00:00,SYNTHETIC: Bannerghatta Road - Dairy Circle,768,High,Heavy Rain,Yellow
2025-03-17 08:00:00,SYNTHETIC: Whitefield Road - KR Puram,714,High,Heavy Rain,Green
2025-03-17 08:00:00,SYNTHETIC: Hosur Road - Electronic City,740,High,Heavy Rain,Green
2025-03-17 12:00:00,SYNTHETIC: Silk Board - Junction 1,631,High,Heavy Rain,Red
2025-03-17 12:00:00,SYNTHETIC: Outer Ring Road - Marathahalli,575,Moderate,Heavy Rain,Green
2025-03-17 12:00:00,SYNTHETIC: Airport Road - Hebbal,736,High,Heavy Rain,Yellow
2025-03-17 12:00:00,SYNTHETIC: Bannerghatta Road - Dairy Circle,703,High,Heavy Rain,Green
2025-03-17 12:00:00,SYNTHETIC: Whitefield Road - KR Puram,808,High,Heavy Rain,Green
2025-03-17 12:00:00,SYNTHETIC: Hosur Road - Electronic City,844,High,Heavy Rain,Red
2025-03-17 16:00:00,SYNTHETIC: Silk Board - Junction 1,570,High,Heavy Rain,Green
2025-03-17 16:00:00,SYNTHETIC: Outer Ring Road - Marathahalli,574,Moderate,Heavy Rain,Red
2025-03-17 16:00:00,SYNTHETIC: Airport Road - Hebbal,608,Moderate,Heavy Rain,Red
2025-03-17 16:00:00,SYNTHETIC: Bannerghatta Road - Dairy Circle,693,High,Heavy Rain,Yellow
2025-03-17 16:00:00,SYNTHETIC: Whitefield Road - KR Puram,808,High,Heavy Rain,Green
2025-03-17 16:00:00,SYNTHETIC: Hosur Road - Electronic City,769,High,Heavy Rain,Green
2025-03-17 20:00:00,SYNTHETIC: Silk Board - Junction 1,604,High,Heavy Rain,Green
2025-03-17 20:00:00,SYNTHETIC: Outer Ring Road - Marathahalli,641,High,Heavy Rain,Red
2025-03-17 20:00:00,SYNTHETIC: Airport Road - Hebbal,686,High,Heavy Rain,Yellow
2025-03-17 20:00:00,SYNTHETIC: Bannerghatta Road - Dairy Circle,766,High,Heavy Rain,Green
2025-03-17 20:00:00,SYNTHETIC: Whitefield Road - KR Puram,686,High,Heavy Rain,Green
2025-03-17 20:00:00,SYNTHETIC: Hosur Road - Electronic City,777,High,Heavy Rain,Green
2025-03-18 00:00:00,SYNTHETIC: Silk Board - Junction 1,456,Moderate,Heavy Rain,Green
2025-03-18 00:00:00,SYNTHETIC: Outer Ring Road - Marathahalli,491,Moderate,Heavy Rain,Green
2025-03-18 00:00:00,SYNTHETIC: Airport Road - Hebbal,438,Moderate,Heavy Rain,Red
2025-03-18 00:00:00,SYNTHETIC: Bannerghatta Road - Dairy Circle,546,Moderate,Heavy Rain,Green
2025-03-18 00:00:00,SYNTHETIC: Whitefield Road - KR Puram,509,Moderate,Heavy Rain,Yellow
2025-03-18 00:00:00,SYNTHETIC: Hosur Road - Electronic City,538,Moderate,Heavy Rain,Green
2025-03-18 04:00:00,SYNTHETIC: Silk Board - Junction 1,380,Moderate,Heavy Rain,Green
2025-03-18 04:00:00,SYNTHETIC: Outer Ring Road - Marathahalli,374,Low,Heavy Rain,Yellow
2025-03-18 04:00:00,SYNTHETIC: Airport Road - Hebbal,536,Moderate,Heavy Rain,Green
2025-03-18 04:00:00,SYNTHETIC: Bannerghatta Road - Dairy Circle,569,Moderate,Heavy Rain,Green
2025-03-18 04:00:00,SYNTHETIC: Whitefield Road - KR Puram,517,Moderate,Heavy Rain,Yellow
2025-03-18 04:00:00,SYNTHETIC: Hosur Road - Electronic City,565,Moderate,Heavy Rain,Green
2025-03-18 08:00:00,SYNTHETIC: Silk Board - Junction 1,598,High,Heavy Rain,Red
2025-03-18 08:00:00,SYNTHETIC: Outer Ring Road - Marathahalli,657,High,Heavy Rain,Yellow
2025-03-18 08:00:00,SYNTHETIC: Airport Road - Hebbal,699,High,Heavy Rain,Green
2025-03-18 08:00:00,SYNTHETIC: Bannerghatta Road - Dairy Circle,719,High,Heavy Rain,Yellow
2025-03-18 08:00:00,SYNTHETIC: Whitefield Road - KR Puram,679,High,Heavy Rain,Green
2025-03-18 08:00:00,SYNTHETIC: Hosur Road - Electronic City,736,High,Heavy Rain,Green
2025-03-18 12:00:00,SYNTHETIC: Silk Board - Junction 1,668,High,Heavy Rain,Green
2025-03-18 12:00:00,SYNTHETIC: Outer Ring Road - Marathahalli,652,High,Heavy Rain,Red
2025-03-18 12:00:00,SYNTHETIC: Airport Road - Hebbal,668,High,Heavy Rain,Green
2025-03-18 12:00:00,SYNTHETIC: Bannerghatta Road - Dairy Circle,769,High,Heavy Rain,Green
2025-03-18 12:00:00,SYNTHETIC: Whitefield Road - KR Puram,770,High,Heavy Rain,Green
2025-03-18 12:00:00,SYNTHETIC: Hosur Road - Electronic City,795,High,Heavy Rain,Yellow
2025-03-18 16:00:00,SYNTHETIC: Silk Board - Junction 1,605,High,Heavy Rain,Green
2025-03-18 16:00:00,SYNTHETIC: Outer Ring Road - Marathahalli,628,High,Heavy Rain,Green
2025-03-18 16:00:00,SYNTHETIC: Airport Road - Hebbal,634,High,Heavy Rain,Yellow
2025-03-18 16:00:00,SYNTHETIC: Bannerghatta Road - Dairy Circle,703,High,Heavy Rain,Yellow
2025-03-18 16:00:00,SYNTHETIC: Whitefield Road - KR Puram,726,High,Heavy Rain,Red
2025-03-18 16:00:00,SYNTHETIC: Hosur Road - Electronic City,754,High,Heavy Rain,Green
2025-03-18 20:00:00,SYNTHETIC: Silk Board - Junction 1,556,Moderate,Heavy Rain,Green
2025-03-18 20:00:00,SYNTHETIC: Outer Ring Road - Marathahalli,607,High,Heavy Rain,Green
2025-03-18 20:00:00,SYNTHETIC: Airport Road - Hebbal,683,High,Heavy Rain,Green
2025-03-18 20:00:00,SYNTHETIC: Bannerghatta Road - Dairy Circle,721,High,Heavy Rain,Yellow
2025-03-18 20:00:00,SYNTHETIC: Whitefield Road - KR Puram,793,High,Heavy Rain,Green
2025-03-18 20:00:00,SYNTHETIC: Hosur Road - Electronic City,792,High,Heavy Rain,Green
2025-03-19 00:00:00,SYNTHETIC: Silk Board - Junction 1,403,Moderate,Heavy Rain,Yellow
2025-03-19 00:00:00,SYNTHETIC: Outer Ring Road - Marathahalli,422,Moderate,Heavy Rain,Green
2025-03-19 00:00:00,SYNTHETIC: Airport Road - Hebbal,478,Moderate,Heavy Rain,Green
2025-03-19 00:00:00,SYNTHETIC: Bannerghatta Road - Dairy Circle,465,Moderate,Heavy Rain,Red
2025-03-19 00:00:00,SYNTHETIC: Whitefield Road - KR Puram,601,Moderate,Heavy Rain,Yellow
2025-03-19 00:00:00,SYNTHETIC: Hosur Road - Electronic City,524,Moderate,Heavy Rain,Red
2025-03-19 04:00:00,SYNTHETIC: Silk Board - Junction 1,358,Low,Heavy Rain,Red
2025-03-19 04:00:00,SYNTHETIC: Outer Ring Road - Marathahalli,488,Moderate,Heavy Rain,Green
2025-03-19 04:00:00,SYNTHETIC: Airport Road - Hebbal,450,Moderate,Heavy Rain,Green
2025-03-19 04:00:00,SYNTHETIC: Bannerghatta Road - Dairy Circle,520,Moderate,Heavy Rain,Green
2025-03-19 04:00:00,SYNTHETIC: Whitefield Road - KR Puram,538,Moderate,Heavy Rain,Yellow
2025-03-19 04:00:00,SYNTHETIC: Hosur Road - Electronic City,527,Moderate,Heavy Rain,Yellow
2025-03-19 08:00:00,SYNTHETIC: Silk Board - Junction 1,583,High,Heavy Rain,Green
2025-03-19 08:00:00,SYNTHETIC: Outer Ring Road - Marathahalli,587,Moderate,Heavy Rain,Green
2025-03-19 08:00:00,SYNTHETIC: Airport Road - Hebbal,716,High,Heavy Rain,Green
2025-03-19 08:00:00,SYNTHETIC: Bannerghatta Road - Dairy Circle,718,High,Heavy Rain,Green
2025-03-19 08:00:00,SYNTHETIC: Whitefield Road - KR Puram,725,High,Heavy Rain,Yellow
2025-03-19 08:00:00,SYNTHETIC: Hosur Road - Electronic City,798,High,Heavy Rain,Green
2025-03-19 12:00:00,SYNTHETIC: Silk Board - Junction 1,584,High,Heavy Rain,Yellow
2025-03-19 12:00:00,SYNTHETIC: Outer Ring Road - Marathahalli,686,High,Heavy Rain,Yellow
2025-03-19 12:00:00,SYNTHETIC: Airport Road - Hebbal,734,High,Heavy Rain,Green
2025-03-19 12:00:00,SYNTHETIC: Bannerghatta Road - Dairy Circle,744,High,Heavy Rain,Green
2025-03-19 12:00:00,SYNTHETIC: Whitefield Road - KR Puram,751,High,Heavy Rain,Green
2025-03-19 12:00:00,SYNTHETIC: Hosur Road - Electronic City,773,High,Heavy Rain,Red
2025-03-19 16:00:00,SYNTHETIC: Silk Board - Junction 1,568,High,Heavy Rain,Yellow
2025-03-19 16:00:00,SYNTHETIC: Outer Ring Road - Marathahalli,592,High,Heavy Rain,Green
2025-03-19 16:00:00,SYNTHETIC: Airport Road - Hebbal,622,High,Heavy Rain,Green
2025-03-19 16:00:00,SYNTHETIC: Bannerghatta Road - Dairy Circle,725,High,Heavy Rain,Green
2025-03-19 16:00:00,SYNTHETIC: Whitefield Road - KR Puram,768,High,Heavy Rain,Green
2025-03-19 16:00:00,SYNTHETIC: Hosur Road - Electronic City,736,High,Heavy Rain,Yellow
2025-03-19 20:00:00,SYNTHETIC: Silk Board - Junction 1,664,High,Heavy Rain,Green
2025-03-19 20:00:00,SYNTHETIC: Outer Ring Road - Marathahalli,580,Moderate,Heavy Rain,Green
2025-03-19 20:00:00,SYNTHETIC: Airport Road - Hebbal,633,High,Heavy Rain,Yellow
2025-03-19 20:00:00,SYNTHETIC: Bannerghatta Road - Dairy Circle,636,Moderate,Heavy Rain,Green
2025-03-19 20:00:00,SYNTHETIC: Whitefield Road - KR Puram,703,High,Heavy Rain,Green
2025-03-19 20:00:00,SYNTHETIC: Hosur Road - Electronic City,836,High,Heavy Rain,Green
2025-03-20 00:00:00,SYNTHETIC: Silk Board - Junction 1,423,Moderate,Heavy Rain,Yellow
2025-03-20 00:00:00,SYNTHETIC: Outer Ring Road - Marathahalli,446,Moderate,Heavy Rain,Yellow
2025-03-20 00:00:00,SYNTHETIC: Airport Road - Hebbal,473,Moderate,Heavy Rain,Green
2025-03-20 00:00:00,SYNTHETIC: Bannerghatta Road - Dairy Circle,467,Moderate,Heavy Rain,Green
2025-03-20 00:00:00,SYNTHETIC: Whitefield Road - KR Puram,500,Moderate,Heavy Rain,Red
2025-03-20 00:00:00,SYNTHETIC: Hosur Road - Electronic City,614,Moderate,Heavy Rain,Red
2025-03-20 04:00:00,SYNTHETIC: Silk Board - Junction 1,336,Low,Heavy Rain,Green
2025-03-20 04:00:00,SYNTHETIC: Outer Ring Road - Marathahalli,366,Low,Heavy Rain,Red
2025-03-20 04:00:00,SYNTHETIC: Airport Road - Hebbal,410,Moderate,Heavy Rain,Green
2025-03-20 04:00:00,SYNTHETIC: Bannerghatta Road - Dairy Circle,513,Moderate,Heavy Rain,Green
2025-03-20 04:00:00,SYNTHETIC: Whitefield Road - KR Puram,528,Moderate,Heavy Rain,Green
2025-03-20 04:00:00,SYNTHETIC: Hosur Road - Electronic City,564,Moderate,Heavy Rain,Green
2025-03-20 08:00:00,SYNTHETIC: Silk Board - Junction 1,590,High,Heavy Rain,Green
2025-03-20 08:00:00,SYNTHETIC: Outer Ring Road - Marathahalli,594,High,Heavy Rain,Yellow
2025-03-20 08:00:00,SYNTHETIC: Airport Road - Hebbal,681,High,Heavy Rain,Green
2025-03-20 08:00:00,SYNTHETIC: Bannerghatta Road - Dairy Circle,636,Moderate,Heavy Rain,Green
2025-03-20 08:00:00,SYNTHETIC: Whitefield Road - KR Puram,793,High,Heavy Rain,Green
2025-03-20 08:00:00,SYNTHETIC: Hosur Road - Electronic City,757,High,Heavy Rain,Green
2025-03-20 12:00:00,SYNTHETIC: Silk Board - Junction 1,638,High,Heavy Rain,Green
2025-03-20 12:00:00,SYNTHETIC: Outer Ring Road - Marathahalli,611,High,Heavy Rain,Yellow
2025-03-20 12:00:00,SYNTHETIC: Airport Road - Hebbal,672,High,Heavy Rain,Green
2025-03-20 12:00:00,SYNTHETIC: Bannerghatta Road - Dairy Circle,768,High,Heavy Rain,Green
2025-03-20 12:00:00,SYNTHETIC: Whitefield Road - KR Puram,768,High,Heavy Rain,Green
2025-03-20 12:00:00,SYNTHETIC: Hosur Road - Electronic City,830,High,Heavy Rain,Green
2025-03-20 16:00:00,SYNTHETIC: Silk Board - Junction 1,586,High,Heavy Rain,Green
2025-03-20 16:00:00,SYNTHETIC: Outer Ring Road - Marathahalli,677,High,Heavy Rain,Yellow
2025-03-20 16:00:00,SYNTHETIC: Airport Road - Hebbal,674,High,Heavy Rain,Green
2025-03-20 16:00:00,SYNTHETIC: Bannerghatta Road - Dairy Circle,673,High,Heavy Rain,Yellow
2025-03-20 16:00:00,SYNTHETIC: Whitefield Road - KR Puram,703,High,Heavy Rain,Green
2025-03-20 16:00:00,SYNTHETIC: Hosur Road - Electronic City,836,High,Heavy Rain,Red
2025-03-20 20:00:00,SYNTHETIC: Silk Board - Junction 1,572,High,Heavy Rain,Red
2025-03-20 20:00:00,SYNTHETIC: Outer Ring Road - Marathahalli,638,High,Heavy Rain,Green
2025-03-20 20:00:00,SYNTHETIC: Airport Road - Hebbal,617,High,Heavy Rain,Green
2025-03-20 20:00:00,SYNTHETIC: Bannerghatta Road - Dairy Circle,679,High,Heavy Rain,Yellow
2025-03-20 20:00:00,SYNTHETIC: Whitefield Road - KR Puram,697,High,Heavy Rain,Yellow
2025-03-20 20:00:00,SYNTHETIC: Hosur Road - Electronic City,753,High,Heavy Rain,Yellow
2025-03-21 00:00:00,SYNTHETIC: Silk Board - Junction 1,266,Low,Clear,Green
2025-03-21 00:00:00,SYNTHETIC: Outer Ring Road - Marathahalli,231,Low,Clear,Red
2025-03-21 00:00:00,SYNTHETIC: Airport Road - Hebbal,342,Low,Clear,Green
2025-03-21 00:00:00,SYNTHETIC: Bannerghatta Road - Dairy Circle,321,Low,Clear,Yellow
2025-03-21 00:00:00,SYNTHETIC: Whitefield Road - KR Puram,382,Low,Clear,Green
2025-03-21 00:00:00,SYNTHETIC: Hosur Road - Electronic City,393,Low,Clear,Green
2025-03-21 04:00:00,SYNTHETIC: Silk Board - Junction 1,247,Low,Clear,Green
2025-03-21 04:00:00,SYNTHETIC: Outer Ring Road - Marathahalli,193,Low,Clear,Green
2025-03-21 04:00:00,SYNTHETIC: Airport Road - Hebbal,243,Low,Clear,Green
2025-03-21 04:00:00,SYNTHETIC: Bannerghatta Road - Dairy Circle,371,Low,Clear,Green
2025-03-21 04:00:00,SYNTHETIC: Whitefield Road - KR Puram,351,Low,Clear,Yellow
2025-03-21 04:00:00,SYNTHETIC: Hosur Road - Electronic City,425,Low,Clear,Green
2025-03-21 08:00:00,SYNTHETIC: Silk Board - Junction 1,396,Moderate,Clear,Yellow
2025-03-21 08:00:00,SYNTHETIC: Outer Ring Road - Marathahalli,415,Moderate,Clear,Green
2025-03-21 08:00:00,SYNTHETIC: Airport Road - Hebbal,464,Moderate,Clear,Green
2025-03-21 08:00:00,SYNTHETIC: Bannerghatta Road - Dairy Circle,510,Moderate,Clear,Green
2025-03-21 08:00:00,SYNTHETIC: Whitefield Road - KR Puram,545,Moderate,Clear,Red
2025-03-21 08:00:00,SYNTHETIC: Hosur Road - Electronic City,572,Moderate,Clear,Red
2025-03-21 12:00:00,SYNTHETIC: Silk Board - Junction 1,357,Low,Clear,Green
2025-03-21 12:00:00,SYNTHETIC: Outer Ring Road - Marathahalli,429,Moderate,Clear,Green
2025-03-21 12:00:00,SYNTHETIC: Airport Road - Hebbal,474,Moderate,Clear,Yellow
2025-03-21 12:00:00,SYNTHETIC: Bannerghatta Road - Dairy Circle,498,Moderate,Clear,Red
2025-03-21 12:00:00,SYNTHETIC: Whitefield Road - KR Puram,599,Moderate,Clear,Yellow
2025-03-21 12:00:00,SYNTHETIC: Hosur Road - Electronic City,544,Moderate,Clear,Green
2025-03-21 16:00:00,SYNTHETIC: Silk Board - Junction 1,410,Moderate,Clear,Green
2025-03-21 16:00:00,SYNTHETIC: Outer Ring Road - Marathahalli,421,Moderate,Clear,Green
2025-03-21 16:00:00,SYNTHETIC: Airport Road - Hebbal,462,Moderate,Clear,Green
2025-03-21 16:00:00,SYNTHETIC: Bannerghatta Road - Dairy Circle,548,Moderate,Clear,Yellow
2025-03-21 16:00:00,SYNTHETIC: Whitefield Road - KR Puram,552,Moderate,Clear,Yellow
2025-03-21 16:00:00,SYNTHETIC: Hosur Road - Electronic City,663,Moderate,Clear,Green
2025-03-21 20:00:00,SYNTHETIC: Silk Board - Junction 1,428,Moderate,Clear,Green
2025-03-21 20:00:00,SYNTHETIC: Outer Ring Road - Marathahalli,416,Moderate,Clear,Green
2025-03-21 20:00:00,SYNTHETIC: Airport Road - Hebbal,538,Moderate,Clear,Yellow
2025-03-21 20:00:00,SYNTHETIC: Bannerghatta Road - Dairy Circle,581,Moderate,Clear,Green
2025-03-21 20:00:00,SYNTHETIC: Whitefield Road - KR Puram,590,Moderate,Clear,Green
2025-03-21 20:00:00,SYNTHETIC: Hosur Road - Electronic City,530,Moderate,Clear,Green
2025-03-22 00:00:00,SYNTHETIC: Silk Board - Junction 1,505,Moderate,Light Rain,Green
2025-03-22 00:00:00,SYNTHETIC: Outer Ring Road - Marathahalli,637,High,Light Rain,Green
2025-03-22 00:00:00,SYNTHETIC: Airport Road - Hebbal,578,Moderate,Light Rain,Green
2025-03-22 00:00:00,SYNTHETIC: Bannerghatta Road - Dairy Circle,600,Moderate,Light Rain,Green
2025-03-22 00:00:00,SYNTHETIC: Whitefield Road - KR Puram,703,High,Light Rain,Green
2025-03-22 00:00:00,SYNTHETIC: Hosur Road - Electronic City,658,Moderate,Light Rain,Green
2025-03-22 04:00:00,SYNTHETIC: Silk Board - Junction 1,514,Moderate,Light Rain,Green
2025-03-22 04:00:00,SYNTHETIC: Outer Ring Road - Marathahalli,516,Moderate,Light Rain,Green
2025-03-22 04:00:00,SYNTHETIC: Airport Road - Hebbal,665,High,Light Rain,Green
2025-03-22 04:00:00,SYNTHETIC: Bannerghatta Road - Dairy Circle,694,High,Light Rain,Green
2025-03-22 04:00:00,SYNTHETIC: Whitefield Road - KR Puram,739,High,Light Rain,Red
2025-03-22 04:00:00,SYNTHETIC: Hosur Road - Electronic City,757,High,Light Rain,Green
2025-03-22 08:00:00,SYNTHETIC: Silk Board - Junction 1,723,Severe,Light Rain,Yellow
2025-03-22 08:00:00,SYNTHETIC: Outer Ring Road - Marathahalli,800,Severe,Light Rain,Yellow
2025-03-22 08:00:00,SYNTHETIC: Airport Road - Hebbal,831,Severe,Light Rain,Green
2025-03-22 08:00:00,SYNTHETIC: Bannerghatta Road - Dairy Circle,911,Severe,Light Rain,Green
2025-03-22 08:00:00,SYNTHETIC: Whitefield Road - KR Puram,825,High,Light Rain,Yellow
2025-03-22 08:00:00,SYNTHETIC: Hosur Road - Electronic City,855,High,Light Rain,Green
2025-03-22 12:00:00,SYNTHETIC: Silk Board - Junction 1,741,Severe,Light Rain,Red
2025-03-22 12:00:00,SYNTHETIC: Outer Ring Road - Marathahalli,765,Severe,Light Rain,Red
2025-03-22 12:00:00,SYNTHETIC: Airport Road - Hebbal,760,High,Light Rain,Yellow
2025-03-22 12:00:00,SYNTHETIC: Bannerghatta Road - Dairy Circle,857,Severe,Light Rain,Green
2025-03-22 12:00:00,SYNTHETIC: Whitefield Road - KR Puram,827,High,Light Rain,Green
2025-03-22 12:00:00,SYNTHETIC: Hosur Road - Electronic City,886,High,Light Rain,Red
2025-03-22 16:00:00,SYNTHETIC: Silk Board - Junction 1,693,High,Light Rain,Green
2025-03-22 16:00:00,SYNTHETIC: Outer Ring Road - Marathahalli,743,High,Light Rain,Green
2025-03-22 16:00:00,SYNTHETIC: Airport Road - Hebbal,782,High,Light Rain,Yellow
2025-03-22 16:00:00,SYNTHETIC: Bannerghatta Road - Dairy Circle,864,Severe,Light Rain,Yellow
2025-03-22 16:00:00,SYNTHETIC: Whitefield Road - KR Puram,833,High,Light Rain,Green
2025-03-22 16:00:00,SYNTHETIC: Hosur Road - Electronic City,967,Severe,Light Rain,Green
2025-03-22 20:00:00,SYNTHETIC: Silk Board - Junction 1,800,Severe,Light Rain,Green
2025-03-22 20:00:00,SYNTHETIC: Outer Ring Road - Marathahalli,755,High,Light Rain,Red
2025-03-22 20:00:00,SYNTHETIC: Airport Road - Hebbal,846,Severe,Light Rain,Red
2025-03-22 20:00:00,SYNTHETIC: Bannerghatta Road - Dairy Circle,796,High,Light Rain,Green
2025-03-22 20:00:00,SYNTHETIC: Whitefield Road - KR Puram,937,Severe,Light Rain,Green
2025-03-22 20:00:00,SYNTHETIC: Hosur Road - Electronic City,874,High,Light Rain,Green
2025-03-23 00:00:00,SYNTHETIC: Silk Board - Junction 1,404,Moderate,Clear,Green
2025-03-23 00:00:00,SYNTHETIC: Outer Ring Road - Marathahalli,412,Moderate,Clear,Yellow
2025-03-23 00:00:00,SYNTHETIC: Airport Road - Hebbal,495,Moderate,Clear,Yellow
2025-03-23 00:00:00,SYNTHETIC: Bannerghatta Road - Dairy Circle,458,Moderate,Clear,Green
2025-03-23 00:00:00,SYNTHETIC: Whitefield Road - KR Puram,484,Moderate,Clear,Green
2025-03-23 00:00:00,SYNTHETIC: Hosur Road - Electronic City,514,Moderate,Clear,Green
2025-03-23 04:00:00,SYNTHETIC: Silk Board - Junction 1,376,Moderate,Clear,Green
2025-03-23 04:00:00,SYNTHETIC: Outer Ring Road - Marathahalli,328,Low,Clear,Yellow
2025-03-23 04:00:00,SYNTHETIC: Airport Road - Hebbal,476,Moderate,Clear,Yellow
2025-03-23 04:00:00,SYNTHETIC: Bannerghatta Road - Dairy Circle,472,Moderate,Clear,Yellow
2025-03-23 04:00:00,SYNTHETIC: Whitefield Road - KR Puram,456,Moderate,Clear,Green
2025-03-23 04:00:00,SYNTHETIC: Hosur Road - Electronic City,537,Moderate,Clear,Green
2025-03-23 08:00:00,SYNTHETIC: Silk Board - Junction 1,513,Moderate,Clear,Green
2025-03-23 08:00:00,SYNTHETIC: Outer Ring Road - Marathahalli,626,High,Clear,Green
2025-03-23 08:00:00,SYNTHETIC: Airport Road - Hebbal,595,Moderate,Clear,Red
2025-03-23 08:00:00,SYNTHETIC: Bannerghatta Road - Dairy Circle,597,Moderate,Clear,Green
2025-03-23 08:00:00,SYNTHETIC: Whitefield Road - KR Puram,713,High,Clear,Red
2025-03-23 08:00:00,SYNTHETIC: Hosur Road - Electronic City,703,High,Clear,Green
2025-03-23 12:00:00,SYNTHETIC: Silk Board - Junction 1,586,High,Clear,Green
2025-03-23 12:00:00,SYNTHETIC: Outer Ring Road - Marathahalli,574,Moderate,Clear,Yellow
2025-03-23 12:00:00,SYNTHETIC: Airport Road - Hebbal,653,High,Clear,Red
2025-03-23 12:00:00,SYNTHETIC: Bannerghatta Road - Dairy Circle,684,High,Clear,Yellow
2025-03-23 12:00:00,SYNTHETIC: Whitefield Road - KR Puram,646,Moderate,Clear,Yellow
2025-03-23 12:00:00,SYNTHETIC: Hosur Road - Electronic City,665,Moderate,Clear,Yellow
2025-03-23 16:00:00,SYNTHETIC: Silk Board - Junction 1,544,Moderate,Clear,Yellow
2025-03-23 16:00:00,SYNTHETIC: Outer Ring Road - Marathahalli,613,High,Clear,Green
2025-03-23 16:00:00,SYNTHETIC: Airport Road - Hebbal,687,High,Clear,Yellow
2025-03-23 16:00:00,SYNTHETIC: Bannerghatta Road - Dairy Circle,619,Moderate,Clear,Green
2025-03-23 16:00:00,SYNTHETIC: Whitefield Road - KR Puram,746,High,Clear,Green
2025-03-23 16:00:00,SYNTHETIC: Hosur Road - Electronic City,735,High,Clear,Green
2025-03-23 20:00:00,SYNTHETIC: Silk Board - Junction 1,581,High,Clear,Green
2025-03-23 20:00:00,SYNTHETIC: Outer Ring Road - Marathahalli,663,High,Clear,Green
2025-03-23 20:00:00,SYNTHETIC: Airport Road - Hebbal,638,High,Clear,Yellow
2025-03-23 20:00:00,SYNTHETIC: Bannerghatta Road - Dairy Circle,628,Moderate,Clear,Green
2025-03-23 20:00:00,SYNTHETIC: Whitefield Road - KR Puram,636,Moderate,Clear,Green
2025-03-23 20:00:00,SYNTHETIC: Hosur Road - Electronic City,684,Moderate,Clear,Red
2025-03-24 00:00:00,SYNTHETIC: Silk Board - Junction 1,237,Low,Clear,Green
2025-03-24 00:00:00,SYNTHETIC: Outer Ring Road - Marathahalli,225,Low,Clear,Yellow
2025-03-24 00:00:00,SYNTHETIC: Airport Road - Hebbal,221,Low,Clear,Green
2025-03-24 00:00:00,SYNTHETIC: Bannerghatta Road - Dairy Circle,328,Low,Clear,Green
2025-03-24 00:00:00,SYNTHETIC: Whitefield Road - KR Puram,305,Low,Clear,Green
2025-03-24 00:00:00,SYNTHETIC: Hosur Road - Electronic City,417,Low,Clear,Red
2025-03-24 04:00:00,SYNTHETIC: Silk Board - Junction 1,253,Low,Clear,Red
2025-03-24 04:00:00,SYNTHETIC: Outer Ring Road - Marathahalli,300,Low,Clear,Green
2025-03-24 04:00:00,SYNTHETIC: Airport Road - Hebbal,298,Low,Clear,Green
2025-03-24 04:00:00,SYNTHETIC: Bannerghatta Road - Dairy Circle,349,Low,Clear,Green
2025-03-24 04:00:00,SYNTHETIC: Whitefield Road - KR Puram,379,Low,Clear,Green
2025-03-24 04:00:00,SYNTHETIC: Hosur Road - Electronic City,433,Low,Clear,Yellow
2025-03-24 08:00:00,SYNTHETIC: Silk Board - Junction 1,413,Moderate,Clear,Green
2025-03-24 08:00:00,SYNTHETIC: Outer Ring Road - Marathahalli,412,Moderate,Clear,Green
2025-03-24 08:00:00,SYNTHETIC: Airport Road - Hebbal,484,Moderate,Clear,Green
2025-03-24 08:00:00,SYNTHETIC: Bannerghatta Road - Dairy Circle,455,Moderate,Clear,Green
2025-03-24 08:00:00,SYNTHETIC: Whitefield Road - KR Puram,505,Moderate,Clear,Yellow
2025-03-24 08:00:00,SYNTHETIC: Hosur Road - Electronic City,656,Moderate,Clear,Green
2025-03-24 12:00:00,SYNTHETIC: Silk Board - Junction 1,403,Moderate,Clear,Green
2025-03-24 12:00:00,SYNTHETIC: Outer Ring Road - Marathahalli,490,Moderate,Clear,Green
2025-03-24 12:00:00,SYNTHETIC: Airport Road - Hebbal,445,Moderate,Clear,Green
2025-03-24 12:00:00,SYNTHETIC: Bannerghatta Road - Dairy Circle,525,Moderate,Clear,Yellow
2025-03-24 12:00:00,SYNTHETIC: Whitefield Road - KR Puram,513,Moderate,Clear,Green
2025-03-24 12:00:00,SYNTHETIC: Hosur Road - Electronic City,633,Moderate,Clear,Green
2025-03-24 16:00:00,SYNTHETIC: Silk Board - Junction 1,489,Moderate,Clear,Green
2025-03-24 16:00:00,SYNTHETIC: Outer Ring Road - Marathahalli,409,Moderate,Clear,Yellow
2025-03-24 16:00:00,SYNTHETIC: Airport Road - Hebbal,513,Moderate,Clear,Green
2025-03-24 16:00:00,SYNTHETIC: Bannerghatta Road - Dairy Circle,492,Moderate,Clear,Green
2025-03-24 16:00:00,SYNTHETIC: Whitefield Road - KR Puram,517,Moderate,Clear,Red
2025-03-24 16:00:00,SYNTHETIC: Hosur Road - Electronic City,540,Moderate,Clear,Green
2025-03-24 20:00:00,SYNTHETIC: Silk Board - Junction 1,400,Moderate,Clear,Green
2025-03-24 20:00:00,SYNTHETIC: Outer Ring Road - Marathahalli,489,Moderate,Clear,Green
2025-03-24 20:00:00,SYNTHETIC: Airport Road - Hebbal,483,Moderate,Clear,Green
2025-03-24 20:00:00,SYNTHETIC: Bannerghatta Road - Dairy Circle,513,Moderate,Clear,Green
2025-03-24 20:00:00,SYNTHETIC: Whitefield Road - KR Puram,502,Moderate,Clear,Yellow
2025-03-24 20:00:00,SYNTHETIC: Hosur Road - Electronic City,598,Moderate,Clear,Green
2025-03-25 00:00:00,SYNTHETIC: Silk Board - Junction 1,235,Low,Clear,Green
2025-03-25 00:00:00,SYNTHETIC: Outer Ring Road - Marathahalli,236,Low,Clear,Green
2025-03-25 00:00:00,SYNTHETIC: Airport Road - Hebbal,260,Low,Clear,Yellow
2025-03-25 00:00:00,SYNTHETIC: Bannerghatta Road - Dairy Circle,367,Low,Clear,Red
2025-03-25 00:00:00,SYNTHETIC: Whitefield Road - KR Puram,401,Low,Clear,Red
2025-03-25 00:00:00,SYNTHETIC: Hosur Road - Electronic City,436,Low,Clear,Yellow
2025-03-25 04:00:00,SYNTHETIC: Silk Board - Junction 1,170,Low,Clear,Green
2025-03-25 04:00:00,SYNTHETIC: Outer Ring Road - Marathahalli,201,Low,Clear,Green
2025-03-25 04:00:00,SYNTHETIC: Airport Road - Hebbal,255,Low,Clear,Yellow
2025-03-25 04:00:00,SYNTHETIC: Bannerghatta Road - Dairy Circle,376,Low,Clear,Green
2025-03-25 04:00:00,SYNTHETIC: Whitefield Road - KR Puram,304,Low,Clear,Red
2025-03-25 04:00:00,SYNTHETIC: Hosur Road - Electronic City,428,Low,Clear,Green
2025-03-25 08:00:00,SYNTHETIC: Silk Board - Junction 1,375,Moderate,Clear,Green
2025-03-25 08:00:00,SYNTHETIC: Outer Ring Road - Marathahalli,469,Moderate,Clear,Green
2025-03-25 08:00:00,SYNTHETIC: Airport Road - Hebbal,426,Moderate,Clear,Yellow
2025-03-25 08:00:00,SYNTHETIC: Bannerghatta Road - Dairy Circle,484,Moderate,Clear,Green
2025-03-25 08:00:00,SYNTHETIC: Whitefield Road - KR Puram,614,Moderate,Clear,Yellow
2025-03-25 08:00:00,SYNTHETIC: Hosur Road - Electronic City,556,Moderate,Clear,Red
2025-03-25 12:00:00,SYNTHETIC: Silk Board - Junction 1,359,Low,Clear,Green
2025-03-25 12:00:00,SYNTHETIC: Outer Ring Road - Marathahalli,452,Moderate,Clear,Green
2025-03-25 12:00:00,SYNTHETIC: Airport Road - Hebbal,559,Moderate,Clear,Yellow
2025-03-25 12:00:00,SYNTHETIC: Bannerghatta Road - Dairy Circle,472,Moderate,Clear,Yellow
2025-03-25 12:00:00,SYNTHETIC: Whitefield Road - KR Puram,559,Moderate,Clear,Green
2025-03-25 12:00:00,SYNTHETIC: Hosur Road - Electronic City,605,Moderate,Clear,Green
2025-03-25 16:00:00,SYNTHETIC: Silk Board - Junction 1,366,Moderate,Clear,Green
2025-03-25 16:00:00,SYNTHETIC: Outer Ring Road - Marathahalli,429,Moderate,Clear,Green
2025-03-25 16:00:00,SYNTHETIC: Airport Road - Hebbal,548,Moderate,Clear,Green
2025-03-25 16:00:00,SYNTHETIC: Bannerghatta Road - Dairy Circle,531,Moderate,Clear,Green
2025-03-25 16:00:00,SYNTHETIC: Whitefield Road - KR Puram,617,Moderate,Clear,Red
2025-03-25 16:00:00,SYNTHETIC: Hosur Road - Electronic City,626,Moderate,Clear,Yellow
2025-03-25 20:00:00,SYNTHETIC: Silk Board - Junction 1,485,Moderate,Clear,Red
2025-03-25 20:00:00,SYNTHETIC: Outer Ring Road - Marathahalli,442,Moderate,Clear,Green
2025-03-25 20:00:00,SYNTHETIC: Airport Road - Hebbal,470,Moderate,Clear,Green
2025-03-25 20:00:00,SYNTHETIC: Bannerghatta Road - Dairy Circle,567,Moderate,Clear,Yellow
2025-03-25 20:00:00,SYNTHETIC: Whitefield Road - KR Puram,596,Moderate,Clear,Green
2025-03-25 20:00:00,SYNTHETIC: Hosur Road - Electronic City,599,Moderate,Clear,Green
2025-03-26 00:00:00,SYNTHETIC: Silk Board - Junction 1,372,Moderate,Light Rain,Red
2025-03-26 00:00:00,SYNTHETIC: Outer Ring Road - Marathahalli,400,Moderate,Light Rain,Green
2025-03-26 00:00:00,SYNTHETIC: Airport Road - Hebbal,519,Moderate,Light Rain,Green
2025-03-26 00:00:00,SYNTHETIC: Bannerghatta Road - Dairy Circle,552,Moderate,Light Rain,Yellow
2025-03-26 00:00:00,SYNTHETIC: Whitefield Road - KR Puram,608,Moderate,Light Rain,Yellow
2025-03-26 00:00:00,SYNTHETIC: Hosur Road - Electronic City,532,Moderate,Light Rain,Green
2025-03-26 04:00:00,SYNTHETIC: Silk Board - Junction 1,344,Low,Light Rain,Yellow
2025-03-26 04:00:00,SYNTHETIC: Outer Ring Road - Marathahalli,372,Low,Light Rain,Green
2025-03-26 04:00:00,SYNTHETIC: Airport Road - Hebbal,466,Moderate,Light Rain,Green
2025-03-26 04:00:00,SYNTHETIC: Bannerghatta Road - Dairy Circle,574,Moderate,Light Rain,Red
2025-03-26 04:00:00,SYNTHETIC: Whitefield Road - KR Puram,491,Moderate,Light Rain,Green
2025-03-26 04:00:00,SYNTHETIC: Hosur Road - Electronic City,636,Moderate,Light Rain,Green
2025-03-26 08:00:00,SYNTHETIC: Silk Board - Junction 1,644,High,Light Rain,Red
2025-03-26 08:00:00,SYNTHETIC: Outer Ring Road - Marathahalli,593,High,Light Rain,Green
2025-03-26 08:00:00,SYNTHETIC: Airport Road - Hebbal,713,High,Light Rain,Red
2025-03-26 08:00:00,SYNTHETIC: Bannerghatta Road - Dairy Circle,772,High,Light Rain,Green
2025-03-26 08:00:00,SYNTHETIC: Whitefield Road - KR Puram,744,High,Light Rain,Red
2025-03-26 08:00:00,SYNTHETIC: Hosur Road - Electronic City,835,High,Light Rain,Green
2025-03-26 12:00:00,SYNTHETIC: Silk Board - Junction 1,548,Moderate,Light Rain,Red
2025-03-26 12:00:00,SYNTHETIC: Outer Ring Road - Marathahalli,667,High,Light Rain,Red
2025-03-26 12:00:00,SYNTHETIC: Airport Road - Hebbal,677,High,Light Rain,Green
2025-03-26 12:00:00,SYNTHETIC: Bannerghatta Road - Dairy Circle,676,High,Light Rain,Yellow
2025-03-26 12:00:00,SYNTHETIC: Whitefield Road - KR Puram,785,High,Light Rain,Red
2025-03-26 12:00:00,SYNTHETIC: Hosur Road - Electronic City,796,High,Light Rain,Green
2025-03-26 16:00:00,SYNTHETIC: Silk Board - Junction 1,589,High,Light Rain,Green
2025-03-26 16:00:00,SYNTHETIC: Outer Ring Road - Marathahalli,677,High,Light Rain,Red
2025-03-26 16:00:00,SYNTHETIC: Airport Road - Hebbal,695,High,Light Rain,Green
2025-03-26 16:00:00,SYNTHETIC: Bannerghatta Road - Dairy Circle,637,Moderate,Light Rain,Green
2025-03-26 16:00:00,SYNTHETIC: Whitefield Road - KR Puram,685,High,Light Rain,Yellow
2025-03-26 16:00:00,SYNTHETIC: Hosur Road - Electronic City,771,High,Light Rain,Green
2025-03-26 20:00:00,SYNTHETIC: Silk Board - Junction 1,637,High,Light Rain,Green
2025-03-26 20:00:00,SYNTHETIC: Outer Ring Road - Marathahalli,686,High,Light Rain,Yellow
2025-03-26 20:00:00,SYNTHETIC: Airport Road - Hebbal,646,High,Light Rain,Yellow
2025-03-26 20:00:00,SYNTHETIC: Bannerghatta Road - Dairy Circle,732,High,Light Rain,Green
2025-03-26 20:00:00,SYNTHETIC: Whitefield Road - KR Puram,746,High,Light Rain,Green
2025-03-26 20:00:00,SYNTHETIC: Hosur Road - Electronic City,728,High,Light Rain,Yellow
2025-03-27 00:00:00,SYNTHETIC: Silk Board - Junction 1,358,Low,Heavy Rain,Green
2025-03-27 00:00:00,SYNTHETIC: Outer Ring Road - Marathahalli,376,Low,Heavy Rain,Green
2025-03-27 00:00:00,SYNTHETIC: Airport Road - Hebbal,463,Moderate,Heavy Rain,Green
2025-03-27 00:00:00,SYNTHETIC: Bannerghatta Road - Dairy Circle,507,Moderate,Heavy Rain,Yellow
2025-03-27 00:00:00,SYNTHETIC: Whitefield Road - KR Puram,527,Moderate,Heavy Rain,Green
2025-03-27 00:00:00,SYNTHETIC: Hosur Road - Electronic City,601,Moderate,Heavy Rain,Green
2025-03-27 04:00:00,SYNTHETIC: Silk Board - Junction 1,447,Moderate,Heavy Rain,Green
2025-03-27 04:00:00,SYNTHETIC: Outer Ring Road - Marathahalli,466,Moderate,Heavy Rain,Green
2025-03-27 04:00:00,SYNTHETIC: Airport Road - Hebbal,411,Moderate,Heavy Rain,Red
2025-03-27 04:00:00,SYNTHETIC: Bannerghatta Road - Dairy Circle,542,Moderate,Heavy Rain,Yellow
2025-03-27 04:00:00,SYNTHETIC: Whitefield Road - KR Puram,542,Moderate,Heavy Rain,Yellow
2025-03-27 04:00:00,SYNTHETIC: Hosur Road - Electronic City,601,Moderate,Heavy Rain,Green
2025-03-27 08:00:00,SYNTHETIC: Silk Board - Junction 1,593,High,Heavy Rain,Yellow
2025-03-27 08:00:00,SYNTHETIC: Outer Ring Road - Marathahalli,674,High,Heavy Rain,Green
2025-03-27 08:00:00,SYNTHETIC: Airport Road - Hebbal,715,High,Heavy Rain,Green
2025-03-27 08:00:00,SYNTHETIC: Bannerghatta Road - Dairy Circle,673,High,Heavy Rain,Green
2025-03-27 08:00:00,SYNTHETIC: Whitefield Road - KR Puram,672,High,Heavy Rain,Green
2025-03-27 08:00:00,SYNTHETIC: Hosur Road - Electronic City,791,High,Heavy Rain,Green
2025-03-27 12:00:00,SYNTHETIC: Silk Board - Junction 1,566,High,Heavy Rain,Green
2025-03-27 12:00:00,SYNTHETIC: Outer Ring Road - Marathahalli,656,High,Heavy Rain,Green
2025-03-27 12:00:00,SYNTHETIC: Airport Road - Hebbal,662,High,Heavy Rain,Yellow
2025-03-27 12:00:00,SYNTHETIC: Bannerghatta Road - Dairy Circle,739,High,Heavy Rain,Green
2025-03-27 12:00:00,SYNTHETIC: Whitefield Road - KR Puram,809,High,Heavy Rain,Green
2025-03-27 12:00:00,SYNTHETIC: Hosur Road - Electronic City,833,High,Heavy Rain,Red
2025-03-27 16:00:00,SYNTHETIC: Silk Board - Junction 1,586,High,Heavy Rain,Green
2025-03-27 16:00:00,SYNTHETIC: Outer Ring Road - Marathahalli,667,High,Heavy Rain,Green
2025-03-27 16:00:00,SYNTHETIC: Airport Road - Hebbal,728,High,Heavy Rain,Green
2025-03-27 16:00:00,SYNTHETIC: Bannerghatta Road - Dairy Circle,645,High,Heavy Rain,Red
2025-03-27 16:00:00,SYNTHETIC: Whitefield Road - KR Puram,705,High,Heavy Rain,Red
2025-03-27 16:00:00,SYNTHETIC: Hosur Road - Electronic City,806,High,Heavy Rain,Green
2025-03-27 20:00:00,SYNTHETIC: Silk Board - Junction 1,664,High,Heavy Rain,Green
2025-03-27 20:00:00,SYNTHETIC: Outer Ring Road - Marathahalli,582,Moderate,Heavy Rain,Green
2025-03-27 20:00:00,SYNTHETIC: Airport Road - Hebbal,616,High,Heavy Rain,Green
2025-03-27 20:00:00,SYNTHETIC: Bannerghatta Road - Dairy Circle,653,High,Heavy Rain,Green
2025-03-27 20:00:00,SYNTHETIC: Whitefield Road - KR Puram,698,High,Heavy Rain,Green
2025-03-27 20:00:00,SYNTHETIC: Hosur Road - Electronic City,768,High,Heavy Rain,Green
2025-03-28 00:00:00,SYNTHETIC: Silk Board - Junction 1,217,Low,Cloudy,Green
2025-03-28 00:00:00,SYNTHETIC: Outer Ring Road - Marathahalli,209,Low,Cloudy,Green
2025-03-28 00:00:00,SYNTHETIC: Airport Road - Hebbal,228,Low,Cloudy,Red
2025-03-28 00:00:00,SYNTHETIC: Bannerghatta Road - Dairy Circle,329,Low,Cloudy,Green
2025-03-28 00:00:00,SYNTHETIC: Whitefield Road - KR Puram,396,Low,Cloudy,Green
2025-03-28 00:00:00,SYNTHETIC: Hosur Road - Electronic City,341,Low,Cloudy,Green
2025-03-28 04:00:00,SYNTHETIC: Silk Board - Junction 1,273,Low,Cloudy,Red
2025-03-28 04:00:00,SYNTHETIC: Outer Ring Road - Marathahalli,201,Low,Cloudy,Yellow
2025-03-28 04:00:00,SYNTHETIC: Airport Road - Hebbal,252,Low,Cloudy,Yellow
2025-03-28 04:00:00,SYNTHETIC: Bannerghatta Road - Dairy Circle,392,Low,Cloudy,Green
2025-03-28 04:00:00,SYNTHETIC: Whitefield Road - KR Puram,429,Low,Cloudy,Green
2025-03-28 04:00:00,SYNTHETIC: Hosur Road - Electronic City,464,Moderate,Cloudy,Green
2025-03-28 08:00:00,SYNTHETIC: Silk Board - Junction 1,350,Low,Cloudy,Red
2025-03-28 08:00:00,SYNTHETIC: Outer Ring Road - Marathahalli,503,Moderate,Cloudy,Yellow
2025-03-28 08:00:00,SYNTHETIC: Airport Road - Hebbal,457,Moderate,Cloudy,Green
2025-03-28 08:00:00,SYNTHETIC: Bannerghatta Road - Dairy Circle,475,Moderate,Cloudy,Green
2025-03-28 08:00:00,SYNTHETIC: Whitefield Road - KR Puram,595,Moderate,Cloudy,Green
2025-03-28 08:00:00,SYNTHETIC: Hosur Road - Electronic City,551,Moderate,Cloudy,Yellow
2025-03-28 12:00:00,SYNTHETIC: Silk Board - Junction 1,433,Moderate,Cloudy,Green
2025-03-28 12:00:00,SYNTHETIC: Outer Ring Road - Marathahalli,485,Moderate,Cloudy,Green
2025-03-28 12:00:00,SYNTHETIC: Airport Road - Hebbal,487,Moderate,Cloudy,Green
2025-03-28 12:00:00,SYNTHETIC: Bannerghatta Road - Dairy Circle,592,Moderate,Cloudy,Green
2025-03-28 12:00:00,SYNTHETIC: Whitefield Road - KR Puram,553,Moderate,Cloudy,Yellow
2025-03-28 12:00:00,SYNTHETIC: Hosur Road - Electronic City,626,Moderate,Cloudy,Yellow
2025-03-28 16:00:00,SYNTHETIC: Silk Board - Junction 1,490,Moderate,Cloudy,Green
2025-03-28 16:00:00,SYNTHETIC: Outer Ring Road - Marathahalli,514,Moderate,Cloudy,Green
2025-03-28 16:00:00,SYNTHETIC: Airport Road - Hebbal,499,Moderate,Cloudy,Yellow
2025-03-28 16:00:00,SYNTHETIC: Bannerghatta Road - Dairy Circle,478,Moderate,Cloudy,Green
2025-03-28 16:00:00,SYNTHETIC: Whitefield Road - KR Puram,556,Moderate,Cloudy,Red
2025-03-28 16:00:00,SYNTHETIC: Hosur Road - Electronic City,537,Moderate,Cloudy,Green
2025-03-28 20:00:00,SYNTHETIC: Silk Board - Junction 1,384,Moderate,Cloudy,Yellow
2025-03-28 20:00:00,SYNTHETIC: Outer Ring Road - Marathahalli,431,Moderate,Cloudy,Green
2025-03-28 20:00:00,SYNTHETIC: Airport Road - Hebbal,542,Moderate,Cloudy,Red
2025-03-28 20:00:00,SYNTHETIC: Bannerghatta Road - Dairy Circle,518,Moderate,Cloudy,Yellow
2025-03-28 20:00:00,SYNTHETIC: Whitefield Road - KR Puram,587,Moderate,Cloudy,Red
2025-03-28 20:00:00,SYNTHETIC: Hosur Road - Electronic City,536,Moderate,Cloudy,Green
2025-03-29 00:00:00,SYNTHETIC: Silk Board - Junction 1,367,Moderate,Clear,Yellow
2025-03-29 00:00:00,SYNTHETIC: Outer Ring Road - Marathahalli,401,Moderate,Clear,Green
2025-03-29 00:00:00,SYNTHETIC: Airport Road - Hebbal,424,Moderate,Clear,Green
2025-03-29 00:00:00,SYNTHETIC: Bannerghatta Road - Dairy Circle,470,Moderate,Clear,Red
2025-03-29 00:00:00,SYNTHETIC: Whitefield Road - KR Puram,526,Moderate,Clear,Yellow
2025-03-29 00:00:00,SYNTHETIC: Hosur Road - Electronic City,535,Moderate,Clear,Yellow
2025-03-29 04:00:00,SYNTHETIC: Silk Board - Junction 1,401,Moderate,Clear,Green
2025-03-29 04:00:00,SYNTHETIC: Outer Ring Road - Marathahalli,430,Moderate,Clear,Green
2025-03-29 04:00:00,SYNTHETIC: Airport Road - Hebbal,471,Moderate,Clear,Green
2025-03-29 04:00:00,SYNTHETIC: Bannerghatta Road - Dairy Circle,398,Low,Clear,Yellow
2025-03-29 04:00:00,SYNTHETIC: Whitefield Road - KR Puram,509,Moderate,Clear,Green
2025-03-29 04:00:00,SYNTHETIC: Hosur Road - Electronic City,558,Moderate,Clear,Green
2025-03-29 08:00:00,SYNTHETIC: Silk Board - Junction 1,603,High,Clear,Green
2025-03-29 08:00:00,SYNTHETIC: Outer Ring Road - Marathahalli,532,Moderate,Clear,Green
2025-03-29 08:00:00,SYNTHETIC: Airport Road - Hebbal,638,High,Clear,Yellow
2025-03-29 08:00:00,SYNTHETIC: Bannerghatta Road - Dairy Circle,651,High,Clear,Green
2025-03-29 08:00:00,SYNTHETIC: Whitefield Road - KR Puram,759,High,Clear,Yellow
2025-03-29 08:00:00,SYNTHETIC: Hosur Road - Electronic City,672,Moderate,Clear,Green
2025-03-29 12:00:00,SYNTHETIC: Silk Board - Junction 1,552,Moderate,Clear,Red
2025-03-29 12:00:00,SYNTHETIC: Outer Ring Road - Marathahalli,619,High,Clear,Green
2025-03-29 12:00:00,SYNTHETIC: Airport Road - Hebbal,663,High,Clear,Red
2025-03-29 12:00:00,SYNTHETIC: Bannerghatta Road - Dairy Circle,628,Moderate,Clear,Red
2025-03-29 12:00:00,SYNTHETIC: Whitefield Road - KR Puram,677,High,Clear,Yellow
2025-03-29 12:00:00,SYNTHETIC: Hosur Road - Electronic City,751,High,Clear,Yellow
2025-03-29 16:00:00,SYNTHETIC: Silk Board - Junction 1,503,Moderate,Clear,Green
2025-03-29 16:00:00,SYNTHETIC: Outer Ring Road - Marathahalli,610,High,Clear,Green
2025-03-29 16:00:00,SYNTHETIC: Airport Road - Hebbal,648,High,Clear,Green
2025-03-29 16:00:00,SYNTHETIC: Bannerghatta Road - Dairy Circle,608,Moderate,Clear,Green
2025-03-29 16:00:00,SYNTHETIC: Whitefield Road - KR Puram,738,High,Clear,Green
2025-03-29 16:00:00,SYNTHETIC: Hosur Road - Electronic City,712,High,Clear,Green
2025-03-29 20:00:00,SYNTHETIC: Silk Board - Junction 1,528,Moderate,Clear,Green
2025-03-29 20:00:00,SYNTHETIC: Outer Ring Road - Marathahalli,640,High,Clear,Green
2025-03-29 20:00:00,SYNTHETIC: Airport Road - Hebbal,682,High,Clear,Yellow
2025-03-29 20:00:00,SYNTHETIC: Bannerghatta Road - Dairy Circle,716,High,Clear,Green
2025-03-29 20:00:00,SYNTHETIC: Whitefield Road - KR Puram,664,Moderate,Clear,Yellow
2025-03-29 20:00:00,SYNTHETIC: Hosur Road - Electronic City,682,Moderate,Clear,Green
2025-03-30 00:00:00,SYNTHETIC: Silk Board - Junction 1,583,High,Light Rain,Red
2025-03-30 00:00:00,SYNTHETIC: Outer Ring Road - Marathahalli,508,Moderate,Light Rain,Red
2025-03-30 00:00:00,SYNTHETIC: Airport Road - Hebbal,609,Moderate,Light Rain,Green
2025-03-30 00:00:00,SYNTHETIC: Bannerghatta Road - Dairy Circle,679,High,Light Rain,Yellow
2025-03-30 00:00:00,SYNTHETIC: Whitefield Road - KR Puram,652,Moderate,Light Rain,Green
2025-03-30 00:00:00,SYNTHETIC: Hosur Road - Electronic City,753,High,Light Rain,Green
2025-03-30 04:00:00,SYNTHETIC: Silk Board - Junction 1,498,Moderate,Light Rain,Red
2025-03-30 04:00:00,SYNTHETIC: Outer Ring Road - Marathahalli,518,Moderate,Light Rain,Green
2025-03-30 04:00:00,SYNTHETIC: Airport Road - Hebbal,604,Moderate,Light Rain,Green
2025-03-30 04:00:00,SYNTHETIC: Bannerghatta Road - Dairy Circle,697,High,Light Rain,Green
2025-03-30 04:00:00,SYNTHETIC: Whitefield Road - KR Puram,720,High,Light Rain,Green
2025-03-30 04:00:00,SYNTHETIC: Hosur Road - Electronic City,743,High,Light Rain,Red
2025-03-30 08:00:00,SYNTHETIC: Silk Board - Junction 1,806,Severe,Light Rain,Green
2025-03-30 08:00:00,SYNTHETIC: Outer Ring Road - Marathahalli,794,Severe,Light Rain,Red
2025-03-30 08:00:00,SYNTHETIC: Airport Road - Hebbal,783,High,Light Rain,Green
2025-03-30 08:00:00,SYNTHETIC: Bannerghatta Road - Dairy Circle,842,Severe,Light Rain,Red
2025-03-30 08:00:00,SYNTHETIC: Whitefield Road - KR Puram,854,High,Light Rain,Green
2025-03-30 08:00:00,SYNTHETIC: Hosur Road - Electronic City,876,High,Light Rain,Yellow
2025-03-30 12:00:00,SYNTHETIC: Silk Board - Junction 1,729,Severe,Light Rain,Green
2025-03-30 12:00:00,SYNTHETIC: Outer Ring Road - Marathahalli,769,Severe,Light Rain,Green
2025-03-30 12:00:00,SYNTHETIC: Airport Road - Hebbal,808,Severe,Light Rain,Green
2025-03-30 12:00:00,SYNTHETIC: Bannerghatta Road - Dairy Circle,884,Severe,Light Rain,Green
2025-03-30 12:00:00,SYNTHETIC: Whitefield Road - KR Puram,904,Severe,Light Rain,Green
2025-03-30 12:00:00,SYNTHETIC: Hosur Road - Electronic City,964,Severe,Light Rain,Green
2025-03-30 16:00:00,SYNTHETIC: Silk Board - Junction 1,707,High,Light Rain,Red
2025-03-30 16:00:00,SYNTHETIC: Outer Ring Road - Marathahalli,724,High,Light Rain,Green
2025-03-30 16:00:00,SYNTHETIC: Airport Road - Hebbal,789,High,Light Rain,Green
2025-03-30 16:00:00,SYNTHETIC: Bannerghatta Road - Dairy Circle,889,Severe,Light Rain,Green
2025-03-30 16:00:00,SYNTHETIC: Whitefield Road - KR Puram,947,Severe,Light Rain,Green
2025-03-30 16:00:00,SYNTHETIC: Hosur Road - Electronic City,970,Severe,Light Rain,Yellow
2025-03-30 20:00:00,SYNTHETIC: Silk Board - Junction 1,691,High,Light Rain,Green
2025-03-30 20:00:00,SYNTHETIC: Outer Ring Road - Marathahalli,806,Severe,Light Rain,Yellow
2025-03-30 20:00:00,SYNTHETIC: Airport Road - Hebbal,802,Severe,Light Rain,Yellow
2025-03-30 20:00:00,SYNTHETIC: Bannerghatta Road - Dairy Circle,817,High,Light Rain,Green
2025-03-30 20:00:00,SYNTHETIC: Whitefield Road - KR Puram,817,High,Light Rain,Green
2025-03-30 20:00:00,SYNTHETIC: Hosur Road - Electronic City,982,Severe,Light Rain,Green
2025-03-31 00:00:00,SYNTHETIC: Silk Board - Junction 1,333,Low,Light Rain,Green
2025-03-31 00:00:00,SYNTHETIC: Outer Ring Road - Marathahalli,391,Moderate,Light Rain,Green
2025-03-31 00:00:00,SYNTHETIC: Airport Road - Hebbal,501,Moderate,Light Rain,Green
2025-03-31 00:00:00,SYNTHETIC: Bannerghatta Road - Dairy Circle,564,Moderate,Light Rain,Green
2025-03-31 00:00:00,SYNTHETIC: Whitefield Road - KR Puram,487,Moderate,Light Rain,Yellow
2025-03-31 00:00:00,SYNTHETIC: Hosur Road - Electronic City,593,Moderate,Light Rain,Red
2025-03-31 04:00:00,SYNTHETIC: Silk Board - Junction 1,401,Moderate,Light Rain,Green
2025-03-31 04:00:00,SYNTHETIC: Outer Ring Road - Marathahalli,457,Moderate,Light Rain,Green
2025-03-31 04:00:00,SYNTHETIC: Airport Road - Hebbal,509,Moderate,Light Rain,Green
2025-03-31 04:00:00,SYNTHETIC: Bannerghatta Road - Dairy Circle,571,Moderate,Light Rain,Green
2025-03-31 04:00:00,SYNTHETIC: Whitefield Road - KR Puram,606,Moderate,Light Rain,Red
2025-03-31 04:00:00,SYNTHETIC: Hosur Road - Electronic City,521,Moderate,Light Rain,Green
2025-03-31 08:00:00,SYNTHETIC: Silk Board - Junction 1,585,High,Light Rain,Green
2025-03-31 08:00:00,SYNTHETIC: Outer Ring Road - Marathahalli,592,High,Light Rain,Green
2025-03-31 08:00:00,SYNTHETIC: Airport Road - Hebbal,682,High,Light Rain,Green
2025-03-31 08:00:00,SYNTHETIC: Bannerghatta Road - Dairy Circle,666,High,Light Rain,Green
2025-03-31 08:00:00,SYNTHETIC: Whitefield Road - KR Puram,786,High,Light Rain,Red
2025-03-31 08:00:00,SYNTHETIC: Hosur Road - Electronic City,836,High,Light Rain,Yellow
2025-03-31 12:00:00,SYNTHETIC: Silk Board - Junction 1,667,High,Light Rain,Yellow
2025-03-31 12:00:00,SYNTHETIC: Outer Ring Road - Marathahalli,673,High,Light Rain,Red
2025-03-31 12:00:00,SYNTHETIC: Airport Road - Hebbal,735,High,Light Rain,Green
2025-03-31 12:00:00,SYNTHETIC: Bannerghatta Road - Dairy Circle,674,High,Light Rain,Red
2025-03-31 12:00:00,SYNTHETIC: Whitefield Road - KR Puram,685,High,Light Rain,Green
2025-03-31 12:00:00,SYNTHETIC: Hosur Road - Electronic City,785,High,Light Rain,Green
2025-03-31 16:00:00,SYNTHETIC: Silk Board - Junction 1,564,High,Light Rain,Yellow
2025-03-31 16:00:00,SYNTHETIC: Outer Ring Road - Marathahalli,591,High,Light Rain,Green
2025-03-31 16:00:00,SYNTHETIC: Airport Road - Hebbal,715,High,Light Rain,Yellow
2025-03-31 16:00:00,SYNTHETIC: Bannerghatta Road - Dairy Circle,699,High,Light Rain,Green
2025-03-31 16:00:00,SYNTHETIC: Whitefield Road - KR Puram,679,High,Light Rain,Yellow
2025-03-31 16:00:00,SYNTHETIC: Hosur Road - Electronic City,843,High,Light Rain,Yellow
2025-03-31 20:00:00,SYNTHETIC: Silk Board - Junction 1,627,High,Light Rain,Yellow
2025-03-31 20:00:00,SYNTHETIC: Outer Ring Road - Marathahalli,609,High,Light Rain,Green
2025-03-31 20:00:00,SYNTHETIC: Airport Road - Hebbal,652,High,Light Rain,Yellow
2025-03-31 20:00:00,SYNTHETIC: Bannerghatta Road - Dairy Circle,692,High,Light Rain,Green
2025-03-31 20:00:00,SYNTHETIC: Whitefield Road - KR Puram,711,High,Light Rain,Green
2025-03-31 20:00:00,SYNTHETIC: Hosur Road - Electronic City,765,High,Light Rain,Green
